  0
SECTION
  2
HEADER
  9
$ANGBASE
  50
0.0
  9
$ANGDIR
  70
1
  9
$MEASUREMENT
  70
0
  0
ENDSEC
  0
SECTION
  2
TABLES
  0
TABLE
  2
LTYPE
  70
4
  0
LTYPE
  5
40F
  2
CONTINUOUS
  70
0
  3
Solid line
  72
65
  73
0
  40
0.0
  0
LTYPE
  5
410
  2
DASHDOT
 70
0
  3
Dash Dot ____ _ ____ _
 72
65
 73
4
 40
2.0
 49
1.25
 49
-0.25
 49
0.25
 49
-0.25
  0
LTYPE
  5
411
  2
DASHED
 70
0
  3
Dashed __ __ __ __ __
 72
65
 73
2
 40
0.75
 49
0.5
 49
-0.25
  0
LTYPE
  5
43B
  2
DOTTED
 70
0
  3
Dotted .  .  .  .
 72
65
 73
2
 40
0.2
 49
0.0
 49
-0.2
  0
ENDTAB
  0
TABLE
  2
STYLE
  70
4
  0
STYLE
  2
KICAD
  70
0
  40
0
  41
1
  42
1
  50
0
  71
0
  3
isocp.shx
  0
STYLE
  2
KICADB
  70
0
  40
0
  41
1
  42
1
  50
0
  71
0
  3
isocp.shx
  0
STYLE
  2
KICADI
  70
0
  40
0
  41
1
  42
1
  50
15
  71
0
  3
isocp.shx
  0
STYLE
  2
KICADBI
  70
0
  40
0
  41
1
  42
1
  50
15
  71
0
  3
isocp.shx
  0
ENDTAB
  0
TABLE
  2
LAYER
  70
1
  0
LAYER
  2
BLACK
  70
0
  62
7
  6
CONTINUOUS
  0
ENDTAB
  0
ENDSEC
  0
SECTION
  2
ENTITIES
0
LINE
8
BLACK
6
CONTINUOUS
10
0.0342357086614173
20
0.5699931496062992
11
0.0348672440944882
21
0.5690479527559055
0
LINE
8
BLACK
6
CONTINUOUS
10
0.0348672440944882
20
0.5690479527559055
11
0.0348932677165354
21
0.5689851181102362
0
LINE
8
BLACK
6
CONTINUOUS
10
0.0348932677165354
20
0.5689851181102362
11
0.0348933070866142
21
0.568985
0
LINE
8
BLACK
6
CONTINUOUS
10
0.0348933070866142
20
0.568985
11
0.0363324015748031
21
0.5655106692913385
0
LINE
8
BLACK
6
CONTINUOUS
10
0.0363324015748031
20
0.5655106692913385
11
0.0382516141732283
21
0.5608772834645669
0
LINE
8
BLACK
6
CONTINUOUS
10
0.0382516141732283
20
0.5608772834645669
11
0.0382517322834646
21
0.560876968503937
0
LINE
8
BLACK
6
CONTINUOUS
10
0.0382517322834646
20
0.560876968503937
11
0.0426397244094488
21
0.5532767716535433
0
LINE
8
BLACK
6
CONTINUOUS
10
0.0426397244094488
20
0.5532767716535433
11
0.0426398818897638
21
0.5532765354330709
0
LINE
8
BLACK
6
CONTINUOUS
10
0.0426398818897638
20
0.5532765354330709
11
0.0479821653543307
21
0.5463142519685039
0
LINE
8
BLACK
6
CONTINUOUS
10
0.0479821653543307
20
0.5463142519685039
11
0.0541882283464567
21
0.5401081889763779
0
LINE
8
BLACK
6
CONTINUOUS
10
0.0541882283464567
20
0.5401081889763779
11
0.0603066929133858
21
0.5354133858267717
0
LINE
8
BLACK
6
CONTINUOUS
10
0.0603066929133858
20
0.5354133858267717
11
0.0611506299212598
21
0.5347658267716535
0
LINE
8
BLACK
6
CONTINUOUS
10
0.0611506299212598
20
0.5347658267716535
11
0.0687509448818898
21
0.5303777559055118
0
LINE
8
BLACK
6
CONTINUOUS
10
0.0687509448818898
20
0.5303777559055118
11
0.0768590157480315
21
0.5270192913385827
0
LINE
8
BLACK
6
CONTINUOUS
10
0.0768590157480315
20
0.5270192913385827
11
0.0853361023622047
21
0.5247478740157481
0
LINE
8
BLACK
6
CONTINUOUS
10
0.0853361023622047
20
0.5247478740157481
11
0.094037125984252
21
0.5236023622047244
0
LINE
8
BLACK
6
CONTINUOUS
10
0.094037125984252
20
0.5236023622047244
11
0.0940372047244094
21
0.5236023622047244
0
LINE
8
BLACK
6
CONTINUOUS
10
0.0940372047244094
20
0.5236023622047244
11
0.102813188976378
21
0.5236023622047244
0
LINE
8
BLACK
6
CONTINUOUS
10
0.102813188976378
20
0.5236023622047244
11
0.1028132677165354
21
0.5236023622047244
0
LINE
8
BLACK
6
CONTINUOUS
10
0.1028132677165354
20
0.5236023622047244
11
0.1115142913385827
21
0.5247478740157481
0
LINE
8
BLACK
6
CONTINUOUS
10
0.1115142913385827
20
0.5247478740157481
11
0.1199913779527559
21
0.5270192913385827
0
LINE
8
BLACK
6
CONTINUOUS
10
0.1199913779527559
20
0.5270192913385827
11
0.1280994488188976
21
0.5303777559055118
0
LINE
8
BLACK
6
CONTINUOUS
10
0.1280994488188976
20
0.5303777559055118
11
0.1356997637795276
21
0.5347658267716535
0
LINE
8
BLACK
6
CONTINUOUS
10
0.1356997637795276
20
0.5347658267716535
11
0.1413249212598425
21
0.539082125984252
0
LINE
8
BLACK
6
CONTINUOUS
10
0.1413249212598425
20
0.539082125984252
11
0.142662125984252
21
0.5401081889763779
0
LINE
8
BLACK
6
CONTINUOUS
10
0.142662125984252
20
0.5401081889763779
11
0.1426621653543307
21
0.5401082677165354
0
LINE
8
BLACK
6
CONTINUOUS
10
0.1426621653543307
20
0.5401082677165354
11
0.1426623622047244
21
0.5401083858267717
0
LINE
8
BLACK
6
CONTINUOUS
10
0.1426623622047244
20
0.5401083858267717
11
0.1488679921259843
21
0.5463140157480315
0
LINE
8
BLACK
6
CONTINUOUS
10
0.1488679921259843
20
0.5463140157480315
11
0.1542105511811024
21
0.5532766141732284
0
LINE
8
BLACK
6
CONTINUOUS
10
0.1542105511811024
20
0.5532766141732284
11
0.1585986220472441
21
0.5608769291338582
0
LINE
8
BLACK
6
CONTINUOUS
10
0.1585986220472441
20
0.5608769291338582
11
0.1619570866141732
21
0.568985
0
LINE
8
BLACK
6
CONTINUOUS
10
0.1619570866141732
20
0.568985
11
0.1619570866141732
21
0.5689851181102362
0
LINE
8
BLACK
6
CONTINUOUS
10
0.1619570866141732
20
0.5689851181102362
11
0.1619831496062992
21
0.5690479527559055
0
LINE
8
BLACK
6
CONTINUOUS
10
0.1619831496062992
20
0.5690479527559055
11
0.163559842519685
21
0.57062468503937
0
LINE
8
BLACK
6
CONTINUOUS
10
0.163559842519685
20
0.57062468503937
11
0.1646747637795276
21
0.5708464566929133
0
LINE
8
BLACK
6
CONTINUOUS
10
0.1646747637795276
20
0.5708464566929133
11
0.2839263385826772
21
0.5708464566929133
0
LINE
8
BLACK
6
CONTINUOUS
10
0.2839263385826772
20
0.5708464566929133
11
0.2859864173228346
21
0.5699931496062992
0
LINE
8
BLACK
6
CONTINUOUS
10
0.2859864173228346
20
0.5699931496062992
11
0.2868397244094488
21
0.5679330708661418
0
LINE
8
BLACK
6
CONTINUOUS
10
0.2868397244094488
20
0.5679330708661418
11
0.2859864173228346
21
0.5658729921259842
0
LINE
8
BLACK
6
CONTINUOUS
10
0.2859864173228346
20
0.5658729921259842
11
0.2855449212598425
21
0.5655106692913385
0
LINE
8
BLACK
6
CONTINUOUS
10
0.2855449212598425
20
0.5655106692913385
11
0.2830594881889764
21
0.56385
0
LINE
8
BLACK
6
CONTINUOUS
10
0.2830594881889764
20
0.56385
11
0.2830594488188976
21
0.5638499212598425
0
LINE
8
BLACK
6
CONTINUOUS
10
0.2830594488188976
20
0.5638499212598425
11
0.2786697637795276
21
0.5594602362204725
0
LINE
8
BLACK
6
CONTINUOUS
10
0.2786697637795276
20
0.5594602362204725
11
0.2786696850393701
21
0.5594601968503937
0
LINE
8
BLACK
6
CONTINUOUS
10
0.2786696850393701
20
0.5594601968503937
11
0.2752205905511811
21
0.5542982283464567
0
LINE
8
BLACK
6
CONTINUOUS
10
0.2752205905511811
20
0.5542982283464567
11
0.2738672440944882
21
0.5510307874015747
0
LINE
8
BLACK
6
CONTINUOUS
10
0.2738672440944882
20
0.5510307874015747
11
0.2722905511811023
21
0.5494540551181102
0
LINE
8
BLACK
6
CONTINUOUS
10
0.2722905511811023
20
0.5494540551181102
11
0.2711756299212598
21
0.5492322834645669
0
LINE
8
BLACK
6
CONTINUOUS
10
0.2711756299212598
20
0.5492322834645669
11
0.2443627952755905
21
0.5492322834645669
0
LINE
8
BLACK
6
CONTINUOUS
10
0.2443627952755905
20
0.5492322834645669
11
0.2415531496062992
21
0.5488229133858268
0
LINE
8
BLACK
6
CONTINUOUS
10
0.2415531496062992
20
0.5488229133858268
11
0.237219094488189
21
0.546704094488189
0
LINE
8
BLACK
6
CONTINUOUS
10
0.237219094488189
20
0.546704094488189
11
0.2338077165354331
21
0.5432927165354331
0
LINE
8
BLACK
6
CONTINUOUS
10
0.2338077165354331
20
0.5432927165354331
11
0.2316888976377953
21
0.5389586614173228
0
LINE
8
BLACK
6
CONTINUOUS
10
0.2316888976377953
20
0.5389586614173228
11
0.2312795275590551
21
0.5361490157480315
0
LINE
8
BLACK
6
CONTINUOUS
10
0.2312795275590551
20
0.5361490157480315
11
0.2312795275590551
21
0.4874730708661417
0
LINE
8
BLACK
6
CONTINUOUS
10
0.2312795275590551
20
0.4874730708661417
11
0.2316888976377953
21
0.4846634251968504
0
LINE
8
BLACK
6
CONTINUOUS
10
0.2316888976377953
20
0.4846634251968504
11
0.2338077165354331
21
0.4803293700787402
0
LINE
8
BLACK
6
CONTINUOUS
10
0.2338077165354331
20
0.4803293700787402
11
0.2338077559055118
21
0.4803293307086614
0
LINE
8
BLACK
6
CONTINUOUS
10
0.2338077559055118
20
0.4803293307086614
11
0.237219094488189
21
0.4769179921259842
0
LINE
8
BLACK
6
CONTINUOUS
10
0.237219094488189
20
0.4769179921259842
11
0.2375196062992126
21
0.4767711023622047
0
LINE
8
BLACK
6
CONTINUOUS
10
0.2375196062992126
20
0.4767711023622047
11
0.2389956299212598
21
0.4750998031496063
0
LINE
8
BLACK
6
CONTINUOUS
10
0.2389956299212598
20
0.4750998031496063
11
0.2391535433070866
21
0.4741537007874015
0
LINE
8
BLACK
6
CONTINUOUS
10
0.2391535433070866
20
0.4741537007874015
11
0.2391535433070866
21
0.4561950393700787
0
LINE
8
BLACK
6
CONTINUOUS
10
0.2391535433070866
20
0.4561950393700787
11
0.2397205118110236
21
0.4540791338582677
0
LINE
8
BLACK
6
CONTINUOUS
10
0.2397205118110236
20
0.4540791338582677
11
0.2397205118110236
21
0.454079094488189
0
LINE
8
BLACK
6
CONTINUOUS
10
0.2397205118110236
20
0.454079094488189
11
0.2400938582677165
21
0.4526857086614173
0
LINE
8
BLACK
6
CONTINUOUS
10
0.2400938582677165
20
0.4526857086614173
11
0.240093937007874
21
0.4526855118110236
0
LINE
8
BLACK
6
CONTINUOUS
10
0.240093937007874
20
0.4526855118110236
11
0.2419106299212598
21
0.4495388976377953
0
LINE
8
BLACK
6
CONTINUOUS
10
0.2419106299212598
20
0.4495388976377953
11
0.2647175590551181
21
0.426731968503937
0
LINE
8
BLACK
6
CONTINUOUS
10
0.2647175590551181
20
0.426731968503937
11
0.2655708661417323
21
0.4246718897637795
0
LINE
8
BLACK
6
CONTINUOUS
10
0.2655708661417323
20
0.4246718897637795
11
0.2655708661417323
21
0.4088879527559055
0
LINE
8
BLACK
6
CONTINUOUS
10
0.2655708661417323
20
0.4088879527559055
11
0.266183031496063
21
0.4050228346456693
0
LINE
8
BLACK
6
CONTINUOUS
10
0.266183031496063
20
0.4050228346456693
11
0.2685566929133858
21
0.4003642125984252
0
LINE
8
BLACK
6
CONTINUOUS
10
0.2685566929133858
20
0.4003642125984252
11
0.272253937007874
21
0.396666968503937
0
LINE
8
BLACK
6
CONTINUOUS
10
0.272253937007874
20
0.396666968503937
11
0.2742850393700788
21
0.3956320866141732
0
LINE
8
BLACK
6
CONTINUOUS
10
0.2742850393700788
20
0.3956320866141732
11
0.2769125590551181
21
0.3942933070866141
0
LINE
8
BLACK
6
CONTINUOUS
10
0.2769125590551181
20
0.3942933070866141
11
0.2769125590551181
21
0.3942932677165354
0
LINE
8
BLACK
6
CONTINUOUS
10
0.2769125590551181
20
0.3942932677165354
11
0.2807776771653543
21
0.3936811023622047
0
LINE
8
BLACK
6
CONTINUOUS
10
0.2807776771653543
20
0.3936811023622047
11
0.280777716535433
21
0.3936811023622047
0
LINE
8
BLACK
6
CONTINUOUS
10
0.280777716535433
20
0.3936811023622047
11
0.303553031496063
21
0.3936811023622047
0
LINE
8
BLACK
6
CONTINUOUS
10
0.303553031496063
20
0.3936811023622047
11
0.3074181102362205
21
0.3942932677165354
0
LINE
8
BLACK
6
CONTINUOUS
10
0.3074181102362205
20
0.3942932677165354
11
0.3120768110236221
21
0.3966670078740158
0
LINE
8
BLACK
6
CONTINUOUS
10
0.3120768110236221
20
0.3966670078740158
11
0.315773937007874
21
0.4003641338582677
0
LINE
8
BLACK
6
CONTINUOUS
10
0.315773937007874
20
0.4003641338582677
11
0.3181476771653543
21
0.4050228346456693
0
LINE
8
BLACK
6
CONTINUOUS
10
0.3181476771653543
20
0.4050228346456693
11
0.318759842519685
21
0.4088879527559055
0
LINE
8
BLACK
6
CONTINUOUS
10
0.318759842519685
20
0.4088879527559055
11
0.318759842519685
21
0.4287104724409448
0
LINE
8
BLACK
6
CONTINUOUS
10
0.318759842519685
20
0.4287104724409448
11
0.3181476771653543
21
0.4325755905511811
0
LINE
8
BLACK
6
CONTINUOUS
10
0.3181476771653543
20
0.4325755905511811
11
0.315773937007874
21
0.4372342913385827
0
LINE
8
BLACK
6
CONTINUOUS
10
0.315773937007874
20
0.4372342913385827
11
0.3120768110236221
21
0.4409314173228346
0
LINE
8
BLACK
6
CONTINUOUS
10
0.3120768110236221
20
0.4409314173228346
11
0.3120767322834646
21
0.4409314960629921
0
LINE
8
BLACK
6
CONTINUOUS
10
0.3120767322834646
20
0.4409314960629921
11
0.3074181102362205
21
0.443305157480315
0
LINE
8
BLACK
6
CONTINUOUS
10
0.3074181102362205
20
0.443305157480315
11
0.3074181102362205
21
0.4433051968503937
0
LINE
8
BLACK
6
CONTINUOUS
10
0.3074181102362205
20
0.4433051968503937
11
0.303553031496063
21
0.4439173228346456
0
LINE
8
BLACK
6
CONTINUOUS
10
0.303553031496063
20
0.4439173228346456
11
0.3035529921259842
21
0.4439173228346456
0
LINE
8
BLACK
6
CONTINUOUS
10
0.3035529921259842
20
0.4439173228346456
11
0.2877690551181102
21
0.4439173228346456
0
LINE
8
BLACK
6
CONTINUOUS
10
0.2877690551181102
20
0.4439173228346456
11
0.2857089763779527
21
0.4447706299212598
0
LINE
8
BLACK
6
CONTINUOUS
10
0.2857089763779527
20
0.4447706299212598
11
0.2676052755905512
21
0.4628743307086614
0
LINE
8
BLACK
6
CONTINUOUS
10
0.2676052755905512
20
0.4628743307086614
11
0.266751968503937
21
0.4649344094488189
0
LINE
8
BLACK
6
CONTINUOUS
10
0.266751968503937
20
0.4649344094488189
11
0.266751968503937
21
0.4714763779527559
0
LINE
8
BLACK
6
CONTINUOUS
10
0.266751968503937
20
0.4714763779527559
11
0.2676052755905512
21
0.4735364566929134
0
LINE
8
BLACK
6
CONTINUOUS
10
0.2676052755905512
20
0.4735364566929134
11
0.2696653543307087
21
0.4743897637795276
0
LINE
8
BLACK
6
CONTINUOUS
10
0.2696653543307087
20
0.4743897637795276
11
0.2711756299212598
21
0.4743897637795276
0
LINE
8
BLACK
6
CONTINUOUS
10
0.2711756299212598
20
0.4743897637795276
11
0.2732357086614173
21
0.4735364566929134
0
LINE
8
BLACK
6
CONTINUOUS
10
0.2732357086614173
20
0.4735364566929134
11
0.2738672440944882
21
0.4725912598425197
0
LINE
8
BLACK
6
CONTINUOUS
10
0.2738672440944882
20
0.4725912598425197
11
0.2752205905511811
21
0.4693238582677165
0
LINE
8
BLACK
6
CONTINUOUS
10
0.2752205905511811
20
0.4693238582677165
11
0.2752206692913386
21
0.4693237401574803
0
LINE
8
BLACK
6
CONTINUOUS
10
0.2752206692913386
20
0.4693237401574803
11
0.2752207086614173
21
0.4693236614173228
0
LINE
8
BLACK
6
CONTINUOUS
10
0.2752207086614173
20
0.4693236614173228
11
0.2786697244094488
21
0.4641618503937008
0
LINE
8
BLACK
6
CONTINUOUS
10
0.2786697244094488
20
0.4641618503937008
11
0.2830594881889764
21
0.4597720866141732
0
LINE
8
BLACK
6
CONTINUOUS
10
0.2830594881889764
20
0.4597720866141732
11
0.2882212992125984
21
0.4563230708661417
0
LINE
8
BLACK
6
CONTINUOUS
10
0.2882212992125984
20
0.4563230708661417
11
0.2882214960629921
21
0.4563229921259843
0
LINE
8
BLACK
6
CONTINUOUS
10
0.2882214960629921
20
0.4563229921259843
11
0.2882214566929134
21
0.4563229921259843
0
LINE
8
BLACK
6
CONTINUOUS
10
0.2882214566929134
20
0.4563229921259843
11
0.2936387795275591
21
0.454079094488189
0
LINE
8
BLACK
6
CONTINUOUS
10
0.2936387795275591
20
0.454079094488189
11
0.293956811023622
21
0.4539473622047244
0
LINE
8
BLACK
6
CONTINUOUS
10
0.293956811023622
20
0.4539473622047244
11
0.3000455905511811
21
0.4527362204724409
0
LINE
8
BLACK
6
CONTINUOUS
10
0.3000455905511811
20
0.4527362204724409
11
0.3000456692913386
21
0.4527362204724409
0
LINE
8
BLACK
6
CONTINUOUS
10
0.3000456692913386
20
0.4527362204724409
11
0.3315822440944882
21
0.4527362204724409
0
LINE
8
BLACK
6
CONTINUOUS
10
0.3315822440944882
20
0.4527362204724409
11
0.3336423228346457
21
0.4518829133858268
0
LINE
8
BLACK
6
CONTINUOUS
10
0.3336423228346457
20
0.4518829133858268
11
0.3344956299212598
21
0.4498228346456693
0
LINE
8
BLACK
6
CONTINUOUS
10
0.3344956299212598
20
0.4498228346456693
11
0.3344956299212598
21
0.449822125984252
0
LINE
8
BLACK
6
CONTINUOUS
10
0.3344956299212598
20
0.449822125984252
11
0.334477874015748
21
0.3754717322834645
0
LINE
8
BLACK
6
CONTINUOUS
10
0.334477874015748
20
0.3754717322834645
11
0.3336240551181102
21
0.3734118897637795
0
LINE
8
BLACK
6
CONTINUOUS
10
0.3336240551181102
20
0.3734118897637795
11
0.3315644881889764
21
0.3725590551181102
0
LINE
8
BLACK
6
CONTINUOUS
10
0.3315644881889764
20
0.3725590551181102
11
0.3189183464566929
21
0.3725590551181102
0
LINE
8
BLACK
6
CONTINUOUS
10
0.3189183464566929
20
0.3725590551181102
11
0.3168582677165354
21
0.3734123622047244
0
LINE
8
BLACK
6
CONTINUOUS
10
0.3168582677165354
20
0.3734123622047244
11
0.3163225196850394
21
0.3741498031496063
0
LINE
8
BLACK
6
CONTINUOUS
10
0.3163225196850394
20
0.3741498031496063
11
0.3157739763779527
21
0.3752263779527559
0
LINE
8
BLACK
6
CONTINUOUS
10
0.3157739763779527
20
0.3752263779527559
11
0.3120767322834646
21
0.3789236220472441
0
LINE
8
BLACK
6
CONTINUOUS
10
0.3120767322834646
20
0.3789236220472441
11
0.3074181102362205
21
0.3812972834645669
0
LINE
8
BLACK
6
CONTINUOUS
10
0.3074181102362205
20
0.3812972834645669
11
0.3074181102362205
21
0.3812973228346457
0
LINE
8
BLACK
6
CONTINUOUS
10
0.3074181102362205
20
0.3812973228346457
11
0.303553031496063
21
0.3819094488188977
0
LINE
8
BLACK
6
CONTINUOUS
10
0.303553031496063
20
0.3819094488188977
11
0.3035529921259842
21
0.3819094488188977
0
LINE
8
BLACK
6
CONTINUOUS
10
0.3035529921259842
20
0.3819094488188977
11
0.2905497637795276
21
0.3819094488188977
0
LINE
8
BLACK
6
CONTINUOUS
10
0.2905497637795276
20
0.3819094488188977
11
0.2887759842519685
21
0.3825116535433071
0
LINE
8
BLACK
6
CONTINUOUS
10
0.2887759842519685
20
0.3825116535433071
11
0.2886381889763779
21
0.3826174409448819
0
LINE
8
BLACK
6
CONTINUOUS
10
0.2886381889763779
20
0.3826174409448819
11
0.2850429921259842
21
0.3846931102362204
0
LINE
8
BLACK
6
CONTINUOUS
10
0.2850429921259842
20
0.3846931102362204
11
0.2850428346456693
21
0.3846931889763779
0
LINE
8
BLACK
6
CONTINUOUS
10
0.2850428346456693
20
0.3846931889763779
11
0.2810325590551181
21
0.3857677165354331
0
LINE
8
BLACK
6
CONTINUOUS
10
0.2810325590551181
20
0.3857677165354331
11
0.2810325196850393
21
0.3857677165354331
0
LINE
8
BLACK
6
CONTINUOUS
10
0.2810325196850393
20
0.3857677165354331
11
0.2691374803149606
21
0.3857677165354331
0
LINE
8
BLACK
6
CONTINUOUS
10
0.2691374803149606
20
0.3857677165354331
11
0.2670774015748031
21
0.3866210236220473
0
LINE
8
BLACK
6
CONTINUOUS
10
0.2670774015748031
20
0.3866210236220473
11
0.2669024015748032
21
0.3868205511811024
0
LINE
8
BLACK
6
CONTINUOUS
10
0.2669024015748032
20
0.3868205511811024
11
0.2668612992125984
21
0.3868616929133858
0
LINE
8
BLACK
6
CONTINUOUS
10
0.2668612992125984
20
0.3868616929133858
11
0.261922874015748
21
0.3906510236220472
0
LINE
8
BLACK
6
CONTINUOUS
10
0.261922874015748
20
0.3906510236220472
11
0.2561716929133858
21
0.3930332677165354
0
LINE
8
BLACK
6
CONTINUOUS
10
0.2561716929133858
20
0.3930332677165354
11
0.25
21
0.3938457480314961
0
LINE
8
BLACK
6
CONTINUOUS
10
0.25
20
0.3938457480314961
11
0.2438282677165354
21
0.3930332677165354
0
LINE
8
BLACK
6
CONTINUOUS
10
0.2438282677165354
20
0.3930332677165354
11
0.2407958661417323
21
0.3917772047244095
0
LINE
8
BLACK
6
CONTINUOUS
10
0.2407958661417323
20
0.3917772047244095
11
0.238566062992126
21
0.3917772047244095
0
LINE
8
BLACK
6
CONTINUOUS
10
0.238566062992126
20
0.3917772047244095
11
0.237620905511811
21
0.3924087401574803
0
LINE
8
BLACK
6
CONTINUOUS
10
0.237620905511811
20
0.3924087401574803
11
0.2343975590551181
21
0.3956320866141732
0
LINE
8
BLACK
6
CONTINUOUS
10
0.2343975590551181
20
0.3956320866141732
11
0.2287638188976378
21
0.3989638582677165
0
LINE
8
BLACK
6
CONTINUOUS
10
0.2287638188976378
20
0.3989638582677165
11
0.2224785039370079
21
0.4007899606299212
0
LINE
8
BLACK
6
CONTINUOUS
10
0.2224785039370079
20
0.4007899606299212
11
0.2210100787401575
21
0.4009055118110236
0
LINE
8
BLACK
6
CONTINUOUS
10
0.2210100787401575
20
0.4009055118110236
11
0.2008346456692913
21
0.4009055118110236
0
LINE
8
BLACK
6
CONTINUOUS
10
0.2008346456692913
20
0.4009055118110236
11
0.2008346456692913
21
0.3809055118110236
0
LINE
8
BLACK
6
CONTINUOUS
10
0.2008346456692913
20
0.3809055118110236
11
0.2183937007874016
21
0.3809055118110236
0
LINE
8
BLACK
6
CONTINUOUS
10
0.2183937007874016
20
0.3809055118110236
11
0.2206536614173228
21
0.3804559842519685
0
LINE
8
BLACK
6
CONTINUOUS
10
0.2206536614173228
20
0.3804559842519685
11
0.2225695275590551
21
0.3791758267716535
0
LINE
8
BLACK
6
CONTINUOUS
10
0.2225695275590551
20
0.3791758267716535
11
0.2238496850393701
21
0.3772599606299212
0
LINE
8
BLACK
6
CONTINUOUS
10
0.2238496850393701
20
0.3772599606299212
11
0.2242992125984252
21
0.375
0
LINE
8
BLACK
6
CONTINUOUS
10
0.2242992125984252
20
0.375
11
0.2242992125984252
21
0.3631889763779527
0
LINE
8
BLACK
6
CONTINUOUS
10
0.2242992125984252
20
0.3631889763779527
11
0.2238496850393701
21
0.3609290157480315
0
LINE
8
BLACK
6
CONTINUOUS
10
0.2238496850393701
20
0.3609290157480315
11
0.2225695275590551
21
0.3590131496062992
0
LINE
8
BLACK
6
CONTINUOUS
10
0.2225695275590551
20
0.3590131496062992
11
0.2206536614173228
21
0.3577329921259843
0
LINE
8
BLACK
6
CONTINUOUS
10
0.2206536614173228
20
0.3577329921259843
11
0.2183937007874016
21
0.3572834645669291
0
LINE
8
BLACK
6
CONTINUOUS
10
0.2183937007874016
20
0.3572834645669291
11
0.1632755905511811
21
0.3572834645669291
0
LINE
8
BLACK
6
CONTINUOUS
10
0.1632755905511811
20
0.3572834645669291
11
0.1610156299212598
21
0.3577329921259843
0
LINE
8
BLACK
6
CONTINUOUS
10
0.1610156299212598
20
0.3577329921259843
11
0.1590997637795276
21
0.3590131496062992
0
LINE
8
BLACK
6
CONTINUOUS
10
0.1590997637795276
20
0.3590131496062992
11
0.1578196062992126
21
0.3609290157480315
0
LINE
8
BLACK
6
CONTINUOUS
10
0.1578196062992126
20
0.3609290157480315
11
0.1573700787401575
21
0.3631889763779527
0
LINE
8
BLACK
6
CONTINUOUS
10
0.1573700787401575
20
0.3631889763779527
11
0.1573700787401575
21
0.375
0
LINE
8
BLACK
6
CONTINUOUS
10
0.1573700787401575
20
0.375
11
0.1578196062992126
21
0.3772599606299212
0
LINE
8
BLACK
6
CONTINUOUS
10
0.1578196062992126
20
0.3772599606299212
11
0.1590997637795276
21
0.3791758267716535
0
LINE
8
BLACK
6
CONTINUOUS
10
0.1590997637795276
20
0.3791758267716535
11
0.1610156299212598
21
0.3804559842519685
0
LINE
8
BLACK
6
CONTINUOUS
10
0.1610156299212598
20
0.3804559842519685
11
0.1632755905511811
21
0.3809055118110236
0
LINE
8
BLACK
6
CONTINUOUS
10
0.1632755905511811
20
0.3809055118110236
11
0.1808346456692913
21
0.3809055118110236
0
LINE
8
BLACK
6
CONTINUOUS
10
0.1808346456692913
20
0.3809055118110236
11
0.1808346456692913
21
0.4009055118110236
0
LINE
8
BLACK
6
CONTINUOUS
10
0.1808346456692913
20
0.4009055118110236
11
0.1606592519685039
21
0.4009055118110236
0
LINE
8
BLACK
6
CONTINUOUS
10
0.1606592519685039
20
0.4009055118110236
11
0.1606591732283464
21
0.4009054724409449
0
LINE
8
BLACK
6
CONTINUOUS
10
0.1606591732283464
20
0.4009054724409449
11
0.1591908267716535
21
0.4007899606299212
0
LINE
8
BLACK
6
CONTINUOUS
10
0.1591908267716535
20
0.4007899606299212
11
0.1529054330708661
21
0.3989638582677165
0
LINE
8
BLACK
6
CONTINUOUS
10
0.1529054330708661
20
0.3989638582677165
11
0.1472716929133858
21
0.3956320866141732
0
LINE
8
BLACK
6
CONTINUOUS
10
0.1472716929133858
20
0.3956320866141732
11
0.1426435039370079
21
0.3910038976377953
0
LINE
8
BLACK
6
CONTINUOUS
10
0.1426435039370079
20
0.3910038976377953
11
0.1393117322834646
21
0.3853701574803149
0
LINE
8
BLACK
6
CONTINUOUS
10
0.1393117322834646
20
0.3853701574803149
11
0.1374672440944882
21
0.3790215354330709
0
LINE
8
BLACK
6
CONTINUOUS
10
0.1374672440944882
20
0.3790215354330709
11
0.136073031496063
21
0.3772813385826772
0
LINE
8
BLACK
6
CONTINUOUS
10
0.136073031496063
20
0.3772813385826772
11
0.1338566929133858
21
0.3770366535433071
0
LINE
8
BLACK
6
CONTINUOUS
10
0.1338566929133858
20
0.3770366535433071
11
0.1321164960629921
21
0.3784308661417323
0
LINE
8
BLACK
6
CONTINUOUS
10
0.1321164960629921
20
0.3784308661417323
11
0.1319779133858268
21
0.3787194881889764
0
LINE
8
BLACK
6
CONTINUOUS
10
0.1319779133858268
20
0.3787194881889764
11
0.1306510236220473
21
0.381922874015748
0
LINE
8
BLACK
6
CONTINUOUS
10
0.1306510236220473
20
0.381922874015748
11
0.1268615748031496
21
0.3868614173228346
0
LINE
8
BLACK
6
CONTINUOUS
10
0.1268615748031496
20
0.3868614173228346
11
0.1268613779527559
21
0.3868616141732283
0
LINE
8
BLACK
6
CONTINUOUS
10
0.1268613779527559
20
0.3868616141732283
11
0.121922874015748
21
0.3906510236220472
0
LINE
8
BLACK
6
CONTINUOUS
10
0.121922874015748
20
0.3906510236220472
11
0.1161716929133858
21
0.3930332677165354
0
LINE
8
BLACK
6
CONTINUOUS
10
0.1161716929133858
20
0.3930332677165354
11
0.11
21
0.3938457480314961
0
LINE
8
BLACK
6
CONTINUOUS
10
0.11
20
0.3938457480314961
11
0.1038283070866142
21
0.3930332677165354
0
LINE
8
BLACK
6
CONTINUOUS
10
0.1038283070866142
20
0.3930332677165354
11
0.1038282677165354
21
0.3930332677165354
0
LINE
8
BLACK
6
CONTINUOUS
10
0.1038282677165354
20
0.3930332677165354
11
0.0980770866141732
21
0.3906510236220472
0
LINE
8
BLACK
6
CONTINUOUS
10
0.0980770866141732
20
0.3906510236220472
11
0.0931385826771653
21
0.3868616141732283
0
LINE
8
BLACK
6
CONTINUOUS
10
0.0931385826771653
20
0.3868616141732283
11
0.0931383858267717
21
0.3868614173228346
0
LINE
8
BLACK
6
CONTINUOUS
10
0.0931383858267717
20
0.3868614173228346
11
0.0893489763779527
21
0.3819229133858268
0
LINE
8
BLACK
6
CONTINUOUS
10
0.0893489763779527
20
0.3819229133858268
11
0.0869667322834646
21
0.3761717322834646
0
LINE
8
BLACK
6
CONTINUOUS
10
0.0869667322834646
20
0.3761717322834646
11
0.0869667322834646
21
0.3761716929133858
0
LINE
8
BLACK
6
CONTINUOUS
10
0.0869667322834646
20
0.3761716929133858
11
0.0861542519685039
21
0.3700000393700787
0
LINE
8
BLACK
6
CONTINUOUS
10
0.0861542519685039
20
0.3700000393700787
11
0.0861542519685039
21
0.369809094488189
0
LINE
8
BLACK
6
CONTINUOUS
10
0.0861542519685039
20
0.369809094488189
11
0.086080157480315
21
0.369809094488189
0
LINE
8
BLACK
6
CONTINUOUS
10
0.086080157480315
20
0.369809094488189
11
0.0855692519685039
21
0.3679034645669291
0
LINE
8
BLACK
6
CONTINUOUS
10
0.0855692519685039
20
0.3679034645669291
11
0.0853182677165354
21
0.3676172834645669
0
LINE
8
BLACK
6
CONTINUOUS
10
0.0853182677165354
20
0.3676172834645669
11
0.0651385039370079
21
0.3474374803149606
0
LINE
8
BLACK
6
CONTINUOUS
10
0.0651385039370079
20
0.3474374803149606
11
0.0630627952755906
21
0.3438422440944882
0
LINE
8
BLACK
6
CONTINUOUS
10
0.0630627952755906
20
0.3438422440944882
11
0.0630626377952756
21
0.3438418897637795
0
LINE
8
BLACK
6
CONTINUOUS
10
0.0630626377952756
20
0.3438418897637795
11
0.0623074803149606
21
0.3410236614173228
0
LINE
8
BLACK
6
CONTINUOUS
10
0.0623074803149606
20
0.3410236614173228
11
0.0623075196850394
21
0.3410236220472441
0
LINE
8
BLACK
6
CONTINUOUS
10
0.0623075196850394
20
0.3410236220472441
11
0.0623075196850394
21
0.3410235826771654
0
LINE
8
BLACK
6
CONTINUOUS
10
0.0623075196850394
20
0.3410235826771654
11
0.061988188976378
21
0.3398317716535433
0
LINE
8
BLACK
6
CONTINUOUS
10
0.061988188976378
20
0.3398317716535433
11
0.061988188976378
21
0.2543199606299212
0
LINE
8
BLACK
6
CONTINUOUS
10
0.061988188976378
20
0.2543199606299212
11
0.061988188976378
21
0.2501682283464567
0
LINE
8
BLACK
6
CONTINUOUS
10
0.061988188976378
20
0.2501682283464567
11
0.0628459842519685
21
0.2469667716535433
0
LINE
8
BLACK
6
CONTINUOUS
10
0.0628459842519685
20
0.2469667716535433
11
0.0630627165354331
21
0.2461579527559055
0
LINE
8
BLACK
6
CONTINUOUS
10
0.0630627165354331
20
0.2461579527559055
11
0.0630627952755906
21
0.2461577952755905
0
LINE
8
BLACK
6
CONTINUOUS
10
0.0630627952755906
20
0.2461577952755905
11
0.0651384645669291
21
0.2425626377952756
0
LINE
8
BLACK
6
CONTINUOUS
10
0.0651384645669291
20
0.2425626377952756
11
0.0651385039370079
21
0.2425625984251968
0
LINE
8
BLACK
6
CONTINUOUS
10
0.0651385039370079
20
0.2425625984251968
11
0.0651385826771654
21
0.2425624803149606
0
LINE
8
BLACK
6
CONTINUOUS
10
0.0651385826771654
20
0.2425624803149606
11
0.0988616929133858
21
0.2088393700787401
0
LINE
8
BLACK
6
CONTINUOUS
10
0.0988616929133858
20
0.2088393700787401
11
0.1024571653543307
21
0.2067635039370079
0
LINE
8
BLACK
6
CONTINUOUS
10
0.1024571653543307
20
0.2067635039370079
11
0.1064674409448819
21
0.2056889763779527
0
LINE
8
BLACK
6
CONTINUOUS
10
0.1064674409448819
20
0.2056889763779527
11
0.1106191732283465
21
0.2056889763779527
0
LINE
8
BLACK
6
CONTINUOUS
10
0.1106191732283465
20
0.2056889763779527
11
0.1524160236220472
21
0.2056889763779527
0
LINE
8
BLACK
6
CONTINUOUS
10
0.1524160236220472
20
0.2056889763779527
11
0.1544761023622047
21
0.2048356692913386
0
LINE
8
BLACK
6
CONTINUOUS
10
0.1544761023622047
20
0.2048356692913386
11
0.1551463385826772
21
0.2041654330708661
0
LINE
8
BLACK
6
CONTINUOUS
10
0.1551463385826772
20
0.2041654330708661
11
0.1592837401574803
21
0.2021427952755905
0
LINE
8
BLACK
6
CONTINUOUS
10
0.1592837401574803
20
0.2021427952755905
11
0.1619661417322835
21
0.201751968503937
0
LINE
8
BLACK
6
CONTINUOUS
10
0.1619661417322835
20
0.201751968503937
11
0.1619663779527559
21
0.201751968503937
0
LINE
8
BLACK
6
CONTINUOUS
10
0.1619663779527559
20
0.201751968503937
11
0.2197029133858268
21
0.201751968503937
0
LINE
8
BLACK
6
CONTINUOUS
10
0.2197029133858268
20
0.201751968503937
11
0.2197031496062992
21
0.201751968503937
0
LINE
8
BLACK
6
CONTINUOUS
10
0.2197031496062992
20
0.201751968503937
11
0.2223855511811024
21
0.2021427952755905
0
LINE
8
BLACK
6
CONTINUOUS
10
0.2223855511811024
20
0.2021427952755905
11
0.2265229527559055
21
0.2041654330708661
0
LINE
8
BLACK
6
CONTINUOUS
10
0.2265229527559055
20
0.2041654330708661
11
0.2271931889763779
21
0.2048356692913386
0
LINE
8
BLACK
6
CONTINUOUS
10
0.2271931889763779
20
0.2048356692913386
11
0.2292532677165354
21
0.2056889763779527
0
LINE
8
BLACK
6
CONTINUOUS
10
0.2292532677165354
20
0.2056889763779527
11
0.2358053149606299
21
0.2056889763779527
0
LINE
8
BLACK
6
CONTINUOUS
10
0.2358053149606299
20
0.2056889763779527
11
0.2378653937007874
21
0.2048356692913386
0
LINE
8
BLACK
6
CONTINUOUS
10
0.2378653937007874
20
0.2048356692913386
11
0.2556897244094488
21
0.1870113385826772
0
LINE
8
BLACK
6
CONTINUOUS
10
0.2556897244094488
20
0.1870113385826772
11
0.2556897637795276
21
0.1870112992125984
0
LINE
8
BLACK
6
CONTINUOUS
10
0.2556897637795276
20
0.1870112992125984
11
0.2586254724409449
21
0.1840755905511811
0
LINE
8
BLACK
6
CONTINUOUS
10
0.2586254724409449
20
0.1840755905511811
11
0.2622209842519685
21
0.1819997244094488
0
LINE
8
BLACK
6
CONTINUOUS
10
0.2622209842519685
20
0.1819997244094488
11
0.2662311023622047
21
0.1809252362204724
0
LINE
8
BLACK
6
CONTINUOUS
10
0.2662311023622047
20
0.1809252362204724
11
0.2662311417322835
21
0.1809251968503937
0
LINE
8
BLACK
6
CONTINUOUS
10
0.2662311417322835
20
0.1809251968503937
11
0.266231220472441
21
0.1809251968503937
0
LINE
8
BLACK
6
CONTINUOUS
10
0.266231220472441
20
0.1809251968503937
11
0.293996062992126
21
0.1809251968503937
0
LINE
8
BLACK
6
CONTINUOUS
10
0.293996062992126
20
0.1809251968503937
11
0.2960561417322835
21
0.1800718897637795
0
LINE
8
BLACK
6
CONTINUOUS
10
0.2960561417322835
20
0.1800718897637795
11
0.2969094488188976
21
0.178011811023622
0
LINE
8
BLACK
6
CONTINUOUS
10
0.2969094488188976
20
0.178011811023622
11
0.2969094488188976
21
0.1750493700787402
0
LINE
8
BLACK
6
CONTINUOUS
10
0.2969094488188976
20
0.1750493700787402
11
0.2973674409448819
21
0.1727467716535433
0
LINE
8
BLACK
6
CONTINUOUS
10
0.2973674409448819
20
0.1727467716535433
11
0.2984261417322834
21
0.1711624015748031
0
LINE
8
BLACK
6
CONTINUOUS
10
0.2984261417322834
20
0.1711624015748031
11
0.299112125984252
21
0.1701357480314961
0
LINE
8
BLACK
6
CONTINUOUS
10
0.299112125984252
20
0.1701357480314961
11
0.3005359448818898
21
0.1691843700787402
0
LINE
8
BLACK
6
CONTINUOUS
10
0.3005359448818898
20
0.1691843700787402
11
0.3017747244094488
21
0.1673303543307087
0
LINE
8
BLACK
6
CONTINUOUS
10
0.3017747244094488
20
0.1673303543307087
11
0.3018307086614173
21
0.1667620078740157
0
LINE
8
BLACK
6
CONTINUOUS
10
0.3018307086614173
20
0.1667620078740157
11
0.3018307086614173
21
0.1644774409448819
0
LINE
8
BLACK
6
CONTINUOUS
10
0.3018307086614173
20
0.1644774409448819
11
0.3018307086614173
21
0.1603257086614173
0
LINE
8
BLACK
6
CONTINUOUS
10
0.3018307086614173
20
0.1603257086614173
11
0.3022872047244095
21
0.1586220472440945
0
LINE
8
BLACK
6
CONTINUOUS
10
0.3022872047244095
20
0.1586220472440945
11
0.3029052362204724
21
0.1563154330708661
0
LINE
8
BLACK
6
CONTINUOUS
10
0.3029052362204724
20
0.1563154330708661
11
0.3029053149606299
21
0.1563152755905512
0
LINE
8
BLACK
6
CONTINUOUS
10
0.3029053149606299
20
0.1563152755905512
11
0.3049809842519685
21
0.1527201181102362
0
LINE
8
BLACK
6
CONTINUOUS
10
0.3049809842519685
20
0.1527201181102362
11
0.3049810236220473
21
0.1527200787401575
0
LINE
8
BLACK
6
CONTINUOUS
10
0.3049810236220473
20
0.1527200787401575
11
0.3049811023622047
21
0.1527199606299213
0
LINE
8
BLACK
6
CONTINUOUS
10
0.3049811023622047
20
0.1527199606299213
11
0.3126088976377953
21
0.1450921653543307
0
LINE
8
BLACK
6
CONTINUOUS
10
0.3126088976377953
20
0.1450921653543307
11
0.3149126377952756
21
0.1427884251968504
0
LINE
8
BLACK
6
CONTINUOUS
10
0.3149126377952756
20
0.1427884251968504
11
0.3157659448818897
21
0.1407283464566929
0
LINE
8
BLACK
6
CONTINUOUS
10
0.3157659448818897
20
0.1407283464566929
11
0.3149126377952756
21
0.1386682677165354
0
LINE
8
BLACK
6
CONTINUOUS
10
0.3149126377952756
20
0.1386682677165354
11
0.3128525590551181
21
0.1378149606299213
0
LINE
8
BLACK
6
CONTINUOUS
10
0.3128525590551181
20
0.1378149606299213
11
0.3000455905511811
21
0.1378149606299213
0
LINE
8
BLACK
6
CONTINUOUS
10
0.3000455905511811
20
0.1378149606299213
11
0.2963641732283465
21
0.1370827165354331
0
LINE
8
BLACK
6
CONTINUOUS
10
0.2963641732283465
20
0.1370827165354331
11
0.2941772047244094
21
0.1375177559055118
0
LINE
8
BLACK
6
CONTINUOUS
10
0.2941772047244094
20
0.1375177559055118
11
0.2929384251968504
21
0.1393717716535433
0
LINE
8
BLACK
6
CONTINUOUS
10
0.2929384251968504
20
0.1393717716535433
11
0.2929074803149606
21
0.1395590551181102
0
LINE
8
BLACK
6
CONTINUOUS
10
0.2929074803149606
20
0.1395590551181102
11
0.2921790551181102
21
0.1450921653543307
0
LINE
8
BLACK
6
CONTINUOUS
10
0.2921790551181102
20
0.1450921653543307
11
0.2897968503937008
21
0.1508433070866142
0
LINE
8
BLACK
6
CONTINUOUS
10
0.2897968503937008
20
0.1508433070866142
11
0.2860073228346456
21
0.1557819291338583
0
LINE
8
BLACK
6
CONTINUOUS
10
0.2860073228346456
20
0.1557819291338583
11
0.2860072047244094
21
0.1557820472440945
0
LINE
8
BLACK
6
CONTINUOUS
10
0.2860072047244094
20
0.1557820472440945
11
0.2810687007874016
21
0.1595714566929134
0
LINE
8
BLACK
6
CONTINUOUS
10
0.2810687007874016
20
0.1595714566929134
11
0.2753175196850394
21
0.1619537007874016
0
LINE
8
BLACK
6
CONTINUOUS
10
0.2753175196850394
20
0.1619537007874016
11
0.2691458267716536
21
0.1627661811023622
0
LINE
8
BLACK
6
CONTINUOUS
10
0.2691458267716536
20
0.1627661811023622
11
0.2629741338582677
21
0.1619537007874016
0
LINE
8
BLACK
6
CONTINUOUS
10
0.2629741338582677
20
0.1619537007874016
11
0.262974094488189
21
0.1619537007874016
0
LINE
8
BLACK
6
CONTINUOUS
10
0.262974094488189
20
0.1619537007874016
11
0.2572229133858268
21
0.1595714566929134
0
LINE
8
BLACK
6
CONTINUOUS
10
0.2572229133858268
20
0.1595714566929134
11
0.2522844094488189
21
0.1557820472440945
0
LINE
8
BLACK
6
CONTINUOUS
10
0.2522844094488189
20
0.1557820472440945
11
0.2522842125984252
21
0.1557818503937008
0
LINE
8
BLACK
6
CONTINUOUS
10
0.2522842125984252
20
0.1557818503937008
11
0.2484948031496063
21
0.1508433464566929
0
LINE
8
BLACK
6
CONTINUOUS
10
0.2484948031496063
20
0.1508433464566929
11
0.2461125590551181
21
0.1450921653543307
0
LINE
8
BLACK
6
CONTINUOUS
10
0.2461125590551181
20
0.1450921653543307
11
0.2461125590551181
21
0.145092125984252
0
LINE
8
BLACK
6
CONTINUOUS
10
0.2461125590551181
20
0.145092125984252
11
0.2453000787401575
21
0.1389204330708661
0
LINE
8
BLACK
6
CONTINUOUS
10
0.2453000787401575
20
0.1389204330708661
11
0.2461125590551181
21
0.1327487795275591
0
LINE
8
BLACK
6
CONTINUOUS
10
0.2461125590551181
20
0.1327487795275591
11
0.2461125590551181
21
0.1327487401574803
0
LINE
8
BLACK
6
CONTINUOUS
10
0.2461125590551181
20
0.1327487401574803
11
0.2484948031496063
21
0.1269975590551181
0
LINE
8
BLACK
6
CONTINUOUS
10
0.2484948031496063
20
0.1269975590551181
11
0.2493782677165354
21
0.1258462204724409
0
LINE
8
BLACK
6
CONTINUOUS
10
0.2493782677165354
20
0.1258462204724409
11
0.2499803149606299
21
0.1240726377952756
0
LINE
8
BLACK
6
CONTINUOUS
10
0.2499803149606299
20
0.1240726377952756
11
0.2499803149606299
21
0.1190748031496063
0
LINE
8
BLACK
6
CONTINUOUS
10
0.2499803149606299
20
0.1190748031496063
11
0.2491270078740157
21
0.1170147244094488
0
LINE
8
BLACK
6
CONTINUOUS
10
0.2491270078740157
20
0.1170147244094488
11
0.2470669291338582
21
0.1161614173228346
0
LINE
8
BLACK
6
CONTINUOUS
10
0.2470669291338582
20
0.1161614173228346
11
0.2443627952755905
21
0.1161614173228346
0
LINE
8
BLACK
6
CONTINUOUS
10
0.2443627952755905
20
0.1161614173228346
11
0.2415531496062992
21
0.1157520472440945
0
LINE
8
BLACK
6
CONTINUOUS
10
0.2415531496062992
20
0.1157520472440945
11
0.237219094488189
21
0.1136332283464567
0
LINE
8
BLACK
6
CONTINUOUS
10
0.237219094488189
20
0.1136332283464567
11
0.2338077165354331
21
0.1102218503937008
0
LINE
8
BLACK
6
CONTINUOUS
10
0.2338077165354331
20
0.1102218503937008
11
0.2316888976377953
21
0.1058877952755905
0
LINE
8
BLACK
6
CONTINUOUS
10
0.2316888976377953
20
0.1058877952755905
11
0.2312795275590551
21
0.1030781496062992
0
LINE
8
BLACK
6
CONTINUOUS
10
0.2312795275590551
20
0.1030781496062992
11
0.2312795275590551
21
0.0544022047244094
0
LINE
8
BLACK
6
CONTINUOUS
10
0.2312795275590551
20
0.0544022047244094
11
0.2316888976377953
21
0.0515925590551181
0
LINE
8
BLACK
6
CONTINUOUS
10
0.2316888976377953
20
0.0515925590551181
11
0.2338077165354331
21
0.0472585039370079
0
LINE
8
BLACK
6
CONTINUOUS
10
0.2338077165354331
20
0.0472585039370079
11
0.2338077559055118
21
0.0472584645669291
0
LINE
8
BLACK
6
CONTINUOUS
10
0.2338077559055118
20
0.0472584645669291
11
0.237219094488189
21
0.043847125984252
0
LINE
8
BLACK
6
CONTINUOUS
10
0.237219094488189
20
0.043847125984252
11
0.2415532283464567
21
0.0417282677165354
0
LINE
8
BLACK
6
CONTINUOUS
10
0.2415532283464567
20
0.0417282677165354
11
0.2443629921259843
21
0.0413188976377953
0
LINE
8
BLACK
6
CONTINUOUS
10
0.2443629921259843
20
0.0413188976377953
11
0.2711756299212598
21
0.0413188976377953
0
LINE
8
BLACK
6
CONTINUOUS
10
0.2711756299212598
20
0.0413188976377953
11
0.2732357086614173
21
0.0404655905511811
0
LINE
8
BLACK
6
CONTINUOUS
10
0.2732357086614173
20
0.0404655905511811
11
0.2738672440944882
21
0.0395203937007874
0
LINE
8
BLACK
6
CONTINUOUS
10
0.2738672440944882
20
0.0395203937007874
11
0.2752205905511811
21
0.0362529921259842
0
LINE
8
BLACK
6
CONTINUOUS
10
0.2752205905511811
20
0.0362529921259842
11
0.2786696850393701
21
0.0310910236220472
0
LINE
8
BLACK
6
CONTINUOUS
10
0.2786696850393701
20
0.0310910236220472
11
0.2830594881889764
21
0.0267012204724409
0
LINE
8
BLACK
6
CONTINUOUS
10
0.2830594881889764
20
0.0267012204724409
11
0.2855449212598425
21
0.0250405118110236
0
LINE
8
BLACK
6
CONTINUOUS
10
0.2855449212598425
20
0.0250405118110236
11
0.2867837401574803
21
0.0231864960629921
0
LINE
8
BLACK
6
CONTINUOUS
10
0.2867837401574803
20
0.0231864960629921
11
0.2863487401574803
21
0.0209995275590551
0
LINE
8
BLACK
6
CONTINUOUS
10
0.2863487401574803
20
0.0209995275590551
11
0.2844947244094488
21
0.0197607086614173
0
LINE
8
BLACK
6
CONTINUOUS
10
0.2844947244094488
20
0.0197607086614173
11
0.2839263385826772
21
0.0197047244094488
0
LINE
8
BLACK
6
CONTINUOUS
10
0.2839263385826772
20
0.0197047244094488
11
0.1646747637795276
21
0.0197047244094488
0
LINE
8
BLACK
6
CONTINUOUS
10
0.1646747637795276
20
0.0197047244094488
11
0.1626146850393701
21
0.020558031496063
0
LINE
8
BLACK
6
CONTINUOUS
10
0.1626146850393701
20
0.020558031496063
11
0.1619831496062992
21
0.0215032283464567
0
LINE
8
BLACK
6
CONTINUOUS
10
0.1619831496062992
20
0.0215032283464567
11
0.1615213385826772
21
0.0226181102362205
0
LINE
8
BLACK
6
CONTINUOUS
10
0.1615213385826772
20
0.0226181102362205
11
0.1585986220472441
21
0.0296742519685039
0
LINE
8
BLACK
6
CONTINUOUS
10
0.1585986220472441
20
0.0296742519685039
11
0.1577806299212599
21
0.0310910236220472
0
LINE
8
BLACK
6
CONTINUOUS
10
0.1577806299212599
20
0.0310910236220472
11
0.1542106299212598
21
0.0372744488188976
0
LINE
8
BLACK
6
CONTINUOUS
10
0.1542106299212598
20
0.0372744488188976
11
0.1542104724409449
21
0.0372746850393701
0
LINE
8
BLACK
6
CONTINUOUS
10
0.1542104724409449
20
0.0372746850393701
11
0.148868188976378
21
0.044236968503937
0
LINE
8
BLACK
6
CONTINUOUS
10
0.148868188976378
20
0.044236968503937
11
0.142662125984252
21
0.050443031496063
0
LINE
8
BLACK
6
CONTINUOUS
10
0.142662125984252
20
0.050443031496063
11
0.135699842519685
21
0.0557853149606299
0
LINE
8
BLACK
6
CONTINUOUS
10
0.135699842519685
20
0.0557853149606299
11
0.1356996062992126
21
0.0557854724409449
0
LINE
8
BLACK
6
CONTINUOUS
10
0.1356996062992126
20
0.0557854724409449
11
0.1280994094488189
21
0.0601734645669291
0
LINE
8
BLACK
6
CONTINUOUS
10
0.1280994094488189
20
0.0601734645669291
11
0.128099094488189
21
0.0601735826771654
0
LINE
8
BLACK
6
CONTINUOUS
10
0.128099094488189
20
0.0601735826771654
11
0.1199914173228346
21
0.0635318897637795
0
LINE
8
BLACK
6
CONTINUOUS
10
0.1199914173228346
20
0.0635318897637795
11
0.1115142125984252
21
0.0658033464566929
0
LINE
8
BLACK
6
CONTINUOUS
10
0.1115142125984252
20
0.0658033464566929
11
0.1051042125984252
21
0.0666472440944882
0
LINE
8
BLACK
6
CONTINUOUS
10
0.1051042125984252
20
0.0666472440944882
11
0.1028132677165354
21
0.0669488188976378
0
LINE
8
BLACK
6
CONTINUOUS
10
0.1028132677165354
20
0.0669488188976378
11
0.094037125984252
21
0.0669488188976378
0
LINE
8
BLACK
6
CONTINUOUS
10
0.094037125984252
20
0.0669488188976378
11
0.0920126771653543
21
0.0666823228346457
0
LINE
8
BLACK
6
CONTINUOUS
10
0.0920126771653543
20
0.0666823228346457
11
0.0853361417322835
21
0.0658033464566929
0
LINE
8
BLACK
6
CONTINUOUS
10
0.0853361417322835
20
0.0658033464566929
11
0.076858937007874
21
0.0635318897637795
0
LINE
8
BLACK
6
CONTINUOUS
10
0.076858937007874
20
0.0635318897637795
11
0.0687512598425197
21
0.0601735826771654
0
LINE
8
BLACK
6
CONTINUOUS
10
0.0687512598425197
20
0.0601735826771654
11
0.0687509448818898
21
0.0601734645669291
0
LINE
8
BLACK
6
CONTINUOUS
10
0.0687509448818898
20
0.0601734645669291
11
0.0611507480314961
21
0.0557854724409449
0
LINE
8
BLACK
6
CONTINUOUS
10
0.0611507480314961
20
0.0557854724409449
11
0.0611505118110236
21
0.0557853149606299
0
LINE
8
BLACK
6
CONTINUOUS
10
0.0611505118110236
20
0.0557853149606299
11
0.0541882283464567
21
0.050443031496063
0
LINE
8
BLACK
6
CONTINUOUS
10
0.0541882283464567
20
0.050443031496063
11
0.0479821653543307
21
0.044236968503937
0
LINE
8
BLACK
6
CONTINUOUS
10
0.0479821653543307
20
0.044236968503937
11
0.0426398818897638
21
0.0372746850393701
0
LINE
8
BLACK
6
CONTINUOUS
10
0.0426398818897638
20
0.0372746850393701
11
0.0426397244094488
21
0.0372744488188976
0
LINE
8
BLACK
6
CONTINUOUS
10
0.0426397244094488
20
0.0372744488188976
11
0.0382517322834646
21
0.0296742519685039
0
LINE
8
BLACK
6
CONTINUOUS
10
0.0382517322834646
20
0.0296742519685039
11
0.0382516141732283
21
0.029673937007874
0
LINE
8
BLACK
6
CONTINUOUS
10
0.0382516141732283
20
0.029673937007874
11
0.0363324015748031
21
0.0250405118110236
0
LINE
8
BLACK
6
CONTINUOUS
10
0.0363324015748031
20
0.0250405118110236
11
0.0353290551181102
21
0.0226181102362205
0
LINE
8
BLACK
6
CONTINUOUS
10
0.0353290551181102
20
0.0226181102362205
11
0.0348672440944882
21
0.0215032283464567
0
LINE
8
BLACK
6
CONTINUOUS
10
0.0348672440944882
20
0.0215032283464567
11
0.0332905511811024
21
0.0199264960629921
0
LINE
8
BLACK
6
CONTINUOUS
10
0.0332905511811024
20
0.0199264960629921
11
0.0321756299212598
21
0.0197047244094488
0
LINE
8
BLACK
6
CONTINUOUS
10
0.0321756299212598
20
0.0197047244094488
11
0.0226181102362205
21
0.0197047244094488
0
LINE
8
BLACK
6
CONTINUOUS
10
0.0226181102362205
20
0.0197047244094488
11
0.020558031496063
21
0.020558031496063
0
LINE
8
BLACK
6
CONTINUOUS
10
0.020558031496063
20
0.020558031496063
11
0.0197047244094488
21
0.0226181102362205
0
LINE
8
BLACK
6
CONTINUOUS
10
0.0197047244094488
20
0.0226181102362205
11
0.0197047244094488
21
0.1060236220472441
0
LINE
8
BLACK
6
CONTINUOUS
10
0.0197047244094488
20
0.1060236220472441
11
0.020558031496063
21
0.1080837007874016
0
LINE
8
BLACK
6
CONTINUOUS
10
0.020558031496063
20
0.1080837007874016
11
0.0226181102362205
21
0.1089370078740158
0
LINE
8
BLACK
6
CONTINUOUS
10
0.0226181102362205
20
0.1089370078740158
11
0.0548503937007874
21
0.1089370078740158
0
LINE
8
BLACK
6
CONTINUOUS
10
0.0548503937007874
20
0.1089370078740158
11
0.0548503937007874
21
0.1289370078740157
0
LINE
8
BLACK
6
CONTINUOUS
10
0.0548503937007874
20
0.1289370078740157
11
0.0215433070866142
21
0.1289370078740157
0
LINE
8
BLACK
6
CONTINUOUS
10
0.0215433070866142
20
0.1289370078740157
11
0.0177767322834646
21
0.1296862204724409
0
LINE
8
BLACK
6
CONTINUOUS
10
0.0177767322834646
20
0.1296862204724409
11
0.0145835826771654
21
0.1318198031496063
0
LINE
8
BLACK
6
CONTINUOUS
10
0.0145835826771654
20
0.1318198031496063
11
0.01245
21
0.1350129527559055
0
LINE
8
BLACK
6
CONTINUOUS
10
0.01245
20
0.1350129527559055
11
0.0117007874015748
21
0.1387795275590551
0
LINE
8
BLACK
6
CONTINUOUS
10
0.0117007874015748
20
0.1387795275590551
11
0.0117007874015748
21
0.1584645669291339
0
LINE
8
BLACK
6
CONTINUOUS
10
0.0117007874015748
20
0.1584645669291339
11
0.01245
21
0.1622311417322835
0
LINE
8
BLACK
6
CONTINUOUS
10
0.01245
20
0.1622311417322835
11
0.0145835826771654
21
0.1654242913385827
0
LINE
8
BLACK
6
CONTINUOUS
10
0.0145835826771654
20
0.1654242913385827
11
0.0177767322834646
21
0.167557874015748
0
LINE
8
BLACK
6
CONTINUOUS
10
0.0177767322834646
20
0.167557874015748
11
0.0215433070866142
21
0.1683070866141732
0
LINE
8
BLACK
6
CONTINUOUS
10
0.0215433070866142
20
0.1683070866141732
11
0.0548503937007874
21
0.1683070866141732
0
LINE
8
BLACK
6
CONTINUOUS
10
0.0548503937007874
20
0.1683070866141732
11
0.0548503937007874
21
0.1883070866141732
0
LINE
8
BLACK
6
CONTINUOUS
10
0.0548503937007874
20
0.1883070866141732
11
0.0226181102362205
21
0.1883070866141732
0
LINE
8
BLACK
6
CONTINUOUS
10
0.0226181102362205
20
0.1883070866141732
11
0.020558031496063
21
0.1891603937007874
0
LINE
8
BLACK
6
CONTINUOUS
10
0.020558031496063
20
0.1891603937007874
11
0.0197047244094488
21
0.1912204724409449
0
LINE
8
BLACK
6
CONTINUOUS
10
0.0197047244094488
20
0.1912204724409449
11
0.0197047244094488
21
0.3993307086614173
0
LINE
8
BLACK
6
CONTINUOUS
10
0.0197047244094488
20
0.3993307086614173
11
0.020558031496063
21
0.4013907874015748
0
LINE
8
BLACK
6
CONTINUOUS
10
0.020558031496063
20
0.4013907874015748
11
0.0226181102362205
21
0.402244094488189
0
LINE
8
BLACK
6
CONTINUOUS
10
0.0226181102362205
20
0.402244094488189
11
0.0548503937007874
21
0.402244094488189
0
LINE
8
BLACK
6
CONTINUOUS
10
0.0548503937007874
20
0.402244094488189
11
0.0548503937007874
21
0.4222440944881889
0
LINE
8
BLACK
6
CONTINUOUS
10
0.0548503937007874
20
0.4222440944881889
11
0.0215433070866142
21
0.4222440944881889
0
LINE
8
BLACK
6
CONTINUOUS
10
0.0215433070866142
20
0.4222440944881889
11
0.0177767322834646
21
0.4229933070866141
0
LINE
8
BLACK
6
CONTINUOUS
10
0.0177767322834646
20
0.4229933070866141
11
0.0145835826771654
21
0.4251268897637795
0
LINE
8
BLACK
6
CONTINUOUS
10
0.0145835826771654
20
0.4251268897637795
11
0.01245
21
0.4283200393700787
0
LINE
8
BLACK
6
CONTINUOUS
10
0.01245
20
0.4283200393700787
11
0.0117007874015748
21
0.4320866141732284
0
LINE
8
BLACK
6
CONTINUOUS
10
0.0117007874015748
20
0.4320866141732284
11
0.0117007874015748
21
0.4517716535433071
0
LINE
8
BLACK
6
CONTINUOUS
10
0.0117007874015748
20
0.4517716535433071
11
0.01245
21
0.4555382283464567
0
LINE
8
BLACK
6
CONTINUOUS
10
0.01245
20
0.4555382283464567
11
0.0145835826771654
21
0.4587313779527559
0
LINE
8
BLACK
6
CONTINUOUS
10
0.0145835826771654
20
0.4587313779527559
11
0.0177767322834646
21
0.4608649606299213
0
LINE
8
BLACK
6
CONTINUOUS
10
0.0177767322834646
20
0.4608649606299213
11
0.0215433070866142
21
0.4616141732283465
0
LINE
8
BLACK
6
CONTINUOUS
10
0.0215433070866142
20
0.4616141732283465
11
0.0548503937007874
21
0.4616141732283465
0
LINE
8
BLACK
6
CONTINUOUS
10
0.0548503937007874
20
0.4616141732283465
11
0.0548503937007874
21
0.4816141732283464
0
LINE
8
BLACK
6
CONTINUOUS
10
0.0548503937007874
20
0.4816141732283464
11
0.0226181102362205
21
0.4816141732283464
0
LINE
8
BLACK
6
CONTINUOUS
10
0.0226181102362205
20
0.4816141732283464
11
0.020558031496063
21
0.4824674803149606
0
LINE
8
BLACK
6
CONTINUOUS
10
0.020558031496063
20
0.4824674803149606
11
0.0197047244094488
21
0.4845275590551181
0
LINE
8
BLACK
6
CONTINUOUS
10
0.0197047244094488
20
0.4845275590551181
11
0.0197047244094488
21
0.5679330708661418
0
LINE
8
BLACK
6
CONTINUOUS
10
0.0197047244094488
20
0.5679330708661418
11
0.020558031496063
21
0.5699931496062992
0
LINE
8
BLACK
6
CONTINUOUS
10
0.020558031496063
20
0.5699931496062992
11
0.0226181102362205
21
0.5708464566929133
0
LINE
8
BLACK
6
CONTINUOUS
10
0.0226181102362205
20
0.5708464566929133
11
0.0321756299212598
21
0.5708464566929133
0
LINE
8
BLACK
6
CONTINUOUS
10
0.0321756299212598
20
0.5708464566929133
11
0.0342357086614173
21
0.5699931496062992
0
LINE
8
BLACK
6
CONTINUOUS
10
0.0748503937007874
20
0.1683070866141732
11
0.1081574803149606
21
0.1683070866141732
0
LINE
8
BLACK
6
CONTINUOUS
10
0.1081574803149606
20
0.1683070866141732
11
0.1119240551181102
21
0.167557874015748
0
LINE
8
BLACK
6
CONTINUOUS
10
0.1119240551181102
20
0.167557874015748
11
0.1151172047244094
21
0.1654242913385827
0
LINE
8
BLACK
6
CONTINUOUS
10
0.1151172047244094
20
0.1654242913385827
11
0.1172507874015748
21
0.1622311417322835
0
LINE
8
BLACK
6
CONTINUOUS
10
0.1172507874015748
20
0.1622311417322835
11
0.1179686614173228
21
0.1586220472440945
0
LINE
8
BLACK
6
CONTINUOUS
10
0.1179686614173228
20
0.1586220472440945
11
0.138
21
0.1586220472440945
0
LINE
8
BLACK
6
CONTINUOUS
10
0.138
20
0.1586220472440945
11
0.138
21
0.160452874015748
0
LINE
8
BLACK
6
CONTINUOUS
10
0.138
20
0.160452874015748
11
0.1379999606299213
21
0.1604529527559055
0
LINE
8
BLACK
6
CONTINUOUS
10
0.1379999606299213
20
0.1604529527559055
11
0.1375824015748031
21
0.1645403937007874
0
LINE
8
BLACK
6
CONTINUOUS
10
0.1375824015748031
20
0.1645403937007874
11
0.1353880708661417
21
0.1711624015748031
0
LINE
8
BLACK
6
CONTINUOUS
10
0.1353880708661417
20
0.1711624015748031
11
0.1317257480314961
21
0.1770999606299213
0
LINE
8
BLACK
6
CONTINUOUS
10
0.1317257480314961
20
0.1770999606299213
11
0.1317256692913386
21
0.1771000787401575
0
LINE
8
BLACK
6
CONTINUOUS
10
0.1317256692913386
20
0.1771000787401575
11
0.1267929921259842
21
0.1820327559055118
0
LINE
8
BLACK
6
CONTINUOUS
10
0.1267929921259842
20
0.1820327559055118
11
0.1267928346456693
21
0.182032874015748
0
LINE
8
BLACK
6
CONTINUOUS
10
0.1267928346456693
20
0.182032874015748
11
0.1208552755905512
21
0.1856951968503937
0
LINE
8
BLACK
6
CONTINUOUS
10
0.1208552755905512
20
0.1856951968503937
11
0.1142332677165354
21
0.1878895275590551
0
LINE
8
BLACK
6
CONTINUOUS
10
0.1142332677165354
20
0.1878895275590551
11
0.1101458267716535
21
0.1883070866141732
0
LINE
8
BLACK
6
CONTINUOUS
10
0.1101458267716535
20
0.1883070866141732
11
0.0748503937007874
21
0.1883070866141732
0
LINE
8
BLACK
6
CONTINUOUS
10
0.0748503937007874
20
0.1883070866141732
11
0.0748503937007874
21
0.1683070866141732
0
LINE
8
BLACK
6
CONTINUOUS
10
0.0748503937007874
20
0.4616141732283465
11
0.1081574803149606
21
0.4616141732283465
0
LINE
8
BLACK
6
CONTINUOUS
10
0.1081574803149606
20
0.4616141732283465
11
0.1119240551181102
21
0.4608649606299213
0
LINE
8
BLACK
6
CONTINUOUS
10
0.1119240551181102
20
0.4608649606299213
11
0.1151172047244094
21
0.4587313779527559
0
LINE
8
BLACK
6
CONTINUOUS
10
0.1151172047244094
20
0.4587313779527559
11
0.1172507874015748
21
0.4555382283464567
0
LINE
8
BLACK
6
CONTINUOUS
10
0.1172507874015748
20
0.4555382283464567
11
0.1179686614173228
21
0.4519291338582677
0
LINE
8
BLACK
6
CONTINUOUS
10
0.1179686614173228
20
0.4519291338582677
11
0.138
21
0.4519291338582677
0
LINE
8
BLACK
6
CONTINUOUS
10
0.138
20
0.4519291338582677
11
0.138
21
0.4537599606299212
0
LINE
8
BLACK
6
CONTINUOUS
10
0.138
20
0.4537599606299212
11
0.1379999606299213
21
0.4537600393700787
0
LINE
8
BLACK
6
CONTINUOUS
10
0.1379999606299213
20
0.4537600393700787
11
0.1375824015748031
21
0.4578474803149606
0
LINE
8
BLACK
6
CONTINUOUS
10
0.1375824015748031
20
0.4578474803149606
11
0.1353880708661417
21
0.4644694881889764
0
LINE
8
BLACK
6
CONTINUOUS
10
0.1353880708661417
20
0.4644694881889764
11
0.1317257480314961
21
0.4704070472440945
0
LINE
8
BLACK
6
CONTINUOUS
10
0.1317257480314961
20
0.4704070472440945
11
0.1317256692913386
21
0.4704071653543307
0
LINE
8
BLACK
6
CONTINUOUS
10
0.1317256692913386
20
0.4704071653543307
11
0.1267929921259842
21
0.475339842519685
0
LINE
8
BLACK
6
CONTINUOUS
10
0.1267929921259842
20
0.475339842519685
11
0.1267928346456693
21
0.4753399606299212
0
LINE
8
BLACK
6
CONTINUOUS
10
0.1267928346456693
20
0.4753399606299212
11
0.1208552755905512
21
0.4790022834645669
0
LINE
8
BLACK
6
CONTINUOUS
10
0.1208552755905512
20
0.4790022834645669
11
0.1142332677165354
21
0.4811966141732283
0
LINE
8
BLACK
6
CONTINUOUS
10
0.1142332677165354
20
0.4811966141732283
11
0.1101458267716535
21
0.4816141732283464
0
LINE
8
BLACK
6
CONTINUOUS
10
0.1101458267716535
20
0.4816141732283464
11
0.0748503937007874
21
0.4816141732283464
0
LINE
8
BLACK
6
CONTINUOUS
10
0.0748503937007874
20
0.4816141732283464
11
0.0748503937007874
21
0.4616141732283465
0
LINE
8
BLACK
6
CONTINUOUS
10
0.1101457874015748
20
0.1089370078740158
11
0.1101458267716535
21
0.1089370472440945
0
LINE
8
BLACK
6
CONTINUOUS
10
0.1101458267716535
20
0.1089370472440945
11
0.1142332677165354
21
0.1093546062992126
0
LINE
8
BLACK
6
CONTINUOUS
10
0.1142332677165354
20
0.1093546062992126
11
0.1208552755905512
21
0.111548937007874
0
LINE
8
BLACK
6
CONTINUOUS
10
0.1208552755905512
20
0.111548937007874
11
0.1267928346456693
21
0.1152112598425197
0
LINE
8
BLACK
6
CONTINUOUS
10
0.1267928346456693
20
0.1152112598425197
11
0.1267929921259842
21
0.1152113385826772
0
LINE
8
BLACK
6
CONTINUOUS
10
0.1267929921259842
20
0.1152113385826772
11
0.1317256692913386
21
0.1201440157480315
0
LINE
8
BLACK
6
CONTINUOUS
10
0.1317256692913386
20
0.1201440157480315
11
0.1317257480314961
21
0.1201441732283465
0
LINE
8
BLACK
6
CONTINUOUS
10
0.1317257480314961
20
0.1201441732283465
11
0.1353880708661417
21
0.1260817322834646
0
LINE
8
BLACK
6
CONTINUOUS
10
0.1353880708661417
20
0.1260817322834646
11
0.1375824015748031
21
0.1327037401574803
0
LINE
8
BLACK
6
CONTINUOUS
10
0.1375824015748031
20
0.1327037401574803
11
0.1379999606299213
21
0.1367911811023622
0
LINE
8
BLACK
6
CONTINUOUS
10
0.1379999606299213
20
0.1367911811023622
11
0.138
21
0.1367912598425197
0
LINE
8
BLACK
6
CONTINUOUS
10
0.138
20
0.1367912598425197
11
0.138
21
0.1386220472440945
0
LINE
8
BLACK
6
CONTINUOUS
10
0.138
20
0.1386220472440945
11
0.1179686614173228
21
0.1386220472440945
0
LINE
8
BLACK
6
CONTINUOUS
10
0.1179686614173228
20
0.1386220472440945
11
0.1172507874015748
21
0.1350129527559055
0
LINE
8
BLACK
6
CONTINUOUS
10
0.1172507874015748
20
0.1350129527559055
11
0.1151172047244094
21
0.1318198031496063
0
LINE
8
BLACK
6
CONTINUOUS
10
0.1151172047244094
20
0.1318198031496063
11
0.1119240551181102
21
0.1296862204724409
0
LINE
8
BLACK
6
CONTINUOUS
10
0.1119240551181102
20
0.1296862204724409
11
0.1081574803149606
21
0.1289370078740157
0
LINE
8
BLACK
6
CONTINUOUS
10
0.1081574803149606
20
0.1289370078740157
11
0.0748503937007874
21
0.1289370078740157
0
LINE
8
BLACK
6
CONTINUOUS
10
0.0748503937007874
20
0.1289370078740157
11
0.0748503937007874
21
0.1089370078740158
0
LINE
8
BLACK
6
CONTINUOUS
10
0.0748503937007874
20
0.1089370078740158
11
0.1101457874015748
21
0.1089370078740158
0
LINE
8
BLACK
6
CONTINUOUS
10
0.1101457874015748
20
0.402244094488189
11
0.1101458267716535
21
0.4022441338582677
0
LINE
8
BLACK
6
CONTINUOUS
10
0.1101458267716535
20
0.4022441338582677
11
0.1142332677165354
21
0.4026616929133858
0
LINE
8
BLACK
6
CONTINUOUS
10
0.1142332677165354
20
0.4026616929133858
11
0.1208552755905512
21
0.4048560236220473
0
LINE
8
BLACK
6
CONTINUOUS
10
0.1208552755905512
20
0.4048560236220473
11
0.1267928346456693
21
0.4085183464566929
0
LINE
8
BLACK
6
CONTINUOUS
10
0.1267928346456693
20
0.4085183464566929
11
0.1267929921259842
21
0.4085184251968504
0
LINE
8
BLACK
6
CONTINUOUS
10
0.1267929921259842
20
0.4085184251968504
11
0.1317256692913386
21
0.4134511023622047
0
LINE
8
BLACK
6
CONTINUOUS
10
0.1317256692913386
20
0.4134511023622047
11
0.1317257480314961
21
0.4134512598425197
0
LINE
8
BLACK
6
CONTINUOUS
10
0.1317257480314961
20
0.4134512598425197
11
0.1353880708661417
21
0.4193888188976378
0
LINE
8
BLACK
6
CONTINUOUS
10
0.1353880708661417
20
0.4193888188976378
11
0.1375824015748031
21
0.4260108267716535
0
LINE
8
BLACK
6
CONTINUOUS
10
0.1375824015748031
20
0.4260108267716535
11
0.1379999606299213
21
0.4300982677165354
0
LINE
8
BLACK
6
CONTINUOUS
10
0.1379999606299213
20
0.4300982677165354
11
0.138
21
0.4300983464566929
0
LINE
8
BLACK
6
CONTINUOUS
10
0.138
20
0.4300983464566929
11
0.138
21
0.4319291338582677
0
LINE
8
BLACK
6
CONTINUOUS
10
0.138
20
0.4319291338582677
11
0.1179686614173228
21
0.4319291338582677
0
LINE
8
BLACK
6
CONTINUOUS
10
0.1179686614173228
20
0.4319291338582677
11
0.1172507874015748
21
0.4283200393700787
0
LINE
8
BLACK
6
CONTINUOUS
10
0.1172507874015748
20
0.4283200393700787
11
0.1151172047244094
21
0.4251268897637795
0
LINE
8
BLACK
6
CONTINUOUS
10
0.1151172047244094
20
0.4251268897637795
11
0.1119240551181102
21
0.4229933070866141
0
LINE
8
BLACK
6
CONTINUOUS
10
0.1119240551181102
20
0.4229933070866141
11
0.1081574803149606
21
0.4222440944881889
0
LINE
8
BLACK
6
CONTINUOUS
10
0.1081574803149606
20
0.4222440944881889
11
0.0748503937007874
21
0.4222440944881889
0
LINE
8
BLACK
6
CONTINUOUS
10
0.0748503937007874
20
0.4222440944881889
11
0.0748503937007874
21
0.402244094488189
0
LINE
8
BLACK
6
CONTINUOUS
10
0.0748503937007874
20
0.402244094488189
11
0.1101457874015748
21
0.402244094488189
0
LINE
8
BLACK
6
CONTINUOUS
10
0.2740122440944882
20
0.1538977165354331
11
0.2784022834645669
21
0.1516608661417323
0
LINE
8
BLACK
6
CONTINUOUS
10
0.2784022834645669
20
0.1516608661417323
11
0.2818862598425197
21
0.1481768897637795
0
LINE
8
BLACK
6
CONTINUOUS
10
0.2818862598425197
20
0.1481768897637795
11
0.2841231102362204
21
0.1437868503937008
0
LINE
8
BLACK
6
CONTINUOUS
10
0.2841231102362204
20
0.1437868503937008
11
0.2848938582677165
21
0.1389204330708661
0
LINE
8
BLACK
6
CONTINUOUS
10
0.2848938582677165
20
0.1389204330708661
11
0.2841231102362204
21
0.1340540157480315
0
LINE
8
BLACK
6
CONTINUOUS
10
0.2841231102362204
20
0.1340540157480315
11
0.2818862598425197
21
0.1296639763779528
0
LINE
8
BLACK
6
CONTINUOUS
10
0.2818862598425197
20
0.1296639763779528
11
0.2784022834645669
21
0.12618
0
LINE
8
BLACK
6
CONTINUOUS
10
0.2784022834645669
20
0.12618
11
0.2740122440944882
21
0.1239431496062992
0
LINE
8
BLACK
6
CONTINUOUS
10
0.2740122440944882
20
0.1239431496062992
11
0.2696850393700788
21
0.1232578346456693
0
LINE
8
BLACK
6
CONTINUOUS
10
0.2696850393700788
20
0.1232578346456693
11
0.2696850393700788
21
0.1082677165354331
0
LINE
8
BLACK
6
CONTINUOUS
10
0.2696850393700788
20
0.1082677165354331
11
0.2818241338582677
21
0.1082677165354331
0
LINE
8
BLACK
6
CONTINUOUS
10
0.2818241338582677
20
0.1082677165354331
11
0.2843351968503937
21
0.1077682283464567
0
LINE
8
BLACK
6
CONTINUOUS
10
0.2843351968503937
20
0.1077682283464567
11
0.286463937007874
21
0.1063458267716535
0
LINE
8
BLACK
6
CONTINUOUS
10
0.286463937007874
20
0.1063458267716535
11
0.2878863385826771
21
0.1042170866141732
0
LINE
8
BLACK
6
CONTINUOUS
10
0.2878863385826771
20
0.1042170866141732
11
0.2883857874015748
21
0.1017059842519685
0
LINE
8
BLACK
6
CONTINUOUS
10
0.2883857874015748
20
0.1017059842519685
11
0.2883858267716535
21
0.0557742913385827
0
LINE
8
BLACK
6
CONTINUOUS
10
0.2883858267716535
20
0.0557742913385827
11
0.2878863385826771
21
0.0532632283464567
0
LINE
8
BLACK
6
CONTINUOUS
10
0.2878863385826771
20
0.0532632283464567
11
0.286463937007874
21
0.0511344881889764
0
LINE
8
BLACK
6
CONTINUOUS
10
0.286463937007874
20
0.0511344881889764
11
0.2843351968503937
21
0.0497120866141732
0
LINE
8
BLACK
6
CONTINUOUS
10
0.2843351968503937
20
0.0497120866141732
11
0.281824094488189
21
0.0492126377952756
0
LINE
8
BLACK
6
CONTINUOUS
10
0.281824094488189
20
0.0492126377952756
11
0.2457349212598425
21
0.0492125984251968
0
LINE
8
BLACK
6
CONTINUOUS
10
0.2457349212598425
20
0.0492125984251968
11
0.2432238582677165
21
0.0497120866141732
0
LINE
8
BLACK
6
CONTINUOUS
10
0.2432238582677165
20
0.0497120866141732
11
0.2410951181102362
21
0.0511344881889764
0
LINE
8
BLACK
6
CONTINUOUS
10
0.2410951181102362
20
0.0511344881889764
11
0.2396727165354331
21
0.0532632283464567
0
LINE
8
BLACK
6
CONTINUOUS
10
0.2396727165354331
20
0.0532632283464567
11
0.2391732677165354
21
0.0557743307086614
0
LINE
8
BLACK
6
CONTINUOUS
10
0.2391732677165354
20
0.0557743307086614
11
0.2391732283464567
21
0.1017060236220472
0
LINE
8
BLACK
6
CONTINUOUS
10
0.2391732283464567
20
0.1017060236220472
11
0.2396727165354331
21
0.1042170866141732
0
LINE
8
BLACK
6
CONTINUOUS
10
0.2396727165354331
20
0.1042170866141732
11
0.2410951181102362
21
0.1063458267716535
0
LINE
8
BLACK
6
CONTINUOUS
10
0.2410951181102362
20
0.1063458267716535
11
0.2432238582677165
21
0.1077682283464567
0
LINE
8
BLACK
6
CONTINUOUS
10
0.2432238582677165
20
0.1077682283464567
11
0.2457349606299213
21
0.1082676771653543
0
LINE
8
BLACK
6
CONTINUOUS
10
0.2457349606299213
20
0.1082676771653543
11
0.2578740157480315
21
0.1082677165354331
0
LINE
8
BLACK
6
CONTINUOUS
10
0.2578740157480315
20
0.1082677165354331
11
0.2578740157480315
21
0.1281953543307087
0
LINE
8
BLACK
6
CONTINUOUS
10
0.2578740157480315
20
0.1281953543307087
11
0.2564053937007874
21
0.1296639763779528
0
LINE
8
BLACK
6
CONTINUOUS
10
0.2564053937007874
20
0.1296639763779528
11
0.2541685433070866
21
0.1340540157480315
0
LINE
8
BLACK
6
CONTINUOUS
10
0.2541685433070866
20
0.1340540157480315
11
0.2533977952755905
21
0.1389204330708661
0
LINE
8
BLACK
6
CONTINUOUS
10
0.2533977952755905
20
0.1389204330708661
11
0.2541685433070866
21
0.1437868503937008
0
LINE
8
BLACK
6
CONTINUOUS
10
0.2541685433070866
20
0.1437868503937008
11
0.2564053937007874
21
0.1481768897637795
0
LINE
8
BLACK
6
CONTINUOUS
10
0.2564053937007874
20
0.1481768897637795
11
0.2598893700787401
21
0.1516608661417323
0
LINE
8
BLACK
6
CONTINUOUS
10
0.2598893700787401
20
0.1516608661417323
11
0.2642794094488189
21
0.1538977165354331
0
LINE
8
BLACK
6
CONTINUOUS
10
0.2642794094488189
20
0.1538977165354331
11
0.2691458267716536
21
0.1546684645669291
0
LINE
8
BLACK
6
CONTINUOUS
10
0.2691458267716536
20
0.1546684645669291
11
0.2740122440944882
21
0.1538977165354331
0
LINE
8
BLACK
6
CONTINUOUS
10
0.4260674803149606
20
0.1077682283464567
11
0.4281962204724409
21
0.1063458267716535
0
LINE
8
BLACK
6
CONTINUOUS
10
0.4281962204724409
20
0.1063458267716535
11
0.4296186220472441
21
0.1042170866141732
0
LINE
8
BLACK
6
CONTINUOUS
10
0.4296186220472441
20
0.1042170866141732
11
0.4301180708661417
21
0.1017059842519685
0
LINE
8
BLACK
6
CONTINUOUS
10
0.4301180708661417
20
0.1017059842519685
11
0.4301180708661417
21
0.0879055118110236
0
LINE
8
BLACK
6
CONTINUOUS
10
0.4301180708661417
20
0.0879055118110236
11
0.4345521653543307
21
0.0879055118110236
0
LINE
8
BLACK
6
CONTINUOUS
10
0.4345521653543307
20
0.0879055118110236
11
0.4362595669291339
21
0.0912564566929134
0
LINE
8
BLACK
6
CONTINUOUS
10
0.4362595669291339
20
0.0912564566929134
11
0.4397435433070866
21
0.0947404330708661
0
LINE
8
BLACK
6
CONTINUOUS
10
0.4397435433070866
20
0.0947404330708661
11
0.4441335826771654
21
0.0969772834645669
0
LINE
8
BLACK
6
CONTINUOUS
10
0.4441335826771654
20
0.0969772834645669
11
0.449
21
0.097748031496063
0
LINE
8
BLACK
6
CONTINUOUS
10
0.449
20
0.097748031496063
11
0.4538664173228346
21
0.0969772834645669
0
LINE
8
BLACK
6
CONTINUOUS
10
0.4538664173228346
20
0.0969772834645669
11
0.4582564566929134
21
0.0947404330708661
0
LINE
8
BLACK
6
CONTINUOUS
10
0.4582564566929134
20
0.0947404330708661
11
0.4617404330708662
21
0.0912564566929134
0
LINE
8
BLACK
6
CONTINUOUS
10
0.4617404330708662
20
0.0912564566929134
11
0.4639772834645669
21
0.0868664173228346
0
LINE
8
BLACK
6
CONTINUOUS
10
0.4639772834645669
20
0.0868664173228346
11
0.464748031496063
21
0.082
0
LINE
8
BLACK
6
CONTINUOUS
10
0.464748031496063
20
0.082
11
0.4639772834645669
21
0.0771335826771654
0
LINE
8
BLACK
6
CONTINUOUS
10
0.4639772834645669
20
0.0771335826771654
11
0.4617404330708662
21
0.0727435433070866
0
LINE
8
BLACK
6
CONTINUOUS
10
0.4617404330708662
20
0.0727435433070866
11
0.4582564566929134
21
0.0692595669291339
0
LINE
8
BLACK
6
CONTINUOUS
10
0.4582564566929134
20
0.0692595669291339
11
0.4538664173228346
21
0.0670227165354331
0
LINE
8
BLACK
6
CONTINUOUS
10
0.4538664173228346
20
0.0670227165354331
11
0.449
21
0.066251968503937
0
LINE
8
BLACK
6
CONTINUOUS
10
0.449
20
0.066251968503937
11
0.4441335826771654
21
0.0670227165354331
0
LINE
8
BLACK
6
CONTINUOUS
10
0.4441335826771654
20
0.0670227165354331
11
0.4397435433070866
21
0.0692595669291339
0
LINE
8
BLACK
6
CONTINUOUS
10
0.4397435433070866
20
0.0692595669291339
11
0.4362595669291339
21
0.0727435433070866
0
LINE
8
BLACK
6
CONTINUOUS
10
0.4362595669291339
20
0.0727435433070866
11
0.4345521653543307
21
0.0760944881889764
0
LINE
8
BLACK
6
CONTINUOUS
10
0.4345521653543307
20
0.0760944881889764
11
0.4301181102362205
21
0.0760944881889764
0
LINE
8
BLACK
6
CONTINUOUS
10
0.4301181102362205
20
0.0760944881889764
11
0.4301181102362205
21
0.0557742913385827
0
LINE
8
BLACK
6
CONTINUOUS
10
0.4301181102362205
20
0.0557742913385827
11
0.4296186220472441
21
0.0532632283464567
0
LINE
8
BLACK
6
CONTINUOUS
10
0.4296186220472441
20
0.0532632283464567
11
0.4281962204724409
21
0.0511344881889764
0
LINE
8
BLACK
6
CONTINUOUS
10
0.4281962204724409
20
0.0511344881889764
11
0.4260674803149606
21
0.0497120866141732
0
LINE
8
BLACK
6
CONTINUOUS
10
0.4260674803149606
20
0.0497120866141732
11
0.4235563779527559
21
0.0492126377952756
0
LINE
8
BLACK
6
CONTINUOUS
10
0.4235563779527559
20
0.0492126377952756
11
0.3874672047244094
21
0.0492125984251968
0
LINE
8
BLACK
6
CONTINUOUS
10
0.3874672047244094
20
0.0492125984251968
11
0.3849561417322834
21
0.0497120866141732
0
LINE
8
BLACK
6
CONTINUOUS
10
0.3849561417322834
20
0.0497120866141732
11
0.3828274015748032
21
0.0511344881889764
0
LINE
8
BLACK
6
CONTINUOUS
10
0.3828274015748032
20
0.0511344881889764
11
0.381405
21
0.0532632283464567
0
LINE
8
BLACK
6
CONTINUOUS
10
0.381405
20
0.0532632283464567
11
0.3809055511811024
21
0.0557743307086614
0
LINE
8
BLACK
6
CONTINUOUS
10
0.3809055511811024
20
0.0557743307086614
11
0.3809055118110236
21
0.1017060236220472
0
LINE
8
BLACK
6
CONTINUOUS
10
0.3809055118110236
20
0.1017060236220472
11
0.381405
21
0.1042170866141732
0
LINE
8
BLACK
6
CONTINUOUS
10
0.381405
20
0.1042170866141732
11
0.3828274015748032
21
0.1063458267716535
0
LINE
8
BLACK
6
CONTINUOUS
10
0.3828274015748032
20
0.1063458267716535
11
0.3849561417322834
21
0.1077682283464567
0
LINE
8
BLACK
6
CONTINUOUS
10
0.3849561417322834
20
0.1077682283464567
11
0.3874672440944882
21
0.1082676771653543
0
LINE
8
BLACK
6
CONTINUOUS
10
0.3874672440944882
20
0.1082676771653543
11
0.4235564173228346
21
0.1082677165354331
0
LINE
8
BLACK
6
CONTINUOUS
10
0.4235564173228346
20
0.1082677165354331
11
0.4260674803149606
21
0.1077682283464567
0
LINE
8
BLACK
6
CONTINUOUS
10
1.0124000787401575
20
0.4745019291338582
11
1.015194094488189
21
0.4726350393700787
0
LINE
8
BLACK
6
CONTINUOUS
10
1.015194094488189
20
0.4726350393700787
11
1.0170609842519684
21
0.4698410236220472
0
LINE
8
BLACK
6
CONTINUOUS
10
1.0170609842519684
20
0.4698410236220472
11
1.0177165354330708
21
0.4665452755905511
0
LINE
8
BLACK
6
CONTINUOUS
10
1.0177165354330708
20
0.4665452755905511
11
1.0177165354330708
21
0.4463681102362205
0
LINE
8
BLACK
6
CONTINUOUS
10
1.0177165354330708
20
0.4463681102362205
11
1.0170609842519684
21
0.4430723622047244
0
LINE
8
BLACK
6
CONTINUOUS
10
1.0170609842519684
20
0.4430723622047244
11
1.015194094488189
21
0.4402783464566929
0
LINE
8
BLACK
6
CONTINUOUS
10
1.015194094488189
20
0.4402783464566929
11
1.0124000787401575
21
0.4384114566929134
0
LINE
8
BLACK
6
CONTINUOUS
10
1.0124000787401575
20
0.4384114566929134
11
1.0091043307086613
21
0.437755905511811
0
LINE
8
BLACK
6
CONTINUOUS
10
1.0091043307086613
20
0.437755905511811
11
1.0083661417322833
21
0.437755905511811
0
LINE
8
BLACK
6
CONTINUOUS
10
1.0083661417322833
20
0.437755905511811
11
1.0083661417322833
21
0.3785723228346456
0
LINE
8
BLACK
6
CONTINUOUS
10
1.0083661417322833
20
0.3785723228346456
11
1.0085155118110236
21
0.3783903149606299
0
LINE
8
BLACK
6
CONTINUOUS
10
1.0085155118110236
20
0.3783903149606299
11
1.0096912204724409
21
0.3755518897637795
0
LINE
8
BLACK
6
CONTINUOUS
10
1.0096912204724409
20
0.3755518897637795
11
1.0096912204724409
21
0.3724796062992126
0
LINE
8
BLACK
6
CONTINUOUS
10
1.0096912204724409
20
0.3724796062992126
11
1.0085155118110236
21
0.3696411811023622
0
LINE
8
BLACK
6
CONTINUOUS
10
1.0085155118110236
20
0.3696411811023622
11
1.0078740157480315
21
0.3689996850393701
0
LINE
8
BLACK
6
CONTINUOUS
10
1.0078740157480315
20
0.3689996850393701
11
1.0078740157480315
21
0.3415354330708661
0
LINE
8
BLACK
6
CONTINUOUS
10
1.0078740157480315
20
0.3415354330708661
11
1.0077605511811023
21
0.3403833070866142
0
LINE
8
BLACK
6
CONTINUOUS
10
1.0077605511811023
20
0.3403833070866142
11
1.0068897637795275
21
0.3382811023622047
0
LINE
8
BLACK
6
CONTINUOUS
10
1.0068897637795275
20
0.3382811023622047
11
1.0068897637795275
21
0.3307086614173228
0
LINE
8
BLACK
6
CONTINUOUS
10
1.0068897637795275
20
0.3307086614173228
11
0.9970472440944882
21
0.3307086614173228
0
LINE
8
BLACK
6
CONTINUOUS
10
0.9970472440944882
20
0.3307086614173228
11
0.9970472440944882
21
0.3382811023622047
0
LINE
8
BLACK
6
CONTINUOUS
10
0.9970472440944882
20
0.3382811023622047
11
0.9961764566929133
21
0.3403833070866142
0
LINE
8
BLACK
6
CONTINUOUS
10
0.9961764566929133
20
0.3403833070866142
11
0.9960629921259843
21
0.3415354330708661
0
LINE
8
BLACK
6
CONTINUOUS
10
0.9960629921259843
20
0.3415354330708661
11
0.9960629921259843
21
0.3687857480314961
0
LINE
8
BLACK
6
CONTINUOUS
10
0.9960629921259843
20
0.3687857480314961
11
0.9949243700787401
21
0.3699243700787401
0
LINE
8
BLACK
6
CONTINUOUS
10
0.9949243700787401
20
0.3699243700787401
11
0.9939451181102362
21
0.3711175590551181
0
LINE
8
BLACK
6
CONTINUOUS
10
0.9939451181102362
20
0.3711175590551181
11
0.9927694094488189
21
0.3739559842519685
0
LINE
8
BLACK
6
CONTINUOUS
10
0.9927694094488189
20
0.3739559842519685
11
0.9926181102362205
21
0.375492125984252
0
LINE
8
BLACK
6
CONTINUOUS
10
0.9926181102362205
20
0.375492125984252
11
0.9926181102362205
21
0.437755905511811
0
LINE
8
BLACK
6
CONTINUOUS
10
0.9926181102362205
20
0.437755905511811
11
0.9918799212598425
21
0.437755905511811
0
LINE
8
BLACK
6
CONTINUOUS
10
0.9918799212598425
20
0.437755905511811
11
0.9885841732283465
21
0.4384114566929134
0
LINE
8
BLACK
6
CONTINUOUS
10
0.9885841732283465
20
0.4384114566929134
11
0.985790157480315
21
0.4402783464566929
0
LINE
8
BLACK
6
CONTINUOUS
10
0.985790157480315
20
0.4402783464566929
11
0.9839232677165354
21
0.4430723622047244
0
LINE
8
BLACK
6
CONTINUOUS
10
0.9839232677165354
20
0.4430723622047244
11
0.9832677165354331
21
0.4463681102362205
0
LINE
8
BLACK
6
CONTINUOUS
10
0.9832677165354331
20
0.4463681102362205
11
0.9832677165354331
21
0.4485826771653543
0
LINE
8
BLACK
6
CONTINUOUS
10
0.9832677165354331
20
0.4485826771653543
11
0.9450679921259842
21
0.4485826771653543
0
LINE
8
BLACK
6
CONTINUOUS
10
0.9450679921259842
20
0.4485826771653543
11
0.8749175196850394
21
0.3784322440944882
0
LINE
8
BLACK
6
CONTINUOUS
10
0.8749175196850394
20
0.3784322440944882
11
0.8737243307086614
21
0.3774529921259843
0
LINE
8
BLACK
6
CONTINUOUS
10
0.8737243307086614
20
0.3774529921259843
11
0.870885905511811
21
0.3762772834645669
0
LINE
8
BLACK
6
CONTINUOUS
10
0.870885905511811
20
0.3762772834645669
11
0.8693497637795276
21
0.3761259842519685
0
LINE
8
BLACK
6
CONTINUOUS
10
0.8693497637795276
20
0.3761259842519685
11
0.752003937007874
21
0.3761259842519685
0
LINE
8
BLACK
6
CONTINUOUS
10
0.752003937007874
20
0.3761259842519685
11
0.7504677952755905
21
0.3762772834645669
0
LINE
8
BLACK
6
CONTINUOUS
10
0.7504677952755905
20
0.3762772834645669
11
0.7476293700787401
21
0.3774529921259843
0
LINE
8
BLACK
6
CONTINUOUS
10
0.7476293700787401
20
0.3774529921259843
11
0.7464361811023622
21
0.3784322047244094
0
LINE
8
BLACK
6
CONTINUOUS
10
0.7464361811023622
20
0.3784322047244094
11
0.7060888976377953
21
0.4187795275590551
0
LINE
8
BLACK
6
CONTINUOUS
10
0.7060888976377953
20
0.4187795275590551
11
0.6899114173228347
21
0.4187795275590551
0
LINE
8
BLACK
6
CONTINUOUS
10
0.6899114173228347
20
0.4187795275590551
11
0.6866156692913385
21
0.4194350787401575
0
LINE
8
BLACK
6
CONTINUOUS
10
0.6866156692913385
20
0.4194350787401575
11
0.683821653543307
21
0.421301968503937
0
LINE
8
BLACK
6
CONTINUOUS
10
0.683821653543307
20
0.421301968503937
11
0.6819547637795276
21
0.4240959842519685
0
LINE
8
BLACK
6
CONTINUOUS
10
0.6819547637795276
20
0.4240959842519685
11
0.6813520866141732
21
0.4271259842519685
0
LINE
8
BLACK
6
CONTINUOUS
10
0.6813520866141732
20
0.4271259842519685
11
0.6287007874015748
21
0.4271259842519685
0
LINE
8
BLACK
6
CONTINUOUS
10
0.6287007874015748
20
0.4271259842519685
11
0.6287007874015748
21
0.4263877952755906
0
LINE
8
BLACK
6
CONTINUOUS
10
0.6287007874015748
20
0.4263877952755906
11
0.6280452362204725
21
0.4230920472440945
0
LINE
8
BLACK
6
CONTINUOUS
10
0.6280452362204725
20
0.4230920472440945
11
0.6261783464566929
21
0.420298031496063
0
LINE
8
BLACK
6
CONTINUOUS
10
0.6261783464566929
20
0.420298031496063
11
0.6233843307086614
21
0.4184311417322835
0
LINE
8
BLACK
6
CONTINUOUS
10
0.6233843307086614
20
0.4184311417322835
11
0.6200885826771654
21
0.4177755905511811
0
LINE
8
BLACK
6
CONTINUOUS
10
0.6200885826771654
20
0.4177755905511811
11
0.6039111417322834
21
0.4177755905511811
0
LINE
8
BLACK
6
CONTINUOUS
10
0.6039111417322834
20
0.4177755905511811
11
0.5667716535433071
21
0.3806361417322834
0
LINE
8
BLACK
6
CONTINUOUS
10
0.5667716535433071
20
0.3806361417322834
11
0.5667716535433071
21
0.3562992125984252
0
LINE
8
BLACK
6
CONTINUOUS
10
0.5667716535433071
20
0.3562992125984252
11
0.5667716535433071
21
0.2893638976377952
0
LINE
8
BLACK
6
CONTINUOUS
10
0.5667716535433071
20
0.2893638976377952
11
0.5902134645669291
21
0.2659220866141732
0
LINE
8
BLACK
6
CONTINUOUS
10
0.5902134645669291
20
0.2659220866141732
11
0.5911926771653543
21
0.2647288976377953
0
LINE
8
BLACK
6
CONTINUOUS
10
0.5911926771653543
20
0.2647288976377953
11
0.5923683858267716
21
0.2618904724409449
0
LINE
8
BLACK
6
CONTINUOUS
10
0.5923683858267716
20
0.2618904724409449
11
0.59251968503937
21
0.2603543307086614
0
LINE
8
BLACK
6
CONTINUOUS
10
0.59251968503937
20
0.2603543307086614
11
0.59251968503937
21
0.1536158661417323
0
LINE
8
BLACK
6
CONTINUOUS
10
0.59251968503937
20
0.1536158661417323
11
0.6055677559055118
21
0.1405677952755905
0
LINE
8
BLACK
6
CONTINUOUS
10
0.6055677559055118
20
0.1405677952755905
11
0.6065470078740157
21
0.1393745669291339
0
LINE
8
BLACK
6
CONTINUOUS
10
0.6065470078740157
20
0.1393745669291339
11
0.6077227165354331
21
0.1365361417322835
0
LINE
8
BLACK
6
CONTINUOUS
10
0.6077227165354331
20
0.1365361417322835
11
0.6078740157480315
21
0.135
0
LINE
8
BLACK
6
CONTINUOUS
10
0.6078740157480315
20
0.135
11
0.6078740157480315
21
0.1032615354330709
0
LINE
8
BLACK
6
CONTINUOUS
10
0.6078740157480315
20
0.1032615354330709
11
0.6232615354330708
21
0.0878740157480315
0
LINE
8
BLACK
6
CONTINUOUS
10
0.6232615354330708
20
0.0878740157480315
11
0.6391338582677165
21
0.0878740157480315
0
LINE
8
BLACK
6
CONTINUOUS
10
0.6391338582677165
20
0.0878740157480315
11
0.6391338582677165
21
0.0898425196850394
0
LINE
8
BLACK
6
CONTINUOUS
10
0.6391338582677165
20
0.0898425196850394
11
0.6399312598425196
21
0.0953884251968504
0
LINE
8
BLACK
6
CONTINUOUS
10
0.6399312598425196
20
0.0953884251968504
11
0.6422587795275591
21
0.1004850393700787
0
LINE
8
BLACK
6
CONTINUOUS
10
0.6422587795275591
20
0.1004850393700787
11
0.6459279527559055
21
0.1047194881889764
0
LINE
8
BLACK
6
CONTINUOUS
10
0.6459279527559055
20
0.1047194881889764
11
0.6506414173228346
21
0.1077486614173228
0
LINE
8
BLACK
6
CONTINUOUS
10
0.6506414173228346
20
0.1077486614173228
11
0.6560174409448819
21
0.1093272047244094
0
LINE
8
BLACK
6
CONTINUOUS
10
0.6560174409448819
20
0.1093272047244094
11
0.6588188976377952
21
0.1093272047244094
0
LINE
8
BLACK
6
CONTINUOUS
10
0.6588188976377952
20
0.1093272047244094
11
0.6588188976377952
21
0.1095275590551181
0
LINE
8
BLACK
6
CONTINUOUS
10
0.6588188976377952
20
0.1095275590551181
11
0.6804724409448819
21
0.1095275590551181
0
LINE
8
BLACK
6
CONTINUOUS
10
0.6804724409448819
20
0.1095275590551181
11
0.6804724409448819
21
0.0504724409448819
0
LINE
8
BLACK
6
CONTINUOUS
10
0.6804724409448819
20
0.0504724409448819
11
0.6588188976377952
21
0.0504724409448819
0
LINE
8
BLACK
6
CONTINUOUS
10
0.6588188976377952
20
0.0504724409448819
11
0.6588188976377952
21
0.0506727952755906
0
LINE
8
BLACK
6
CONTINUOUS
10
0.6588188976377952
20
0.0506727952755906
11
0.6560174409448819
21
0.0506727952755906
0
LINE
8
BLACK
6
CONTINUOUS
10
0.6560174409448819
20
0.0506727952755906
11
0.6506414173228346
21
0.0522513385826772
0
LINE
8
BLACK
6
CONTINUOUS
10
0.6506414173228346
20
0.0522513385826772
11
0.6459279527559055
21
0.0552805118110236
0
LINE
8
BLACK
6
CONTINUOUS
10
0.6459279527559055
20
0.0552805118110236
11
0.6422587795275591
21
0.0595149606299213
0
LINE
8
BLACK
6
CONTINUOUS
10
0.6422587795275591
20
0.0595149606299213
11
0.6399312598425196
21
0.0646115748031496
0
LINE
8
BLACK
6
CONTINUOUS
10
0.6399312598425196
20
0.0646115748031496
11
0.6391338582677165
21
0.0701574803149606
0
LINE
8
BLACK
6
CONTINUOUS
10
0.6391338582677165
20
0.0701574803149606
11
0.6391338582677165
21
0.0721259842519685
0
LINE
8
BLACK
6
CONTINUOUS
10
0.6391338582677165
20
0.0721259842519685
11
0.62
21
0.0721259842519685
0
LINE
8
BLACK
6
CONTINUOUS
10
0.62
20
0.0721259842519685
11
0.6184638582677165
21
0.0722772834645669
0
LINE
8
BLACK
6
CONTINUOUS
10
0.6184638582677165
20
0.0722772834645669
11
0.6156254330708661
21
0.0734529921259842
0
LINE
8
BLACK
6
CONTINUOUS
10
0.6156254330708661
20
0.0734529921259842
11
0.6156251968503937
21
0.0734532283464567
0
LINE
8
BLACK
6
CONTINUOUS
10
0.6156251968503937
20
0.0734532283464567
11
0.6144322047244094
21
0.0744322440944882
0
LINE
8
BLACK
6
CONTINUOUS
10
0.6144322047244094
20
0.0744322440944882
11
0.5944322440944881
21
0.0944322440944882
0
LINE
8
BLACK
6
CONTINUOUS
10
0.5944322440944881
20
0.0944322440944882
11
0.5934529921259842
21
0.0956254330708661
0
LINE
8
BLACK
6
CONTINUOUS
10
0.5934529921259842
20
0.0956254330708661
11
0.5922772834645669
21
0.0984638582677165
0
LINE
8
BLACK
6
CONTINUOUS
10
0.5922772834645669
20
0.0984638582677165
11
0.5921259842519685
21
0.1
0
LINE
8
BLACK
6
CONTINUOUS
10
0.5921259842519685
20
0.1
11
0.5921259842519685
21
0.1317385039370079
0
LINE
8
BLACK
6
CONTINUOUS
10
0.5921259842519685
20
0.1317385039370079
11
0.5790779133858267
21
0.1447865748031496
0
LINE
8
BLACK
6
CONTINUOUS
10
0.5790779133858267
20
0.1447865748031496
11
0.5780986614173228
21
0.1459797637795276
0
LINE
8
BLACK
6
CONTINUOUS
10
0.5780986614173228
20
0.1459797637795276
11
0.5769229527559055
21
0.1488181889763779
0
LINE
8
BLACK
6
CONTINUOUS
10
0.5769229527559055
20
0.1488181889763779
11
0.5767716535433071
21
0.1503543307086614
0
LINE
8
BLACK
6
CONTINUOUS
10
0.5767716535433071
20
0.1503543307086614
11
0.5767716535433071
21
0.2570928346456693
0
LINE
8
BLACK
6
CONTINUOUS
10
0.5767716535433071
20
0.2570928346456693
11
0.5533298818897637
21
0.2805346062992126
0
LINE
8
BLACK
6
CONTINUOUS
10
0.5533298818897637
20
0.2805346062992126
11
0.5523506299212598
21
0.2817277952755906
0
LINE
8
BLACK
6
CONTINUOUS
10
0.5523506299212598
20
0.2817277952755906
11
0.5511749212598425
21
0.284566220472441
0
LINE
8
BLACK
6
CONTINUOUS
10
0.5511749212598425
20
0.284566220472441
11
0.5510236220472441
21
0.2861023622047244
0
LINE
8
BLACK
6
CONTINUOUS
10
0.5510236220472441
20
0.2861023622047244
11
0.5510236220472441
21
0.3449803149606299
0
LINE
8
BLACK
6
CONTINUOUS
10
0.5510236220472441
20
0.3449803149606299
11
0.5264173228346457
21
0.3449803149606299
0
LINE
8
BLACK
6
CONTINUOUS
10
0.5264173228346457
20
0.3449803149606299
11
0.5264173228346457
21
0.344242125984252
0
LINE
8
BLACK
6
CONTINUOUS
10
0.5264173228346457
20
0.344242125984252
11
0.5257617716535433
21
0.3409463779527559
0
LINE
8
BLACK
6
CONTINUOUS
10
0.5257617716535433
20
0.3409463779527559
11
0.5238948818897637
21
0.3381523622047244
0
LINE
8
BLACK
6
CONTINUOUS
10
0.5238948818897637
20
0.3381523622047244
11
0.5211008661417322
21
0.3362854724409449
0
LINE
8
BLACK
6
CONTINUOUS
10
0.5211008661417322
20
0.3362854724409449
11
0.5178051181102362
21
0.3356299212598425
0
LINE
8
BLACK
6
CONTINUOUS
10
0.5178051181102362
20
0.3356299212598425
11
0.5155905511811023
21
0.3356299212598425
0
LINE
8
BLACK
6
CONTINUOUS
10
0.5155905511811023
20
0.3356299212598425
11
0.5155905511811023
21
0.327755905511811
0
LINE
8
BLACK
6
CONTINUOUS
10
0.5155905511811023
20
0.327755905511811
11
0.5154392519685039
21
0.3262197637795275
0
LINE
8
BLACK
6
CONTINUOUS
10
0.5154392519685039
20
0.3262197637795275
11
0.5142635433070866
21
0.3233813385826771
0
LINE
8
BLACK
6
CONTINUOUS
10
0.5142635433070866
20
0.3233813385826771
11
0.5132842913385827
21
0.3221881496062992
0
LINE
8
BLACK
6
CONTINUOUS
10
0.5132842913385827
20
0.3221881496062992
11
0.4688354724409449
21
0.2777393307086614
0
LINE
8
BLACK
6
CONTINUOUS
10
0.4688354724409449
20
0.2777393307086614
11
0.4676422834645669
21
0.2767600787401575
0
LINE
8
BLACK
6
CONTINUOUS
10
0.4676422834645669
20
0.2767600787401575
11
0.4648038582677165
21
0.2755843700787401
0
LINE
8
BLACK
6
CONTINUOUS
10
0.4648038582677165
20
0.2755843700787401
11
0.4632677165354331
21
0.2754330708661417
0
LINE
8
BLACK
6
CONTINUOUS
10
0.4632677165354331
20
0.2754330708661417
11
0.4051968503937008
21
0.2754330708661417
0
LINE
8
BLACK
6
CONTINUOUS
10
0.4051968503937008
20
0.2754330708661417
11
0.4051968503937008
21
0.2624409448818897
0
LINE
8
BLACK
6
CONTINUOUS
10
0.4051968503937008
20
0.2624409448818897
11
0.3796062992125984
21
0.2624409448818897
0
LINE
8
BLACK
6
CONTINUOUS
10
0.3796062992125984
20
0.2624409448818897
11
0.3796062992125984
21
0.3041732283464567
0
LINE
8
BLACK
6
CONTINUOUS
10
0.3796062992125984
20
0.3041732283464567
11
0.4051968503937008
21
0.3041732283464567
0
LINE
8
BLACK
6
CONTINUOUS
10
0.4051968503937008
20
0.3041732283464567
11
0.4051968503937008
21
0.2911811023622047
0
LINE
8
BLACK
6
CONTINUOUS
10
0.4051968503937008
20
0.2911811023622047
11
0.4600062204724409
21
0.2911811023622047
0
LINE
8
BLACK
6
CONTINUOUS
10
0.4600062204724409
20
0.2911811023622047
11
0.4998425196850393
21
0.3310174015748031
0
LINE
8
BLACK
6
CONTINUOUS
10
0.4998425196850393
20
0.3310174015748031
11
0.4998425196850393
21
0.3356299212598425
0
LINE
8
BLACK
6
CONTINUOUS
10
0.4998425196850393
20
0.3356299212598425
11
0.4976279527559055
21
0.3356299212598425
0
LINE
8
BLACK
6
CONTINUOUS
10
0.4976279527559055
20
0.3356299212598425
11
0.4943322047244094
21
0.3362854724409449
0
LINE
8
BLACK
6
CONTINUOUS
10
0.4943322047244094
20
0.3362854724409449
11
0.491538188976378
21
0.3381523622047244
0
LINE
8
BLACK
6
CONTINUOUS
10
0.491538188976378
20
0.3381523622047244
11
0.4896712992125984
21
0.3409463779527559
0
LINE
8
BLACK
6
CONTINUOUS
10
0.4896712992125984
20
0.3409463779527559
11
0.4890157480314961
21
0.344242125984252
0
LINE
8
BLACK
6
CONTINUOUS
10
0.4890157480314961
20
0.344242125984252
11
0.4890157480314961
21
0.3614665354330708
0
LINE
8
BLACK
6
CONTINUOUS
10
0.4890157480314961
20
0.3614665354330708
11
0.4896712992125984
21
0.3647622834645669
0
LINE
8
BLACK
6
CONTINUOUS
10
0.4896712992125984
20
0.3647622834645669
11
0.491538188976378
21
0.3675562992125984
0
LINE
8
BLACK
6
CONTINUOUS
10
0.491538188976378
20
0.3675562992125984
11
0.4943322047244094
21
0.3694231889763779
0
LINE
8
BLACK
6
CONTINUOUS
10
0.4943322047244094
20
0.3694231889763779
11
0.4976279527559055
21
0.3700787401574803
0
LINE
8
BLACK
6
CONTINUOUS
10
0.4976279527559055
20
0.3700787401574803
11
0.5178051181102362
21
0.3700787401574803
0
LINE
8
BLACK
6
CONTINUOUS
10
0.5178051181102362
20
0.3700787401574803
11
0.5211008661417322
21
0.3694231889763779
0
LINE
8
BLACK
6
CONTINUOUS
10
0.5211008661417322
20
0.3694231889763779
11
0.5238948818897637
21
0.3675562992125984
0
LINE
8
BLACK
6
CONTINUOUS
10
0.5238948818897637
20
0.3675562992125984
11
0.5257617716535433
21
0.3647622834645669
0
LINE
8
BLACK
6
CONTINUOUS
10
0.5257617716535433
20
0.3647622834645669
11
0.5264173228346457
21
0.3614665354330708
0
LINE
8
BLACK
6
CONTINUOUS
10
0.5264173228346457
20
0.3614665354330708
11
0.5264173228346457
21
0.3607283464566929
0
LINE
8
BLACK
6
CONTINUOUS
10
0.5264173228346457
20
0.3607283464566929
11
0.5510236220472441
21
0.3607283464566929
0
LINE
8
BLACK
6
CONTINUOUS
10
0.5510236220472441
20
0.3607283464566929
11
0.5510236220472441
21
0.3838976377952756
0
LINE
8
BLACK
6
CONTINUOUS
10
0.5510236220472441
20
0.3838976377952756
11
0.5511749212598425
21
0.385433779527559
0
LINE
8
BLACK
6
CONTINUOUS
10
0.5511749212598425
20
0.385433779527559
11
0.5523506299212598
21
0.3882722047244094
0
LINE
8
BLACK
6
CONTINUOUS
10
0.5523506299212598
20
0.3882722047244094
11
0.5533298818897637
21
0.3894653937007874
0
LINE
8
BLACK
6
CONTINUOUS
10
0.5533298818897637
20
0.3894653937007874
11
0.5912992125984252
21
0.4274347637795275
0
LINE
8
BLACK
6
CONTINUOUS
10
0.5912992125984252
20
0.4274347637795275
11
0.5912992125984252
21
0.4436122047244094
0
LINE
8
BLACK
6
CONTINUOUS
10
0.5912992125984252
20
0.4436122047244094
11
0.5919547637795275
21
0.4469079527559055
0
LINE
8
BLACK
6
CONTINUOUS
10
0.5919547637795275
20
0.4469079527559055
11
0.5938216535433071
21
0.449701968503937
0
LINE
8
BLACK
6
CONTINUOUS
10
0.5938216535433071
20
0.449701968503937
11
0.5966156692913386
21
0.4515688582677165
0
LINE
8
BLACK
6
CONTINUOUS
10
0.5966156692913386
20
0.4515688582677165
11
0.5999114173228346
21
0.4522244094488189
0
LINE
8
BLACK
6
CONTINUOUS
10
0.5999114173228346
20
0.4522244094488189
11
0.6200885826771654
21
0.4522244094488189
0
LINE
8
BLACK
6
CONTINUOUS
10
0.6200885826771654
20
0.4522244094488189
11
0.6233843307086614
21
0.4515688582677165
0
LINE
8
BLACK
6
CONTINUOUS
10
0.6233843307086614
20
0.4515688582677165
11
0.6261783464566929
21
0.449701968503937
0
LINE
8
BLACK
6
CONTINUOUS
10
0.6261783464566929
20
0.449701968503937
11
0.6280452362204725
21
0.4469079527559055
0
LINE
8
BLACK
6
CONTINUOUS
10
0.6280452362204725
20
0.4469079527559055
11
0.6287007874015748
21
0.4436122047244094
0
LINE
8
BLACK
6
CONTINUOUS
10
0.6287007874015748
20
0.4436122047244094
11
0.6287007874015748
21
0.4428740157480315
0
LINE
8
BLACK
6
CONTINUOUS
10
0.6287007874015748
20
0.4428740157480315
11
0.6812992125984252
21
0.4428740157480315
0
LINE
8
BLACK
6
CONTINUOUS
10
0.6812992125984252
20
0.4428740157480315
11
0.6812992125984252
21
0.4446161417322835
0
LINE
8
BLACK
6
CONTINUOUS
10
0.6812992125984252
20
0.4446161417322835
11
0.6819547637795276
21
0.4479118897637795
0
LINE
8
BLACK
6
CONTINUOUS
10
0.6819547637795276
20
0.4479118897637795
11
0.683821653543307
21
0.450705905511811
0
LINE
8
BLACK
6
CONTINUOUS
10
0.683821653543307
20
0.450705905511811
11
0.6866156692913385
21
0.4525727952755905
0
LINE
8
BLACK
6
CONTINUOUS
10
0.6866156692913385
20
0.4525727952755905
11
0.6899114173228347
21
0.4532283464566929
0
LINE
8
BLACK
6
CONTINUOUS
10
0.6899114173228347
20
0.4532283464566929
11
0.7100885826771653
21
0.4532283464566929
0
LINE
8
BLACK
6
CONTINUOUS
10
0.7100885826771653
20
0.4532283464566929
11
0.7133843307086614
21
0.4525727952755905
0
LINE
8
BLACK
6
CONTINUOUS
10
0.7133843307086614
20
0.4525727952755905
11
0.7161783464566929
21
0.450705905511811
0
LINE
8
BLACK
6
CONTINUOUS
10
0.7161783464566929
20
0.450705905511811
11
0.7180452362204724
21
0.4479118897637795
0
LINE
8
BLACK
6
CONTINUOUS
10
0.7180452362204724
20
0.4479118897637795
11
0.7187007874015748
21
0.4446161417322835
0
LINE
8
BLACK
6
CONTINUOUS
10
0.7187007874015748
20
0.4446161417322835
11
0.7187007874015748
21
0.4284387007874015
0
LINE
8
BLACK
6
CONTINUOUS
10
0.7187007874015748
20
0.4284387007874015
11
0.7552654724409449
21
0.3918740157480315
0
LINE
8
BLACK
6
CONTINUOUS
10
0.7552654724409449
20
0.3918740157480315
11
0.8660882677165355
21
0.3918740157480315
0
LINE
8
BLACK
6
CONTINUOUS
10
0.8660882677165355
20
0.3918740157480315
11
0.9362387007874016
21
0.4620244881889763
0
LINE
8
BLACK
6
CONTINUOUS
10
0.9362387007874016
20
0.4620244881889763
11
0.9374318897637796
21
0.4630037007874016
0
LINE
8
BLACK
6
CONTINUOUS
10
0.9374318897637796
20
0.4630037007874016
11
0.9402703149606298
21
0.4641794094488189
0
LINE
8
BLACK
6
CONTINUOUS
10
0.9402703149606298
20
0.4641794094488189
11
0.9418064566929134
21
0.4643307086614173
0
LINE
8
BLACK
6
CONTINUOUS
10
0.9418064566929134
20
0.4643307086614173
11
0.9832677165354331
21
0.4643307086614173
0
LINE
8
BLACK
6
CONTINUOUS
10
0.9832677165354331
20
0.4643307086614173
11
0.9832677165354331
21
0.4665452755905511
0
LINE
8
BLACK
6
CONTINUOUS
10
0.9832677165354331
20
0.4665452755905511
11
0.9839232677165354
21
0.4698410236220472
0
LINE
8
BLACK
6
CONTINUOUS
10
0.9839232677165354
20
0.4698410236220472
11
0.985790157480315
21
0.4726350393700787
0
LINE
8
BLACK
6
CONTINUOUS
10
0.985790157480315
20
0.4726350393700787
11
0.9885841732283465
21
0.4745019291338582
0
LINE
8
BLACK
6
CONTINUOUS
10
0.9885841732283465
20
0.4745019291338582
11
0.9918799212598425
21
0.4751574803149606
0
LINE
8
BLACK
6
CONTINUOUS
10
0.9918799212598425
20
0.4751574803149606
11
1.0091043307086613
21
0.4751574803149606
0
LINE
8
BLACK
6
CONTINUOUS
10
1.0091043307086613
20
0.4751574803149606
11
1.0124000787401575
21
0.4745019291338582
0
LINE
8
BLACK
6
CONTINUOUS
10
0.6288821653543307
20
0.2315127165354331
11
0.6332722047244095
21
0.2292758661417323
0
LINE
8
BLACK
6
CONTINUOUS
10
0.6332722047244095
20
0.2292758661417323
11
0.6367561811023622
21
0.2257918897637795
0
LINE
8
BLACK
6
CONTINUOUS
10
0.6367561811023622
20
0.2257918897637795
11
0.638993031496063
21
0.2214018503937008
0
LINE
8
BLACK
6
CONTINUOUS
10
0.638993031496063
20
0.2214018503937008
11
0.639763779527559
21
0.2165354330708661
0
LINE
8
BLACK
6
CONTINUOUS
10
0.639763779527559
20
0.2165354330708661
11
0.638993031496063
21
0.2116690157480315
0
LINE
8
BLACK
6
CONTINUOUS
10
0.638993031496063
20
0.2116690157480315
11
0.6367561811023622
21
0.2072789763779528
0
LINE
8
BLACK
6
CONTINUOUS
10
0.6367561811023622
20
0.2072789763779528
11
0.6332722047244095
21
0.203795
0
LINE
8
BLACK
6
CONTINUOUS
10
0.6332722047244095
20
0.203795
11
0.6323918897637795
21
0.2033464566929134
0
LINE
8
BLACK
6
CONTINUOUS
10
0.6323918897637795
20
0.2033464566929134
11
0.6420866141732283
21
0.2033464566929134
0
LINE
8
BLACK
6
CONTINUOUS
10
0.6420866141732283
20
0.2033464566929134
11
0.6420866141732283
21
0.1811023622047244
0
LINE
8
BLACK
6
CONTINUOUS
10
0.6420866141732283
20
0.1811023622047244
11
0.7350787401574803
21
0.1811023622047244
0
LINE
8
BLACK
6
CONTINUOUS
10
0.7350787401574803
20
0.1811023622047244
11
0.7366148818897638
21
0.180951062992126
0
LINE
8
BLACK
6
CONTINUOUS
10
0.7366148818897638
20
0.180951062992126
11
0.7394533070866142
21
0.1797753543307087
0
LINE
8
BLACK
6
CONTINUOUS
10
0.7394533070866142
20
0.1797753543307087
11
0.7406464960629922
21
0.1787961023622047
0
LINE
8
BLACK
6
CONTINUOUS
10
0.7406464960629922
20
0.1787961023622047
11
0.7667488976377953
21
0.1526937401574803
0
LINE
8
BLACK
6
CONTINUOUS
10
0.7667488976377953
20
0.1526937401574803
11
0.7677281102362205
21
0.1515005511811024
0
LINE
8
BLACK
6
CONTINUOUS
10
0.7677281102362205
20
0.1515005511811024
11
0.7689038188976378
21
0.148662125984252
0
LINE
8
BLACK
6
CONTINUOUS
10
0.7689038188976378
20
0.148662125984252
11
0.7690551181102362
21
0.1471259842519685
0
LINE
8
BLACK
6
CONTINUOUS
10
0.7690551181102362
20
0.1471259842519685
11
0.7690551181102362
21
0.1078377952755906
0
LINE
8
BLACK
6
CONTINUOUS
10
0.7690551181102362
20
0.1078377952755906
11
0.7693585826771653
21
0.1077486614173228
0
LINE
8
BLACK
6
CONTINUOUS
10
0.7693585826771653
20
0.1077486614173228
11
0.7740720472440945
21
0.1047194881889764
0
LINE
8
BLACK
6
CONTINUOUS
10
0.7740720472440945
20
0.1047194881889764
11
0.7777412204724409
21
0.1004850393700787
0
LINE
8
BLACK
6
CONTINUOUS
10
0.7777412204724409
20
0.1004850393700787
11
0.7800687401574803
21
0.0953884251968504
0
LINE
8
BLACK
6
CONTINUOUS
10
0.7800687401574803
20
0.0953884251968504
11
0.7808661417322834
21
0.0898425196850394
0
LINE
8
BLACK
6
CONTINUOUS
10
0.7808661417322834
20
0.0898425196850394
11
0.7808661417322834
21
0.0701574803149606
0
LINE
8
BLACK
6
CONTINUOUS
10
0.7808661417322834
20
0.0701574803149606
11
0.7800687401574803
21
0.0646115748031496
0
LINE
8
BLACK
6
CONTINUOUS
10
0.7800687401574803
20
0.0646115748031496
11
0.7777412204724409
21
0.0595149606299213
0
LINE
8
BLACK
6
CONTINUOUS
10
0.7777412204724409
20
0.0595149606299213
11
0.7740720472440945
21
0.0552805118110236
0
LINE
8
BLACK
6
CONTINUOUS
10
0.7740720472440945
20
0.0552805118110236
11
0.7693585826771653
21
0.0522513385826772
0
LINE
8
BLACK
6
CONTINUOUS
10
0.7693585826771653
20
0.0522513385826772
11
0.7639825590551181
21
0.0506727952755906
0
LINE
8
BLACK
6
CONTINUOUS
10
0.7639825590551181
20
0.0506727952755906
11
0.7611811023622047
21
0.0506727952755906
0
LINE
8
BLACK
6
CONTINUOUS
10
0.7611811023622047
20
0.0506727952755906
11
0.7611811023622047
21
0.0504724409448819
0
LINE
8
BLACK
6
CONTINUOUS
10
0.7611811023622047
20
0.0504724409448819
11
0.7395275590551181
21
0.0504724409448819
0
LINE
8
BLACK
6
CONTINUOUS
10
0.7395275590551181
20
0.0504724409448819
11
0.7395275590551181
21
0.0681889763779528
0
LINE
8
BLACK
6
CONTINUOUS
10
0.7395275590551181
20
0.0681889763779528
11
0.7296850393700787
21
0.0681889763779528
0
LINE
8
BLACK
6
CONTINUOUS
10
0.7296850393700787
20
0.0681889763779528
11
0.7296850393700787
21
0.0504724409448819
0
LINE
8
BLACK
6
CONTINUOUS
10
0.7296850393700787
20
0.0504724409448819
11
0.6903149606299213
21
0.0504724409448819
0
LINE
8
BLACK
6
CONTINUOUS
10
0.6903149606299213
20
0.0504724409448819
11
0.6903149606299213
21
0.1095275590551181
0
LINE
8
BLACK
6
CONTINUOUS
10
0.6903149606299213
20
0.1095275590551181
11
0.7040944881889764
21
0.1095275590551181
0
LINE
8
BLACK
6
CONTINUOUS
10
0.7040944881889764
20
0.1095275590551181
11
0.7040944881889764
21
0.1273041338582677
0
LINE
8
BLACK
6
CONTINUOUS
10
0.7040944881889764
20
0.1273041338582677
11
0.7007435433070865
21
0.1290115354330709
0
LINE
8
BLACK
6
CONTINUOUS
10
0.7007435433070865
20
0.1290115354330709
11
0.6972595669291338
21
0.1324955118110236
0
LINE
8
BLACK
6
CONTINUOUS
10
0.6972595669291338
20
0.1324955118110236
11
0.695022716535433
21
0.1368855511811023
0
LINE
8
BLACK
6
CONTINUOUS
10
0.695022716535433
20
0.1368855511811023
11
0.694251968503937
21
0.141751968503937
0
LINE
8
BLACK
6
CONTINUOUS
10
0.694251968503937
20
0.141751968503937
11
0.695022716535433
21
0.1466183858267716
0
LINE
8
BLACK
6
CONTINUOUS
10
0.695022716535433
20
0.1466183858267716
11
0.6972595669291338
21
0.1510084251968504
0
LINE
8
BLACK
6
CONTINUOUS
10
0.6972595669291338
20
0.1510084251968504
11
0.7007435433070865
21
0.1544924015748032
0
LINE
8
BLACK
6
CONTINUOUS
10
0.7007435433070865
20
0.1544924015748032
11
0.7051335826771653
21
0.1567292519685039
0
LINE
8
BLACK
6
CONTINUOUS
10
0.7051335826771653
20
0.1567292519685039
11
0.71
21
0.1575
0
LINE
8
BLACK
6
CONTINUOUS
10
0.71
20
0.1575
11
0.7148664173228346
21
0.1567292519685039
0
LINE
8
BLACK
6
CONTINUOUS
10
0.7148664173228346
20
0.1567292519685039
11
0.7192564566929134
21
0.1544924015748032
0
LINE
8
BLACK
6
CONTINUOUS
10
0.7192564566929134
20
0.1544924015748032
11
0.7227404330708661
21
0.1510084251968504
0
LINE
8
BLACK
6
CONTINUOUS
10
0.7227404330708661
20
0.1510084251968504
11
0.7249772834645669
21
0.1466183858267716
0
LINE
8
BLACK
6
CONTINUOUS
10
0.7249772834645669
20
0.1466183858267716
11
0.7257480314960629
21
0.141751968503937
0
LINE
8
BLACK
6
CONTINUOUS
10
0.7257480314960629
20
0.141751968503937
11
0.7249772834645669
21
0.1368855511811023
0
LINE
8
BLACK
6
CONTINUOUS
10
0.7249772834645669
20
0.1368855511811023
11
0.7227404330708661
21
0.1324955118110236
0
LINE
8
BLACK
6
CONTINUOUS
10
0.7227404330708661
20
0.1324955118110236
11
0.7192564566929134
21
0.1290115354330709
0
LINE
8
BLACK
6
CONTINUOUS
10
0.7192564566929134
20
0.1290115354330709
11
0.7159055118110236
21
0.1273041338582677
0
LINE
8
BLACK
6
CONTINUOUS
10
0.7159055118110236
20
0.1273041338582677
11
0.7159055118110236
21
0.1095275590551181
0
LINE
8
BLACK
6
CONTINUOUS
10
0.7159055118110236
20
0.1095275590551181
11
0.7296850393700787
21
0.1095275590551181
0
LINE
8
BLACK
6
CONTINUOUS
10
0.7296850393700787
20
0.1095275590551181
11
0.7296850393700787
21
0.0918110236220472
0
LINE
8
BLACK
6
CONTINUOUS
10
0.7296850393700787
20
0.0918110236220472
11
0.7395275590551181
21
0.0918110236220472
0
LINE
8
BLACK
6
CONTINUOUS
10
0.7395275590551181
20
0.0918110236220472
11
0.7395275590551181
21
0.1095275590551181
0
LINE
8
BLACK
6
CONTINUOUS
10
0.7395275590551181
20
0.1095275590551181
11
0.7533070866141732
21
0.1095275590551181
0
LINE
8
BLACK
6
CONTINUOUS
10
0.7533070866141732
20
0.1095275590551181
11
0.7533070866141732
21
0.1438644881889764
0
LINE
8
BLACK
6
CONTINUOUS
10
0.7533070866141732
20
0.1438644881889764
11
0.7318172440944881
21
0.1653543307086614
0
LINE
8
BLACK
6
CONTINUOUS
10
0.7318172440944881
20
0.1653543307086614
11
0.638740157480315
21
0.1653543307086614
0
LINE
8
BLACK
6
CONTINUOUS
10
0.638740157480315
20
0.1653543307086614
11
0.6372040157480314
21
0.1655056299212598
0
LINE
8
BLACK
6
CONTINUOUS
10
0.6372040157480314
20
0.1655056299212598
11
0.6343655905511811
21
0.1666813385826772
0
LINE
8
BLACK
6
CONTINUOUS
10
0.6343655905511811
20
0.1666813385826772
11
0.6331724015748031
21
0.1676605905511811
0
LINE
8
BLACK
6
CONTINUOUS
10
0.6331724015748031
20
0.1676605905511811
11
0.6289825984251969
21
0.1718503937007874
0
LINE
8
BLACK
6
CONTINUOUS
10
0.6289825984251969
20
0.1718503937007874
11
0.6066535433070867
21
0.1718503937007874
0
LINE
8
BLACK
6
CONTINUOUS
10
0.6066535433070867
20
0.1718503937007874
11
0.6066535433070867
21
0.2033464566929134
0
LINE
8
BLACK
6
CONTINUOUS
10
0.6066535433070867
20
0.2033464566929134
11
0.6156396062992125
21
0.2033464566929134
0
LINE
8
BLACK
6
CONTINUOUS
10
0.6156396062992125
20
0.2033464566929134
11
0.6147592913385826
21
0.203795
0
LINE
8
BLACK
6
CONTINUOUS
10
0.6147592913385826
20
0.203795
11
0.6112753149606299
21
0.2072789763779528
0
LINE
8
BLACK
6
CONTINUOUS
10
0.6112753149606299
20
0.2072789763779528
11
0.6090384645669291
21
0.2116690157480315
0
LINE
8
BLACK
6
CONTINUOUS
10
0.6090384645669291
20
0.2116690157480315
11
0.6082677165354331
21
0.2165354330708661
0
LINE
8
BLACK
6
CONTINUOUS
10
0.6082677165354331
20
0.2165354330708661
11
0.6090384645669291
21
0.2214018503937008
0
LINE
8
BLACK
6
CONTINUOUS
10
0.6090384645669291
20
0.2214018503937008
11
0.6112753149606299
21
0.2257918897637795
0
LINE
8
BLACK
6
CONTINUOUS
10
0.6112753149606299
20
0.2257918897637795
11
0.6147592913385826
21
0.2292758661417323
0
LINE
8
BLACK
6
CONTINUOUS
10
0.6147592913385826
20
0.2292758661417323
11
0.6191493307086614
21
0.2315127165354331
0
LINE
8
BLACK
6
CONTINUOUS
10
0.6191493307086614
20
0.2315127165354331
11
0.6240157480314961
21
0.2322834645669291
0
LINE
8
BLACK
6
CONTINUOUS
10
0.6240157480314961
20
0.2322834645669291
11
0.6288821653543307
21
0.2315127165354331
0
LINE
8
BLACK
6
CONTINUOUS
10
0.4677101968503937
20
0.1483067322834646
11
0.4721002362204724
21
0.1460698818897638
0
LINE
8
BLACK
6
CONTINUOUS
10
0.4721002362204724
20
0.1460698818897638
11
0.4755842125984252
21
0.142585905511811
0
LINE
8
BLACK
6
CONTINUOUS
10
0.4755842125984252
20
0.142585905511811
11
0.477821062992126
21
0.1381958661417323
0
LINE
8
BLACK
6
CONTINUOUS
10
0.477821062992126
20
0.1381958661417323
11
0.478591811023622
21
0.1333294488188976
0
LINE
8
BLACK
6
CONTINUOUS
10
0.478591811023622
20
0.1333294488188976
11
0.4778292125984252
21
0.1285145669291338
0
LINE
8
BLACK
6
CONTINUOUS
10
0.4778292125984252
20
0.1285145669291338
11
0.4829311417322835
21
0.1234126377952756
0
LINE
8
BLACK
6
CONTINUOUS
10
0.4829311417322835
20
0.1234126377952756
11
0.4843799212598425
21
0.1237007874015748
0
LINE
8
BLACK
6
CONTINUOUS
10
0.4843799212598425
20
0.1237007874015748
11
0.5016043307086614
21
0.1237007874015748
0
LINE
8
BLACK
6
CONTINUOUS
10
0.5016043307086614
20
0.1237007874015748
11
0.5049000787401575
21
0.1230452362204724
0
LINE
8
BLACK
6
CONTINUOUS
10
0.5049000787401575
20
0.1230452362204724
11
0.5076940944881889
21
0.1211783464566929
0
LINE
8
BLACK
6
CONTINUOUS
10
0.5076940944881889
20
0.1211783464566929
11
0.5095609842519685
21
0.1183843307086614
0
LINE
8
BLACK
6
CONTINUOUS
10
0.5095609842519685
20
0.1183843307086614
11
0.5102165354330709
21
0.1150885826771653
0
LINE
8
BLACK
6
CONTINUOUS
10
0.5102165354330709
20
0.1150885826771653
11
0.5102165354330709
21
0.0949114173228346
0
LINE
8
BLACK
6
CONTINUOUS
10
0.5102165354330709
20
0.0949114173228346
11
0.5095609842519685
21
0.0916156692913386
0
LINE
8
BLACK
6
CONTINUOUS
10
0.5095609842519685
20
0.0916156692913386
11
0.5076940944881889
21
0.0888216535433071
0
LINE
8
BLACK
6
CONTINUOUS
10
0.5076940944881889
20
0.0888216535433071
11
0.5049000787401575
21
0.0869547637795276
0
LINE
8
BLACK
6
CONTINUOUS
10
0.5049000787401575
20
0.0869547637795276
11
0.5016043307086614
21
0.0862992125984252
0
LINE
8
BLACK
6
CONTINUOUS
10
0.5016043307086614
20
0.0862992125984252
11
0.4843799212598425
21
0.0862992125984252
0
LINE
8
BLACK
6
CONTINUOUS
10
0.4843799212598425
20
0.0862992125984252
11
0.4810841732283465
21
0.0869547637795276
0
LINE
8
BLACK
6
CONTINUOUS
10
0.4810841732283465
20
0.0869547637795276
11
0.4782901574803149
21
0.0888216535433071
0
LINE
8
BLACK
6
CONTINUOUS
10
0.4782901574803149
20
0.0888216535433071
11
0.4764232677165354
21
0.0916156692913386
0
LINE
8
BLACK
6
CONTINUOUS
10
0.4764232677165354
20
0.0916156692913386
11
0.475767716535433
21
0.0949114173228346
0
LINE
8
BLACK
6
CONTINUOUS
10
0.475767716535433
20
0.0949114173228346
11
0.475767716535433
21
0.1138727559055118
0
LINE
8
BLACK
6
CONTINUOUS
10
0.475767716535433
20
0.1138727559055118
11
0.4700805118110236
21
0.1195599606299213
0
LINE
8
BLACK
6
CONTINUOUS
10
0.4700805118110236
20
0.1195599606299213
11
0.4677101968503937
21
0.1183521653543307
0
LINE
8
BLACK
6
CONTINUOUS
10
0.4677101968503937
20
0.1183521653543307
11
0.4628437795275591
21
0.1175814173228346
0
LINE
8
BLACK
6
CONTINUOUS
10
0.4628437795275591
20
0.1175814173228346
11
0.4579773622047244
21
0.1183521653543307
0
LINE
8
BLACK
6
CONTINUOUS
10
0.4579773622047244
20
0.1183521653543307
11
0.4535873228346456
21
0.1205890157480315
0
LINE
8
BLACK
6
CONTINUOUS
10
0.4535873228346456
20
0.1205890157480315
11
0.4501033464566929
21
0.1240729921259842
0
LINE
8
BLACK
6
CONTINUOUS
10
0.4501033464566929
20
0.1240729921259842
11
0.4478664960629921
21
0.128463031496063
0
LINE
8
BLACK
6
CONTINUOUS
10
0.4478664960629921
20
0.128463031496063
11
0.447095748031496
21
0.1333294488188976
0
LINE
8
BLACK
6
CONTINUOUS
10
0.447095748031496
20
0.1333294488188976
11
0.4478664960629921
21
0.1381958661417323
0
LINE
8
BLACK
6
CONTINUOUS
10
0.4478664960629921
20
0.1381958661417323
11
0.4501033464566929
21
0.142585905511811
0
LINE
8
BLACK
6
CONTINUOUS
10
0.4501033464566929
20
0.142585905511811
11
0.4535873228346456
21
0.1460698818897638
0
LINE
8
BLACK
6
CONTINUOUS
10
0.4535873228346456
20
0.1460698818897638
11
0.4579773622047244
21
0.1483067322834646
0
LINE
8
BLACK
6
CONTINUOUS
10
0.4579773622047244
20
0.1483067322834646
11
0.4628437795275591
21
0.1490774803149606
0
LINE
8
BLACK
6
CONTINUOUS
10
0.4628437795275591
20
0.1490774803149606
11
0.4677101968503937
21
0.1483067322834646
0
LINE
8
BLACK
6
CONTINUOUS
10
0.1148664173228346
20
0.3849772834645669
11
0.1192564566929134
21
0.3827404330708661
0
LINE
8
BLACK
6
CONTINUOUS
10
0.1192564566929134
20
0.3827404330708661
11
0.1227404330708661
21
0.3792564566929134
0
LINE
8
BLACK
6
CONTINUOUS
10
0.1227404330708661
20
0.3792564566929134
11
0.1249772834645669
21
0.3748664173228347
0
LINE
8
BLACK
6
CONTINUOUS
10
0.1249772834645669
20
0.3748664173228347
11
0.125748031496063
21
0.37
0
LINE
8
BLACK
6
CONTINUOUS
10
0.125748031496063
20
0.37
11
0.1249772834645669
21
0.3651335826771653
0
LINE
8
BLACK
6
CONTINUOUS
10
0.1249772834645669
20
0.3651335826771653
11
0.1227404330708661
21
0.3607435433070866
0
LINE
8
BLACK
6
CONTINUOUS
10
0.1227404330708661
20
0.3607435433070866
11
0.1192564566929134
21
0.3572595669291339
0
LINE
8
BLACK
6
CONTINUOUS
10
0.1192564566929134
20
0.3572595669291339
11
0.1148664173228346
21
0.355022716535433
0
LINE
8
BLACK
6
CONTINUOUS
10
0.1148664173228346
20
0.355022716535433
11
0.11
21
0.354251968503937
0
LINE
8
BLACK
6
CONTINUOUS
10
0.11
20
0.354251968503937
11
0.1060181102362205
21
0.3548826377952756
0
LINE
8
BLACK
6
CONTINUOUS
10
0.1060181102362205
20
0.3548826377952756
11
0.0856299212598425
21
0.3344944094488189
0
LINE
8
BLACK
6
CONTINUOUS
10
0.0856299212598425
20
0.3344944094488189
11
0.0856299212598425
21
0.2555055905511811
0
LINE
8
BLACK
6
CONTINUOUS
10
0.0856299212598425
20
0.2555055905511811
11
0.1118048031496063
21
0.2293307086614173
0
LINE
8
BLACK
6
CONTINUOUS
10
0.1118048031496063
20
0.2293307086614173
11
0.1577616141732283
21
0.2293307086614173
0
LINE
8
BLACK
6
CONTINUOUS
10
0.1577616141732283
20
0.2293307086614173
11
0.1578196062992126
21
0.2296221653543307
0
LINE
8
BLACK
6
CONTINUOUS
10
0.1578196062992126
20
0.2296221653543307
11
0.1590997637795276
21
0.231538031496063
0
LINE
8
BLACK
6
CONTINUOUS
10
0.1590997637795276
20
0.231538031496063
11
0.1610156299212598
21
0.232818188976378
0
LINE
8
BLACK
6
CONTINUOUS
10
0.1610156299212598
20
0.232818188976378
11
0.1632755905511811
21
0.2332677165354331
0
LINE
8
BLACK
6
CONTINUOUS
10
0.1632755905511811
20
0.2332677165354331
11
0.2183937007874016
21
0.2332677165354331
0
LINE
8
BLACK
6
CONTINUOUS
10
0.2183937007874016
20
0.2332677165354331
11
0.2206536614173228
21
0.232818188976378
0
LINE
8
BLACK
6
CONTINUOUS
10
0.2206536614173228
20
0.232818188976378
11
0.2225695275590551
21
0.231538031496063
0
LINE
8
BLACK
6
CONTINUOUS
10
0.2225695275590551
20
0.231538031496063
11
0.2238496850393701
21
0.2296221653543307
0
LINE
8
BLACK
6
CONTINUOUS
10
0.2238496850393701
20
0.2296221653543307
11
0.2239076771653543
21
0.2293307086614173
0
LINE
8
BLACK
6
CONTINUOUS
10
0.2239076771653543
20
0.2293307086614173
11
0.2435433070866142
21
0.2293307086614173
0
LINE
8
BLACK
6
CONTINUOUS
10
0.2435433070866142
20
0.2293307086614173
11
0.2450794488188976
21
0.2291794094488189
0
LINE
8
BLACK
6
CONTINUOUS
10
0.2450794488188976
20
0.2291794094488189
11
0.247917874015748
21
0.2280037007874016
0
LINE
8
BLACK
6
CONTINUOUS
10
0.247917874015748
20
0.2280037007874016
11
0.249111062992126
21
0.2270244488188976
0
LINE
8
BLACK
6
CONTINUOUS
10
0.249111062992126
20
0.2270244488188976
11
0.2715686220472441
21
0.2045669291338583
0
LINE
8
BLACK
6
CONTINUOUS
10
0.2715686220472441
20
0.2045669291338583
11
0.3048031496062992
21
0.2045669291338583
0
LINE
8
BLACK
6
CONTINUOUS
10
0.3048031496062992
20
0.2045669291338583
11
0.3048031496062992
21
0.2175590551181102
0
LINE
8
BLACK
6
CONTINUOUS
10
0.3048031496062992
20
0.2175590551181102
11
0.3303937007874015
21
0.2175590551181102
0
LINE
8
BLACK
6
CONTINUOUS
10
0.3303937007874015
20
0.2175590551181102
11
0.3303937007874015
21
0.1758267716535433
0
LINE
8
BLACK
6
CONTINUOUS
10
0.3303937007874015
20
0.1758267716535433
11
0.3254724409448819
21
0.1758267716535433
0
LINE
8
BLACK
6
CONTINUOUS
10
0.3254724409448819
20
0.1758267716535433
11
0.3254724409448819
21
0.1656631102362205
0
LINE
8
BLACK
6
CONTINUOUS
10
0.3254724409448819
20
0.1656631102362205
11
0.3332615354330709
21
0.1578740157480315
0
LINE
8
BLACK
6
CONTINUOUS
10
0.3332615354330709
20
0.1578740157480315
11
0.3790613385826772
21
0.1578740157480315
0
LINE
8
BLACK
6
CONTINUOUS
10
0.3790613385826772
20
0.1578740157480315
11
0.3845275590551181
21
0.1633402755905512
0
LINE
8
BLACK
6
CONTINUOUS
10
0.3845275590551181
20
0.1633402755905512
11
0.3845275590551181
21
0.1675984251968504
0
LINE
8
BLACK
6
CONTINUOUS
10
0.3845275590551181
20
0.1675984251968504
11
0.3845275590551181
21
0.1758267716535433
0
LINE
8
BLACK
6
CONTINUOUS
10
0.3845275590551181
20
0.1758267716535433
11
0.3796062992125984
21
0.1758267716535433
0
LINE
8
BLACK
6
CONTINUOUS
10
0.3796062992125984
20
0.1758267716535433
11
0.3796062992125984
21
0.2175590551181102
0
LINE
8
BLACK
6
CONTINUOUS
10
0.3796062992125984
20
0.2175590551181102
11
0.4051968503937008
21
0.2175590551181102
0
LINE
8
BLACK
6
CONTINUOUS
10
0.4051968503937008
20
0.2175590551181102
11
0.4051968503937008
21
0.1758267716535433
0
LINE
8
BLACK
6
CONTINUOUS
10
0.4051968503937008
20
0.1758267716535433
11
0.4002755905511811
21
0.1758267716535433
0
LINE
8
BLACK
6
CONTINUOUS
10
0.4002755905511811
20
0.1758267716535433
11
0.4002755905511811
21
0.1675984251968504
0
LINE
8
BLACK
6
CONTINUOUS
10
0.4002755905511811
20
0.1675984251968504
11
0.4002755905511811
21
0.1658599606299213
0
LINE
8
BLACK
6
CONTINUOUS
10
0.4002755905511811
20
0.1658599606299213
11
0.4082615354330709
21
0.1578740157480315
0
LINE
8
BLACK
6
CONTINUOUS
10
0.4082615354330709
20
0.1578740157480315
11
0.42
21
0.1578740157480315
0
LINE
8
BLACK
6
CONTINUOUS
10
0.42
20
0.1578740157480315
11
0.4317385039370079
21
0.1578740157480315
0
LINE
8
BLACK
6
CONTINUOUS
10
0.4317385039370079
20
0.1578740157480315
11
0.4462992125984252
21
0.1724347637795275
0
LINE
8
BLACK
6
CONTINUOUS
10
0.4462992125984252
20
0.1724347637795275
11
0.4462992125984252
21
0.1886122047244095
0
LINE
8
BLACK
6
CONTINUOUS
10
0.4462992125984252
20
0.1886122047244095
11
0.4469547637795275
21
0.1919079527559055
0
LINE
8
BLACK
6
CONTINUOUS
10
0.4469547637795275
20
0.1919079527559055
11
0.4488216535433071
21
0.194701968503937
0
LINE
8
BLACK
6
CONTINUOUS
10
0.4488216535433071
20
0.194701968503937
11
0.4516156692913386
21
0.1965688582677165
0
LINE
8
BLACK
6
CONTINUOUS
10
0.4516156692913386
20
0.1965688582677165
11
0.4549114173228346
21
0.1972244094488189
0
LINE
8
BLACK
6
CONTINUOUS
10
0.4549114173228346
20
0.1972244094488189
11
0.4750885826771654
21
0.1972244094488189
0
LINE
8
BLACK
6
CONTINUOUS
10
0.4750885826771654
20
0.1972244094488189
11
0.4783843307086614
21
0.1965688582677165
0
LINE
8
BLACK
6
CONTINUOUS
10
0.4783843307086614
20
0.1965688582677165
11
0.4811783464566929
21
0.194701968503937
0
LINE
8
BLACK
6
CONTINUOUS
10
0.4811783464566929
20
0.194701968503937
11
0.4830452362204724
21
0.1919079527559055
0
LINE
8
BLACK
6
CONTINUOUS
10
0.4830452362204724
20
0.1919079527559055
11
0.4837007874015748
21
0.1886122047244095
0
LINE
8
BLACK
6
CONTINUOUS
10
0.4837007874015748
20
0.1886122047244095
11
0.4837007874015748
21
0.1845657086614173
0
LINE
8
BLACK
6
CONTINUOUS
10
0.4837007874015748
20
0.1845657086614173
11
0.4841758267716536
21
0.1841758267716535
0
LINE
8
BLACK
6
CONTINUOUS
10
0.4841758267716536
20
0.1841758267716535
11
0.5449390157480315
21
0.1234126377952756
0
LINE
8
BLACK
6
CONTINUOUS
10
0.5449390157480315
20
0.1234126377952756
11
0.5463877952755906
21
0.1237007874015748
0
LINE
8
BLACK
6
CONTINUOUS
10
0.5463877952755906
20
0.1237007874015748
11
0.5636122047244094
21
0.1237007874015748
0
LINE
8
BLACK
6
CONTINUOUS
10
0.5636122047244094
20
0.1237007874015748
11
0.5669079527559056
21
0.1230452362204724
0
LINE
8
BLACK
6
CONTINUOUS
10
0.5669079527559056
20
0.1230452362204724
11
0.569701968503937
21
0.1211783464566929
0
LINE
8
BLACK
6
CONTINUOUS
10
0.569701968503937
20
0.1211783464566929
11
0.5715688582677165
21
0.1183843307086614
0
LINE
8
BLACK
6
CONTINUOUS
10
0.5715688582677165
20
0.1183843307086614
11
0.5722244094488189
21
0.1150885826771653
0
LINE
8
BLACK
6
CONTINUOUS
10
0.5722244094488189
20
0.1150885826771653
11
0.5722244094488189
21
0.0949114173228346
0
LINE
8
BLACK
6
CONTINUOUS
10
0.5722244094488189
20
0.0949114173228346
11
0.5715688582677165
21
0.0916156692913386
0
LINE
8
BLACK
6
CONTINUOUS
10
0.5715688582677165
20
0.0916156692913386
11
0.569701968503937
21
0.0888216535433071
0
LINE
8
BLACK
6
CONTINUOUS
10
0.569701968503937
20
0.0888216535433071
11
0.5669079527559056
21
0.0869547637795276
0
LINE
8
BLACK
6
CONTINUOUS
10
0.5669079527559056
20
0.0869547637795276
11
0.5636122047244094
21
0.0862992125984252
0
LINE
8
BLACK
6
CONTINUOUS
10
0.5636122047244094
20
0.0862992125984252
11
0.5463877952755906
21
0.0862992125984252
0
LINE
8
BLACK
6
CONTINUOUS
10
0.5463877952755906
20
0.0862992125984252
11
0.5430920472440944
21
0.0869547637795276
0
LINE
8
BLACK
6
CONTINUOUS
10
0.5430920472440944
20
0.0869547637795276
11
0.5402980314960629
21
0.0888216535433071
0
LINE
8
BLACK
6
CONTINUOUS
10
0.5402980314960629
20
0.0888216535433071
11
0.5384311417322835
21
0.0916156692913386
0
LINE
8
BLACK
6
CONTINUOUS
10
0.5384311417322835
20
0.0916156692913386
11
0.5377755905511811
21
0.0949114173228346
0
LINE
8
BLACK
6
CONTINUOUS
10
0.5377755905511811
20
0.0949114173228346
11
0.5377755905511811
21
0.1138727559055118
0
LINE
8
BLACK
6
CONTINUOUS
10
0.5377755905511811
20
0.1138727559055118
11
0.48313
21
0.1685183464566929
0
LINE
8
BLACK
6
CONTINUOUS
10
0.48313
20
0.1685183464566929
11
0.4830452362204724
21
0.1680920472440945
0
LINE
8
BLACK
6
CONTINUOUS
10
0.4830452362204724
20
0.1680920472440945
11
0.4811783464566929
21
0.165298031496063
0
LINE
8
BLACK
6
CONTINUOUS
10
0.4811783464566929
20
0.165298031496063
11
0.4783843307086614
21
0.1634311417322835
0
LINE
8
BLACK
6
CONTINUOUS
10
0.4783843307086614
20
0.1634311417322835
11
0.4750885826771654
21
0.1627755905511811
0
LINE
8
BLACK
6
CONTINUOUS
10
0.4750885826771654
20
0.1627755905511811
11
0.4589111417322835
21
0.1627755905511811
0
LINE
8
BLACK
6
CONTINUOUS
10
0.4589111417322835
20
0.1627755905511811
11
0.4405677559055118
21
0.1444322440944882
0
LINE
8
BLACK
6
CONTINUOUS
10
0.4405677559055118
20
0.1444322440944882
11
0.4393745669291338
21
0.1434529921259843
0
LINE
8
BLACK
6
CONTINUOUS
10
0.4393745669291338
20
0.1434529921259843
11
0.4365361417322834
21
0.1422772834645669
0
LINE
8
BLACK
6
CONTINUOUS
10
0.4365361417322834
20
0.1422772834645669
11
0.435
21
0.1421259842519685
0
LINE
8
BLACK
6
CONTINUOUS
10
0.435
20
0.1421259842519685
11
0.42
21
0.1421259842519685
0
LINE
8
BLACK
6
CONTINUOUS
10
0.42
20
0.1421259842519685
11
0.405
21
0.1421259842519685
0
LINE
8
BLACK
6
CONTINUOUS
10
0.405
20
0.1421259842519685
11
0.3823228346456693
21
0.1421259842519685
0
LINE
8
BLACK
6
CONTINUOUS
10
0.3823228346456693
20
0.1421259842519685
11
0.33
21
0.1421259842519685
0
LINE
8
BLACK
6
CONTINUOUS
10
0.33
20
0.1421259842519685
11
0.3284638582677165
21
0.1422772834645669
0
LINE
8
BLACK
6
CONTINUOUS
10
0.3284638582677165
20
0.1422772834645669
11
0.3256254330708661
21
0.1434529921259843
0
LINE
8
BLACK
6
CONTINUOUS
10
0.3256254330708661
20
0.1434529921259843
11
0.3244322047244094
21
0.1444322440944882
0
LINE
8
BLACK
6
CONTINUOUS
10
0.3244322047244094
20
0.1444322440944882
11
0.3120306692913386
21
0.1568338188976378
0
LINE
8
BLACK
6
CONTINUOUS
10
0.3120306692913386
20
0.1568338188976378
11
0.3110514173228346
21
0.1580270078740157
0
LINE
8
BLACK
6
CONTINUOUS
10
0.3110514173228346
20
0.1580270078740157
11
0.3098757086614173
21
0.1608654330708661
0
LINE
8
BLACK
6
CONTINUOUS
10
0.3098757086614173
20
0.1608654330708661
11
0.3097244094488189
21
0.1624015748031496
0
LINE
8
BLACK
6
CONTINUOUS
10
0.3097244094488189
20
0.1624015748031496
11
0.3097244094488189
21
0.1758267716535433
0
LINE
8
BLACK
6
CONTINUOUS
10
0.3097244094488189
20
0.1758267716535433
11
0.3048031496062992
21
0.1758267716535433
0
LINE
8
BLACK
6
CONTINUOUS
10
0.3048031496062992
20
0.1758267716535433
11
0.3048031496062992
21
0.1888188976377953
0
LINE
8
BLACK
6
CONTINUOUS
10
0.3048031496062992
20
0.1888188976377953
11
0.2683070866141732
21
0.1888188976377953
0
LINE
8
BLACK
6
CONTINUOUS
10
0.2683070866141732
20
0.1888188976377953
11
0.2667709448818897
21
0.1889701968503937
0
LINE
8
BLACK
6
CONTINUOUS
10
0.2667709448818897
20
0.1889701968503937
11
0.2639325196850394
21
0.190145905511811
0
LINE
8
BLACK
6
CONTINUOUS
10
0.2639325196850394
20
0.190145905511811
11
0.2627392913385826
21
0.1911251574803149
0
LINE
8
BLACK
6
CONTINUOUS
10
0.2627392913385826
20
0.1911251574803149
11
0.240281811023622
21
0.2135826771653543
0
LINE
8
BLACK
6
CONTINUOUS
10
0.240281811023622
20
0.2135826771653543
11
0.2239076771653543
21
0.2135826771653543
0
LINE
8
BLACK
6
CONTINUOUS
10
0.2239076771653543
20
0.2135826771653543
11
0.2238496850393701
21
0.213291220472441
0
LINE
8
BLACK
6
CONTINUOUS
10
0.2238496850393701
20
0.213291220472441
11
0.2225695275590551
21
0.2113753543307087
0
LINE
8
BLACK
6
CONTINUOUS
10
0.2225695275590551
20
0.2113753543307087
11
0.2206536614173228
21
0.2100951968503937
0
LINE
8
BLACK
6
CONTINUOUS
10
0.2206536614173228
20
0.2100951968503937
11
0.2183937007874016
21
0.2096456692913386
0
LINE
8
BLACK
6
CONTINUOUS
10
0.2183937007874016
20
0.2096456692913386
11
0.1632755905511811
21
0.2096456692913386
0
LINE
8
BLACK
6
CONTINUOUS
10
0.1632755905511811
20
0.2096456692913386
11
0.1610156299212598
21
0.2100951968503937
0
LINE
8
BLACK
6
CONTINUOUS
10
0.1610156299212598
20
0.2100951968503937
11
0.1590997637795276
21
0.2113753543307087
0
LINE
8
BLACK
6
CONTINUOUS
10
0.1590997637795276
20
0.2113753543307087
11
0.1578196062992126
21
0.213291220472441
0
LINE
8
BLACK
6
CONTINUOUS
10
0.1578196062992126
20
0.213291220472441
11
0.1577616141732283
21
0.2135826771653543
0
LINE
8
BLACK
6
CONTINUOUS
10
0.1577616141732283
20
0.2135826771653543
11
0.1085433070866142
21
0.2135826771653543
0
LINE
8
BLACK
6
CONTINUOUS
10
0.1085433070866142
20
0.2135826771653543
11
0.1070071653543307
21
0.2137339763779527
0
LINE
8
BLACK
6
CONTINUOUS
10
0.1070071653543307
20
0.2137339763779527
11
0.1041687401574803
21
0.2149096850393701
0
LINE
8
BLACK
6
CONTINUOUS
10
0.1041687401574803
20
0.2149096850393701
11
0.1029755511811024
21
0.215888937007874
0
LINE
8
BLACK
6
CONTINUOUS
10
0.1029755511811024
20
0.215888937007874
11
0.0721881496062992
21
0.2466763385826772
0
LINE
8
BLACK
6
CONTINUOUS
10
0.0721881496062992
20
0.2466763385826772
11
0.0712088976377953
21
0.2478695275590551
0
LINE
8
BLACK
6
CONTINUOUS
10
0.0712088976377953
20
0.2478695275590551
11
0.0700331889763779
21
0.2507079527559055
0
LINE
8
BLACK
6
CONTINUOUS
10
0.0700331889763779
20
0.2507079527559055
11
0.0698818897637795
21
0.252244094488189
0
LINE
8
BLACK
6
CONTINUOUS
10
0.0698818897637795
20
0.252244094488189
11
0.0698818897637795
21
0.337755905511811
0
LINE
8
BLACK
6
CONTINUOUS
10
0.0698818897637795
20
0.337755905511811
11
0.0700331889763779
21
0.3392920472440945
0
LINE
8
BLACK
6
CONTINUOUS
10
0.0700331889763779
20
0.3392920472440945
11
0.0712088976377953
21
0.3421304724409449
0
LINE
8
BLACK
6
CONTINUOUS
10
0.0712088976377953
20
0.3421304724409449
11
0.0721881496062992
21
0.3433236614173228
0
LINE
8
BLACK
6
CONTINUOUS
10
0.0721881496062992
20
0.3433236614173228
11
0.0948825984251968
21
0.3660181496062992
0
LINE
8
BLACK
6
CONTINUOUS
10
0.0948825984251968
20
0.3660181496062992
11
0.094251968503937
21
0.37
0
LINE
8
BLACK
6
CONTINUOUS
10
0.094251968503937
20
0.37
11
0.0950227165354331
21
0.3748664173228347
0
LINE
8
BLACK
6
CONTINUOUS
10
0.0950227165354331
20
0.3748664173228347
11
0.0972595669291339
21
0.3792564566929134
0
LINE
8
BLACK
6
CONTINUOUS
10
0.0972595669291339
20
0.3792564566929134
11
0.1007435433070866
21
0.3827404330708661
0
LINE
8
BLACK
6
CONTINUOUS
10
0.1007435433070866
20
0.3827404330708661
11
0.1051335826771654
21
0.3849772834645669
0
LINE
8
BLACK
6
CONTINUOUS
10
0.1051335826771654
20
0.3849772834645669
11
0.11
21
0.385748031496063
0
LINE
8
BLACK
6
CONTINUOUS
10
0.11
20
0.385748031496063
11
0.1148664173228346
21
0.3849772834645669
0
LINE
8
BLACK
6
CONTINUOUS
10
0.5633464566929134
20
0.209251968503937
11
0.5515354330708662
21
0.209251968503937
0
LINE
8
BLACK
6
CONTINUOUS
10
0.5515354330708662
20
0.209251968503937
11
0.5515354330708662
21
0.1735912598425197
0
LINE
8
BLACK
6
CONTINUOUS
10
0.5515354330708662
20
0.1735912598425197
11
0.5547404330708662
21
0.1703862598425197
0
LINE
8
BLACK
6
CONTINUOUS
10
0.5547404330708662
20
0.1703862598425197
11
0.5569772834645669
21
0.1659962204724409
0
LINE
8
BLACK
6
CONTINUOUS
10
0.5569772834645669
20
0.1659962204724409
11
0.557748031496063
21
0.1611298031496063
0
LINE
8
BLACK
6
CONTINUOUS
10
0.557748031496063
20
0.1611298031496063
11
0.5569772834645669
21
0.1562633858267717
0
LINE
8
BLACK
6
CONTINUOUS
10
0.5569772834645669
20
0.1562633858267717
11
0.5547404330708662
21
0.1518733464566929
0
LINE
8
BLACK
6
CONTINUOUS
10
0.5547404330708662
20
0.1518733464566929
11
0.5512564566929133
21
0.1483893700787401
0
LINE
8
BLACK
6
CONTINUOUS
10
0.5512564566929133
20
0.1483893700787401
11
0.5468664173228346
21
0.1461525196850394
0
LINE
8
BLACK
6
CONTINUOUS
10
0.5468664173228346
20
0.1461525196850394
11
0.542
21
0.1453817716535433
0
LINE
8
BLACK
6
CONTINUOUS
10
0.542
20
0.1453817716535433
11
0.5371335826771654
21
0.1461525196850394
0
LINE
8
BLACK
6
CONTINUOUS
10
0.5371335826771654
20
0.1461525196850394
11
0.5327435433070866
21
0.1483893700787401
0
LINE
8
BLACK
6
CONTINUOUS
10
0.5327435433070866
20
0.1483893700787401
11
0.5292595669291339
21
0.1518733464566929
0
LINE
8
BLACK
6
CONTINUOUS
10
0.5292595669291339
20
0.1518733464566929
11
0.5270227165354331
21
0.1562633858267717
0
LINE
8
BLACK
6
CONTINUOUS
10
0.5270227165354331
20
0.1562633858267717
11
0.526251968503937
21
0.1611298031496063
0
LINE
8
BLACK
6
CONTINUOUS
10
0.526251968503937
20
0.1611298031496063
11
0.5270227165354331
21
0.1659962204724409
0
LINE
8
BLACK
6
CONTINUOUS
10
0.5270227165354331
20
0.1659962204724409
11
0.5292595669291339
21
0.1703862598425197
0
LINE
8
BLACK
6
CONTINUOUS
10
0.5292595669291339
20
0.1703862598425197
11
0.5327435433070866
21
0.1738702362204724
0
LINE
8
BLACK
6
CONTINUOUS
10
0.5327435433070866
20
0.1738702362204724
11
0.5371335826771654
21
0.1761070866141732
0
LINE
8
BLACK
6
CONTINUOUS
10
0.5371335826771654
20
0.1761070866141732
11
0.5397244094488188
21
0.1765174409448819
0
LINE
8
BLACK
6
CONTINUOUS
10
0.5397244094488188
20
0.1765174409448819
11
0.5397244094488188
21
0.209251968503937
0
LINE
8
BLACK
6
CONTINUOUS
10
0.5397244094488188
20
0.209251968503937
11
0.5279133858267716
21
0.209251968503937
0
LINE
8
BLACK
6
CONTINUOUS
10
0.5279133858267716
20
0.209251968503937
11
0.5279133858267716
21
0.240748031496063
0
LINE
8
BLACK
6
CONTINUOUS
10
0.5279133858267716
20
0.240748031496063
11
0.5633464566929134
21
0.240748031496063
0
LINE
8
BLACK
6
CONTINUOUS
10
0.5633464566929134
20
0.240748031496063
11
0.5633464566929134
21
0.209251968503937
0
LINE
8
BLACK
6
CONTINUOUS
10
1.046259842519685
20
0.2522701181102362
11
1.0471306299212597
21
0.250167874015748
0
LINE
8
BLACK
6
CONTINUOUS
10
1.0471306299212597
20
0.250167874015748
11
1.0472440944881889
21
0.2490157480314961
0
LINE
8
BLACK
6
CONTINUOUS
10
1.0472440944881889
20
0.2490157480314961
11
1.0472440944881889
21
0.1992374803149606
0
LINE
8
BLACK
6
CONTINUOUS
10
1.0472440944881889
20
0.1992374803149606
11
1.0471306299212597
21
0.1980853937007874
0
LINE
8
BLACK
6
CONTINUOUS
10
1.0471306299212597
20
0.1980853937007874
11
1.0469523228346456
21
0.197655
0
LINE
8
BLACK
6
CONTINUOUS
10
1.0469523228346456
20
0.197655
11
1.0479361417322834
21
0.1957241732283465
0
LINE
8
BLACK
6
CONTINUOUS
10
1.0479361417322834
20
0.1957241732283465
11
1.0487068897637795
21
0.1908577559055118
0
LINE
8
BLACK
6
CONTINUOUS
10
1.0487068897637795
20
0.1908577559055118
11
1.0479361417322834
21
0.1859913385826772
0
LINE
8
BLACK
6
CONTINUOUS
10
1.0479361417322834
20
0.1859913385826772
11
1.0456992913385827
21
0.1816012992125984
0
LINE
8
BLACK
6
CONTINUOUS
10
1.0456992913385827
20
0.1816012992125984
11
1.0422153149606299
21
0.1781173228346457
0
LINE
8
BLACK
6
CONTINUOUS
10
1.0422153149606299
20
0.1781173228346457
11
1.0378252755905513
21
0.1758804724409449
0
LINE
8
BLACK
6
CONTINUOUS
10
1.0378252755905513
20
0.1758804724409449
11
1.0329588582677165
21
0.1751097244094488
0
LINE
8
BLACK
6
CONTINUOUS
10
1.0329588582677165
20
0.1751097244094488
11
1.0280924409448819
21
0.1758804724409449
0
LINE
8
BLACK
6
CONTINUOUS
10
1.0280924409448819
20
0.1758804724409449
11
1.0237024015748031
21
0.1781173228346457
0
LINE
8
BLACK
6
CONTINUOUS
10
1.0237024015748031
20
0.1781173228346457
11
1.0202184251968505
21
0.1816012992125984
0
LINE
8
BLACK
6
CONTINUOUS
10
1.0202184251968505
20
0.1816012992125984
11
1.0179815748031495
21
0.1859913385826772
0
LINE
8
BLACK
6
CONTINUOUS
10
1.0179815748031495
20
0.1859913385826772
11
1.0172108267716535
21
0.1908577559055118
0
LINE
8
BLACK
6
CONTINUOUS
10
1.0172108267716535
20
0.1908577559055118
11
1.0179815748031495
21
0.1957241732283465
0
LINE
8
BLACK
6
CONTINUOUS
10
1.0179815748031495
20
0.1957241732283465
11
1.0202184251968505
21
0.2001142125984252
0
LINE
8
BLACK
6
CONTINUOUS
10
1.0202184251968505
20
0.2001142125984252
11
1.0237024015748031
21
0.2035981889763779
0
LINE
8
BLACK
6
CONTINUOUS
10
1.0237024015748031
20
0.2035981889763779
11
1.0280924409448819
21
0.2058350393700787
0
LINE
8
BLACK
6
CONTINUOUS
10
1.0280924409448819
20
0.2058350393700787
11
1.0329588582677165
21
0.2066057874015748
0
LINE
8
BLACK
6
CONTINUOUS
10
1.0329588582677165
20
0.2066057874015748
11
1.0354330708661417
21
0.206213937007874
0
LINE
8
BLACK
6
CONTINUOUS
10
1.0354330708661417
20
0.206213937007874
11
1.0354330708661417
21
0.2490157480314961
0
LINE
8
BLACK
6
CONTINUOUS
10
1.0354330708661417
20
0.2490157480314961
11
1.0355465354330708
21
0.250167874015748
0
LINE
8
BLACK
6
CONTINUOUS
10
1.0355465354330708
20
0.250167874015748
11
1.0364173228346456
21
0.2522701181102362
0
LINE
8
BLACK
6
CONTINUOUS
10
1.0364173228346456
20
0.2522701181102362
11
1.0364173228346456
21
0.2598425196850394
0
LINE
8
BLACK
6
CONTINUOUS
10
1.0364173228346456
20
0.2598425196850394
11
1.046259842519685
21
0.2598425196850394
0
LINE
8
BLACK
6
CONTINUOUS
10
1.046259842519685
20
0.2598425196850394
11
1.046259842519685
21
0.2522701181102362
0
LINE
8
BLACK
6
CONTINUOUS
10
0.4783843307086614
20
0.2585767322834646
11
0.4811783464566929
21
0.256709842519685
0
LINE
8
BLACK
6
CONTINUOUS
10
0.4811783464566929
20
0.256709842519685
11
0.4830452362204724
21
0.2539158267716535
0
LINE
8
BLACK
6
CONTINUOUS
10
0.4830452362204724
20
0.2539158267716535
11
0.4837007874015748
21
0.2506200787401575
0
LINE
8
BLACK
6
CONTINUOUS
10
0.4837007874015748
20
0.2506200787401575
11
0.4837007874015748
21
0.2344426377952756
0
LINE
8
BLACK
6
CONTINUOUS
10
0.4837007874015748
20
0.2344426377952756
11
0.5099794094488189
21
0.2081640157480315
0
LINE
8
BLACK
6
CONTINUOUS
10
0.5099794094488189
20
0.2081640157480315
11
0.5111804330708661
21
0.2083542125984252
0
LINE
8
BLACK
6
CONTINUOUS
10
0.5111804330708661
20
0.2083542125984252
11
0.5160468503937008
21
0.2075834645669291
0
LINE
8
BLACK
6
CONTINUOUS
10
0.5160468503937008
20
0.2075834645669291
11
0.5204368897637796
21
0.2053466141732283
0
LINE
8
BLACK
6
CONTINUOUS
10
0.5204368897637796
20
0.2053466141732283
11
0.5239208661417323
21
0.2018626377952756
0
LINE
8
BLACK
6
CONTINUOUS
10
0.5239208661417323
20
0.2018626377952756
11
0.5261577165354331
21
0.1974725984251968
0
LINE
8
BLACK
6
CONTINUOUS
10
0.5261577165354331
20
0.1974725984251968
11
0.5269284645669291
21
0.1926061811023622
0
LINE
8
BLACK
6
CONTINUOUS
10
0.5269284645669291
20
0.1926061811023622
11
0.5261577165354331
21
0.1877397637795276
0
LINE
8
BLACK
6
CONTINUOUS
10
0.5261577165354331
20
0.1877397637795276
11
0.5239208661417323
21
0.1833497244094488
0
LINE
8
BLACK
6
CONTINUOUS
10
0.5239208661417323
20
0.1833497244094488
11
0.5204368897637796
21
0.179865748031496
0
LINE
8
BLACK
6
CONTINUOUS
10
0.5204368897637796
20
0.179865748031496
11
0.5160468503937008
21
0.1776288976377953
0
LINE
8
BLACK
6
CONTINUOUS
10
0.5160468503937008
20
0.1776288976377953
11
0.5111804330708661
21
0.1768581496062992
0
LINE
8
BLACK
6
CONTINUOUS
10
0.5111804330708661
20
0.1768581496062992
11
0.5063140157480315
21
0.1776288976377953
0
LINE
8
BLACK
6
CONTINUOUS
10
0.5063140157480315
20
0.1776288976377953
11
0.5019239763779527
21
0.179865748031496
0
LINE
8
BLACK
6
CONTINUOUS
10
0.5019239763779527
20
0.179865748031496
11
0.49844
21
0.1833497244094488
0
LINE
8
BLACK
6
CONTINUOUS
10
0.49844
20
0.1833497244094488
11
0.4962031496062992
21
0.1877397637795276
0
LINE
8
BLACK
6
CONTINUOUS
10
0.4962031496062992
20
0.1877397637795276
11
0.4954324015748031
21
0.1926061811023622
0
LINE
8
BLACK
6
CONTINUOUS
10
0.4954324015748031
20
0.1926061811023622
11
0.4962031496062992
21
0.1974725984251968
0
LINE
8
BLACK
6
CONTINUOUS
10
0.4962031496062992
20
0.1974725984251968
11
0.4969445669291339
21
0.1989277559055118
0
LINE
8
BLACK
6
CONTINUOUS
10
0.4969445669291339
20
0.1989277559055118
11
0.4710888976377953
21
0.2247834645669291
0
LINE
8
BLACK
6
CONTINUOUS
10
0.4710888976377953
20
0.2247834645669291
11
0.4549114173228346
21
0.2247834645669291
0
LINE
8
BLACK
6
CONTINUOUS
10
0.4549114173228346
20
0.2247834645669291
11
0.4516156692913386
21
0.2254390157480315
0
LINE
8
BLACK
6
CONTINUOUS
10
0.4516156692913386
20
0.2254390157480315
11
0.4488216535433071
21
0.227305905511811
0
LINE
8
BLACK
6
CONTINUOUS
10
0.4488216535433071
20
0.227305905511811
11
0.4469547637795275
21
0.2300999212598425
0
LINE
8
BLACK
6
CONTINUOUS
10
0.4469547637795275
20
0.2300999212598425
11
0.4462992125984252
21
0.2333956692913386
0
LINE
8
BLACK
6
CONTINUOUS
10
0.4462992125984252
20
0.2333956692913386
11
0.4462992125984252
21
0.2341338582677165
0
LINE
8
BLACK
6
CONTINUOUS
10
0.4462992125984252
20
0.2341338582677165
11
0.3743935826771653
21
0.2341338582677165
0
LINE
8
BLACK
6
CONTINUOUS
10
0.3743935826771653
20
0.2341338582677165
11
0.3748425196850393
21
0.2312992125984252
0
LINE
8
BLACK
6
CONTINUOUS
10
0.3748425196850393
20
0.2312992125984252
11
0.3740717716535433
21
0.2264327952755905
0
LINE
8
BLACK
6
CONTINUOUS
10
0.3740717716535433
20
0.2264327952755905
11
0.3718349212598425
21
0.2220427559055118
0
LINE
8
BLACK
6
CONTINUOUS
10
0.3718349212598425
20
0.2220427559055118
11
0.3683509448818897
21
0.2185587795275591
0
LINE
8
BLACK
6
CONTINUOUS
10
0.3683509448818897
20
0.2185587795275591
11
0.3663888976377953
21
0.2175590551181102
0
LINE
8
BLACK
6
CONTINUOUS
10
0.3663888976377953
20
0.2175590551181102
11
0.3677952755905512
21
0.2175590551181102
0
LINE
8
BLACK
6
CONTINUOUS
10
0.3677952755905512
20
0.2175590551181102
11
0.3677952755905512
21
0.1758267716535433
0
LINE
8
BLACK
6
CONTINUOUS
10
0.3677952755905512
20
0.1758267716535433
11
0.3422047244094488
21
0.1758267716535433
0
LINE
8
BLACK
6
CONTINUOUS
10
0.3422047244094488
20
0.1758267716535433
11
0.3422047244094488
21
0.2175590551181102
0
LINE
8
BLACK
6
CONTINUOUS
10
0.3422047244094488
20
0.2175590551181102
11
0.3471259842519685
21
0.2175590551181102
0
LINE
8
BLACK
6
CONTINUOUS
10
0.3471259842519685
20
0.2175590551181102
11
0.3471259842519685
21
0.2212708267716536
0
LINE
8
BLACK
6
CONTINUOUS
10
0.3471259842519685
20
0.2212708267716536
11
0.3463540551181102
21
0.2220427559055118
0
LINE
8
BLACK
6
CONTINUOUS
10
0.3463540551181102
20
0.2220427559055118
11
0.3441172047244094
21
0.2264327952755905
0
LINE
8
BLACK
6
CONTINUOUS
10
0.3441172047244094
20
0.2264327952755905
11
0.3433464566929134
21
0.2312992125984252
0
LINE
8
BLACK
6
CONTINUOUS
10
0.3433464566929134
20
0.2312992125984252
11
0.3441172047244094
21
0.2361656299212598
0
LINE
8
BLACK
6
CONTINUOUS
10
0.3441172047244094
20
0.2361656299212598
11
0.3463540551181102
21
0.2405556692913386
0
LINE
8
BLACK
6
CONTINUOUS
10
0.3463540551181102
20
0.2405556692913386
11
0.349838031496063
21
0.2440396456692913
0
LINE
8
BLACK
6
CONTINUOUS
10
0.349838031496063
20
0.2440396456692913
11
0.3542280708661417
21
0.2462764960629921
0
LINE
8
BLACK
6
CONTINUOUS
10
0.3542280708661417
20
0.2462764960629921
11
0.3590944881889764
21
0.2470472440944882
0
LINE
8
BLACK
6
CONTINUOUS
10
0.3590944881889764
20
0.2470472440944882
11
0.3630763385826772
21
0.2464166141732284
0
LINE
8
BLACK
6
CONTINUOUS
10
0.3630763385826772
20
0.2464166141732284
11
0.3642353937007874
21
0.2475756299212598
0
LINE
8
BLACK
6
CONTINUOUS
10
0.3642353937007874
20
0.2475756299212598
11
0.3654285826771653
21
0.2485548818897638
0
LINE
8
BLACK
6
CONTINUOUS
10
0.3654285826771653
20
0.2485548818897638
11
0.3682670078740157
21
0.2497305905511811
0
LINE
8
BLACK
6
CONTINUOUS
10
0.3682670078740157
20
0.2497305905511811
11
0.3698031496062992
21
0.2498818897637795
0
LINE
8
BLACK
6
CONTINUOUS
10
0.3698031496062992
20
0.2498818897637795
11
0.4462992125984252
21
0.2498818897637795
0
LINE
8
BLACK
6
CONTINUOUS
10
0.4462992125984252
20
0.2498818897637795
11
0.4462992125984252
21
0.2506200787401575
0
LINE
8
BLACK
6
CONTINUOUS
10
0.4462992125984252
20
0.2506200787401575
11
0.4469547637795275
21
0.2539158267716535
0
LINE
8
BLACK
6
CONTINUOUS
10
0.4469547637795275
20
0.2539158267716535
11
0.4488216535433071
21
0.256709842519685
0
LINE
8
BLACK
6
CONTINUOUS
10
0.4488216535433071
20
0.256709842519685
11
0.4516156692913386
21
0.2585767322834646
0
LINE
8
BLACK
6
CONTINUOUS
10
0.4516156692913386
20
0.2585767322834646
11
0.4549114173228346
21
0.2592322834645669
0
LINE
8
BLACK
6
CONTINUOUS
10
0.4549114173228346
20
0.2592322834645669
11
0.4750885826771654
21
0.2592322834645669
0
LINE
8
BLACK
6
CONTINUOUS
10
0.4750885826771654
20
0.2592322834645669
11
0.4783843307086614
21
0.2585767322834646
0
LINE
8
BLACK
6
CONTINUOUS
10
1.0659448818897637
20
0.2522701181102362
11
1.0668156692913386
21
0.250167874015748
0
LINE
8
BLACK
6
CONTINUOUS
10
1.0668156692913386
20
0.250167874015748
11
1.0669291338582676
21
0.2490157480314961
0
LINE
8
BLACK
6
CONTINUOUS
10
1.0669291338582676
20
0.2490157480314961
11
1.0669291338582676
21
0.2117997637795276
0
LINE
8
BLACK
6
CONTINUOUS
10
1.0669291338582676
20
0.2117997637795276
11
1.0669839763779527
21
0.2118276771653543
0
LINE
8
BLACK
6
CONTINUOUS
10
1.0669839763779527
20
0.2118276771653543
11
1.0718503937007873
21
0.2125984251968504
0
LINE
8
BLACK
6
CONTINUOUS
10
1.0718503937007873
20
0.2125984251968504
11
1.076716811023622
21
0.2118276771653543
0
LINE
8
BLACK
6
CONTINUOUS
10
1.076716811023622
20
0.2118276771653543
11
1.0811068503937007
21
0.2095908267716535
0
LINE
8
BLACK
6
CONTINUOUS
10
1.0811068503937007
20
0.2095908267716535
11
1.0845908267716535
21
0.2061068503937008
0
LINE
8
BLACK
6
CONTINUOUS
10
1.0845908267716535
20
0.2061068503937008
11
1.0868276771653542
21
0.201716811023622
0
LINE
8
BLACK
6
CONTINUOUS
10
1.0868276771653542
20
0.201716811023622
11
1.0875984251968505
21
0.1968503937007874
0
LINE
8
BLACK
6
CONTINUOUS
10
1.0875984251968505
20
0.1968503937007874
11
1.0868276771653542
21
0.1919839763779528
0
LINE
8
BLACK
6
CONTINUOUS
10
1.0868276771653542
20
0.1919839763779528
11
1.0845908267716535
21
0.187593937007874
0
LINE
8
BLACK
6
CONTINUOUS
10
1.0845908267716535
20
0.187593937007874
11
1.0811068503937007
21
0.1841099606299212
0
LINE
8
BLACK
6
CONTINUOUS
10
1.0811068503937007
20
0.1841099606299212
11
1.076716811023622
21
0.1818731102362205
0
LINE
8
BLACK
6
CONTINUOUS
10
1.076716811023622
20
0.1818731102362205
11
1.0718503937007873
21
0.1811023622047244
0
LINE
8
BLACK
6
CONTINUOUS
10
1.0718503937007873
20
0.1811023622047244
11
1.0669839763779527
21
0.1818731102362205
0
LINE
8
BLACK
6
CONTINUOUS
10
1.0669839763779527
20
0.1818731102362205
11
1.0625939370078741
21
0.1841099606299212
0
LINE
8
BLACK
6
CONTINUOUS
10
1.0625939370078741
20
0.1841099606299212
11
1.0591099606299212
21
0.187593937007874
0
LINE
8
BLACK
6
CONTINUOUS
10
1.0591099606299212
20
0.187593937007874
11
1.0568731102362205
21
0.1919839763779528
0
LINE
8
BLACK
6
CONTINUOUS
10
1.0568731102362205
20
0.1919839763779528
11
1.0561023622047243
21
0.1968503937007874
0
LINE
8
BLACK
6
CONTINUOUS
10
1.0561023622047243
20
0.1968503937007874
11
1.0568731102362205
21
0.201716811023622
0
LINE
8
BLACK
6
CONTINUOUS
10
1.0568731102362205
20
0.201716811023622
11
1.0574668897637796
21
0.2028822440944882
0
LINE
8
BLACK
6
CONTINUOUS
10
1.0574668897637796
20
0.2028822440944882
11
1.0568477952755906
21
0.2035013385826772
0
LINE
8
BLACK
6
CONTINUOUS
10
1.0568477952755906
20
0.2035013385826772
11
1.056113346456693
21
0.2043962598425197
0
LINE
8
BLACK
6
CONTINUOUS
10
1.056113346456693
20
0.2043962598425197
11
1.055596811023622
21
0.2056432677165354
0
LINE
8
BLACK
6
CONTINUOUS
10
1.055596811023622
20
0.2056432677165354
11
1.0552315748031496
21
0.2065250393700787
0
LINE
8
BLACK
6
CONTINUOUS
10
1.0552315748031496
20
0.2065250393700787
11
1.0551181102362204
21
0.2076771653543307
0
LINE
8
BLACK
6
CONTINUOUS
10
1.0551181102362204
20
0.2076771653543307
11
1.0551181102362204
21
0.2490157480314961
0
LINE
8
BLACK
6
CONTINUOUS
10
1.0551181102362204
20
0.2490157480314961
11
1.0552315748031496
21
0.250167874015748
0
LINE
8
BLACK
6
CONTINUOUS
10
1.0552315748031496
20
0.250167874015748
11
1.0561023622047243
21
0.2522701181102362
0
LINE
8
BLACK
6
CONTINUOUS
10
1.0561023622047243
20
0.2522701181102362
11
1.0561023622047243
21
0.2598425196850394
0
LINE
8
BLACK
6
CONTINUOUS
10
1.0561023622047243
20
0.2598425196850394
11
1.0659448818897637
21
0.2598425196850394
0
LINE
8
BLACK
6
CONTINUOUS
10
1.0659448818897637
20
0.2598425196850394
11
1.0659448818897637
21
0.2522701181102362
0
LINE
8
BLACK
6
CONTINUOUS
10
0.6420866141732283
20
0.2590488976377953
11
0.6557614960629922
21
0.2453740157480315
0
LINE
8
BLACK
6
CONTINUOUS
10
0.6557614960629922
20
0.2453740157480315
11
0.6675
21
0.2453740157480315
0
LINE
8
BLACK
6
CONTINUOUS
10
0.6675
20
0.2453740157480315
11
0.6690361417322834
21
0.2452227165354331
0
LINE
8
BLACK
6
CONTINUOUS
10
0.6690361417322834
20
0.2452227165354331
11
0.6718745669291338
21
0.2440470078740157
0
LINE
8
BLACK
6
CONTINUOUS
10
0.6718745669291338
20
0.2440470078740157
11
0.6730677559055118
21
0.2430677559055118
0
LINE
8
BLACK
6
CONTINUOUS
10
0.6730677559055118
20
0.2430677559055118
11
0.6874347637795275
21
0.2287007874015748
0
LINE
8
BLACK
6
CONTINUOUS
10
0.6874347637795275
20
0.2287007874015748
11
0.7016043307086614
21
0.2287007874015748
0
LINE
8
BLACK
6
CONTINUOUS
10
0.7016043307086614
20
0.2287007874015748
11
0.7049000787401575
21
0.2280452362204724
0
LINE
8
BLACK
6
CONTINUOUS
10
0.7049000787401575
20
0.2280452362204724
11
0.707694094488189
21
0.2261783464566929
0
LINE
8
BLACK
6
CONTINUOUS
10
0.707694094488189
20
0.2261783464566929
11
0.7095609842519685
21
0.2233843307086614
0
LINE
8
BLACK
6
CONTINUOUS
10
0.7095609842519685
20
0.2233843307086614
11
0.7102165354330708
21
0.2200885826771654
0
LINE
8
BLACK
6
CONTINUOUS
10
0.7102165354330708
20
0.2200885826771654
11
0.7102165354330708
21
0.1999114173228346
0
LINE
8
BLACK
6
CONTINUOUS
10
0.7102165354330708
20
0.1999114173228346
11
0.7095609842519685
21
0.1966156692913386
0
LINE
8
BLACK
6
CONTINUOUS
10
0.7095609842519685
20
0.1966156692913386
11
0.707694094488189
21
0.1938216535433071
0
LINE
8
BLACK
6
CONTINUOUS
10
0.707694094488189
20
0.1938216535433071
11
0.7049000787401575
21
0.1919547637795276
0
LINE
8
BLACK
6
CONTINUOUS
10
0.7049000787401575
20
0.1919547637795276
11
0.7016043307086614
21
0.1912992125984252
0
LINE
8
BLACK
6
CONTINUOUS
10
0.7016043307086614
20
0.1912992125984252
11
0.6843799212598425
21
0.1912992125984252
0
LINE
8
BLACK
6
CONTINUOUS
10
0.6843799212598425
20
0.1912992125984252
11
0.6810841732283465
21
0.1919547637795276
0
LINE
8
BLACK
6
CONTINUOUS
10
0.6810841732283465
20
0.1919547637795276
11
0.678290157480315
21
0.1938216535433071
0
LINE
8
BLACK
6
CONTINUOUS
10
0.678290157480315
20
0.1938216535433071
11
0.6764232677165354
21
0.1966156692913386
0
LINE
8
BLACK
6
CONTINUOUS
10
0.6764232677165354
20
0.1966156692913386
11
0.6757677165354331
21
0.1999114173228346
0
LINE
8
BLACK
6
CONTINUOUS
10
0.6757677165354331
20
0.1999114173228346
11
0.6757677165354331
21
0.2180967716535433
0
LINE
8
BLACK
6
CONTINUOUS
10
0.6757677165354331
20
0.2180967716535433
11
0.6642385039370079
21
0.2296259842519685
0
LINE
8
BLACK
6
CONTINUOUS
10
0.6642385039370079
20
0.2296259842519685
11
0.6525
21
0.2296259842519685
0
LINE
8
BLACK
6
CONTINUOUS
10
0.6525
20
0.2296259842519685
11
0.6509638582677165
21
0.2297772834645669
0
LINE
8
BLACK
6
CONTINUOUS
10
0.6509638582677165
20
0.2297772834645669
11
0.6481254330708661
21
0.2309529921259842
0
LINE
8
BLACK
6
CONTINUOUS
10
0.6481254330708661
20
0.2309529921259842
11
0.6469322440944881
21
0.2319322440944882
0
LINE
8
BLACK
6
CONTINUOUS
10
0.6469322440944881
20
0.2319322440944882
11
0.6322109448818898
21
0.2466535433070866
0
LINE
8
BLACK
6
CONTINUOUS
10
0.6322109448818898
20
0.2466535433070866
11
0.6066535433070867
21
0.2466535433070866
0
LINE
8
BLACK
6
CONTINUOUS
10
0.6066535433070867
20
0.2466535433070866
11
0.6066535433070867
21
0.2781496062992126
0
LINE
8
BLACK
6
CONTINUOUS
10
0.6066535433070867
20
0.2781496062992126
11
0.6420866141732283
21
0.2781496062992126
0
LINE
8
BLACK
6
CONTINUOUS
10
0.6420866141732283
20
0.2781496062992126
11
0.6420866141732283
21
0.2590488976377953
0
LINE
8
BLACK
6
CONTINUOUS
10
0.8729983464566929
20
0.2921070078740157
11
0.8738801181102362
21
0.2917417716535433
0
LINE
8
BLACK
6
CONTINUOUS
10
0.8738801181102362
20
0.2917417716535433
11
0.8751271259842519
21
0.2912252362204724
0
LINE
8
BLACK
6
CONTINUOUS
10
0.8751271259842519
20
0.2912252362204724
11
0.8760220472440945
21
0.2904907874015748
0
LINE
8
BLACK
6
CONTINUOUS
10
0.8760220472440945
20
0.2904907874015748
11
0.9312766141732284
21
0.2352362204724409
0
LINE
8
BLACK
6
CONTINUOUS
10
0.9312766141732284
20
0.2352362204724409
11
0.946
21
0.2352362204724409
0
LINE
8
BLACK
6
CONTINUOUS
10
0.946
20
0.2352362204724409
11
0.9471521259842519
21
0.2351227559055118
0
LINE
8
BLACK
6
CONTINUOUS
10
0.9471521259842519
20
0.2351227559055118
11
0.9480338976377952
21
0.2347575196850394
0
LINE
8
BLACK
6
CONTINUOUS
10
0.9480338976377952
20
0.2347575196850394
11
0.949280905511811
21
0.2342409842519685
0
LINE
8
BLACK
6
CONTINUOUS
10
0.949280905511811
20
0.2342409842519685
11
0.9501758267716536
21
0.2335065354330709
0
LINE
8
BLACK
6
CONTINUOUS
10
0.9501758267716536
20
0.2335065354330709
11
0.9737768503937008
21
0.2099055118110236
0
LINE
8
BLACK
6
CONTINUOUS
10
0.9737768503937008
20
0.2099055118110236
11
0.9955538582677165
21
0.2099055118110236
0
LINE
8
BLACK
6
CONTINUOUS
10
0.9955538582677165
20
0.2099055118110236
11
1.015748031496063
21
0.2300996850393701
0
LINE
8
BLACK
6
CONTINUOUS
10
1.015748031496063
20
0.2300996850393701
11
1.015748031496063
21
0.2490157480314961
0
LINE
8
BLACK
6
CONTINUOUS
10
1.015748031496063
20
0.2490157480314961
11
1.0158614960629921
21
0.250167874015748
0
LINE
8
BLACK
6
CONTINUOUS
10
1.0158614960629921
20
0.250167874015748
11
1.0167322834645669
21
0.2522701181102362
0
LINE
8
BLACK
6
CONTINUOUS
10
1.0167322834645669
20
0.2522701181102362
11
1.0167322834645669
21
0.2598425196850394
0
LINE
8
BLACK
6
CONTINUOUS
10
1.0167322834645669
20
0.2598425196850394
11
1.0265748031496063
21
0.2598425196850394
0
LINE
8
BLACK
6
CONTINUOUS
10
1.0265748031496063
20
0.2598425196850394
11
1.0265748031496063
21
0.2522701181102362
0
LINE
8
BLACK
6
CONTINUOUS
10
1.0265748031496063
20
0.2522701181102362
11
1.027445590551181
21
0.250167874015748
0
LINE
8
BLACK
6
CONTINUOUS
10
1.027445590551181
20
0.250167874015748
11
1.0275590551181102
21
0.2490157480314961
0
LINE
8
BLACK
6
CONTINUOUS
10
1.0275590551181102
20
0.2490157480314961
11
1.0275590551181102
21
0.2276535433070866
0
LINE
8
BLACK
6
CONTINUOUS
10
1.0275590551181102
20
0.2276535433070866
11
1.027445590551181
21
0.2265014566929134
0
LINE
8
BLACK
6
CONTINUOUS
10
1.027445590551181
20
0.2265014566929134
11
1.0265638188976378
21
0.2243726377952756
0
LINE
8
BLACK
6
CONTINUOUS
10
1.0265638188976378
20
0.2243726377952756
11
1.0258293700787402
21
0.2234777165354331
0
LINE
8
BLACK
6
CONTINUOUS
10
1.0258293700787402
20
0.2234777165354331
11
1.0021758267716536
21
0.1998241732283464
0
LINE
8
BLACK
6
CONTINUOUS
10
1.0021758267716536
20
0.1998241732283464
11
1.001280905511811
21
0.1990897244094488
0
LINE
8
BLACK
6
CONTINUOUS
10
1.001280905511811
20
0.1990897244094488
11
1.0000338976377952
21
0.1985732283464567
0
LINE
8
BLACK
6
CONTINUOUS
10
1.0000338976377952
20
0.1985732283464567
11
0.999152125984252
21
0.1982079527559055
0
LINE
8
BLACK
6
CONTINUOUS
10
0.999152125984252
20
0.1982079527559055
11
0.998
21
0.1980944881889764
0
LINE
8
BLACK
6
CONTINUOUS
10
0.998
20
0.1980944881889764
11
0.9713307086614174
21
0.1980944881889764
0
LINE
8
BLACK
6
CONTINUOUS
10
0.9713307086614174
20
0.1980944881889764
11
0.9701785826771653
21
0.1982079527559055
0
LINE
8
BLACK
6
CONTINUOUS
10
0.9701785826771653
20
0.1982079527559055
11
0.969296811023622
21
0.1985732283464567
0
LINE
8
BLACK
6
CONTINUOUS
10
0.969296811023622
20
0.1985732283464567
11
0.9680498031496063
21
0.1990897244094488
0
LINE
8
BLACK
6
CONTINUOUS
10
0.9680498031496063
20
0.1990897244094488
11
0.9671548818897637
21
0.1998241732283464
0
LINE
8
BLACK
6
CONTINUOUS
10
0.9671548818897637
20
0.1998241732283464
11
0.9435538582677165
21
0.2234251968503937
0
LINE
8
BLACK
6
CONTINUOUS
10
0.9435538582677165
20
0.2234251968503937
11
0.9288304724409449
21
0.2234251968503937
0
LINE
8
BLACK
6
CONTINUOUS
10
0.9288304724409449
20
0.2234251968503937
11
0.9276783464566929
21
0.2235386614173228
0
LINE
8
BLACK
6
CONTINUOUS
10
0.9276783464566929
20
0.2235386614173228
11
0.9267965748031496
21
0.223903937007874
0
LINE
8
BLACK
6
CONTINUOUS
10
0.9267965748031496
20
0.223903937007874
11
0.9255495669291338
21
0.2244204330708661
0
LINE
8
BLACK
6
CONTINUOUS
10
0.9255495669291338
20
0.2244204330708661
11
0.9246546456692913
21
0.2251548818897638
0
LINE
8
BLACK
6
CONTINUOUS
10
0.9246546456692913
20
0.2251548818897638
11
0.8694000787401575
21
0.2804094488188976
0
LINE
8
BLACK
6
CONTINUOUS
10
0.8694000787401575
20
0.2804094488188976
11
0.8337611023622047
21
0.2804094488188976
0
LINE
8
BLACK
6
CONTINUOUS
10
0.8337611023622047
20
0.2804094488188976
11
0.7722244094488189
21
0.2188727559055118
0
LINE
8
BLACK
6
CONTINUOUS
10
0.7722244094488189
20
0.2188727559055118
11
0.7722244094488189
21
0.1999114173228346
0
LINE
8
BLACK
6
CONTINUOUS
10
0.7722244094488189
20
0.1999114173228346
11
0.7715688582677165
21
0.1966156692913386
0
LINE
8
BLACK
6
CONTINUOUS
10
0.7715688582677165
20
0.1966156692913386
11
0.769701968503937
21
0.1938216535433071
0
LINE
8
BLACK
6
CONTINUOUS
10
0.769701968503937
20
0.1938216535433071
11
0.7669079527559055
21
0.1919547637795276
0
LINE
8
BLACK
6
CONTINUOUS
10
0.7669079527559055
20
0.1919547637795276
11
0.7636122047244094
21
0.1912992125984252
0
LINE
8
BLACK
6
CONTINUOUS
10
0.7636122047244094
20
0.1912992125984252
11
0.7463877952755905
21
0.1912992125984252
0
LINE
8
BLACK
6
CONTINUOUS
10
0.7463877952755905
20
0.1912992125984252
11
0.7430920472440945
21
0.1919547637795276
0
LINE
8
BLACK
6
CONTINUOUS
10
0.7430920472440945
20
0.1919547637795276
11
0.740298031496063
21
0.1938216535433071
0
LINE
8
BLACK
6
CONTINUOUS
10
0.740298031496063
20
0.1938216535433071
11
0.7384311417322834
21
0.1966156692913386
0
LINE
8
BLACK
6
CONTINUOUS
10
0.7384311417322834
20
0.1966156692913386
11
0.7377755905511811
21
0.1999114173228346
0
LINE
8
BLACK
6
CONTINUOUS
10
0.7377755905511811
20
0.1999114173228346
11
0.7377755905511811
21
0.2200885826771654
0
LINE
8
BLACK
6
CONTINUOUS
10
0.7377755905511811
20
0.2200885826771654
11
0.7384311417322834
21
0.2233843307086614
0
LINE
8
BLACK
6
CONTINUOUS
10
0.7384311417322834
20
0.2233843307086614
11
0.740298031496063
21
0.2261783464566929
0
LINE
8
BLACK
6
CONTINUOUS
10
0.740298031496063
20
0.2261783464566929
11
0.7430920472440945
21
0.2280452362204724
0
LINE
8
BLACK
6
CONTINUOUS
10
0.7430920472440945
20
0.2280452362204724
11
0.7463877952755905
21
0.2287007874015748
0
LINE
8
BLACK
6
CONTINUOUS
10
0.7463877952755905
20
0.2287007874015748
11
0.7636122047244094
21
0.2287007874015748
0
LINE
8
BLACK
6
CONTINUOUS
10
0.7636122047244094
20
0.2287007874015748
11
0.7650609448818897
21
0.2284126377952756
0
LINE
8
BLACK
6
CONTINUOUS
10
0.7650609448818897
20
0.2284126377952756
11
0.8271391338582677
21
0.2904907874015748
0
LINE
8
BLACK
6
CONTINUOUS
10
0.8271391338582677
20
0.2904907874015748
11
0.8280340551181102
21
0.2912252362204724
0
LINE
8
BLACK
6
CONTINUOUS
10
0.8280340551181102
20
0.2912252362204724
11
0.829281062992126
21
0.2917417716535433
0
LINE
8
BLACK
6
CONTINUOUS
10
0.829281062992126
20
0.2917417716535433
11
0.8301628346456693
21
0.2921070078740157
0
LINE
8
BLACK
6
CONTINUOUS
10
0.8301628346456693
20
0.2921070078740157
11
0.8313149606299213
21
0.2922204724409449
0
LINE
8
BLACK
6
CONTINUOUS
10
0.8313149606299213
20
0.2922204724409449
11
0.871846220472441
21
0.2922204724409449
0
LINE
8
BLACK
6
CONTINUOUS
10
0.871846220472441
20
0.2922204724409449
11
0.8729983464566929
21
0.2921070078740157
0
LINE
8
BLACK
6
CONTINUOUS
10
0.7133843307086614
20
0.3905649212598425
11
0.7161783464566929
21
0.388698031496063
0
LINE
8
BLACK
6
CONTINUOUS
10
0.7161783464566929
20
0.388698031496063
11
0.7180452362204724
21
0.3859040157480315
0
LINE
8
BLACK
6
CONTINUOUS
10
0.7180452362204724
20
0.3859040157480315
11
0.7187007874015748
21
0.3826082677165354
0
LINE
8
BLACK
6
CONTINUOUS
10
0.7187007874015748
20
0.3826082677165354
11
0.7187007874015748
21
0.3653838582677165
0
LINE
8
BLACK
6
CONTINUOUS
10
0.7187007874015748
20
0.3653838582677165
11
0.7180452362204724
21
0.3620881102362205
0
LINE
8
BLACK
6
CONTINUOUS
10
0.7180452362204724
20
0.3620881102362205
11
0.7161783464566929
21
0.3592940944881889
0
LINE
8
BLACK
6
CONTINUOUS
10
0.7161783464566929
20
0.3592940944881889
11
0.7133843307086614
21
0.3574272047244094
0
LINE
8
BLACK
6
CONTINUOUS
10
0.7133843307086614
20
0.3574272047244094
11
0.7100885826771653
21
0.3567716535433071
0
LINE
8
BLACK
6
CONTINUOUS
10
0.7100885826771653
20
0.3567716535433071
11
0.7078740157480314
21
0.3567716535433071
0
LINE
8
BLACK
6
CONTINUOUS
10
0.7078740157480314
20
0.3567716535433071
11
0.7078740157480314
21
0.2862256692913386
0
LINE
8
BLACK
6
CONTINUOUS
10
0.7078740157480314
20
0.2862256692913386
11
0.7318241732283465
21
0.3101758267716536
0
LINE
8
BLACK
6
CONTINUOUS
10
0.7318241732283465
20
0.3101758267716536
11
0.7327190944881889
21
0.3109102755905512
0
LINE
8
BLACK
6
CONTINUOUS
10
0.7327190944881889
20
0.3109102755905512
11
0.7340365748031495
21
0.3114559842519685
0
LINE
8
BLACK
6
CONTINUOUS
10
0.7340365748031495
20
0.3114559842519685
11
0.734847874015748
21
0.3117920472440945
0
LINE
8
BLACK
6
CONTINUOUS
10
0.734847874015748
20
0.3117920472440945
11
0.736
21
0.3119055118110236
0
LINE
8
BLACK
6
CONTINUOUS
10
0.736
20
0.3119055118110236
11
0.88
21
0.3119055118110236
0
LINE
8
BLACK
6
CONTINUOUS
10
0.88
20
0.3119055118110236
11
0.881152125984252
21
0.3117920472440945
0
LINE
8
BLACK
6
CONTINUOUS
10
0.881152125984252
20
0.3117920472440945
11
0.8819634251968503
21
0.3114559842519685
0
LINE
8
BLACK
6
CONTINUOUS
10
0.8819634251968503
20
0.3114559842519685
11
0.883280905511811
21
0.3109102755905512
0
LINE
8
BLACK
6
CONTINUOUS
10
0.883280905511811
20
0.3109102755905512
11
0.8841758267716535
21
0.3101758267716536
0
LINE
8
BLACK
6
CONTINUOUS
10
0.8841758267716535
20
0.3101758267716536
11
0.9394303937007874
21
0.2549212598425197
0
LINE
8
BLACK
6
CONTINUOUS
10
0.9394303937007874
20
0.2549212598425197
11
0.9970472440944882
21
0.2549212598425197
0
LINE
8
BLACK
6
CONTINUOUS
10
0.9970472440944882
20
0.2549212598425197
11
0.9970472440944882
21
0.2598425196850394
0
LINE
8
BLACK
6
CONTINUOUS
10
0.9970472440944882
20
0.2598425196850394
11
1.0068897637795275
21
0.2598425196850394
0
LINE
8
BLACK
6
CONTINUOUS
10
1.0068897637795275
20
0.2598425196850394
11
1.0068897637795275
21
0.2522701181102362
0
LINE
8
BLACK
6
CONTINUOUS
10
1.0068897637795275
20
0.2522701181102362
11
1.0077605511811023
21
0.250167874015748
0
LINE
8
BLACK
6
CONTINUOUS
10
1.0077605511811023
20
0.250167874015748
11
1.0077605511811023
21
0.2478636220472441
0
LINE
8
BLACK
6
CONTINUOUS
10
1.0077605511811023
20
0.2478636220472441
11
1.0068897637795275
21
0.2457614173228346
0
LINE
8
BLACK
6
CONTINUOUS
10
1.0068897637795275
20
0.2457614173228346
11
1.0068897637795275
21
0.2381889763779527
0
LINE
8
BLACK
6
CONTINUOUS
10
1.0068897637795275
20
0.2381889763779527
11
0.9970472440944882
21
0.2381889763779527
0
LINE
8
BLACK
6
CONTINUOUS
10
0.9970472440944882
20
0.2381889763779527
11
0.9970472440944882
21
0.2431102362204724
0
LINE
8
BLACK
6
CONTINUOUS
10
0.9970472440944882
20
0.2431102362204724
11
0.9369842519685039
21
0.2431102362204724
0
LINE
8
BLACK
6
CONTINUOUS
10
0.9369842519685039
20
0.2431102362204724
11
0.9358321259842519
21
0.2432237007874016
0
LINE
8
BLACK
6
CONTINUOUS
10
0.9358321259842519
20
0.2432237007874016
11
0.9349503543307086
21
0.2435889763779527
0
LINE
8
BLACK
6
CONTINUOUS
10
0.9349503543307086
20
0.2435889763779527
11
0.9337033464566928
21
0.2441054724409449
0
LINE
8
BLACK
6
CONTINUOUS
10
0.9337033464566928
20
0.2441054724409449
11
0.9328084251968504
21
0.2448399212598425
0
LINE
8
BLACK
6
CONTINUOUS
10
0.9328084251968504
20
0.2448399212598425
11
0.8775538582677165
21
0.3000944881889764
0
LINE
8
BLACK
6
CONTINUOUS
10
0.8775538582677165
20
0.3000944881889764
11
0.7384461417322834
21
0.3000944881889764
0
LINE
8
BLACK
6
CONTINUOUS
10
0.7384461417322834
20
0.3000944881889764
11
0.7143834645669291
21
0.2760318503937008
0
LINE
8
BLACK
6
CONTINUOUS
10
0.7143834645669291
20
0.2760318503937008
11
0.7149772834645669
21
0.2748664173228346
0
LINE
8
BLACK
6
CONTINUOUS
10
0.7149772834645669
20
0.2748664173228346
11
0.715748031496063
21
0.27
0
LINE
8
BLACK
6
CONTINUOUS
10
0.715748031496063
20
0.27
11
0.7149772834645669
21
0.2651335826771654
0
LINE
8
BLACK
6
CONTINUOUS
10
0.7149772834645669
20
0.2651335826771654
11
0.7127404330708661
21
0.2607435433070866
0
LINE
8
BLACK
6
CONTINUOUS
10
0.7127404330708661
20
0.2607435433070866
11
0.7092564566929134
21
0.2572595669291339
0
LINE
8
BLACK
6
CONTINUOUS
10
0.7092564566929134
20
0.2572595669291339
11
0.7048664173228346
21
0.2550227165354331
0
LINE
8
BLACK
6
CONTINUOUS
10
0.7048664173228346
20
0.2550227165354331
11
0.7
21
0.254251968503937
0
LINE
8
BLACK
6
CONTINUOUS
10
0.7
20
0.254251968503937
11
0.6951335826771653
21
0.2550227165354331
0
LINE
8
BLACK
6
CONTINUOUS
10
0.6951335826771653
20
0.2550227165354331
11
0.6907435433070866
21
0.2572595669291339
0
LINE
8
BLACK
6
CONTINUOUS
10
0.6907435433070866
20
0.2572595669291339
11
0.6872595669291338
21
0.2607435433070866
0
LINE
8
BLACK
6
CONTINUOUS
10
0.6872595669291338
20
0.2607435433070866
11
0.685022716535433
21
0.2651335826771654
0
LINE
8
BLACK
6
CONTINUOUS
10
0.685022716535433
20
0.2651335826771654
11
0.684251968503937
21
0.27
0
LINE
8
BLACK
6
CONTINUOUS
10
0.684251968503937
20
0.27
11
0.685022716535433
21
0.2748664173228346
0
LINE
8
BLACK
6
CONTINUOUS
10
0.685022716535433
20
0.2748664173228346
11
0.6872595669291338
21
0.2792564566929134
0
LINE
8
BLACK
6
CONTINUOUS
10
0.6872595669291338
20
0.2792564566929134
11
0.6907435433070866
21
0.2827404330708662
0
LINE
8
BLACK
6
CONTINUOUS
10
0.6907435433070866
20
0.2827404330708662
11
0.6921259842519685
21
0.283444842519685
0
LINE
8
BLACK
6
CONTINUOUS
10
0.6921259842519685
20
0.283444842519685
11
0.6921259842519685
21
0.3567716535433071
0
LINE
8
BLACK
6
CONTINUOUS
10
0.6921259842519685
20
0.3567716535433071
11
0.6899114173228347
21
0.3567716535433071
0
LINE
8
BLACK
6
CONTINUOUS
10
0.6899114173228347
20
0.3567716535433071
11
0.6866156692913385
21
0.3574272047244094
0
LINE
8
BLACK
6
CONTINUOUS
10
0.6866156692913385
20
0.3574272047244094
11
0.683821653543307
21
0.3592940944881889
0
LINE
8
BLACK
6
CONTINUOUS
10
0.683821653543307
20
0.3592940944881889
11
0.6819547637795276
21
0.3620881102362205
0
LINE
8
BLACK
6
CONTINUOUS
10
0.6819547637795276
20
0.3620881102362205
11
0.6812992125984252
21
0.3653838582677165
0
LINE
8
BLACK
6
CONTINUOUS
10
0.6812992125984252
20
0.3653838582677165
11
0.6812992125984252
21
0.3826082677165354
0
LINE
8
BLACK
6
CONTINUOUS
10
0.6812992125984252
20
0.3826082677165354
11
0.6819547637795276
21
0.3859040157480315
0
LINE
8
BLACK
6
CONTINUOUS
10
0.6819547637795276
20
0.3859040157480315
11
0.683821653543307
21
0.388698031496063
0
LINE
8
BLACK
6
CONTINUOUS
10
0.683821653543307
20
0.388698031496063
11
0.6866156692913385
21
0.3905649212598425
0
LINE
8
BLACK
6
CONTINUOUS
10
0.6866156692913385
20
0.3905649212598425
11
0.6899114173228347
21
0.3912204724409449
0
LINE
8
BLACK
6
CONTINUOUS
10
0.6899114173228347
20
0.3912204724409449
11
0.7100885826771653
21
0.3912204724409449
0
LINE
8
BLACK
6
CONTINUOUS
10
0.7100885826771653
20
0.3912204724409449
11
0.7133843307086614
21
0.3905649212598425
0
LINE
8
BLACK
6
CONTINUOUS
10
0.2548664173228347
20
0.2849772834645669
11
0.2592564566929134
21
0.2827404330708662
0
LINE
8
BLACK
6
CONTINUOUS
10
0.2592564566929134
20
0.2827404330708662
11
0.2627404330708661
21
0.2792564566929134
0
LINE
8
BLACK
6
CONTINUOUS
10
0.2627404330708661
20
0.2792564566929134
11
0.2649772834645669
21
0.2748664173228346
0
LINE
8
BLACK
6
CONTINUOUS
10
0.2649772834645669
20
0.2748664173228346
11
0.265748031496063
21
0.27
0
LINE
8
BLACK
6
CONTINUOUS
10
0.265748031496063
20
0.27
11
0.2649772834645669
21
0.2651335826771654
0
LINE
8
BLACK
6
CONTINUOUS
10
0.2649772834645669
20
0.2651335826771654
11
0.2627404330708661
21
0.2607435433070866
0
LINE
8
BLACK
6
CONTINUOUS
10
0.2627404330708661
20
0.2607435433070866
11
0.2592564566929134
21
0.2572595669291339
0
LINE
8
BLACK
6
CONTINUOUS
10
0.2592564566929134
20
0.2572595669291339
11
0.2548664173228347
21
0.2550227165354331
0
LINE
8
BLACK
6
CONTINUOUS
10
0.2548664173228347
20
0.2550227165354331
11
0.25
21
0.254251968503937
0
LINE
8
BLACK
6
CONTINUOUS
10
0.25
20
0.254251968503937
11
0.2451335826771653
21
0.2550227165354331
0
LINE
8
BLACK
6
CONTINUOUS
10
0.2451335826771653
20
0.2550227165354331
11
0.2407435433070866
21
0.2572595669291339
0
LINE
8
BLACK
6
CONTINUOUS
10
0.2407435433070866
20
0.2572595669291339
11
0.2372595669291339
21
0.2607435433070866
0
LINE
8
BLACK
6
CONTINUOUS
10
0.2372595669291339
20
0.2607435433070866
11
0.2362141338582677
21
0.2627952755905512
0
LINE
8
BLACK
6
CONTINUOUS
10
0.2362141338582677
20
0.2627952755905512
11
0.2239076771653543
21
0.2627952755905512
0
LINE
8
BLACK
6
CONTINUOUS
10
0.2239076771653543
20
0.2627952755905512
11
0.2238496850393701
21
0.2625038188976378
0
LINE
8
BLACK
6
CONTINUOUS
10
0.2238496850393701
20
0.2625038188976378
11
0.2225695275590551
21
0.2605879527559055
0
LINE
8
BLACK
6
CONTINUOUS
10
0.2225695275590551
20
0.2605879527559055
11
0.2206536614173228
21
0.2593077952755906
0
LINE
8
BLACK
6
CONTINUOUS
10
0.2206536614173228
20
0.2593077952755906
11
0.2183937007874016
21
0.2588582677165354
0
LINE
8
BLACK
6
CONTINUOUS
10
0.2183937007874016
20
0.2588582677165354
11
0.1632755905511811
21
0.2588582677165354
0
LINE
8
BLACK
6
CONTINUOUS
10
0.1632755905511811
20
0.2588582677165354
11
0.1610156299212598
21
0.2593077952755906
0
LINE
8
BLACK
6
CONTINUOUS
10
0.1610156299212598
20
0.2593077952755906
11
0.1590997637795276
21
0.2605879527559055
0
LINE
8
BLACK
6
CONTINUOUS
10
0.1590997637795276
20
0.2605879527559055
11
0.1578196062992126
21
0.2625038188976378
0
LINE
8
BLACK
6
CONTINUOUS
10
0.1578196062992126
20
0.2625038188976378
11
0.1573700787401575
21
0.264763779527559
0
LINE
8
BLACK
6
CONTINUOUS
10
0.1573700787401575
20
0.264763779527559
11
0.1573700787401575
21
0.2765748031496063
0
LINE
8
BLACK
6
CONTINUOUS
10
0.1573700787401575
20
0.2765748031496063
11
0.1578196062992126
21
0.2788347637795275
0
LINE
8
BLACK
6
CONTINUOUS
10
0.1578196062992126
20
0.2788347637795275
11
0.1590997637795276
21
0.2807506299212598
0
LINE
8
BLACK
6
CONTINUOUS
10
0.1590997637795276
20
0.2807506299212598
11
0.1610156299212598
21
0.2820307874015748
0
LINE
8
BLACK
6
CONTINUOUS
10
0.1610156299212598
20
0.2820307874015748
11
0.1632755905511811
21
0.2824803149606299
0
LINE
8
BLACK
6
CONTINUOUS
10
0.1632755905511811
20
0.2824803149606299
11
0.2183937007874016
21
0.2824803149606299
0
LINE
8
BLACK
6
CONTINUOUS
10
0.2183937007874016
20
0.2824803149606299
11
0.2206536614173228
21
0.2820307874015748
0
LINE
8
BLACK
6
CONTINUOUS
10
0.2206536614173228
20
0.2820307874015748
11
0.2225695275590551
21
0.2807506299212598
0
LINE
8
BLACK
6
CONTINUOUS
10
0.2225695275590551
20
0.2807506299212598
11
0.2238496850393701
21
0.2788347637795275
0
LINE
8
BLACK
6
CONTINUOUS
10
0.2238496850393701
20
0.2788347637795275
11
0.2239076771653543
21
0.2785433070866142
0
LINE
8
BLACK
6
CONTINUOUS
10
0.2239076771653543
20
0.2785433070866142
11
0.2368961811023622
21
0.2785433070866142
0
LINE
8
BLACK
6
CONTINUOUS
10
0.2368961811023622
20
0.2785433070866142
11
0.2372595669291339
21
0.2792564566929134
0
LINE
8
BLACK
6
CONTINUOUS
10
0.2372595669291339
20
0.2792564566929134
11
0.2407435433070866
21
0.2827404330708662
0
LINE
8
BLACK
6
CONTINUOUS
10
0.2407435433070866
20
0.2827404330708662
11
0.2451335826771653
21
0.2849772834645669
0
LINE
8
BLACK
6
CONTINUOUS
10
0.2451335826771653
20
0.2849772834645669
11
0.25
21
0.285748031496063
0
LINE
8
BLACK
6
CONTINUOUS
10
0.25
20
0.285748031496063
11
0.2548664173228347
21
0.2849772834645669
0
LINE
8
BLACK
6
CONTINUOUS
10
0.2206536614173228
20
0.3312433858267717
11
0.2225695275590551
21
0.3299632283464567
0
LINE
8
BLACK
6
CONTINUOUS
10
0.2225695275590551
20
0.3299632283464567
11
0.2238496850393701
21
0.3280473622047244
0
LINE
8
BLACK
6
CONTINUOUS
10
0.2238496850393701
20
0.3280473622047244
11
0.2239076771653543
21
0.327755905511811
0
LINE
8
BLACK
6
CONTINUOUS
10
0.2239076771653543
20
0.327755905511811
11
0.2596850393700788
21
0.327755905511811
0
LINE
8
BLACK
6
CONTINUOUS
10
0.2596850393700788
20
0.327755905511811
11
0.2610294488188976
21
0.3276235039370078
0
LINE
8
BLACK
6
CONTINUOUS
10
0.2610294488188976
20
0.3276235039370078
11
0.2617083858267716
21
0.3279694094488189
0
LINE
8
BLACK
6
CONTINUOUS
10
0.2617083858267716
20
0.3279694094488189
11
0.2665748031496063
21
0.3287401574803149
0
LINE
8
BLACK
6
CONTINUOUS
10
0.2665748031496063
20
0.3287401574803149
11
0.271441220472441
21
0.3279694094488189
0
LINE
8
BLACK
6
CONTINUOUS
10
0.271441220472441
20
0.3279694094488189
11
0.2758312598425197
21
0.3257325590551181
0
LINE
8
BLACK
6
CONTINUOUS
10
0.2758312598425197
20
0.3257325590551181
11
0.2793152362204724
21
0.3222485826771653
0
LINE
8
BLACK
6
CONTINUOUS
10
0.2793152362204724
20
0.3222485826771653
11
0.2815520866141732
21
0.3178585433070866
0
LINE
8
BLACK
6
CONTINUOUS
10
0.2815520866141732
20
0.3178585433070866
11
0.2823228346456693
21
0.312992125984252
0
LINE
8
BLACK
6
CONTINUOUS
10
0.2823228346456693
20
0.312992125984252
11
0.2815520866141732
21
0.3081257086614173
0
LINE
8
BLACK
6
CONTINUOUS
10
0.2815520866141732
20
0.3081257086614173
11
0.2793152362204724
21
0.3037356692913386
0
LINE
8
BLACK
6
CONTINUOUS
10
0.2793152362204724
20
0.3037356692913386
11
0.2758312598425197
21
0.3002516929133858
0
LINE
8
BLACK
6
CONTINUOUS
10
0.2758312598425197
20
0.3002516929133858
11
0.271441220472441
21
0.298014842519685
0
LINE
8
BLACK
6
CONTINUOUS
10
0.271441220472441
20
0.298014842519685
11
0.2665748031496063
21
0.2972440944881889
0
LINE
8
BLACK
6
CONTINUOUS
10
0.2665748031496063
20
0.2972440944881889
11
0.2617083858267716
21
0.298014842519685
0
LINE
8
BLACK
6
CONTINUOUS
10
0.2617083858267716
20
0.298014842519685
11
0.2573183464566929
21
0.3002516929133858
0
LINE
8
BLACK
6
CONTINUOUS
10
0.2573183464566929
20
0.3002516929133858
11
0.2538343700787402
21
0.3037356692913386
0
LINE
8
BLACK
6
CONTINUOUS
10
0.2538343700787402
20
0.3037356692913386
11
0.2515975196850394
21
0.3081257086614173
0
LINE
8
BLACK
6
CONTINUOUS
10
0.2515975196850394
20
0.3081257086614173
11
0.2509826771653543
21
0.312007874015748
0
LINE
8
BLACK
6
CONTINUOUS
10
0.2509826771653543
20
0.312007874015748
11
0.2239076771653543
21
0.312007874015748
0
LINE
8
BLACK
6
CONTINUOUS
10
0.2239076771653543
20
0.312007874015748
11
0.2238496850393701
21
0.3117164173228346
0
LINE
8
BLACK
6
CONTINUOUS
10
0.2238496850393701
20
0.3117164173228346
11
0.2225695275590551
21
0.3098005511811023
0
LINE
8
BLACK
6
CONTINUOUS
10
0.2225695275590551
20
0.3098005511811023
11
0.2206536614173228
21
0.3085203937007874
0
LINE
8
BLACK
6
CONTINUOUS
10
0.2206536614173228
20
0.3085203937007874
11
0.2183937007874016
21
0.3080708661417323
0
LINE
8
BLACK
6
CONTINUOUS
10
0.2183937007874016
20
0.3080708661417323
11
0.1632755905511811
21
0.3080708661417323
0
LINE
8
BLACK
6
CONTINUOUS
10
0.1632755905511811
20
0.3080708661417323
11
0.1610156299212598
21
0.3085203937007874
0
LINE
8
BLACK
6
CONTINUOUS
10
0.1610156299212598
20
0.3085203937007874
11
0.1590997637795276
21
0.3098005511811023
0
LINE
8
BLACK
6
CONTINUOUS
10
0.1590997637795276
20
0.3098005511811023
11
0.1578196062992126
21
0.3117164173228346
0
LINE
8
BLACK
6
CONTINUOUS
10
0.1578196062992126
20
0.3117164173228346
11
0.1577616141732283
21
0.312007874015748
0
LINE
8
BLACK
6
CONTINUOUS
10
0.1577616141732283
20
0.312007874015748
11
0.1231434251968504
21
0.312007874015748
0
LINE
8
BLACK
6
CONTINUOUS
10
0.1231434251968504
20
0.312007874015748
11
0.1200787401574803
21
0.3089432283464567
0
LINE
8
BLACK
6
CONTINUOUS
10
0.1200787401574803
20
0.3089432283464567
11
0.1200787401574803
21
0.2841141338582677
0
LINE
8
BLACK
6
CONTINUOUS
10
0.1200787401574803
20
0.2841141338582677
11
0.1214611811023622
21
0.2834097244094488
0
LINE
8
BLACK
6
CONTINUOUS
10
0.1214611811023622
20
0.2834097244094488
11
0.124945157480315
21
0.2799257480314961
0
LINE
8
BLACK
6
CONTINUOUS
10
0.124945157480315
20
0.2799257480314961
11
0.1271820078740157
21
0.2755357086614173
0
LINE
8
BLACK
6
CONTINUOUS
10
0.1271820078740157
20
0.2755357086614173
11
0.1279527559055118
21
0.2706692913385827
0
LINE
8
BLACK
6
CONTINUOUS
10
0.1279527559055118
20
0.2706692913385827
11
0.1271820078740157
21
0.265802874015748
0
LINE
8
BLACK
6
CONTINUOUS
10
0.1271820078740157
20
0.265802874015748
11
0.124945157480315
21
0.2614128346456693
0
LINE
8
BLACK
6
CONTINUOUS
10
0.124945157480315
20
0.2614128346456693
11
0.1214611811023622
21
0.2579288582677166
0
LINE
8
BLACK
6
CONTINUOUS
10
0.1214611811023622
20
0.2579288582677166
11
0.1170711417322835
21
0.2556920078740157
0
LINE
8
BLACK
6
CONTINUOUS
10
0.1170711417322835
20
0.2556920078740157
11
0.1122047244094488
21
0.2549212598425197
0
LINE
8
BLACK
6
CONTINUOUS
10
0.1122047244094488
20
0.2549212598425197
11
0.1073383070866142
21
0.2556920078740157
0
LINE
8
BLACK
6
CONTINUOUS
10
0.1073383070866142
20
0.2556920078740157
11
0.1029482677165354
21
0.2579288582677166
0
LINE
8
BLACK
6
CONTINUOUS
10
0.1029482677165354
20
0.2579288582677166
11
0.0994642913385827
21
0.2614128346456693
0
LINE
8
BLACK
6
CONTINUOUS
10
0.0994642913385827
20
0.2614128346456693
11
0.0972274409448819
21
0.265802874015748
0
LINE
8
BLACK
6
CONTINUOUS
10
0.0972274409448819
20
0.265802874015748
11
0.0964566929133858
21
0.2706692913385827
0
LINE
8
BLACK
6
CONTINUOUS
10
0.0964566929133858
20
0.2706692913385827
11
0.0972274409448819
21
0.2755357086614173
0
LINE
8
BLACK
6
CONTINUOUS
10
0.0972274409448819
20
0.2755357086614173
11
0.0994642913385827
21
0.2799257480314961
0
LINE
8
BLACK
6
CONTINUOUS
10
0.0994642913385827
20
0.2799257480314961
11
0.1029482677165354
21
0.2834097244094488
0
LINE
8
BLACK
6
CONTINUOUS
10
0.1029482677165354
20
0.2834097244094488
11
0.1043307086614173
21
0.2841141338582677
0
LINE
8
BLACK
6
CONTINUOUS
10
0.1043307086614173
20
0.2841141338582677
11
0.1043307086614173
21
0.3122047244094488
0
LINE
8
BLACK
6
CONTINUOUS
10
0.1043307086614173
20
0.3122047244094488
11
0.1044820078740158
21
0.3137408661417323
0
LINE
8
BLACK
6
CONTINUOUS
10
0.1044820078740158
20
0.3137408661417323
11
0.1056577165354331
21
0.3165792913385826
0
LINE
8
BLACK
6
CONTINUOUS
10
0.1056577165354331
20
0.3165792913385826
11
0.106636968503937
21
0.3177724803149606
0
LINE
8
BLACK
6
CONTINUOUS
10
0.106636968503937
20
0.3177724803149606
11
0.1143141338582677
21
0.3254496850393701
0
LINE
8
BLACK
6
CONTINUOUS
10
0.1143141338582677
20
0.3254496850393701
11
0.1155073228346457
21
0.3264288976377953
0
LINE
8
BLACK
6
CONTINUOUS
10
0.1155073228346457
20
0.3264288976377953
11
0.1183457480314961
21
0.3276046062992126
0
LINE
8
BLACK
6
CONTINUOUS
10
0.1183457480314961
20
0.3276046062992126
11
0.1198818897637795
21
0.327755905511811
0
LINE
8
BLACK
6
CONTINUOUS
10
0.1198818897637795
20
0.327755905511811
11
0.1577616141732283
21
0.327755905511811
0
LINE
8
BLACK
6
CONTINUOUS
10
0.1577616141732283
20
0.327755905511811
11
0.1578196062992126
21
0.3280473622047244
0
LINE
8
BLACK
6
CONTINUOUS
10
0.1578196062992126
20
0.3280473622047244
11
0.1590997637795276
21
0.3299632283464567
0
LINE
8
BLACK
6
CONTINUOUS
10
0.1590997637795276
20
0.3299632283464567
11
0.1610156299212598
21
0.3312433858267717
0
LINE
8
BLACK
6
CONTINUOUS
10
0.1610156299212598
20
0.3312433858267717
11
0.1632755905511811
21
0.3316929133858267
0
LINE
8
BLACK
6
CONTINUOUS
10
0.1632755905511811
20
0.3316929133858267
11
0.2183937007874016
21
0.3316929133858267
0
LINE
8
BLACK
6
CONTINUOUS
10
0.2183937007874016
20
0.3316929133858267
11
0.2206536614173228
21
0.3312433858267717
0
LINE
8
BLACK
6
CONTINUOUS
10
0.3303937007874015
20
0.2624409448818897
11
0.3048031496062992
21
0.2624409448818897
0
LINE
8
BLACK
6
CONTINUOUS
10
0.3048031496062992
20
0.2624409448818897
11
0.3048031496062992
21
0.3041732283464567
0
LINE
8
BLACK
6
CONTINUOUS
10
0.3048031496062992
20
0.3041732283464567
11
0.3303937007874015
21
0.3041732283464567
0
LINE
8
BLACK
6
CONTINUOUS
10
0.3303937007874015
20
0.3041732283464567
11
0.3303937007874015
21
0.2624409448818897
0
LINE
8
BLACK
6
CONTINUOUS
10
1.0744079527559054
20
0.4745019291338582
11
1.0772019685039369
21
0.4726350393700787
0
LINE
8
BLACK
6
CONTINUOUS
10
1.0772019685039369
20
0.4726350393700787
11
1.0790688582677166
21
0.4698410236220472
0
LINE
8
BLACK
6
CONTINUOUS
10
1.0790688582677166
20
0.4698410236220472
11
1.079724409448819
21
0.4665452755905511
0
LINE
8
BLACK
6
CONTINUOUS
10
1.079724409448819
20
0.4665452755905511
11
1.079724409448819
21
0.4463681102362205
0
LINE
8
BLACK
6
CONTINUOUS
10
1.079724409448819
20
0.4463681102362205
11
1.0790688582677166
21
0.4430723622047244
0
LINE
8
BLACK
6
CONTINUOUS
10
1.0790688582677166
20
0.4430723622047244
11
1.0772019685039369
21
0.4402783464566929
0
LINE
8
BLACK
6
CONTINUOUS
10
1.0772019685039369
20
0.4402783464566929
11
1.0744079527559054
21
0.4384114566929134
0
LINE
8
BLACK
6
CONTINUOUS
10
1.0744079527559054
20
0.4384114566929134
11
1.0711122047244095
21
0.437755905511811
0
LINE
8
BLACK
6
CONTINUOUS
10
1.0711122047244095
20
0.437755905511811
11
1.0703740157480315
21
0.437755905511811
0
LINE
8
BLACK
6
CONTINUOUS
10
1.0703740157480315
20
0.437755905511811
11
1.0703740157480315
21
0.4014260236220472
0
LINE
8
BLACK
6
CONTINUOUS
10
1.0703740157480315
20
0.4014260236220472
11
1.0737640551181102
21
0.3980359842519685
0
LINE
8
BLACK
6
CONTINUOUS
10
1.0737640551181102
20
0.3980359842519685
11
1.0760009055118109
21
0.3936459448818898
0
LINE
8
BLACK
6
CONTINUOUS
10
1.0760009055118109
20
0.3936459448818898
11
1.0767716535433072
21
0.3887795275590551
0
LINE
8
BLACK
6
CONTINUOUS
10
1.0767716535433072
20
0.3887795275590551
11
1.0760009055118109
21
0.3839131102362205
0
LINE
8
BLACK
6
CONTINUOUS
10
1.0760009055118109
20
0.3839131102362205
11
1.0737640551181102
21
0.3795230708661417
0
LINE
8
BLACK
6
CONTINUOUS
10
1.0737640551181102
20
0.3795230708661417
11
1.0702800787401574
21
0.376039094488189
0
LINE
8
BLACK
6
CONTINUOUS
10
1.0702800787401574
20
0.376039094488189
11
1.0669291338582676
21
0.3743316929133858
0
LINE
8
BLACK
6
CONTINUOUS
10
1.0669291338582676
20
0.3743316929133858
11
1.0669291338582676
21
0.3415354330708661
0
LINE
8
BLACK
6
CONTINUOUS
10
1.0669291338582676
20
0.3415354330708661
11
1.0668156692913386
21
0.3403833070866142
0
LINE
8
BLACK
6
CONTINUOUS
10
1.0668156692913386
20
0.3403833070866142
11
1.0659448818897637
21
0.3382811023622047
0
LINE
8
BLACK
6
CONTINUOUS
10
1.0659448818897637
20
0.3382811023622047
11
1.0659448818897637
21
0.3307086614173228
0
LINE
8
BLACK
6
CONTINUOUS
10
1.0659448818897637
20
0.3307086614173228
11
1.0561023622047243
21
0.3307086614173228
0
LINE
8
BLACK
6
CONTINUOUS
10
1.0561023622047243
20
0.3307086614173228
11
1.0561023622047243
21
0.3382811023622047
0
LINE
8
BLACK
6
CONTINUOUS
10
1.0561023622047243
20
0.3382811023622047
11
1.0552315748031496
21
0.3403833070866142
0
LINE
8
BLACK
6
CONTINUOUS
10
1.0552315748031496
20
0.3403833070866142
11
1.0551181102362204
21
0.3415354330708661
0
LINE
8
BLACK
6
CONTINUOUS
10
1.0551181102362204
20
0.3415354330708661
11
1.0551181102362204
21
0.3743316929133858
0
LINE
8
BLACK
6
CONTINUOUS
10
1.0551181102362204
20
0.3743316929133858
11
1.0523836614173228
21
0.3757249606299213
0
LINE
8
BLACK
6
CONTINUOUS
10
1.0523836614173228
20
0.3757249606299213
11
1.0472440944881889
21
0.3705853543307087
0
LINE
8
BLACK
6
CONTINUOUS
10
1.0472440944881889
20
0.3705853543307087
11
1.0472440944881889
21
0.3415354330708661
0
LINE
8
BLACK
6
CONTINUOUS
10
1.0472440944881889
20
0.3415354330708661
11
1.0472440944881889
21
0.3149606299212598
0
LINE
8
BLACK
6
CONTINUOUS
10
1.0472440944881889
20
0.3149606299212598
11
1.0649606299212597
21
0.3149606299212598
0
LINE
8
BLACK
6
CONTINUOUS
10
1.0649606299212597
20
0.3149606299212598
11
1.0649606299212597
21
0.2874015748031496
0
LINE
8
BLACK
6
CONTINUOUS
10
1.0649606299212597
20
0.2874015748031496
11
1.0531496062992125
21
0.2755905511811024
0
LINE
8
BLACK
6
CONTINUOUS
10
1.0531496062992125
20
0.2755905511811024
11
0.9980314960629921
21
0.2755905511811024
0
LINE
8
BLACK
6
CONTINUOUS
10
0.9980314960629921
20
0.2755905511811024
11
0.9980314960629921
21
0.3149606299212598
0
LINE
8
BLACK
6
CONTINUOUS
10
0.9980314960629921
20
0.3149606299212598
11
1.0354330708661417
21
0.3149606299212598
0
LINE
8
BLACK
6
CONTINUOUS
10
1.0354330708661417
20
0.3149606299212598
11
1.0354330708661417
21
0.3415354330708661
0
LINE
8
BLACK
6
CONTINUOUS
10
1.0354330708661417
20
0.3415354330708661
11
1.0354330708661417
21
0.3730314960629921
0
LINE
8
BLACK
6
CONTINUOUS
10
1.0354330708661417
20
0.3730314960629921
11
1.0355465354330708
21
0.3741836220472441
0
LINE
8
BLACK
6
CONTINUOUS
10
1.0355465354330708
20
0.3741836220472441
11
1.0359784645669292
21
0.3752263779527559
0
LINE
8
BLACK
6
CONTINUOUS
10
1.0359784645669292
20
0.3752263779527559
11
1.036428307086614
21
0.3763124015748032
0
LINE
8
BLACK
6
CONTINUOUS
10
1.036428307086614
20
0.3763124015748032
11
1.0371627559055119
21
0.3772073228346456
0
LINE
8
BLACK
6
CONTINUOUS
10
1.0371627559055119
20
0.3772073228346456
11
1.0457485433070866
21
0.3857931496062992
0
LINE
8
BLACK
6
CONTINUOUS
10
1.0457485433070866
20
0.3857931496062992
11
1.045275590551181
21
0.3887795275590551
0
LINE
8
BLACK
6
CONTINUOUS
10
1.045275590551181
20
0.3887795275590551
11
1.046046338582677
21
0.3936459448818898
0
LINE
8
BLACK
6
CONTINUOUS
10
1.046046338582677
20
0.3936459448818898
11
1.048283188976378
21
0.3980359842519685
0
LINE
8
BLACK
6
CONTINUOUS
10
1.048283188976378
20
0.3980359842519685
11
1.0517671653543308
21
0.4015199606299212
0
LINE
8
BLACK
6
CONTINUOUS
10
1.0517671653543308
20
0.4015199606299212
11
1.0546259842519685
21
0.4029766141732283
0
LINE
8
BLACK
6
CONTINUOUS
10
1.0546259842519685
20
0.4029766141732283
11
1.0546259842519685
21
0.437755905511811
0
LINE
8
BLACK
6
CONTINUOUS
10
1.0546259842519685
20
0.437755905511811
11
1.0538877952755905
21
0.437755905511811
0
LINE
8
BLACK
6
CONTINUOUS
10
1.0538877952755905
20
0.437755905511811
11
1.0505920472440944
21
0.4384114566929134
0
LINE
8
BLACK
6
CONTINUOUS
10
1.0505920472440944
20
0.4384114566929134
11
1.0477980314960629
21
0.4402783464566929
0
LINE
8
BLACK
6
CONTINUOUS
10
1.0477980314960629
20
0.4402783464566929
11
1.0459311417322834
21
0.4430723622047244
0
LINE
8
BLACK
6
CONTINUOUS
10
1.0459311417322834
20
0.4430723622047244
11
1.045275590551181
21
0.4463681102362205
0
LINE
8
BLACK
6
CONTINUOUS
10
1.045275590551181
20
0.4463681102362205
11
1.045275590551181
21
0.4665452755905511
0
LINE
8
BLACK
6
CONTINUOUS
10
1.045275590551181
20
0.4665452755905511
11
1.0459311417322834
21
0.4698410236220472
0
LINE
8
BLACK
6
CONTINUOUS
10
1.0459311417322834
20
0.4698410236220472
11
1.0477980314960629
21
0.4726350393700787
0
LINE
8
BLACK
6
CONTINUOUS
10
1.0477980314960629
20
0.4726350393700787
11
1.0505920472440944
21
0.4745019291338582
0
LINE
8
BLACK
6
CONTINUOUS
10
1.0505920472440944
20
0.4745019291338582
11
1.0538877952755905
21
0.4751574803149606
0
LINE
8
BLACK
6
CONTINUOUS
10
1.0538877952755905
20
0.4751574803149606
11
1.0711122047244095
21
0.4751574803149606
0
LINE
8
BLACK
6
CONTINUOUS
10
1.0711122047244095
20
0.4751574803149606
11
1.0744079527559054
21
0.4745019291338582
0
LINE
8
BLACK
6
CONTINUOUS
10
0.6233843307086614
20
0.3895609842519685
11
0.6261783464566929
21
0.387694094488189
0
LINE
8
BLACK
6
CONTINUOUS
10
0.6261783464566929
20
0.387694094488189
11
0.6280452362204725
21
0.3849000787401575
0
LINE
8
BLACK
6
CONTINUOUS
10
0.6280452362204725
20
0.3849000787401575
11
0.6287007874015748
21
0.3816043307086614
0
LINE
8
BLACK
6
CONTINUOUS
10
0.6287007874015748
20
0.3816043307086614
11
0.6287007874015748
21
0.3643799212598425
0
LINE
8
BLACK
6
CONTINUOUS
10
0.6287007874015748
20
0.3643799212598425
11
0.6280452362204725
21
0.3610841732283465
0
LINE
8
BLACK
6
CONTINUOUS
10
0.6280452362204725
20
0.3610841732283465
11
0.6261783464566929
21
0.358290157480315
0
LINE
8
BLACK
6
CONTINUOUS
10
0.6261783464566929
20
0.358290157480315
11
0.6233843307086614
21
0.3564232677165354
0
LINE
8
BLACK
6
CONTINUOUS
10
0.6233843307086614
20
0.3564232677165354
11
0.6200885826771654
21
0.355767716535433
0
LINE
8
BLACK
6
CONTINUOUS
10
0.6200885826771654
20
0.355767716535433
11
0.6178740157480315
21
0.355767716535433
0
LINE
8
BLACK
6
CONTINUOUS
10
0.6178740157480315
20
0.355767716535433
11
0.6178740157480315
21
0.333444842519685
0
LINE
8
BLACK
6
CONTINUOUS
10
0.6178740157480315
20
0.333444842519685
11
0.6192564566929134
21
0.3327404330708661
0
LINE
8
BLACK
6
CONTINUOUS
10
0.6192564566929134
20
0.3327404330708661
11
0.6227404330708661
21
0.3292564566929134
0
LINE
8
BLACK
6
CONTINUOUS
10
0.6227404330708661
20
0.3292564566929134
11
0.6249772834645669
21
0.3248664173228346
0
LINE
8
BLACK
6
CONTINUOUS
10
0.6249772834645669
20
0.3248664173228346
11
0.625748031496063
21
0.32
0
LINE
8
BLACK
6
CONTINUOUS
10
0.625748031496063
20
0.32
11
0.6249772834645669
21
0.3151335826771653
0
LINE
8
BLACK
6
CONTINUOUS
10
0.6249772834645669
20
0.3151335826771653
11
0.6227404330708661
21
0.3107435433070866
0
LINE
8
BLACK
6
CONTINUOUS
10
0.6227404330708661
20
0.3107435433070866
11
0.6192564566929134
21
0.3072595669291339
0
LINE
8
BLACK
6
CONTINUOUS
10
0.6192564566929134
20
0.3072595669291339
11
0.6148664173228346
21
0.3050227165354331
0
LINE
8
BLACK
6
CONTINUOUS
10
0.6148664173228346
20
0.3050227165354331
11
0.61
21
0.304251968503937
0
LINE
8
BLACK
6
CONTINUOUS
10
0.61
20
0.304251968503937
11
0.6051335826771653
21
0.3050227165354331
0
LINE
8
BLACK
6
CONTINUOUS
10
0.6051335826771653
20
0.3050227165354331
11
0.6007435433070866
21
0.3072595669291339
0
LINE
8
BLACK
6
CONTINUOUS
10
0.6007435433070866
20
0.3072595669291339
11
0.5972595669291338
21
0.3107435433070866
0
LINE
8
BLACK
6
CONTINUOUS
10
0.5972595669291338
20
0.3107435433070866
11
0.595022716535433
21
0.3151335826771653
0
LINE
8
BLACK
6
CONTINUOUS
10
0.595022716535433
20
0.3151335826771653
11
0.594251968503937
21
0.32
0
LINE
8
BLACK
6
CONTINUOUS
10
0.594251968503937
20
0.32
11
0.595022716535433
21
0.3248664173228346
0
LINE
8
BLACK
6
CONTINUOUS
10
0.595022716535433
20
0.3248664173228346
11
0.5972595669291338
21
0.3292564566929134
0
LINE
8
BLACK
6
CONTINUOUS
10
0.5972595669291338
20
0.3292564566929134
11
0.6007435433070866
21
0.3327404330708661
0
LINE
8
BLACK
6
CONTINUOUS
10
0.6007435433070866
20
0.3327404330708661
11
0.6021259842519685
21
0.333444842519685
0
LINE
8
BLACK
6
CONTINUOUS
10
0.6021259842519685
20
0.333444842519685
11
0.6021259842519685
21
0.355767716535433
0
LINE
8
BLACK
6
CONTINUOUS
10
0.6021259842519685
20
0.355767716535433
11
0.5999114173228346
21
0.355767716535433
0
LINE
8
BLACK
6
CONTINUOUS
10
0.5999114173228346
20
0.355767716535433
11
0.5966156692913386
21
0.3564232677165354
0
LINE
8
BLACK
6
CONTINUOUS
10
0.5966156692913386
20
0.3564232677165354
11
0.5938216535433071
21
0.358290157480315
0
LINE
8
BLACK
6
CONTINUOUS
10
0.5938216535433071
20
0.358290157480315
11
0.5919547637795275
21
0.3610841732283465
0
LINE
8
BLACK
6
CONTINUOUS
10
0.5919547637795275
20
0.3610841732283465
11
0.5912992125984252
21
0.3643799212598425
0
LINE
8
BLACK
6
CONTINUOUS
10
0.5912992125984252
20
0.3643799212598425
11
0.5912992125984252
21
0.3816043307086614
0
LINE
8
BLACK
6
CONTINUOUS
10
0.5912992125984252
20
0.3816043307086614
11
0.5919547637795275
21
0.3849000787401575
0
LINE
8
BLACK
6
CONTINUOUS
10
0.5919547637795275
20
0.3849000787401575
11
0.5938216535433071
21
0.387694094488189
0
LINE
8
BLACK
6
CONTINUOUS
10
0.5938216535433071
20
0.387694094488189
11
0.5966156692913386
21
0.3895609842519685
0
LINE
8
BLACK
6
CONTINUOUS
10
0.5966156692913386
20
0.3895609842519685
11
0.5999114173228346
21
0.3902165354330708
0
LINE
8
BLACK
6
CONTINUOUS
10
0.5999114173228346
20
0.3902165354330708
11
0.6200885826771654
21
0.3902165354330708
0
LINE
8
BLACK
6
CONTINUOUS
10
0.6200885826771654
20
0.3902165354330708
11
0.6233843307086614
21
0.3895609842519685
0
LINE
8
BLACK
6
CONTINUOUS
10
1.0265748031496063
20
0.3307086614173228
11
1.0167322834645669
21
0.3307086614173228
0
LINE
8
BLACK
6
CONTINUOUS
10
1.0167322834645669
20
0.3307086614173228
11
1.0167322834645669
21
0.3523622047244094
0
LINE
8
BLACK
6
CONTINUOUS
10
1.0167322834645669
20
0.3523622047244094
11
1.0265748031496063
21
0.3523622047244094
0
LINE
8
BLACK
6
CONTINUOUS
10
1.0265748031496063
20
0.3523622047244094
11
1.0265748031496063
21
0.3307086614173228
0
LINE
8
BLACK
6
CONTINUOUS
10
0.2548664173228347
20
0.3849772834645669
11
0.2592564566929134
21
0.3827404330708661
0
LINE
8
BLACK
6
CONTINUOUS
10
0.2592564566929134
20
0.3827404330708661
11
0.2627404330708661
21
0.3792564566929134
0
LINE
8
BLACK
6
CONTINUOUS
10
0.2627404330708661
20
0.3792564566929134
11
0.263444842519685
21
0.3778740157480315
0
LINE
8
BLACK
6
CONTINUOUS
10
0.263444842519685
20
0.3778740157480315
11
0.2789566929133858
21
0.3778740157480315
0
LINE
8
BLACK
6
CONTINUOUS
10
0.2789566929133858
20
0.3778740157480315
11
0.2804928346456693
21
0.377722716535433
0
LINE
8
BLACK
6
CONTINUOUS
10
0.2804928346456693
20
0.377722716535433
11
0.2833312598425197
21
0.3765470078740157
0
LINE
8
BLACK
6
CONTINUOUS
10
0.2833312598425197
20
0.3765470078740157
11
0.2845244488188977
21
0.3755677559055118
0
LINE
8
BLACK
6
CONTINUOUS
10
0.2845244488188977
20
0.3755677559055118
11
0.2860764566929134
21
0.3740157480314961
0
LINE
8
BLACK
6
CONTINUOUS
10
0.2860764566929134
20
0.3740157480314961
11
0.302253937007874
21
0.3740157480314961
0
LINE
8
BLACK
6
CONTINUOUS
10
0.302253937007874
20
0.3740157480314961
11
0.3055496850393701
21
0.3733601968503937
0
LINE
8
BLACK
6
CONTINUOUS
10
0.3055496850393701
20
0.3733601968503937
11
0.3083437007874016
21
0.3714933070866142
0
LINE
8
BLACK
6
CONTINUOUS
10
0.3083437007874016
20
0.3714933070866142
11
0.3102105905511811
21
0.3686992913385826
0
LINE
8
BLACK
6
CONTINUOUS
10
0.3102105905511811
20
0.3686992913385826
11
0.3108661417322834
21
0.3654035433070866
0
LINE
8
BLACK
6
CONTINUOUS
10
0.3108661417322834
20
0.3654035433070866
11
0.3108661417322834
21
0.3646653543307087
0
LINE
8
BLACK
6
CONTINUOUS
10
0.3108661417322834
20
0.3646653543307087
11
0.3433464566929134
21
0.3646653543307087
0
LINE
8
BLACK
6
CONTINUOUS
10
0.3433464566929134
20
0.3646653543307087
11
0.3433464566929134
21
0.3690944881889764
0
LINE
8
BLACK
6
CONTINUOUS
10
0.3433464566929134
20
0.3690944881889764
11
0.3709055118110236
21
0.3690944881889764
0
LINE
8
BLACK
6
CONTINUOUS
10
0.3709055118110236
20
0.3690944881889764
11
0.3709055118110236
21
0.3651574803149606
0
LINE
8
BLACK
6
CONTINUOUS
10
0.3709055118110236
20
0.3651574803149606
11
0.3985236220472441
21
0.3651574803149606
0
LINE
8
BLACK
6
CONTINUOUS
10
0.3985236220472441
20
0.3651574803149606
11
0.3985236220472441
21
0.3697637795275591
0
LINE
8
BLACK
6
CONTINUOUS
10
0.3985236220472441
20
0.3697637795275591
11
0.4535236220472441
21
0.3697637795275591
0
LINE
8
BLACK
6
CONTINUOUS
10
0.4535236220472441
20
0.3697637795275591
11
0.4535236220472441
21
0.334763779527559
0
LINE
8
BLACK
6
CONTINUOUS
10
0.4535236220472441
20
0.334763779527559
11
0.3985236220472441
21
0.334763779527559
0
LINE
8
BLACK
6
CONTINUOUS
10
0.3985236220472441
20
0.334763779527559
11
0.3985236220472441
21
0.3494094488188976
0
LINE
8
BLACK
6
CONTINUOUS
10
0.3985236220472441
20
0.3494094488188976
11
0.3709055118110236
21
0.3494094488188976
0
LINE
8
BLACK
6
CONTINUOUS
10
0.3709055118110236
20
0.3494094488188976
11
0.3709055118110236
21
0.3454724409448819
0
LINE
8
BLACK
6
CONTINUOUS
10
0.3709055118110236
20
0.3454724409448819
11
0.3433464566929134
21
0.3454724409448819
0
LINE
8
BLACK
6
CONTINUOUS
10
0.3433464566929134
20
0.3454724409448819
11
0.3433464566929134
21
0.3489173228346457
0
LINE
8
BLACK
6
CONTINUOUS
10
0.3433464566929134
20
0.3489173228346457
11
0.3108661417322834
21
0.3489173228346457
0
LINE
8
BLACK
6
CONTINUOUS
10
0.3108661417322834
20
0.3489173228346457
11
0.3108661417322834
21
0.3481791338582677
0
LINE
8
BLACK
6
CONTINUOUS
10
0.3108661417322834
20
0.3481791338582677
11
0.3102105905511811
21
0.3448833858267716
0
LINE
8
BLACK
6
CONTINUOUS
10
0.3102105905511811
20
0.3448833858267716
11
0.3083437007874016
21
0.3420893700787401
0
LINE
8
BLACK
6
CONTINUOUS
10
0.3083437007874016
20
0.3420893700787401
11
0.3055496850393701
21
0.3402224803149606
0
LINE
8
BLACK
6
CONTINUOUS
10
0.3055496850393701
20
0.3402224803149606
11
0.302253937007874
21
0.3395669291338583
0
LINE
8
BLACK
6
CONTINUOUS
10
0.302253937007874
20
0.3395669291338583
11
0.2820767716535433
21
0.3395669291338583
0
LINE
8
BLACK
6
CONTINUOUS
10
0.2820767716535433
20
0.3395669291338583
11
0.2787810236220473
21
0.3402224803149606
0
LINE
8
BLACK
6
CONTINUOUS
10
0.2787810236220473
20
0.3402224803149606
11
0.2759870078740158
21
0.3420893700787401
0
LINE
8
BLACK
6
CONTINUOUS
10
0.2759870078740158
20
0.3420893700787401
11
0.2741201181102362
21
0.3448833858267716
0
LINE
8
BLACK
6
CONTINUOUS
10
0.2741201181102362
20
0.3448833858267716
11
0.2734645669291338
21
0.3481791338582677
0
LINE
8
BLACK
6
CONTINUOUS
10
0.2734645669291338
20
0.3481791338582677
11
0.2734645669291338
21
0.3621259842519685
0
LINE
8
BLACK
6
CONTINUOUS
10
0.2734645669291338
20
0.3621259842519685
11
0.263444842519685
21
0.3621259842519685
0
LINE
8
BLACK
6
CONTINUOUS
10
0.263444842519685
20
0.3621259842519685
11
0.2627404330708661
21
0.3607435433070866
0
LINE
8
BLACK
6
CONTINUOUS
10
0.2627404330708661
20
0.3607435433070866
11
0.2592564566929134
21
0.3572595669291339
0
LINE
8
BLACK
6
CONTINUOUS
10
0.2592564566929134
20
0.3572595669291339
11
0.2548664173228347
21
0.355022716535433
0
LINE
8
BLACK
6
CONTINUOUS
10
0.2548664173228347
20
0.355022716535433
11
0.25
21
0.354251968503937
0
LINE
8
BLACK
6
CONTINUOUS
10
0.25
20
0.354251968503937
11
0.2451335826771653
21
0.355022716535433
0
LINE
8
BLACK
6
CONTINUOUS
10
0.2451335826771653
20
0.355022716535433
11
0.2407435433070866
21
0.3572595669291339
0
LINE
8
BLACK
6
CONTINUOUS
10
0.2407435433070866
20
0.3572595669291339
11
0.2372595669291339
21
0.3607435433070866
0
LINE
8
BLACK
6
CONTINUOUS
10
0.2372595669291339
20
0.3607435433070866
11
0.2350227165354331
21
0.3651335826771653
0
LINE
8
BLACK
6
CONTINUOUS
10
0.2350227165354331
20
0.3651335826771653
11
0.234251968503937
21
0.37
0
LINE
8
BLACK
6
CONTINUOUS
10
0.234251968503937
20
0.37
11
0.2350227165354331
21
0.3748664173228347
0
LINE
8
BLACK
6
CONTINUOUS
10
0.2350227165354331
20
0.3748664173228347
11
0.2372595669291339
21
0.3792564566929134
0
LINE
8
BLACK
6
CONTINUOUS
10
0.2372595669291339
20
0.3792564566929134
11
0.2407435433070866
21
0.3827404330708661
0
LINE
8
BLACK
6
CONTINUOUS
10
0.2407435433070866
20
0.3827404330708661
11
0.2451335826771653
21
0.3849772834645669
0
LINE
8
BLACK
6
CONTINUOUS
10
0.2451335826771653
20
0.3849772834645669
11
0.25
21
0.385748031496063
0
LINE
8
BLACK
6
CONTINUOUS
10
0.25
20
0.385748031496063
11
0.2548664173228347
21
0.3849772834645669
0
LINE
8
BLACK
6
CONTINUOUS
10
0.4260674803149606
20
0.540839094488189
11
0.4281962204724409
21
0.5394166929133858
0
LINE
8
BLACK
6
CONTINUOUS
10
0.4281962204724409
20
0.5394166929133858
11
0.4296186220472441
21
0.5372879527559055
0
LINE
8
BLACK
6
CONTINUOUS
10
0.4296186220472441
20
0.5372879527559055
11
0.4301180708661417
21
0.5347768503937008
0
LINE
8
BLACK
6
CONTINUOUS
10
0.4301180708661417
20
0.5347768503937008
11
0.4301181102362205
21
0.4888451574803149
0
LINE
8
BLACK
6
CONTINUOUS
10
0.4301181102362205
20
0.4888451574803149
11
0.4296186220472441
21
0.486334094488189
0
LINE
8
BLACK
6
CONTINUOUS
10
0.4296186220472441
20
0.486334094488189
11
0.4281962204724409
21
0.4842053543307087
0
LINE
8
BLACK
6
CONTINUOUS
10
0.4281962204724409
20
0.4842053543307087
11
0.4260674803149606
21
0.4827829527559055
0
LINE
8
BLACK
6
CONTINUOUS
10
0.4260674803149606
20
0.4827829527559055
11
0.4242125984251968
21
0.4824140551181103
0
LINE
8
BLACK
6
CONTINUOUS
10
0.4242125984251968
20
0.4824140551181103
11
0.4242125984251968
21
0.444763779527559
0
LINE
8
BLACK
6
CONTINUOUS
10
0.4242125984251968
20
0.444763779527559
11
0.4535236220472441
21
0.444763779527559
0
LINE
8
BLACK
6
CONTINUOUS
10
0.4535236220472441
20
0.444763779527559
11
0.4535236220472441
21
0.4351377952755905
0
LINE
8
BLACK
6
CONTINUOUS
10
0.4535236220472441
20
0.4351377952755905
11
0.4633267716535433
21
0.4351377952755905
0
LINE
8
BLACK
6
CONTINUOUS
10
0.4633267716535433
20
0.4351377952755905
11
0.4648629133858267
21
0.4349864960629921
0
LINE
8
BLACK
6
CONTINUOUS
10
0.4648629133858267
20
0.4349864960629921
11
0.4677013385826772
21
0.4338107874015748
0
LINE
8
BLACK
6
CONTINUOUS
10
0.4677013385826772
20
0.4338107874015748
11
0.4688945275590551
21
0.4328315354330708
0
LINE
8
BLACK
6
CONTINUOUS
10
0.4688945275590551
20
0.4328315354330708
11
0.479481968503937
21
0.4222440944881889
0
LINE
8
BLACK
6
CONTINUOUS
10
0.479481968503937
20
0.4222440944881889
11
0.4890157480314961
21
0.4222440944881889
0
LINE
8
BLACK
6
CONTINUOUS
10
0.4890157480314961
20
0.4222440944881889
11
0.4890157480314961
21
0.4234744094488189
0
LINE
8
BLACK
6
CONTINUOUS
10
0.4890157480314961
20
0.4234744094488189
11
0.4896712992125984
21
0.4267701574803149
0
LINE
8
BLACK
6
CONTINUOUS
10
0.4896712992125984
20
0.4267701574803149
11
0.491538188976378
21
0.4295641732283464
0
LINE
8
BLACK
6
CONTINUOUS
10
0.491538188976378
20
0.4295641732283464
11
0.4943322047244094
21
0.431431062992126
0
LINE
8
BLACK
6
CONTINUOUS
10
0.4943322047244094
20
0.431431062992126
11
0.4976279527559055
21
0.4320866141732284
0
LINE
8
BLACK
6
CONTINUOUS
10
0.4976279527559055
20
0.4320866141732284
11
0.5178051181102362
21
0.4320866141732284
0
LINE
8
BLACK
6
CONTINUOUS
10
0.5178051181102362
20
0.4320866141732284
11
0.5211008661417322
21
0.431431062992126
0
LINE
8
BLACK
6
CONTINUOUS
10
0.5211008661417322
20
0.431431062992126
11
0.5238948818897637
21
0.4295641732283464
0
LINE
8
BLACK
6
CONTINUOUS
10
0.5238948818897637
20
0.4295641732283464
11
0.5257617716535433
21
0.4267701574803149
0
LINE
8
BLACK
6
CONTINUOUS
10
0.5257617716535433
20
0.4267701574803149
11
0.5264173228346457
21
0.4234744094488189
0
LINE
8
BLACK
6
CONTINUOUS
10
0.5264173228346457
20
0.4234744094488189
11
0.5264173228346457
21
0.4227362204724409
0
LINE
8
BLACK
6
CONTINUOUS
10
0.5264173228346457
20
0.4227362204724409
11
0.5384117322834645
21
0.4227362204724409
0
LINE
8
BLACK
6
CONTINUOUS
10
0.5384117322834645
20
0.4227362204724409
11
0.5398432283464567
21
0.4241677559055118
0
LINE
8
BLACK
6
CONTINUOUS
10
0.5398432283464567
20
0.4241677559055118
11
0.5392125984251969
21
0.4281496062992126
0
LINE
8
BLACK
6
CONTINUOUS
10
0.5392125984251969
20
0.4281496062992126
11
0.5399833464566929
21
0.4330160236220472
0
LINE
8
BLACK
6
CONTINUOUS
10
0.5399833464566929
20
0.4330160236220472
11
0.5422201968503937
21
0.437406062992126
0
LINE
8
BLACK
6
CONTINUOUS
10
0.5422201968503937
20
0.437406062992126
11
0.5457041732283464
21
0.4408900393700788
0
LINE
8
BLACK
6
CONTINUOUS
10
0.5457041732283464
20
0.4408900393700788
11
0.5500942125984252
21
0.4431268897637795
0
LINE
8
BLACK
6
CONTINUOUS
10
0.5500942125984252
20
0.4431268897637795
11
0.5549606299212598
21
0.4438976377952756
0
LINE
8
BLACK
6
CONTINUOUS
10
0.5549606299212598
20
0.4438976377952756
11
0.5598270472440945
21
0.4431268897637795
0
LINE
8
BLACK
6
CONTINUOUS
10
0.5598270472440945
20
0.4431268897637795
11
0.5642170866141732
21
0.4408900393700788
0
LINE
8
BLACK
6
CONTINUOUS
10
0.5642170866141732
20
0.4408900393700788
11
0.567701062992126
21
0.437406062992126
0
LINE
8
BLACK
6
CONTINUOUS
10
0.567701062992126
20
0.437406062992126
11
0.5699379133858268
21
0.4330160236220472
0
LINE
8
BLACK
6
CONTINUOUS
10
0.5699379133858268
20
0.4330160236220472
11
0.5707086614173228
21
0.4281496062992126
0
LINE
8
BLACK
6
CONTINUOUS
10
0.5707086614173228
20
0.4281496062992126
11
0.5699379133858268
21
0.423283188976378
0
LINE
8
BLACK
6
CONTINUOUS
10
0.5699379133858268
20
0.423283188976378
11
0.567701062992126
21
0.4188931496062992
0
LINE
8
BLACK
6
CONTINUOUS
10
0.567701062992126
20
0.4188931496062992
11
0.5642170866141732
21
0.4154091732283465
0
LINE
8
BLACK
6
CONTINUOUS
10
0.5642170866141732
20
0.4154091732283465
11
0.5598270472440945
21
0.4131723228346457
0
LINE
8
BLACK
6
CONTINUOUS
10
0.5598270472440945
20
0.4131723228346457
11
0.5549606299212598
21
0.4124015748031496
0
LINE
8
BLACK
6
CONTINUOUS
10
0.5549606299212598
20
0.4124015748031496
11
0.5509787401574803
21
0.4130322440944882
0
LINE
8
BLACK
6
CONTINUOUS
10
0.5509787401574803
20
0.4130322440944882
11
0.5472409842519685
21
0.4092944488188976
0
LINE
8
BLACK
6
CONTINUOUS
10
0.5472409842519685
20
0.4092944488188976
11
0.5460477952755906
21
0.4083151968503937
0
LINE
8
BLACK
6
CONTINUOUS
10
0.5460477952755906
20
0.4083151968503937
11
0.5432093700787402
21
0.4071394881889764
0
LINE
8
BLACK
6
CONTINUOUS
10
0.5432093700787402
20
0.4071394881889764
11
0.5416732283464567
21
0.406988188976378
0
LINE
8
BLACK
6
CONTINUOUS
10
0.5416732283464567
20
0.406988188976378
11
0.5264173228346457
21
0.406988188976378
0
LINE
8
BLACK
6
CONTINUOUS
10
0.5264173228346457
20
0.406988188976378
11
0.5264173228346457
21
0.40625
0
LINE
8
BLACK
6
CONTINUOUS
10
0.5264173228346457
20
0.40625
11
0.5257617716535433
21
0.4029542519685039
0
LINE
8
BLACK
6
CONTINUOUS
10
0.5257617716535433
20
0.4029542519685039
11
0.5238948818897637
21
0.4001602362204724
0
LINE
8
BLACK
6
CONTINUOUS
10
0.5238948818897637
20
0.4001602362204724
11
0.5211008661417322
21
0.3982933464566929
0
LINE
8
BLACK
6
CONTINUOUS
10
0.5211008661417322
20
0.3982933464566929
11
0.5178051181102362
21
0.3976377952755906
0
LINE
8
BLACK
6
CONTINUOUS
10
0.5178051181102362
20
0.3976377952755906
11
0.4976279527559055
21
0.3976377952755906
0
LINE
8
BLACK
6
CONTINUOUS
10
0.4976279527559055
20
0.3976377952755906
11
0.4943322047244094
21
0.3982933464566929
0
LINE
8
BLACK
6
CONTINUOUS
10
0.4943322047244094
20
0.3982933464566929
11
0.491538188976378
21
0.4001602362204724
0
LINE
8
BLACK
6
CONTINUOUS
10
0.491538188976378
20
0.4001602362204724
11
0.4896712992125984
21
0.4029542519685039
0
LINE
8
BLACK
6
CONTINUOUS
10
0.4896712992125984
20
0.4029542519685039
11
0.4890157480314961
21
0.40625
0
LINE
8
BLACK
6
CONTINUOUS
10
0.4890157480314961
20
0.40625
11
0.4890157480314961
21
0.406496062992126
0
LINE
8
BLACK
6
CONTINUOUS
10
0.4890157480314961
20
0.406496062992126
11
0.4762204724409449
21
0.406496062992126
0
LINE
8
BLACK
6
CONTINUOUS
10
0.4762204724409449
20
0.406496062992126
11
0.4746843307086614
21
0.4066473622047244
0
LINE
8
BLACK
6
CONTINUOUS
10
0.4746843307086614
20
0.4066473622047244
11
0.471845905511811
21
0.4078230708661417
0
LINE
8
BLACK
6
CONTINUOUS
10
0.471845905511811
20
0.4078230708661417
11
0.4706527165354331
21
0.4088023228346457
0
LINE
8
BLACK
6
CONTINUOUS
10
0.4706527165354331
20
0.4088023228346457
11
0.4600652755905512
21
0.4193897637795275
0
LINE
8
BLACK
6
CONTINUOUS
10
0.4600652755905512
20
0.4193897637795275
11
0.4535236220472441
21
0.4193897637795275
0
LINE
8
BLACK
6
CONTINUOUS
10
0.4535236220472441
20
0.4193897637795275
11
0.4535236220472441
21
0.409763779527559
0
LINE
8
BLACK
6
CONTINUOUS
10
0.4535236220472441
20
0.409763779527559
11
0.3985236220472441
21
0.409763779527559
0
LINE
8
BLACK
6
CONTINUOUS
10
0.3985236220472441
20
0.409763779527559
11
0.3985236220472441
21
0.4193897637795275
0
LINE
8
BLACK
6
CONTINUOUS
10
0.3985236220472441
20
0.4193897637795275
11
0.3752497244094488
21
0.4193897637795275
0
LINE
8
BLACK
6
CONTINUOUS
10
0.3752497244094488
20
0.4193897637795275
11
0.3709055118110236
21
0.4150455905511811
0
LINE
8
BLACK
6
CONTINUOUS
10
0.3709055118110236
20
0.4150455905511811
11
0.3709055118110236
21
0.4005905511811024
0
LINE
8
BLACK
6
CONTINUOUS
10
0.3709055118110236
20
0.4005905511811024
11
0.3433464566929134
21
0.4005905511811024
0
LINE
8
BLACK
6
CONTINUOUS
10
0.3433464566929134
20
0.4005905511811024
11
0.3433464566929134
21
0.4242125984251968
0
LINE
8
BLACK
6
CONTINUOUS
10
0.3433464566929134
20
0.4242125984251968
11
0.3489246062992126
21
0.4242125984251968
0
LINE
8
BLACK
6
CONTINUOUS
10
0.3489246062992126
20
0.4242125984251968
11
0.3468852755905512
21
0.4252516929133858
0
LINE
8
BLACK
6
CONTINUOUS
10
0.3468852755905512
20
0.4252516929133858
11
0.3434012992125984
21
0.4287356692913386
0
LINE
8
BLACK
6
CONTINUOUS
10
0.3434012992125984
20
0.4287356692913386
11
0.3411644488188976
21
0.4331257086614173
0
LINE
8
BLACK
6
CONTINUOUS
10
0.3411644488188976
20
0.4331257086614173
11
0.3403937007874016
21
0.437992125984252
0
LINE
8
BLACK
6
CONTINUOUS
10
0.3403937007874016
20
0.437992125984252
11
0.3411644488188976
21
0.4428585433070866
0
LINE
8
BLACK
6
CONTINUOUS
10
0.3411644488188976
20
0.4428585433070866
11
0.3434012992125984
21
0.4472485826771653
0
LINE
8
BLACK
6
CONTINUOUS
10
0.3434012992125984
20
0.4472485826771653
11
0.3468852755905512
21
0.4507325590551181
0
LINE
8
BLACK
6
CONTINUOUS
10
0.3468852755905512
20
0.4507325590551181
11
0.3512753149606299
21
0.4529694094488189
0
LINE
8
BLACK
6
CONTINUOUS
10
0.3512753149606299
20
0.4529694094488189
11
0.3561417322834646
21
0.4537401574803149
0
LINE
8
BLACK
6
CONTINUOUS
10
0.3561417322834646
20
0.4537401574803149
11
0.3610081496062992
21
0.4529694094488189
0
LINE
8
BLACK
6
CONTINUOUS
10
0.3610081496062992
20
0.4529694094488189
11
0.3653981889763779
21
0.4507325590551181
0
LINE
8
BLACK
6
CONTINUOUS
10
0.3653981889763779
20
0.4507325590551181
11
0.3688821653543307
21
0.4472485826771653
0
LINE
8
BLACK
6
CONTINUOUS
10
0.3688821653543307
20
0.4472485826771653
11
0.3711190157480315
21
0.4428585433070866
0
LINE
8
BLACK
6
CONTINUOUS
10
0.3711190157480315
20
0.4428585433070866
11
0.3718897637795275
21
0.437992125984252
0
LINE
8
BLACK
6
CONTINUOUS
10
0.3718897637795275
20
0.437992125984252
11
0.371428937007874
21
0.4350827165354331
0
LINE
8
BLACK
6
CONTINUOUS
10
0.371428937007874
20
0.4350827165354331
11
0.3719881889763779
21
0.4351377952755905
0
LINE
8
BLACK
6
CONTINUOUS
10
0.3719881889763779
20
0.4351377952755905
11
0.3985236220472441
21
0.4351377952755905
0
LINE
8
BLACK
6
CONTINUOUS
10
0.3985236220472441
20
0.4351377952755905
11
0.3985236220472441
21
0.444763779527559
0
LINE
8
BLACK
6
CONTINUOUS
10
0.3985236220472441
20
0.444763779527559
11
0.4084645669291339
21
0.444763779527559
0
LINE
8
BLACK
6
CONTINUOUS
10
0.4084645669291339
20
0.444763779527559
11
0.4084645669291339
21
0.4822835039370079
0
LINE
8
BLACK
6
CONTINUOUS
10
0.4084645669291339
20
0.4822835039370079
11
0.3874672047244094
21
0.4822834645669291
0
LINE
8
BLACK
6
CONTINUOUS
10
0.3874672047244094
20
0.4822834645669291
11
0.3849561417322834
21
0.4827829527559055
0
LINE
8
BLACK
6
CONTINUOUS
10
0.3849561417322834
20
0.4827829527559055
11
0.3828274015748032
21
0.4842053543307087
0
LINE
8
BLACK
6
CONTINUOUS
10
0.3828274015748032
20
0.4842053543307087
11
0.381405
21
0.486334094488189
0
LINE
8
BLACK
6
CONTINUOUS
10
0.381405
20
0.486334094488189
11
0.3809055511811024
21
0.4888451968503937
0
LINE
8
BLACK
6
CONTINUOUS
10
0.3809055511811024
20
0.4888451968503937
11
0.3809055118110236
21
0.5347768897637795
0
LINE
8
BLACK
6
CONTINUOUS
10
0.3809055118110236
20
0.5347768897637795
11
0.381405
21
0.5372879527559055
0
LINE
8
BLACK
6
CONTINUOUS
10
0.381405
20
0.5372879527559055
11
0.3828274015748032
21
0.5394166929133858
0
LINE
8
BLACK
6
CONTINUOUS
10
0.3828274015748032
20
0.5394166929133858
11
0.3849561417322834
21
0.540839094488189
0
LINE
8
BLACK
6
CONTINUOUS
10
0.3849561417322834
20
0.540839094488189
11
0.3874672440944882
21
0.5413385433070866
0
LINE
8
BLACK
6
CONTINUOUS
10
0.3874672440944882
20
0.5413385433070866
11
0.4235564173228346
21
0.5413385826771654
0
LINE
8
BLACK
6
CONTINUOUS
10
0.4235564173228346
20
0.5413385826771654
11
0.4260674803149606
21
0.540839094488189
0
LINE
8
BLACK
6
CONTINUOUS
10
0.2843351968503937
20
0.540839094488189
11
0.286463937007874
21
0.5394166929133858
0
LINE
8
BLACK
6
CONTINUOUS
10
0.286463937007874
20
0.5394166929133858
11
0.2878863385826771
21
0.5372879527559055
0
LINE
8
BLACK
6
CONTINUOUS
10
0.2878863385826771
20
0.5372879527559055
11
0.2883857874015748
21
0.5347768503937008
0
LINE
8
BLACK
6
CONTINUOUS
10
0.2883857874015748
20
0.5347768503937008
11
0.2883858267716535
21
0.4888451574803149
0
LINE
8
BLACK
6
CONTINUOUS
10
0.2883858267716535
20
0.4888451574803149
11
0.2878863385826771
21
0.486334094488189
0
LINE
8
BLACK
6
CONTINUOUS
10
0.2878863385826771
20
0.486334094488189
11
0.286463937007874
21
0.4842053543307087
0
LINE
8
BLACK
6
CONTINUOUS
10
0.286463937007874
20
0.4842053543307087
11
0.2843351968503937
21
0.4827829527559055
0
LINE
8
BLACK
6
CONTINUOUS
10
0.2843351968503937
20
0.4827829527559055
11
0.281824094488189
21
0.4822835039370079
0
LINE
8
BLACK
6
CONTINUOUS
10
0.281824094488189
20
0.4822835039370079
11
0.2588582677165354
21
0.4822835039370079
0
LINE
8
BLACK
6
CONTINUOUS
10
0.2588582677165354
20
0.4822835039370079
11
0.2588582677165354
21
0.4604579527559055
0
LINE
8
BLACK
6
CONTINUOUS
10
0.2588582677165354
20
0.4604579527559055
11
0.2832925984251968
21
0.4360236220472441
0
LINE
8
BLACK
6
CONTINUOUS
10
0.2832925984251968
20
0.4360236220472441
11
0.302253937007874
21
0.4360236220472441
0
LINE
8
BLACK
6
CONTINUOUS
10
0.302253937007874
20
0.4360236220472441
11
0.3055496850393701
21
0.4353680708661417
0
LINE
8
BLACK
6
CONTINUOUS
10
0.3055496850393701
20
0.4353680708661417
11
0.3083437007874016
21
0.4335011811023622
0
LINE
8
BLACK
6
CONTINUOUS
10
0.3083437007874016
20
0.4335011811023622
11
0.3102105905511811
21
0.4307071653543307
0
LINE
8
BLACK
6
CONTINUOUS
10
0.3102105905511811
20
0.4307071653543307
11
0.3108661417322834
21
0.4274114173228347
0
LINE
8
BLACK
6
CONTINUOUS
10
0.3108661417322834
20
0.4274114173228347
11
0.3108661417322834
21
0.4101870078740157
0
LINE
8
BLACK
6
CONTINUOUS
10
0.3108661417322834
20
0.4101870078740157
11
0.3102105905511811
21
0.4068912598425197
0
LINE
8
BLACK
6
CONTINUOUS
10
0.3102105905511811
20
0.4068912598425197
11
0.3083437007874016
21
0.4040972440944882
0
LINE
8
BLACK
6
CONTINUOUS
10
0.3083437007874016
20
0.4040972440944882
11
0.3055496850393701
21
0.4022303543307086
0
LINE
8
BLACK
6
CONTINUOUS
10
0.3055496850393701
20
0.4022303543307086
11
0.302253937007874
21
0.4015748031496063
0
LINE
8
BLACK
6
CONTINUOUS
10
0.302253937007874
20
0.4015748031496063
11
0.2820767716535433
21
0.4015748031496063
0
LINE
8
BLACK
6
CONTINUOUS
10
0.2820767716535433
20
0.4015748031496063
11
0.2787810236220473
21
0.4022303543307086
0
LINE
8
BLACK
6
CONTINUOUS
10
0.2787810236220473
20
0.4022303543307086
11
0.2759870078740158
21
0.4040972440944882
0
LINE
8
BLACK
6
CONTINUOUS
10
0.2759870078740158
20
0.4040972440944882
11
0.2741201181102362
21
0.4068912598425197
0
LINE
8
BLACK
6
CONTINUOUS
10
0.2741201181102362
20
0.4068912598425197
11
0.2734645669291338
21
0.4101870078740157
0
LINE
8
BLACK
6
CONTINUOUS
10
0.2734645669291338
20
0.4101870078740157
11
0.2734645669291338
21
0.4274114173228347
0
LINE
8
BLACK
6
CONTINUOUS
10
0.2734645669291338
20
0.4274114173228347
11
0.273752716535433
21
0.4288601968503937
0
LINE
8
BLACK
6
CONTINUOUS
10
0.273752716535433
20
0.4288601968503937
11
0.2487769291338583
21
0.4538359842519685
0
LINE
8
BLACK
6
CONTINUOUS
10
0.2487769291338583
20
0.4538359842519685
11
0.2480424803149606
21
0.454730905511811
0
LINE
8
BLACK
6
CONTINUOUS
10
0.2480424803149606
20
0.454730905511811
11
0.2471607086614173
21
0.4568597244094488
0
LINE
8
BLACK
6
CONTINUOUS
10
0.2471607086614173
20
0.4568597244094488
11
0.2470472440944882
21
0.458011811023622
0
LINE
8
BLACK
6
CONTINUOUS
10
0.2470472440944882
20
0.458011811023622
11
0.2470472440944882
21
0.4822835039370079
0
LINE
8
BLACK
6
CONTINUOUS
10
0.2470472440944882
20
0.4822835039370079
11
0.2457349212598425
21
0.4822834645669291
0
LINE
8
BLACK
6
CONTINUOUS
10
0.2457349212598425
20
0.4822834645669291
11
0.2432238582677165
21
0.4827829527559055
0
LINE
8
BLACK
6
CONTINUOUS
10
0.2432238582677165
20
0.4827829527559055
11
0.2410951181102362
21
0.4842053543307087
0
LINE
8
BLACK
6
CONTINUOUS
10
0.2410951181102362
20
0.4842053543307087
11
0.2396727165354331
21
0.486334094488189
0
LINE
8
BLACK
6
CONTINUOUS
10
0.2396727165354331
20
0.486334094488189
11
0.2391732677165354
21
0.4888451968503937
0
LINE
8
BLACK
6
CONTINUOUS
10
0.2391732677165354
20
0.4888451968503937
11
0.2391732283464567
21
0.5347768897637795
0
LINE
8
BLACK
6
CONTINUOUS
10
0.2391732283464567
20
0.5347768897637795
11
0.2396727165354331
21
0.5372879527559055
0
LINE
8
BLACK
6
CONTINUOUS
10
0.2396727165354331
20
0.5372879527559055
11
0.2410951181102362
21
0.5394166929133858
0
LINE
8
BLACK
6
CONTINUOUS
10
0.2410951181102362
20
0.5394166929133858
11
0.2432238582677165
21
0.540839094488189
0
LINE
8
BLACK
6
CONTINUOUS
10
0.2432238582677165
20
0.540839094488189
11
0.2457349606299213
21
0.5413385433070866
0
LINE
8
BLACK
6
CONTINUOUS
10
0.2457349606299213
20
0.5413385433070866
11
0.2818241338582677
21
0.5413385826771654
0
LINE
8
BLACK
6
CONTINUOUS
10
0.2818241338582677
20
0.5413385826771654
11
0.2843351968503937
21
0.540839094488189
0
CIRCLE
8
BLACK
10
0.945
20
0.517
40
0.0068897637795276
0
CIRCLE
8
BLACK
10
0.4921259842519685
20
0.5905511811023622
40
0.0068897637795276
0
CIRCLE
8
BLACK
10
0.8533464566929133
20
0.344488188976378
40
0.0068897637795276
0
CIRCLE
8
BLACK
10
0.4921259842519685
20
0.
40
0.0068897637795276
0
CIRCLE
8
BLACK
10
0.8533464566929133
20
0.2460629921259843
40
0.0068897637795276
0
CIRCLE
8
BLACK
10
0.945
20
0.0735511811023622
40
0.0068897637795276
0
CIRCLE
8
BLACK
10
0.8533464566929133
20
0.4232283464566929
40
0.0068897637795276
0
CIRCLE
8
BLACK
10
0.0984251968503937
20
0.5905511811023622
40
0.0068897637795276
0
CIRCLE
8
BLACK
10
0.8858267716535433
20
0.
40
0.0068897637795276
0
CIRCLE
8
BLACK
10
0.8986220472440944
20
0.4735511811023622
40
0.0068897637795276
0
CIRCLE
8
BLACK
10
0.8858267716535433
20
0.5905511811023622
40
0.0068897637795276
0
CIRCLE
8
BLACK
10
0.0984251968503937
20
0.
40
0.0068897637795276
0
CIRCLE
8
BLACK
10
0.898
20
0.117
40
0.0068897637795276
0
CIRCLE
8
BLACK
10
0.8533464566929133
20
0.1673228346456693
40
0.0068897637795276
0
CIRCLE
8
BLACK
10
1.1318897637795275
20
0.1948818897637795
40
0.0068897637795276
0
CIRCLE
8
BLACK
10
1.1318897637795275
20
0.3956692913385826
40
0.0068897637795276
0
CIRCLE
8
BLACK
10
0.9311023622047244
20
0.1948818897637795
40
0.0068897637795276
0
CIRCLE
8
BLACK
10
0.9311023622047244
20
0.3956692913385826
40
0.0068897637795276
0
CIRCLE
8
BLACK
10
0.5549606299212598
20
0.4281496062992126
40
0.0078740157480315
0
CIRCLE
8
BLACK
10
0.165
20
0.17
40
0.0078740157480315
0
CIRCLE
8
BLACK
10
0.045
20
0.505
40
0.0078740157480315
0
CIRCLE
8
BLACK
10
0.155
20
0.475
40
0.0078740157480315
0
CIRCLE
8
BLACK
10
0.085
20
0.505
40
0.0078740157480315
0
CIRCLE
8
BLACK
10
0.125
20
0.505
40
0.0078740157480315
0
CIRCLE
8
BLACK
10
0.045
20
0.215
40
0.0078740157480315
0
CIRCLE
8
BLACK
10
0.6240157480314961
20
0.2165354330708661
40
0.0078740157480315
0
CIRCLE
8
BLACK
10
0.5111804330708661
20
0.1926061811023622
40
0.0078740157480315
0
CIRCLE
8
BLACK
10
0.045
20
0.09
40
0.0078740157480315
0
CIRCLE
8
BLACK
10
0.065
20
0.385
40
0.0078740157480315
0
CIRCLE
8
BLACK
10
0.135
20
0.09
40
0.0078740157480315
0
CIRCLE
8
BLACK
10
0.165
20
0.125
40
0.0078740157480315
0
CIRCLE
8
BLACK
10
0.04
20
0.35
40
0.0078740157480315
0
CIRCLE
8
BLACK
10
0.09
20
0.09
40
0.0078740157480315
0
CIRCLE
8
BLACK
10
0.2
20
0.42
40
0.0078740157480315
0
CIRCLE
8
BLACK
10
0.04
20
0.305
40
0.0078740157480315
0
CIRCLE
8
BLACK
10
0.3561417322834646
20
0.437992125984252
40
0.0078740157480315
0
CIRCLE
8
BLACK
10
1.061023622047244
20
0.3887795275590551
40
0.0078740157480315
0
CIRCLE
8
BLACK
10
0.3590944881889764
20
0.2312992125984252
40
0.0078740157480315
0
CIRCLE
8
BLACK
10
0.04
20
0.26
40
0.0078740157480315
0
CIRCLE
8
BLACK
10
0.16
20
0.42
40
0.0078740157480315
0
CIRCLE
8
BLACK
10
0.449
20
0.082
40
0.0078740157480315
0
CIRCLE
8
BLACK
10
0.542
20
0.1611298031496063
40
0.0078740157480315
0
CIRCLE
8
BLACK
10
0.11
20
0.37
40
0.0078740157480315
0
CIRCLE
8
BLACK
10
0.25
20
0.37
40
0.0078740157480315
0
CIRCLE
8
BLACK
10
0.1122047244094488
20
0.2706692913385827
40
0.0078740157480315
0
CIRCLE
8
BLACK
10
0.2665748031496063
20
0.312992125984252
40
0.0078740157480315
0
CIRCLE
8
BLACK
10
0.61
20
0.32
40
0.0078740157480315
0
CIRCLE
8
BLACK
10
1.0718503937007873
20
0.1968503937007874
40
0.0078740157480315
0
CIRCLE
8
BLACK
10
0.25
20
0.27
40
0.0078740157480315
0
CIRCLE
8
BLACK
10
0.7
20
0.27
40
0.0078740157480315
0
CIRCLE
8
BLACK
10
0.4628437795275591
20
0.1333294488188976
40
0.0078740157480315
0
CIRCLE
8
BLACK
10
0.2691458267716536
20
0.1389204330708661
40
0.0078740157480315
0
CIRCLE
8
BLACK
10
1.0329588582677165
20
0.1908577559055118
40
0.0078740157480315
0
CIRCLE
8
BLACK
10
0.71
20
0.141751968503937
40
0.0078740157480315
  0
ENDSEC
  0
EOF
