  0
SECTION
  2
HEADER
  9
$ANGBASE
  50
0.0
  9
$ANGDIR
  70
1
  9
$MEASUREMENT
  70
0
  0
ENDSEC
  0
SECTION
  2
TABLES
  0
TABLE
  2
LTYPE
  70
4
  0
LTYPE
  5
40F
  2
CONTINUOUS
  70
0
  3
Solid line
  72
65
  73
0
  40
0.0
  0
LTYPE
  5
410
  2
DASHDOT
 70
0
  3
Dash Dot ____ _ ____ _
 72
65
 73
4
 40
2.0
 49
1.25
 49
-0.25
 49
0.25
 49
-0.25
  0
LTYPE
  5
411
  2
DASHED
 70
0
  3
Dashed __ __ __ __ __
 72
65
 73
2
 40
0.75
 49
0.5
 49
-0.25
  0
LTYPE
  5
43B
  2
DOTTED
 70
0
  3
Dotted .  .  .  .
 72
65
 73
2
 40
0.2
 49
0.0
 49
-0.2
  0
ENDTAB
  0
TABLE
  2
STYLE
  70
4
  0
STYLE
  2
KICAD
  70
0
  40
0
  41
1
  42
1
  50
0
  71
0
  3
isocp.shx
  0
STYLE
  2
KICADB
  70
0
  40
0
  41
1
  42
1
  50
0
  71
0
  3
isocp.shx
  0
STYLE
  2
KICADI
  70
0
  40
0
  41
1
  42
1
  50
15
  71
0
  3
isocp.shx
  0
STYLE
  2
KICADBI
  70
0
  40
0
  41
1
  42
1
  50
15
  71
0
  3
isocp.shx
  0
ENDTAB
  0
TABLE
  2
LAYER
  70
1
  0
LAYER
  2
BLACK
  70
0
  62
7
  6
CONTINUOUS
  0
ENDTAB
  0
ENDSEC
  0
SECTION
  2
ENTITIES
0
LINE
8
BLACK
6
CONTINUOUS
10
0.1997129527559055
20
0.0598007086614173
11
0.1997907086614173
21
0.0598062204724409
0
LINE
8
BLACK
6
CONTINUOUS
10
0.1997907086614173
20
0.0598062204724409
11
0.1998929527559055
21
0.0597829921259843
0
LINE
8
BLACK
6
CONTINUOUS
10
0.1998929527559055
20
0.0597829921259843
11
0.1999974803149606
21
0.0597726771653543
0
LINE
8
BLACK
6
CONTINUOUS
10
0.1999974803149606
20
0.0597726771653543
11
0.2000695669291339
21
0.0597428346456693
0
LINE
8
BLACK
6
CONTINUOUS
10
0.2000695669291339
20
0.0597428346456693
11
0.200355157480315
21
0.059677874015748
0
LINE
8
BLACK
6
CONTINUOUS
10
0.200355157480315
20
0.059677874015748
11
0.2059794488188976
21
0.0578031102362205
0
LINE
8
BLACK
6
CONTINUOUS
10
0.2059794488188976
20
0.0578031102362205
11
0.2065079921259843
21
0.057567125984252
0
LINE
8
BLACK
6
CONTINUOUS
10
0.2065079921259843
20
0.057567125984252
11
0.2065880708661417
21
0.0574976771653543
0
LINE
8
BLACK
6
CONTINUOUS
10
0.2065880708661417
20
0.0574976771653543
11
0.2066861417322834
21
0.0574570472440945
0
LINE
8
BLACK
6
CONTINUOUS
10
0.2066861417322834
20
0.0574570472440945
11
0.2071336220472441
21
0.0570898031496063
0
LINE
8
BLACK
6
CONTINUOUS
10
0.2071336220472441
20
0.0570898031496063
11
0.2108831889763779
21
0.0533402755905512
0
LINE
8
BLACK
6
CONTINUOUS
10
0.2108831889763779
20
0.0533402755905512
11
0.2112504330708661
21
0.0528928346456693
0
LINE
8
BLACK
6
CONTINUOUS
10
0.2112504330708661
20
0.0528928346456693
11
0.2112910236220472
21
0.0527948031496063
0
LINE
8
BLACK
6
CONTINUOUS
10
0.2112910236220472
20
0.0527948031496063
11
0.2113605118110236
21
0.0527146850393701
0
LINE
8
BLACK
6
CONTINUOUS
10
0.2113605118110236
20
0.0527146850393701
11
0.2115964960629921
21
0.0521861023622047
0
LINE
8
BLACK
6
CONTINUOUS
10
0.2115964960629921
20
0.0521861023622047
11
0.2134712598425197
21
0.0465618503937008
0
LINE
8
BLACK
6
CONTINUOUS
10
0.2134712598425197
20
0.0465618503937008
11
0.2135361811023622
21
0.0462762204724409
0
LINE
8
BLACK
6
CONTINUOUS
10
0.2135361811023622
20
0.0462762204724409
11
0.213566062992126
21
0.0462041338582677
0
LINE
8
BLACK
6
CONTINUOUS
10
0.213566062992126
20
0.0462041338582677
11
0.2135763385826772
21
0.0460996850393701
0
LINE
8
BLACK
6
CONTINUOUS
10
0.2135763385826772
20
0.0460996850393701
11
0.2135996062992126
21
0.0459974015748031
0
LINE
8
BLACK
6
CONTINUOUS
10
0.2135996062992126
20
0.0459974015748031
11
0.2135940551181102
21
0.0459196850393701
0
LINE
8
BLACK
6
CONTINUOUS
10
0.2135940551181102
20
0.0459196850393701
11
0.2136227952755906
21
0.0456280708661417
0
LINE
8
BLACK
6
CONTINUOUS
10
0.2136227952755906
20
0.0456280708661417
11
0.2136227952755906
21
0.0418785433070866
0
LINE
8
BLACK
6
CONTINUOUS
10
0.2136227952755906
20
0.0418785433070866
11
0.213566062992126
21
0.0413024803149606
0
LINE
8
BLACK
6
CONTINUOUS
10
0.213566062992126
20
0.0413024803149606
11
0.213125157480315
21
0.0402380708661417
0
LINE
8
BLACK
6
CONTINUOUS
10
0.213125157480315
20
0.0402380708661417
11
0.2123105118110236
21
0.0394234251968504
0
LINE
8
BLACK
6
CONTINUOUS
10
0.2123105118110236
20
0.0394234251968504
11
0.2112461023622047
21
0.0389825196850394
0
LINE
8
BLACK
6
CONTINUOUS
10
0.2112461023622047
20
0.0389825196850394
11
0.2100939763779527
21
0.0389825196850394
0
LINE
8
BLACK
6
CONTINUOUS
10
0.2100939763779527
20
0.0389825196850394
11
0.2090295669291339
21
0.0394234251968504
0
LINE
8
BLACK
6
CONTINUOUS
10
0.2090295669291339
20
0.0394234251968504
11
0.2082149212598425
21
0.0402380708661417
0
LINE
8
BLACK
6
CONTINUOUS
10
0.2082149212598425
20
0.0402380708661417
11
0.2077740157480315
21
0.0413024803149606
0
LINE
8
BLACK
6
CONTINUOUS
10
0.2077740157480315
20
0.0413024803149606
11
0.2077172834645669
21
0.0418785433070866
0
LINE
8
BLACK
6
CONTINUOUS
10
0.2077172834645669
20
0.0418785433070866
11
0.2077172834645669
21
0.045148937007874
0
LINE
8
BLACK
6
CONTINUOUS
10
0.2077172834645669
20
0.045148937007874
11
0.2062144881889764
21
0.0496573228346457
0
LINE
8
BLACK
6
CONTINUOUS
10
0.2062144881889764
20
0.0496573228346457
11
0.2034506692913386
21
0.0524211023622047
0
LINE
8
BLACK
6
CONTINUOUS
10
0.2034506692913386
20
0.0524211023622047
11
0.1989422834645669
21
0.0539238976377953
0
LINE
8
BLACK
6
CONTINUOUS
10
0.1989422834645669
20
0.0539238976377953
11
0.1712999606299213
21
0.0539238976377953
0
LINE
8
BLACK
6
CONTINUOUS
10
0.1712999606299213
20
0.0539238976377953
11
0.1707238976377953
21
0.0539806299212598
0
LINE
8
BLACK
6
CONTINUOUS
10
0.1707238976377953
20
0.0539806299212598
11
0.1696594881889764
21
0.0544215354330709
0
LINE
8
BLACK
6
CONTINUOUS
10
0.1696594881889764
20
0.0544215354330709
11
0.168844842519685
21
0.0552361811023622
0
LINE
8
BLACK
6
CONTINUOUS
10
0.168844842519685
20
0.0552361811023622
11
0.168403937007874
21
0.0563005905511811
0
LINE
8
BLACK
6
CONTINUOUS
10
0.168403937007874
20
0.0563005905511811
11
0.168403937007874
21
0.0574527165354331
0
LINE
8
BLACK
6
CONTINUOUS
10
0.168403937007874
20
0.0574527165354331
11
0.168844842519685
21
0.058517125984252
0
LINE
8
BLACK
6
CONTINUOUS
10
0.168844842519685
20
0.058517125984252
11
0.1696594881889764
21
0.0593317716535433
0
LINE
8
BLACK
6
CONTINUOUS
10
0.1696594881889764
20
0.0593317716535433
11
0.1707238976377953
21
0.0597726771653543
0
LINE
8
BLACK
6
CONTINUOUS
10
0.1707238976377953
20
0.0597726771653543
11
0.1712999606299213
21
0.0598294094488189
0
LINE
8
BLACK
6
CONTINUOUS
10
0.1712999606299213
20
0.0598294094488189
11
0.1994214173228346
21
0.0598294094488189
0
LINE
8
BLACK
6
CONTINUOUS
10
0.1994214173228346
20
0.0598294094488189
11
0.1997129527559055
21
0.0598007086614173
0
LINE
8
BLACK
6
CONTINUOUS
10
1.0435697244094488
20
0.0928585039370079
11
1.0905689763779527
21
0.0928585039370079
0
LINE
8
BLACK
6
CONTINUOUS
10
1.0905689763779527
20
0.0928585039370079
11
1.0905689763779527
21
0.0823740551181102
0
LINE
8
BLACK
6
CONTINUOUS
10
1.0905689763779527
20
0.0823740551181102
11
1.0435697244094488
21
0.0823740551181102
0
LINE
8
BLACK
6
CONTINUOUS
10
1.0435697244094488
20
0.0823740551181102
11
1.0435697244094488
21
0.0661050787401575
0
LINE
8
BLACK
6
CONTINUOUS
10
1.0435697244094488
20
0.0661050787401575
11
1.0330852362204723
21
0.0661050787401575
0
LINE
8
BLACK
6
CONTINUOUS
10
1.0330852362204723
20
0.0661050787401575
11
1.0330852362204723
21
0.1091274803149606
0
LINE
8
BLACK
6
CONTINUOUS
10
1.0330852362204723
20
0.1091274803149606
11
1.0435697244094488
21
0.1091274803149606
0
LINE
8
BLACK
6
CONTINUOUS
10
1.0435697244094488
20
0.1091274803149606
11
1.0435697244094488
21
0.0928585039370079
0
LINE
8
BLACK
6
CONTINUOUS
10
0.1828400787401575
20
0.0991707874015748
11
0.1829178346456693
21
0.0991762992125984
0
LINE
8
BLACK
6
CONTINUOUS
10
0.1829178346456693
20
0.0991762992125984
11
0.1830200787401575
21
0.0991530708661417
0
LINE
8
BLACK
6
CONTINUOUS
10
0.1830200787401575
20
0.0991530708661417
11
0.1831246062992126
21
0.0991427559055118
0
LINE
8
BLACK
6
CONTINUOUS
10
0.1831246062992126
20
0.0991427559055118
11
0.1831966929133858
21
0.0991129133858268
0
LINE
8
BLACK
6
CONTINUOUS
10
0.1831966929133858
20
0.0991129133858268
11
0.1834822834645669
21
0.0990479527559055
0
LINE
8
BLACK
6
CONTINUOUS
10
0.1834822834645669
20
0.0990479527559055
11
0.1891065748031496
21
0.0971731889763779
0
LINE
8
BLACK
6
CONTINUOUS
10
0.1891065748031496
20
0.0971731889763779
11
0.1896351181102362
21
0.0969372047244094
0
LINE
8
BLACK
6
CONTINUOUS
10
0.1896351181102362
20
0.0969372047244094
11
0.1897152362204724
21
0.0968677165354331
0
LINE
8
BLACK
6
CONTINUOUS
10
0.1897152362204724
20
0.0968677165354331
11
0.1898133070866142
21
0.0968270866141732
0
LINE
8
BLACK
6
CONTINUOUS
10
0.1898133070866142
20
0.0968270866141732
11
0.1902607480314961
21
0.0964598818897638
0
LINE
8
BLACK
6
CONTINUOUS
10
0.1902607480314961
20
0.0964598818897638
11
0.2077172834645669
21
0.0790033858267716
0
LINE
8
BLACK
6
CONTINUOUS
10
0.2077172834645669
20
0.0790033858267716
11
0.2077172834645669
21
0.0962467322834646
0
LINE
8
BLACK
6
CONTINUOUS
10
0.2077172834645669
20
0.0962467322834646
11
0.2077740157480315
21
0.0968227952755906
0
LINE
8
BLACK
6
CONTINUOUS
10
0.2077740157480315
20
0.0968227952755906
11
0.2082149212598425
21
0.0978872047244094
0
LINE
8
BLACK
6
CONTINUOUS
10
0.2082149212598425
20
0.0978872047244094
11
0.2090295669291339
21
0.0987018503937008
0
LINE
8
BLACK
6
CONTINUOUS
10
0.2090295669291339
20
0.0987018503937008
11
0.2100939763779527
21
0.0991427559055118
0
LINE
8
BLACK
6
CONTINUOUS
10
0.2100939763779527
20
0.0991427559055118
11
0.2112461023622047
21
0.0991427559055118
0
LINE
8
BLACK
6
CONTINUOUS
10
0.2112461023622047
20
0.0991427559055118
11
0.2123105118110236
21
0.0987018503937008
0
LINE
8
BLACK
6
CONTINUOUS
10
0.2123105118110236
20
0.0987018503937008
11
0.213125157480315
21
0.0978872047244094
0
LINE
8
BLACK
6
CONTINUOUS
10
0.213125157480315
20
0.0978872047244094
11
0.213566062992126
21
0.0968227952755906
0
LINE
8
BLACK
6
CONTINUOUS
10
0.213566062992126
20
0.0968227952755906
11
0.2136227952755906
21
0.0962467322834646
0
LINE
8
BLACK
6
CONTINUOUS
10
0.2136227952755906
20
0.0962467322834646
11
0.2136227952755906
21
0.0718748031496063
0
LINE
8
BLACK
6
CONTINUOUS
10
0.2136227952755906
20
0.0718748031496063
11
0.213566062992126
21
0.0712987401574803
0
LINE
8
BLACK
6
CONTINUOUS
10
0.213566062992126
20
0.0712987401574803
11
0.2134369291338583
21
0.0709870078740157
0
LINE
8
BLACK
6
CONTINUOUS
10
0.2134369291338583
20
0.0709870078740157
11
0.2131251968503937
21
0.0702343307086614
0
LINE
8
BLACK
6
CONTINUOUS
10
0.2131251968503937
20
0.0702343307086614
11
0.2123105118110236
21
0.0694196850393701
0
LINE
8
BLACK
6
CONTINUOUS
10
0.2123105118110236
20
0.0694196850393701
11
0.2112461023622047
21
0.0689787795275591
0
LINE
8
BLACK
6
CONTINUOUS
10
0.2112461023622047
20
0.0689787795275591
11
0.2100940157480315
21
0.0689787795275591
0
LINE
8
BLACK
6
CONTINUOUS
10
0.2100940157480315
20
0.0689787795275591
11
0.2100939763779527
21
0.0689787795275591
0
LINE
8
BLACK
6
CONTINUOUS
10
0.2100939763779527
20
0.0689787795275591
11
0.2097822047244094
21
0.0691079133858268
0
LINE
8
BLACK
6
CONTINUOUS
10
0.2097822047244094
20
0.0691079133858268
11
0.2090295669291339
21
0.0694196456692913
0
LINE
8
BLACK
6
CONTINUOUS
10
0.2090295669291339
20
0.0694196456692913
11
0.208582125984252
21
0.0697868897637795
0
LINE
8
BLACK
6
CONTINUOUS
10
0.208582125984252
20
0.0697868897637795
11
0.1865777952755905
21
0.0917911811023622
0
LINE
8
BLACK
6
CONTINUOUS
10
0.1865777952755905
20
0.0917911811023622
11
0.1820694094488189
21
0.0932939763779528
0
LINE
8
BLACK
6
CONTINUOUS
10
0.1820694094488189
20
0.0932939763779528
11
0.179496062992126
21
0.0932939763779528
0
LINE
8
BLACK
6
CONTINUOUS
10
0.179496062992126
20
0.0932939763779528
11
0.1767985826771654
21
0.0919452362204724
0
LINE
8
BLACK
6
CONTINUOUS
10
0.1767985826771654
20
0.0919452362204724
11
0.1756014566929134
21
0.0907481102362205
0
LINE
8
BLACK
6
CONTINUOUS
10
0.1756014566929134
20
0.0907481102362205
11
0.1742527165354331
21
0.0880506299212598
0
LINE
8
BLACK
6
CONTINUOUS
10
0.1742527165354331
20
0.0880506299212598
11
0.1742527165354331
21
0.080070905511811
0
LINE
8
BLACK
6
CONTINUOUS
10
0.1742527165354331
20
0.080070905511811
11
0.1756014566929134
21
0.0773734251968504
0
LINE
8
BLACK
6
CONTINUOUS
10
0.1756014566929134
20
0.0773734251968504
11
0.1771374015748031
21
0.0758374803149606
0
LINE
8
BLACK
6
CONTINUOUS
10
0.1771374015748031
20
0.0758374803149606
11
0.1775046062992126
21
0.0753900393700787
0
LINE
8
BLACK
6
CONTINUOUS
10
0.1775046062992126
20
0.0753900393700787
11
0.1779455118110236
21
0.0743256299212598
0
LINE
8
BLACK
6
CONTINUOUS
10
0.1779455118110236
20
0.0743256299212598
11
0.1779455118110236
21
0.0731735433070866
0
LINE
8
BLACK
6
CONTINUOUS
10
0.1779455118110236
20
0.0731735433070866
11
0.1775046062992126
21
0.0721091338582677
0
LINE
8
BLACK
6
CONTINUOUS
10
0.1775046062992126
20
0.0721091338582677
11
0.1766899212598425
21
0.0712944488188976
0
LINE
8
BLACK
6
CONTINUOUS
10
0.1766899212598425
20
0.0712944488188976
11
0.1756255118110236
21
0.0708535433070866
0
LINE
8
BLACK
6
CONTINUOUS
10
0.1756255118110236
20
0.0708535433070866
11
0.1744734251968504
21
0.0708535433070866
0
LINE
8
BLACK
6
CONTINUOUS
10
0.1744734251968504
20
0.0708535433070866
11
0.1734090157480315
21
0.0712944488188976
0
LINE
8
BLACK
6
CONTINUOUS
10
0.1734090157480315
20
0.0712944488188976
11
0.1729615748031496
21
0.0716616535433071
0
LINE
8
BLACK
6
CONTINUOUS
10
0.1729615748031496
20
0.0716616535433071
11
0.1710868110236221
21
0.0735364173228346
0
LINE
8
BLACK
6
CONTINUOUS
10
0.1710868110236221
20
0.0735364173228346
11
0.1709010236220472
21
0.0737627952755906
0
LINE
8
BLACK
6
CONTINUOUS
10
0.1709010236220472
20
0.0737627952755906
11
0.1708420472440945
21
0.073813937007874
0
LINE
8
BLACK
6
CONTINUOUS
10
0.1708420472440945
20
0.073813937007874
11
0.170786062992126
21
0.0739029133858268
0
LINE
8
BLACK
6
CONTINUOUS
10
0.170786062992126
20
0.0739029133858268
11
0.1707196062992126
21
0.0739838582677165
0
LINE
8
BLACK
6
CONTINUOUS
10
0.1707196062992126
20
0.0739838582677165
11
0.1706897637795275
21
0.0740558267716535
0
LINE
8
BLACK
6
CONTINUOUS
10
0.1706897637795275
20
0.0740558267716535
11
0.1705337007874016
21
0.0743038188976378
0
LINE
8
BLACK
6
CONTINUOUS
10
0.1705337007874016
20
0.0743038188976378
11
0.168658937007874
21
0.0780533464566929
0
LINE
8
BLACK
6
CONTINUOUS
10
0.168658937007874
20
0.0780533464566929
11
0.1684520472440945
21
0.0785939763779527
0
LINE
8
BLACK
6
CONTINUOUS
10
0.1684520472440945
20
0.0785939763779527
11
0.1684445275590551
21
0.0786998031496063
0
LINE
8
BLACK
6
CONTINUOUS
10
0.1684445275590551
20
0.0786998031496063
11
0.168403937007874
21
0.0787977952755906
0
LINE
8
BLACK
6
CONTINUOUS
10
0.168403937007874
20
0.0787977952755906
11
0.1683472047244094
21
0.0793738582677165
0
LINE
8
BLACK
6
CONTINUOUS
10
0.1683472047244094
20
0.0793738582677165
11
0.1683472047244094
21
0.0887476771653543
0
LINE
8
BLACK
6
CONTINUOUS
10
0.1683472047244094
20
0.0887476771653543
11
0.168403937007874
21
0.0893237401574803
0
LINE
8
BLACK
6
CONTINUOUS
10
0.168403937007874
20
0.0893237401574803
11
0.1684445275590551
21
0.0894217716535433
0
LINE
8
BLACK
6
CONTINUOUS
10
0.1684445275590551
20
0.0894217716535433
11
0.1684520472440945
21
0.0895275590551181
0
LINE
8
BLACK
6
CONTINUOUS
10
0.1684520472440945
20
0.0895275590551181
11
0.168658937007874
21
0.0900681889763779
0
LINE
8
BLACK
6
CONTINUOUS
10
0.168658937007874
20
0.0900681889763779
11
0.1705337007874016
21
0.0938177165354331
0
LINE
8
BLACK
6
CONTINUOUS
10
0.1705337007874016
20
0.0938177165354331
11
0.1706897637795275
21
0.0940657480314961
0
LINE
8
BLACK
6
CONTINUOUS
10
0.1706897637795275
20
0.0940657480314961
11
0.1707196062992126
21
0.0941376771653543
0
LINE
8
BLACK
6
CONTINUOUS
10
0.1707196062992126
20
0.0941376771653543
11
0.170786062992126
21
0.0942186614173228
0
LINE
8
BLACK
6
CONTINUOUS
10
0.170786062992126
20
0.0942186614173228
11
0.1708420472440945
21
0.0943075984251968
0
LINE
8
BLACK
6
CONTINUOUS
10
0.1708420472440945
20
0.0943075984251968
11
0.1709010236220472
21
0.0943587795275591
0
LINE
8
BLACK
6
CONTINUOUS
10
0.1709010236220472
20
0.0943587795275591
11
0.1710868110236221
21
0.0945851181102362
0
LINE
8
BLACK
6
CONTINUOUS
10
0.1710868110236221
20
0.0945851181102362
11
0.1729615748031496
21
0.0964598818897638
0
LINE
8
BLACK
6
CONTINUOUS
10
0.1729615748031496
20
0.0964598818897638
11
0.1731879133858268
21
0.0966456692913386
0
LINE
8
BLACK
6
CONTINUOUS
10
0.1731879133858268
20
0.0966456692913386
11
0.173239094488189
21
0.0967046456692913
0
LINE
8
BLACK
6
CONTINUOUS
10
0.173239094488189
20
0.0967046456692913
11
0.173328031496063
21
0.0967606299212598
0
LINE
8
BLACK
6
CONTINUOUS
10
0.173328031496063
20
0.0967606299212598
11
0.1734090157480315
21
0.0968270866141732
0
LINE
8
BLACK
6
CONTINUOUS
10
0.1734090157480315
20
0.0968270866141732
11
0.1734809448818898
21
0.0968569291338583
0
LINE
8
BLACK
6
CONTINUOUS
10
0.1734809448818898
20
0.0968569291338583
11
0.1737289763779528
21
0.0970129921259842
0
LINE
8
BLACK
6
CONTINUOUS
10
0.1737289763779528
20
0.0970129921259842
11
0.1774785039370079
21
0.0988877559055118
0
LINE
8
BLACK
6
CONTINUOUS
10
0.1774785039370079
20
0.0988877559055118
11
0.178019094488189
21
0.0990946456692913
0
LINE
8
BLACK
6
CONTINUOUS
10
0.178019094488189
20
0.0990946456692913
11
0.1781249606299213
21
0.0991022047244094
0
LINE
8
BLACK
6
CONTINUOUS
10
0.1781249606299213
20
0.0991022047244094
11
0.1782229527559055
21
0.0991427559055118
0
LINE
8
BLACK
6
CONTINUOUS
10
0.1782229527559055
20
0.0991427559055118
11
0.1787990157480315
21
0.0991994881889764
0
LINE
8
BLACK
6
CONTINUOUS
10
0.1787990157480315
20
0.0991994881889764
11
0.1825485433070866
21
0.0991994881889764
0
LINE
8
BLACK
6
CONTINUOUS
10
0.1825485433070866
20
0.0991994881889764
11
0.1828400787401575
21
0.0991707874015748
0
LINE
8
BLACK
6
CONTINUOUS
10
0.6709316535433071
20
0.148374842519685
11
0.6725609448818898
21
0.1467455511811024
0
LINE
8
BLACK
6
CONTINUOUS
10
0.6725609448818898
20
0.1467455511811024
11
0.6734427559055118
21
0.1446167322834646
0
LINE
8
BLACK
6
CONTINUOUS
10
0.6734427559055118
20
0.1446167322834646
11
0.6735562204724409
21
0.1434646062992126
0
LINE
8
BLACK
6
CONTINUOUS
10
0.6735562204724409
20
0.1434646062992126
11
0.6735562204724409
21
0.1324972440944882
0
LINE
8
BLACK
6
CONTINUOUS
10
0.6735562204724409
20
0.1324972440944882
11
0.7267058267716535
21
0.1324972440944882
0
LINE
8
BLACK
6
CONTINUOUS
10
0.7267058267716535
20
0.1324972440944882
11
0.7278579527559055
21
0.1323837795275591
0
LINE
8
BLACK
6
CONTINUOUS
10
0.7278579527559055
20
0.1323837795275591
11
0.7299867716535433
21
0.131501968503937
0
LINE
8
BLACK
6
CONTINUOUS
10
0.7299867716535433
20
0.131501968503937
11
0.731616062992126
21
0.1298726771653543
0
LINE
8
BLACK
6
CONTINUOUS
10
0.731616062992126
20
0.1298726771653543
11
0.7324978740157481
21
0.1277438582677165
0
LINE
8
BLACK
6
CONTINUOUS
10
0.7324978740157481
20
0.1277438582677165
11
0.7324978740157481
21
0.1254396062992126
0
LINE
8
BLACK
6
CONTINUOUS
10
0.7324978740157481
20
0.1254396062992126
11
0.731616062992126
21
0.1233107874015748
0
LINE
8
BLACK
6
CONTINUOUS
10
0.731616062992126
20
0.1233107874015748
11
0.7299867716535433
21
0.1216814960629921
0
LINE
8
BLACK
6
CONTINUOUS
10
0.7299867716535433
20
0.1216814960629921
11
0.7278579527559055
21
0.1207996850393701
0
LINE
8
BLACK
6
CONTINUOUS
10
0.7278579527559055
20
0.1207996850393701
11
0.7267058267716535
21
0.1206862204724409
0
LINE
8
BLACK
6
CONTINUOUS
10
0.7267058267716535
20
0.1206862204724409
11
0.6735562204724409
21
0.1206862204724409
0
LINE
8
BLACK
6
CONTINUOUS
10
0.6735562204724409
20
0.1206862204724409
11
0.6735562204724409
21
0.1097188582677165
0
LINE
8
BLACK
6
CONTINUOUS
10
0.6735562204724409
20
0.1097188582677165
11
0.6734427559055118
21
0.1085667322834646
0
LINE
8
BLACK
6
CONTINUOUS
10
0.6734427559055118
20
0.1085667322834646
11
0.6725609448818898
21
0.1064379133858268
0
LINE
8
BLACK
6
CONTINUOUS
10
0.6725609448818898
20
0.1064379133858268
11
0.6709316535433071
21
0.1048086220472441
0
LINE
8
BLACK
6
CONTINUOUS
10
0.6709316535433071
20
0.1048086220472441
11
0.6688028346456693
21
0.103926811023622
0
LINE
8
BLACK
6
CONTINUOUS
10
0.6688028346456693
20
0.103926811023622
11
0.6664985826771653
21
0.103926811023622
0
LINE
8
BLACK
6
CONTINUOUS
10
0.6664985826771653
20
0.103926811023622
11
0.6643697637795275
21
0.1048086220472441
0
LINE
8
BLACK
6
CONTINUOUS
10
0.6643697637795275
20
0.1048086220472441
11
0.6627404724409449
21
0.1064379133858268
0
LINE
8
BLACK
6
CONTINUOUS
10
0.6627404724409449
20
0.1064379133858268
11
0.6618586614173229
21
0.1085667322834646
0
LINE
8
BLACK
6
CONTINUOUS
10
0.6618586614173229
20
0.1085667322834646
11
0.6617451968503937
21
0.1097188582677165
0
LINE
8
BLACK
6
CONTINUOUS
10
0.6617451968503937
20
0.1097188582677165
11
0.6617451968503937
21
0.1434646062992126
0
LINE
8
BLACK
6
CONTINUOUS
10
0.6617451968503937
20
0.1434646062992126
11
0.6618586614173229
21
0.1446167322834646
0
LINE
8
BLACK
6
CONTINUOUS
10
0.6618586614173229
20
0.1446167322834646
11
0.6627404724409449
21
0.1467455511811024
0
LINE
8
BLACK
6
CONTINUOUS
10
0.6627404724409449
20
0.1467455511811024
11
0.6643697637795275
21
0.148374842519685
0
LINE
8
BLACK
6
CONTINUOUS
10
0.6643697637795275
20
0.148374842519685
11
0.6664985826771653
21
0.1492566535433071
0
LINE
8
BLACK
6
CONTINUOUS
10
0.6664985826771653
20
0.1492566535433071
11
0.6688028346456693
21
0.1492566535433071
0
LINE
8
BLACK
6
CONTINUOUS
10
0.6688028346456693
20
0.1492566535433071
11
0.6709316535433071
21
0.148374842519685
0
LINE
8
BLACK
6
CONTINUOUS
10
1.0905689763779527
20
0.1514268503937008
11
1.0659847637795274
21
0.1514268503937008
0
LINE
8
BLACK
6
CONTINUOUS
10
1.0659847637795274
20
0.1514268503937008
11
1.0659847637795274
21
0.1253964566929134
0
LINE
8
BLACK
6
CONTINUOUS
10
1.0659847637795274
20
0.1253964566929134
11
1.0905689763779527
21
0.1253964566929134
0
LINE
8
BLACK
6
CONTINUOUS
10
1.0905689763779527
20
0.1253964566929134
11
1.0905689763779527
21
0.1149120078740157
0
LINE
8
BLACK
6
CONTINUOUS
10
1.0905689763779527
20
0.1149120078740157
11
1.0330852362204723
21
0.1149120078740157
0
LINE
8
BLACK
6
CONTINUOUS
10
1.0330852362204723
20
0.1149120078740157
11
1.0330852362204723
21
0.1253964566929134
0
LINE
8
BLACK
6
CONTINUOUS
10
1.0330852362204723
20
0.1253964566929134
11
1.055861811023622
21
0.1253964566929134
0
LINE
8
BLACK
6
CONTINUOUS
10
1.055861811023622
20
0.1253964566929134
11
1.055861811023622
21
0.1514165354330709
0
LINE
8
BLACK
6
CONTINUOUS
10
1.055861811023622
20
0.1514165354330709
11
1.0445639370078741
21
0.1515120866141732
0
LINE
8
BLACK
6
CONTINUOUS
10
1.0445639370078741
20
0.1515120866141732
11
1.0332660236220472
21
0.1516075984251969
0
LINE
8
BLACK
6
CONTINUOUS
10
1.0332660236220472
20
0.1516075984251969
11
1.0331659842519685
21
0.1569402362204724
0
LINE
8
BLACK
6
CONTINUOUS
10
1.0331659842519685
20
0.1569402362204724
11
1.033065905511811
21
0.1622728346456693
0
LINE
8
BLACK
6
CONTINUOUS
10
1.033065905511811
20
0.1622728346456693
11
1.0905689763779527
21
0.1622728346456693
0
LINE
8
BLACK
6
CONTINUOUS
10
1.0905689763779527
20
0.1622728346456693
11
1.0905689763779527
21
0.1514268503937008
0
LINE
8
BLACK
6
CONTINUOUS
10
0.1875052362204724
20
0.2003134251968504
11
0.1876850393700787
21
0.1994094488188976
0
LINE
8
BLACK
6
CONTINUOUS
10
0.1876850393700787
20
0.1994094488188976
11
0.1876850393700787
21
0.1285433070866142
0
LINE
8
BLACK
6
CONTINUOUS
10
0.1876850393700787
20
0.1285433070866142
11
0.1875052362204724
21
0.1276393307086614
0
LINE
8
BLACK
6
CONTINUOUS
10
0.1875052362204724
20
0.1276393307086614
11
0.186226811023622
21
0.126360905511811
0
LINE
8
BLACK
6
CONTINUOUS
10
0.186226811023622
20
0.126360905511811
11
0.1853228346456693
21
0.1261811023622047
0
LINE
8
BLACK
6
CONTINUOUS
10
0.1853228346456693
20
0.1261811023622047
11
0.1282362204724409
21
0.1261811023622047
0
LINE
8
BLACK
6
CONTINUOUS
10
0.1282362204724409
20
0.1261811023622047
11
0.1273322440944882
21
0.126360905511811
0
LINE
8
BLACK
6
CONTINUOUS
10
0.1273322440944882
20
0.126360905511811
11
0.1260538188976378
21
0.1276393307086614
0
LINE
8
BLACK
6
CONTINUOUS
10
0.1260538188976378
20
0.1276393307086614
11
0.1260538188976378
21
0.1294472834645669
0
LINE
8
BLACK
6
CONTINUOUS
10
0.1260538188976378
20
0.1294472834645669
11
0.1273322440944882
21
0.1307257086614173
0
LINE
8
BLACK
6
CONTINUOUS
10
0.1273322440944882
20
0.1307257086614173
11
0.1282362204724409
21
0.1309055118110236
0
LINE
8
BLACK
6
CONTINUOUS
10
0.1282362204724409
20
0.1309055118110236
11
0.1829606299212598
21
0.1309055118110236
0
LINE
8
BLACK
6
CONTINUOUS
10
0.1829606299212598
20
0.1309055118110236
11
0.1829606299212598
21
0.1994094488188976
0
LINE
8
BLACK
6
CONTINUOUS
10
0.1829606299212598
20
0.1994094488188976
11
0.1831404330708661
21
0.2003134251968504
0
LINE
8
BLACK
6
CONTINUOUS
10
0.1831404330708661
20
0.2003134251968504
11
0.1844188582677165
21
0.2015918503937008
0
LINE
8
BLACK
6
CONTINUOUS
10
0.1844188582677165
20
0.2015918503937008
11
0.186226811023622
21
0.2015918503937008
0
LINE
8
BLACK
6
CONTINUOUS
10
0.186226811023622
20
0.2015918503937008
11
0.1875052362204724
21
0.2003134251968504
0
LINE
8
BLACK
6
CONTINUOUS
10
0.3077307086614173
20
0.2202595275590551
11
0.30936
21
0.2186302362204724
0
LINE
8
BLACK
6
CONTINUOUS
10
0.30936
20
0.2186302362204724
11
0.310241811023622
21
0.2165014173228346
0
LINE
8
BLACK
6
CONTINUOUS
10
0.310241811023622
20
0.2165014173228346
11
0.3103552755905511
21
0.2153492913385827
0
LINE
8
BLACK
6
CONTINUOUS
10
0.3103552755905511
20
0.2153492913385827
11
0.3103552755905511
21
0.1621996850393701
0
LINE
8
BLACK
6
CONTINUOUS
10
0.3103552755905511
20
0.1621996850393701
11
0.3325712598425197
21
0.1621996850393701
0
LINE
8
BLACK
6
CONTINUOUS
10
0.3325712598425197
20
0.1621996850393701
11
0.3337233858267716
21
0.162086220472441
0
LINE
8
BLACK
6
CONTINUOUS
10
0.3337233858267716
20
0.162086220472441
11
0.3358522047244095
21
0.1612044094488189
0
LINE
8
BLACK
6
CONTINUOUS
10
0.3358522047244095
20
0.1612044094488189
11
0.3374814960629921
21
0.1595751181102362
0
LINE
8
BLACK
6
CONTINUOUS
10
0.3374814960629921
20
0.1595751181102362
11
0.3383633070866142
21
0.1574462992125984
0
LINE
8
BLACK
6
CONTINUOUS
10
0.3383633070866142
20
0.1574462992125984
11
0.3383633070866142
21
0.1551420472440945
0
LINE
8
BLACK
6
CONTINUOUS
10
0.3383633070866142
20
0.1551420472440945
11
0.3374814960629921
21
0.1530132283464567
0
LINE
8
BLACK
6
CONTINUOUS
10
0.3374814960629921
20
0.1530132283464567
11
0.3358522047244095
21
0.151383937007874
0
LINE
8
BLACK
6
CONTINUOUS
10
0.3358522047244095
20
0.151383937007874
11
0.3337233858267716
21
0.150502125984252
0
LINE
8
BLACK
6
CONTINUOUS
10
0.3337233858267716
20
0.150502125984252
11
0.3325712598425197
21
0.1503886614173228
0
LINE
8
BLACK
6
CONTINUOUS
10
0.3325712598425197
20
0.1503886614173228
11
0.3044497637795275
21
0.1503886614173228
0
LINE
8
BLACK
6
CONTINUOUS
10
0.3044497637795275
20
0.1503886614173228
11
0.3032976377952756
21
0.150502125984252
0
LINE
8
BLACK
6
CONTINUOUS
10
0.3032976377952756
20
0.150502125984252
11
0.3011688188976378
21
0.151383937007874
0
LINE
8
BLACK
6
CONTINUOUS
10
0.3011688188976378
20
0.151383937007874
11
0.2995395275590551
21
0.1530132283464567
0
LINE
8
BLACK
6
CONTINUOUS
10
0.2995395275590551
20
0.1530132283464567
11
0.298657716535433
21
0.1551420472440945
0
LINE
8
BLACK
6
CONTINUOUS
10
0.298657716535433
20
0.1551420472440945
11
0.2985442519685039
21
0.1562941732283465
0
LINE
8
BLACK
6
CONTINUOUS
10
0.2985442519685039
20
0.1562941732283465
11
0.2985442519685039
21
0.2153492913385827
0
LINE
8
BLACK
6
CONTINUOUS
10
0.2985442519685039
20
0.2153492913385827
11
0.298657716535433
21
0.2165014173228346
0
LINE
8
BLACK
6
CONTINUOUS
10
0.298657716535433
20
0.2165014173228346
11
0.2995395275590551
21
0.2186302362204724
0
LINE
8
BLACK
6
CONTINUOUS
10
0.2995395275590551
20
0.2186302362204724
11
0.3011688188976378
21
0.2202595275590551
0
LINE
8
BLACK
6
CONTINUOUS
10
0.3011688188976378
20
0.2202595275590551
11
0.3032976377952756
21
0.2211413385826771
0
LINE
8
BLACK
6
CONTINUOUS
10
0.3032976377952756
20
0.2211413385826771
11
0.3056018897637795
21
0.2211413385826771
0
LINE
8
BLACK
6
CONTINUOUS
10
0.3056018897637795
20
0.2211413385826771
11
0.3077307086614173
21
0.2202595275590551
0
LINE
8
BLACK
6
CONTINUOUS
10
0.3815299212598425
20
0.2211413385826771
11
0.3836587401574803
21
0.2202595275590551
0
LINE
8
BLACK
6
CONTINUOUS
10
0.3836587401574803
20
0.2202595275590551
11
0.385288031496063
21
0.2186302362204724
0
LINE
8
BLACK
6
CONTINUOUS
10
0.385288031496063
20
0.2186302362204724
11
0.3861698425196851
21
0.2165014173228346
0
LINE
8
BLACK
6
CONTINUOUS
10
0.3861698425196851
20
0.2165014173228346
11
0.3861698425196851
21
0.2141971653543307
0
LINE
8
BLACK
6
CONTINUOUS
10
0.3861698425196851
20
0.2141971653543307
11
0.385288031496063
21
0.2120683464566929
0
LINE
8
BLACK
6
CONTINUOUS
10
0.385288031496063
20
0.2120683464566929
11
0.3836587401574803
21
0.2104390551181102
0
LINE
8
BLACK
6
CONTINUOUS
10
0.3836587401574803
20
0.2104390551181102
11
0.3815299212598425
21
0.2095572440944882
0
LINE
8
BLACK
6
CONTINUOUS
10
0.3815299212598425
20
0.2095572440944882
11
0.3803777952755906
21
0.209443779527559
0
LINE
8
BLACK
6
CONTINUOUS
10
0.3803777952755906
20
0.209443779527559
11
0.358161811023622
21
0.209443779527559
0
LINE
8
BLACK
6
CONTINUOUS
10
0.358161811023622
20
0.209443779527559
11
0.358161811023622
21
0.1931333070866142
0
LINE
8
BLACK
6
CONTINUOUS
10
0.358161811023622
20
0.1931333070866142
11
0.3719413385826771
21
0.1931333070866142
0
LINE
8
BLACK
6
CONTINUOUS
10
0.3719413385826771
20
0.1931333070866142
11
0.3730934645669291
21
0.193019842519685
0
LINE
8
BLACK
6
CONTINUOUS
10
0.3730934645669291
20
0.193019842519685
11
0.3752222834645669
21
0.192138031496063
0
LINE
8
BLACK
6
CONTINUOUS
10
0.3752222834645669
20
0.192138031496063
11
0.3768515748031496
21
0.1905087401574803
0
LINE
8
BLACK
6
CONTINUOUS
10
0.3768515748031496
20
0.1905087401574803
11
0.3777333858267716
21
0.1883799212598425
0
LINE
8
BLACK
6
CONTINUOUS
10
0.3777333858267716
20
0.1883799212598425
11
0.3777333858267716
21
0.1860756692913386
0
LINE
8
BLACK
6
CONTINUOUS
10
0.3777333858267716
20
0.1860756692913386
11
0.3768515748031496
21
0.1839468503937008
0
LINE
8
BLACK
6
CONTINUOUS
10
0.3768515748031496
20
0.1839468503937008
11
0.3752222834645669
21
0.1823175590551181
0
LINE
8
BLACK
6
CONTINUOUS
10
0.3752222834645669
20
0.1823175590551181
11
0.3730934645669291
21
0.1814357480314961
0
LINE
8
BLACK
6
CONTINUOUS
10
0.3730934645669291
20
0.1814357480314961
11
0.3719413385826771
21
0.1813222834645669
0
LINE
8
BLACK
6
CONTINUOUS
10
0.3719413385826771
20
0.1813222834645669
11
0.358161811023622
21
0.1813222834645669
0
LINE
8
BLACK
6
CONTINUOUS
10
0.358161811023622
20
0.1813222834645669
11
0.358161811023622
21
0.1621996850393701
0
LINE
8
BLACK
6
CONTINUOUS
10
0.358161811023622
20
0.1621996850393701
11
0.3803777952755906
21
0.1621996850393701
0
LINE
8
BLACK
6
CONTINUOUS
10
0.3803777952755906
20
0.1621996850393701
11
0.3815299212598425
21
0.162086220472441
0
LINE
8
BLACK
6
CONTINUOUS
10
0.3815299212598425
20
0.162086220472441
11
0.3836587401574803
21
0.1612044094488189
0
LINE
8
BLACK
6
CONTINUOUS
10
0.3836587401574803
20
0.1612044094488189
11
0.385288031496063
21
0.1595751181102362
0
LINE
8
BLACK
6
CONTINUOUS
10
0.385288031496063
20
0.1595751181102362
11
0.3861698425196851
21
0.1574462992125984
0
LINE
8
BLACK
6
CONTINUOUS
10
0.3861698425196851
20
0.1574462992125984
11
0.3861698425196851
21
0.1551420472440945
0
LINE
8
BLACK
6
CONTINUOUS
10
0.3861698425196851
20
0.1551420472440945
11
0.385288031496063
21
0.1530132283464567
0
LINE
8
BLACK
6
CONTINUOUS
10
0.385288031496063
20
0.1530132283464567
11
0.3836587401574803
21
0.151383937007874
0
LINE
8
BLACK
6
CONTINUOUS
10
0.3836587401574803
20
0.151383937007874
11
0.3815299212598425
21
0.150502125984252
0
LINE
8
BLACK
6
CONTINUOUS
10
0.3815299212598425
20
0.150502125984252
11
0.3803777952755906
21
0.1503886614173228
0
LINE
8
BLACK
6
CONTINUOUS
10
0.3803777952755906
20
0.1503886614173228
11
0.3522562992125984
21
0.1503886614173228
0
LINE
8
BLACK
6
CONTINUOUS
10
0.3522562992125984
20
0.1503886614173228
11
0.3511041732283465
21
0.150502125984252
0
LINE
8
BLACK
6
CONTINUOUS
10
0.3511041732283465
20
0.150502125984252
11
0.3489753543307086
21
0.151383937007874
0
LINE
8
BLACK
6
CONTINUOUS
10
0.3489753543307086
20
0.151383937007874
11
0.347346062992126
21
0.1530132283464567
0
LINE
8
BLACK
6
CONTINUOUS
10
0.347346062992126
20
0.1530132283464567
11
0.3464642519685039
21
0.1551420472440945
0
LINE
8
BLACK
6
CONTINUOUS
10
0.3464642519685039
20
0.1551420472440945
11
0.3463507874015748
21
0.1562941732283465
0
LINE
8
BLACK
6
CONTINUOUS
10
0.3463507874015748
20
0.1562941732283465
11
0.3463507874015748
21
0.2153492913385827
0
LINE
8
BLACK
6
CONTINUOUS
10
0.3463507874015748
20
0.2153492913385827
11
0.3464642519685039
21
0.2165014173228346
0
LINE
8
BLACK
6
CONTINUOUS
10
0.3464642519685039
20
0.2165014173228346
11
0.347346062992126
21
0.2186302362204724
0
LINE
8
BLACK
6
CONTINUOUS
10
0.347346062992126
20
0.2186302362204724
11
0.3489753543307086
21
0.2202595275590551
0
LINE
8
BLACK
6
CONTINUOUS
10
0.3489753543307086
20
0.2202595275590551
11
0.3511041732283465
21
0.2211413385826771
0
LINE
8
BLACK
6
CONTINUOUS
10
0.3511041732283465
20
0.2211413385826771
11
0.3522562992125984
21
0.2212548031496063
0
LINE
8
BLACK
6
CONTINUOUS
10
0.3522562992125984
20
0.2212548031496063
11
0.3803777952755906
21
0.2212548031496063
0
LINE
8
BLACK
6
CONTINUOUS
10
0.3803777952755906
20
0.2212548031496063
11
0.3815299212598425
21
0.2211413385826771
0
LINE
8
BLACK
6
CONTINUOUS
10
0.4293364566929134
20
0.2211413385826771
11
0.4295325196850394
21
0.2210601181102362
0
LINE
8
BLACK
6
CONTINUOUS
10
0.4295325196850394
20
0.2210601181102362
11
0.4297441338582677
21
0.2210450787401575
0
LINE
8
BLACK
6
CONTINUOUS
10
0.4297441338582677
20
0.2210450787401575
11
0.4308253543307087
21
0.2206313385826772
0
LINE
8
BLACK
6
CONTINUOUS
10
0.4308253543307087
20
0.2206313385826772
11
0.4364496456692913
21
0.2178191732283465
0
LINE
8
BLACK
6
CONTINUOUS
10
0.4364496456692913
20
0.2178191732283465
11
0.4369455118110236
21
0.2175070472440945
0
LINE
8
BLACK
6
CONTINUOUS
10
0.4369455118110236
20
0.2175070472440945
11
0.4370894881889764
21
0.2174474015748031
0
LINE
8
BLACK
6
CONTINUOUS
10
0.4370894881889764
20
0.2174474015748031
11
0.4372515748031496
21
0.2173143700787402
0
LINE
8
BLACK
6
CONTINUOUS
10
0.4372515748031496
20
0.2173143700787402
11
0.4374294094488189
21
0.2172024409448819
0
LINE
8
BLACK
6
CONTINUOUS
10
0.4374294094488189
20
0.2172024409448819
11
0.4375316535433071
21
0.2170845669291339
0
LINE
8
BLACK
6
CONTINUOUS
10
0.4375316535433071
20
0.2170845669291339
11
0.4379844094488189
21
0.2167129921259842
0
LINE
8
BLACK
6
CONTINUOUS
10
0.4379844094488189
20
0.2167129921259842
11
0.4407965748031496
21
0.2139008661417323
0
LINE
8
BLACK
6
CONTINUOUS
10
0.4407965748031496
20
0.2139008661417323
11
0.4411683070866141
21
0.2134479133858268
0
LINE
8
BLACK
6
CONTINUOUS
10
0.4411683070866141
20
0.2134479133858268
11
0.4412861023622047
21
0.2133457480314961
0
LINE
8
BLACK
6
CONTINUOUS
10
0.4412861023622047
20
0.2133457480314961
11
0.441397874015748
21
0.213168188976378
0
LINE
8
BLACK
6
CONTINUOUS
10
0.441397874015748
20
0.213168188976378
11
0.4415310236220472
21
0.2130059448818898
0
LINE
8
BLACK
6
CONTINUOUS
10
0.4415310236220472
20
0.2130059448818898
11
0.4415906692913386
21
0.2128618897637795
0
LINE
8
BLACK
6
CONTINUOUS
10
0.4415906692913386
20
0.2128618897637795
11
0.4419028346456693
21
0.2123660236220472
0
LINE
8
BLACK
6
CONTINUOUS
10
0.4419028346456693
20
0.2123660236220472
11
0.4447149606299213
21
0.2067416929133858
0
LINE
8
BLACK
6
CONTINUOUS
10
0.4447149606299213
20
0.2067416929133858
11
0.4451287401574803
21
0.2056604724409449
0
LINE
8
BLACK
6
CONTINUOUS
10
0.4451287401574803
20
0.2056604724409449
11
0.4451437401574803
21
0.2054488582677165
0
LINE
8
BLACK
6
CONTINUOUS
10
0.4451437401574803
20
0.2054488582677165
11
0.4452249606299212
21
0.2052528346456693
0
LINE
8
BLACK
6
CONTINUOUS
10
0.4452249606299212
20
0.2052528346456693
11
0.4453384251968504
21
0.2041007086614173
0
LINE
8
BLACK
6
CONTINUOUS
10
0.4453384251968504
20
0.2041007086614173
11
0.4453384251968504
21
0.1956642519685039
0
LINE
8
BLACK
6
CONTINUOUS
10
0.4453384251968504
20
0.1956642519685039
11
0.4452249606299212
21
0.194512125984252
0
LINE
8
BLACK
6
CONTINUOUS
10
0.4452249606299212
20
0.194512125984252
11
0.4451437401574803
21
0.1943161417322835
0
LINE
8
BLACK
6
CONTINUOUS
10
0.4451437401574803
20
0.1943161417322835
11
0.4451287401574803
21
0.1941044881889764
0
LINE
8
BLACK
6
CONTINUOUS
10
0.4451287401574803
20
0.1941044881889764
11
0.4447149606299213
21
0.1930232677165354
0
LINE
8
BLACK
6
CONTINUOUS
10
0.4447149606299213
20
0.1930232677165354
11
0.4419028346456693
21
0.187398937007874
0
LINE
8
BLACK
6
CONTINUOUS
10
0.4419028346456693
20
0.187398937007874
11
0.4415907480314961
21
0.1869032283464567
0
LINE
8
BLACK
6
CONTINUOUS
10
0.4415907480314961
20
0.1869032283464567
11
0.441531062992126
21
0.1867590551181102
0
LINE
8
BLACK
6
CONTINUOUS
10
0.441531062992126
20
0.1867590551181102
11
0.4413978346456693
21
0.1865967716535433
0
LINE
8
BLACK
6
CONTINUOUS
10
0.4413978346456693
20
0.1865967716535433
11
0.4412861023622047
21
0.1864192125984252
0
LINE
8
BLACK
6
CONTINUOUS
10
0.4412861023622047
20
0.1864192125984252
11
0.4411683070866141
21
0.1863170866141732
0
LINE
8
BLACK
6
CONTINUOUS
10
0.4411683070866141
20
0.1863170866141732
11
0.4407966141732284
21
0.1858641338582677
0
LINE
8
BLACK
6
CONTINUOUS
10
0.4407966141732284
20
0.1858641338582677
11
0.4379844488188976
21
0.183051968503937
0
LINE
8
BLACK
6
CONTINUOUS
10
0.4379844488188976
20
0.183051968503937
11
0.4375316141732283
21
0.1826803543307086
0
LINE
8
BLACK
6
CONTINUOUS
10
0.4375316141732283
20
0.1826803543307086
11
0.4374294094488189
21
0.1825624803149606
0
LINE
8
BLACK
6
CONTINUOUS
10
0.4374294094488189
20
0.1825624803149606
11
0.4372516929133858
21
0.1824506692913386
0
LINE
8
BLACK
6
CONTINUOUS
10
0.4372516929133858
20
0.1824506692913386
11
0.4370895275590551
21
0.1823175196850394
0
LINE
8
BLACK
6
CONTINUOUS
10
0.4370895275590551
20
0.1823175196850394
11
0.4369454330708661
21
0.182257874015748
0
LINE
8
BLACK
6
CONTINUOUS
10
0.4369454330708661
20
0.182257874015748
11
0.4364496456692913
21
0.181945748031496
0
LINE
8
BLACK
6
CONTINUOUS
10
0.4364496456692913
20
0.181945748031496
11
0.4308253543307087
21
0.1791336220472441
0
LINE
8
BLACK
6
CONTINUOUS
10
0.4308253543307087
20
0.1791336220472441
11
0.4306901181102362
21
0.1790818897637795
0
LINE
8
BLACK
6
CONTINUOUS
10
0.4306901181102362
20
0.1790818897637795
11
0.444270905511811
21
0.1596807480314961
0
LINE
8
BLACK
6
CONTINUOUS
10
0.444270905511811
20
0.1596807480314961
11
0.4448386614173228
21
0.1586718503937008
0
LINE
8
BLACK
6
CONTINUOUS
10
0.4448386614173228
20
0.1586718503937008
11
0.4453370472440945
21
0.1564221653543307
0
LINE
8
BLACK
6
CONTINUOUS
10
0.4453370472440945
20
0.1564221653543307
11
0.4449366141732283
21
0.154153031496063
0
LINE
8
BLACK
6
CONTINUOUS
10
0.4449366141732283
20
0.154153031496063
11
0.4436983070866142
21
0.152209842519685
0
LINE
8
BLACK
6
CONTINUOUS
10
0.4436983070866142
20
0.152209842519685
11
0.4418105905511811
21
0.1508884251968504
0
LINE
8
BLACK
6
CONTINUOUS
10
0.4418105905511811
20
0.1508884251968504
11
0.439560905511811
21
0.1503900393700787
0
LINE
8
BLACK
6
CONTINUOUS
10
0.439560905511811
20
0.1503900393700787
11
0.4372917716535433
21
0.1507904724409449
0
LINE
8
BLACK
6
CONTINUOUS
10
0.4372917716535433
20
0.1507904724409449
11
0.4353485826771654
21
0.1520287795275591
0
LINE
8
BLACK
6
CONTINUOUS
10
0.4353485826771654
20
0.1520287795275591
11
0.4345949212598425
21
0.1529075984251969
0
LINE
8
BLACK
6
CONTINUOUS
10
0.4345949212598425
20
0.1529075984251969
11
0.4166731496062992
21
0.178510157480315
0
LINE
8
BLACK
6
CONTINUOUS
10
0.4166731496062992
20
0.178510157480315
11
0.4115926377952756
21
0.178510157480315
0
LINE
8
BLACK
6
CONTINUOUS
10
0.4115926377952756
20
0.178510157480315
11
0.4115926377952756
21
0.1562941732283465
0
LINE
8
BLACK
6
CONTINUOUS
10
0.4115926377952756
20
0.1562941732283465
11
0.4114791732283464
21
0.1551420472440945
0
LINE
8
BLACK
6
CONTINUOUS
10
0.4114791732283464
20
0.1551420472440945
11
0.4105973622047244
21
0.1530132283464567
0
LINE
8
BLACK
6
CONTINUOUS
10
0.4105973622047244
20
0.1530132283464567
11
0.4089680708661417
21
0.151383937007874
0
LINE
8
BLACK
6
CONTINUOUS
10
0.4089680708661417
20
0.151383937007874
11
0.4068392519685039
21
0.150502125984252
0
LINE
8
BLACK
6
CONTINUOUS
10
0.4068392519685039
20
0.150502125984252
11
0.404535
21
0.150502125984252
0
LINE
8
BLACK
6
CONTINUOUS
10
0.404535
20
0.150502125984252
11
0.4024061811023622
21
0.151383937007874
0
LINE
8
BLACK
6
CONTINUOUS
10
0.4024061811023622
20
0.151383937007874
11
0.4007768897637795
21
0.1530132283464567
0
LINE
8
BLACK
6
CONTINUOUS
10
0.4007768897637795
20
0.1530132283464567
11
0.3998950787401575
21
0.1551420472440945
0
LINE
8
BLACK
6
CONTINUOUS
10
0.3998950787401575
20
0.1551420472440945
11
0.3997816141732283
21
0.1562941732283465
0
LINE
8
BLACK
6
CONTINUOUS
10
0.3997816141732283
20
0.1562941732283465
11
0.3997816141732283
21
0.2153492913385827
0
LINE
8
BLACK
6
CONTINUOUS
10
0.3997816141732283
20
0.2153492913385827
11
0.3998950787401575
21
0.2165014173228346
0
LINE
8
BLACK
6
CONTINUOUS
10
0.3998950787401575
20
0.2165014173228346
11
0.4007768897637795
21
0.2186302362204724
0
LINE
8
BLACK
6
CONTINUOUS
10
0.4007768897637795
20
0.2186302362204724
11
0.4024061811023622
21
0.2202595275590551
0
LINE
8
BLACK
6
CONTINUOUS
10
0.4024061811023622
20
0.2202595275590551
11
0.404535
21
0.2211413385826771
0
LINE
8
BLACK
6
CONTINUOUS
10
0.404535
20
0.2211413385826771
11
0.4056871259842519
21
0.2212548031496063
0
LINE
8
BLACK
6
CONTINUOUS
10
0.4056871259842519
20
0.2212548031496063
11
0.4281843307086614
21
0.2212548031496063
0
LINE
8
BLACK
6
CONTINUOUS
10
0.4281843307086614
20
0.2212548031496063
11
0.4293364566929134
21
0.2211413385826771
0
LINE
8
BLACK
6
CONTINUOUS
10
0.4115926377952756
20
0.1903211811023622
11
0.4267902362204724
21
0.1903211811023622
0
LINE
8
BLACK
6
CONTINUOUS
10
0.4267902362204724
20
0.1903211811023622
11
0.4303103937007874
21
0.1920812598425197
0
LINE
8
BLACK
6
CONTINUOUS
10
0.4303103937007874
20
0.1920812598425197
11
0.4317672834645669
21
0.1935381496062992
0
LINE
8
BLACK
6
CONTINUOUS
10
0.4317672834645669
20
0.1935381496062992
11
0.4335274015748031
21
0.1970583464566929
0
LINE
8
BLACK
6
CONTINUOUS
10
0.4335274015748031
20
0.1970583464566929
11
0.4335274015748031
21
0.2027066535433071
0
LINE
8
BLACK
6
CONTINUOUS
10
0.4335274015748031
20
0.2027066535433071
11
0.4317673228346456
21
0.206226811023622
0
LINE
8
BLACK
6
CONTINUOUS
10
0.4317673228346456
20
0.206226811023622
11
0.4303104724409449
21
0.2076836614173228
0
LINE
8
BLACK
6
CONTINUOUS
10
0.4303104724409449
20
0.2076836614173228
11
0.4267902362204724
21
0.209443779527559
0
LINE
8
BLACK
6
CONTINUOUS
10
0.4267902362204724
20
0.209443779527559
11
0.4115926377952756
21
0.209443779527559
0
LINE
8
BLACK
6
CONTINUOUS
10
0.4115926377952756
20
0.209443779527559
11
0.4115926377952756
21
0.1903211811023622
0
LINE
8
BLACK
6
CONTINUOUS
10
0.2662187401574803
20
0.221075
11
0.2666395669291339
21
0.2210450787401575
0
LINE
8
BLACK
6
CONTINUOUS
10
0.2666395669291339
20
0.2210450787401575
11
0.267301811023622
21
0.2207139763779528
0
LINE
8
BLACK
6
CONTINUOUS
10
0.267301811023622
20
0.2207139763779528
11
0.2680043307086614
21
0.2204797637795275
0
LINE
8
BLACK
6
CONTINUOUS
10
0.2680043307086614
20
0.2204797637795275
11
0.2683230708661417
21
0.2202033070866142
0
LINE
8
BLACK
6
CONTINUOUS
10
0.2683230708661417
20
0.2202033070866142
11
0.2687004724409449
21
0.2200146062992126
0
LINE
8
BLACK
6
CONTINUOUS
10
0.2687004724409449
20
0.2200146062992126
11
0.2691856299212598
21
0.2194552362204724
0
LINE
8
BLACK
6
CONTINUOUS
10
0.2691856299212598
20
0.2194552362204724
11
0.2697450393700787
21
0.2189700393700787
0
LINE
8
BLACK
6
CONTINUOUS
10
0.2697450393700787
20
0.2189700393700787
11
0.2699337007874016
21
0.2185926771653543
0
LINE
8
BLACK
6
CONTINUOUS
10
0.2699337007874016
20
0.2185926771653543
11
0.2702101968503937
21
0.2182738976377953
0
LINE
8
BLACK
6
CONTINUOUS
10
0.2702101968503937
20
0.2182738976377953
11
0.2706821653543307
21
0.2172167716535433
0
LINE
8
BLACK
6
CONTINUOUS
10
0.2706821653543307
20
0.2172167716535433
11
0.2903672440944882
21
0.1581616535433071
0
LINE
8
BLACK
6
CONTINUOUS
10
0.2903672440944882
20
0.1581616535433071
11
0.290623937007874
21
0.1570327559055118
0
LINE
8
BLACK
6
CONTINUOUS
10
0.290623937007874
20
0.1570327559055118
11
0.2904605511811024
21
0.1547343307086614
0
LINE
8
BLACK
6
CONTINUOUS
10
0.2904605511811024
20
0.1547343307086614
11
0.2894300787401575
21
0.1526734251968504
0
LINE
8
BLACK
6
CONTINUOUS
10
0.2894300787401575
20
0.1526734251968504
11
0.2876893700787401
21
0.1511637007874016
0
LINE
8
BLACK
6
CONTINUOUS
10
0.2876893700787401
20
0.1511637007874016
11
0.2855033858267716
21
0.150435
0
LINE
8
BLACK
6
CONTINUOUS
10
0.2855033858267716
20
0.150435
11
0.2832049606299212
21
0.1505983858267717
0
LINE
8
BLACK
6
CONTINUOUS
10
0.2832049606299212
20
0.1505983858267717
11
0.2811440157480315
21
0.1516288188976378
0
LINE
8
BLACK
6
CONTINUOUS
10
0.2811440157480315
20
0.1516288188976378
11
0.2796342913385827
21
0.1533695669291339
0
LINE
8
BLACK
6
CONTINUOUS
10
0.2796342913385827
20
0.1533695669291339
11
0.2791623228346456
21
0.1544266929133858
0
LINE
8
BLACK
6
CONTINUOUS
10
0.2791623228346456
20
0.1544266929133858
11
0.2748840551181102
21
0.1672615354330709
0
LINE
8
BLACK
6
CONTINUOUS
10
0.2748840551181102
20
0.1672615354330709
11
0.2552754330708661
21
0.1672615354330709
0
LINE
8
BLACK
6
CONTINUOUS
10
0.2552754330708661
20
0.1672615354330709
11
0.2509971259842519
21
0.1544266929133858
0
LINE
8
BLACK
6
CONTINUOUS
10
0.2509971259842519
20
0.1544266929133858
11
0.250525157480315
21
0.1533695669291339
0
LINE
8
BLACK
6
CONTINUOUS
10
0.250525157480315
20
0.1533695669291339
11
0.2490154330708661
21
0.1516288582677165
0
LINE
8
BLACK
6
CONTINUOUS
10
0.2490154330708661
20
0.1516288582677165
11
0.2469545275590551
21
0.1505983858267717
0
LINE
8
BLACK
6
CONTINUOUS
10
0.2469545275590551
20
0.1505983858267717
11
0.244656062992126
21
0.1504350393700787
0
LINE
8
BLACK
6
CONTINUOUS
10
0.244656062992126
20
0.1504350393700787
11
0.2424700787401575
21
0.1511637007874016
0
LINE
8
BLACK
6
CONTINUOUS
10
0.2424700787401575
20
0.1511637007874016
11
0.2407293700787402
21
0.1526734251968504
0
LINE
8
BLACK
6
CONTINUOUS
10
0.2407293700787402
20
0.1526734251968504
11
0.2396988976377953
21
0.1547343307086614
0
LINE
8
BLACK
6
CONTINUOUS
10
0.2396988976377953
20
0.1547343307086614
11
0.2395355511811024
21
0.1570327952755906
0
LINE
8
BLACK
6
CONTINUOUS
10
0.2395355511811024
20
0.1570327952755906
11
0.2397922440944882
21
0.1581616535433071
0
LINE
8
BLACK
6
CONTINUOUS
10
0.2397922440944882
20
0.1581616535433071
11
0.2594772834645669
21
0.2172167716535433
0
LINE
8
BLACK
6
CONTINUOUS
10
0.2594772834645669
20
0.2172167716535433
11
0.2599492519685039
21
0.2182738976377953
0
LINE
8
BLACK
6
CONTINUOUS
10
0.2599492519685039
20
0.2182738976377953
11
0.2602257086614173
21
0.2185927165354331
0
LINE
8
BLACK
6
CONTINUOUS
10
0.2602257086614173
20
0.2185927165354331
11
0.2604144094488189
21
0.2189700393700787
0
LINE
8
BLACK
6
CONTINUOUS
10
0.2604144094488189
20
0.2189700393700787
11
0.2609737007874016
21
0.219455157480315
0
LINE
8
BLACK
6
CONTINUOUS
10
0.2609737007874016
20
0.219455157480315
11
0.2614589763779527
21
0.2200146456692913
0
LINE
8
BLACK
6
CONTINUOUS
10
0.2614589763779527
20
0.2200146456692913
11
0.2618364173228346
21
0.2202033858267717
0
LINE
8
BLACK
6
CONTINUOUS
10
0.2618364173228346
20
0.2202033858267717
11
0.2621551181102362
21
0.2204797637795275
0
LINE
8
BLACK
6
CONTINUOUS
10
0.2621551181102362
20
0.2204797637795275
11
0.2628575590551181
21
0.220713937007874
0
LINE
8
BLACK
6
CONTINUOUS
10
0.2628575590551181
20
0.220713937007874
11
0.2635199212598425
21
0.2210450787401575
0
LINE
8
BLACK
6
CONTINUOUS
10
0.2635199212598425
20
0.2210450787401575
11
0.2639407874015748
21
0.221075
0
LINE
8
BLACK
6
CONTINUOUS
10
0.2639407874015748
20
0.221075
11
0.2643411023622047
21
0.2212084251968504
0
LINE
8
BLACK
6
CONTINUOUS
10
0.2643411023622047
20
0.2212084251968504
11
0.2650795275590551
21
0.2211559842519685
0
LINE
8
BLACK
6
CONTINUOUS
10
0.2650795275590551
20
0.2211559842519685
11
0.2658183464566929
21
0.2212084645669291
0
LINE
8
BLACK
6
CONTINUOUS
10
0.2658183464566929
20
0.2212084645669291
11
0.2662187401574803
21
0.221075
0
LINE
8
BLACK
6
CONTINUOUS
10
0.2592124409448819
20
0.1790725590551181
11
0.2709470472440945
21
0.1790725590551181
0
LINE
8
BLACK
6
CONTINUOUS
10
0.2709470472440945
20
0.1790725590551181
11
0.2650797244094488
21
0.1966744488188976
0
LINE
8
BLACK
6
CONTINUOUS
10
0.2650797244094488
20
0.1966744488188976
11
0.2592124409448819
21
0.1790725590551181
0
LINE
8
BLACK
6
CONTINUOUS
10
0.4912037401574803
20
0.2211413385826771
11
0.4933325590551181
21
0.2202595275590551
0
LINE
8
BLACK
6
CONTINUOUS
10
0.4933325590551181
20
0.2202595275590551
11
0.4949618503937008
21
0.2186302362204724
0
LINE
8
BLACK
6
CONTINUOUS
10
0.4949618503937008
20
0.2186302362204724
11
0.4958436614173228
21
0.2165014173228346
0
LINE
8
BLACK
6
CONTINUOUS
10
0.4958436614173228
20
0.2165014173228346
11
0.4958436614173228
21
0.2141971653543307
0
LINE
8
BLACK
6
CONTINUOUS
10
0.4958436614173228
20
0.2141971653543307
11
0.4949618503937008
21
0.2120683464566929
0
LINE
8
BLACK
6
CONTINUOUS
10
0.4949618503937008
20
0.2120683464566929
11
0.4933325590551181
21
0.2104390551181102
0
LINE
8
BLACK
6
CONTINUOUS
10
0.4933325590551181
20
0.2104390551181102
11
0.4912037401574803
21
0.2095572440944882
0
LINE
8
BLACK
6
CONTINUOUS
10
0.4912037401574803
20
0.2095572440944882
11
0.4900516141732283
21
0.209443779527559
0
LINE
8
BLACK
6
CONTINUOUS
10
0.4900516141732283
20
0.209443779527559
11
0.4790842125984252
21
0.209443779527559
0
LINE
8
BLACK
6
CONTINUOUS
10
0.4790842125984252
20
0.209443779527559
11
0.4790842125984252
21
0.1562941732283465
0
LINE
8
BLACK
6
CONTINUOUS
10
0.4790842125984252
20
0.1562941732283465
11
0.478970748031496
21
0.1551420472440945
0
LINE
8
BLACK
6
CONTINUOUS
10
0.478970748031496
20
0.1551420472440945
11
0.478088937007874
21
0.1530132283464567
0
LINE
8
BLACK
6
CONTINUOUS
10
0.478088937007874
20
0.1530132283464567
11
0.4764596456692913
21
0.151383937007874
0
LINE
8
BLACK
6
CONTINUOUS
10
0.4764596456692913
20
0.151383937007874
11
0.4743308267716536
21
0.150502125984252
0
LINE
8
BLACK
6
CONTINUOUS
10
0.4743308267716536
20
0.150502125984252
11
0.4720265748031496
21
0.150502125984252
0
LINE
8
BLACK
6
CONTINUOUS
10
0.4720265748031496
20
0.150502125984252
11
0.4698977559055118
21
0.151383937007874
0
LINE
8
BLACK
6
CONTINUOUS
10
0.4698977559055118
20
0.151383937007874
11
0.4682684645669291
21
0.1530132283464567
0
LINE
8
BLACK
6
CONTINUOUS
10
0.4682684645669291
20
0.1530132283464567
11
0.4673866535433071
21
0.1551420472440945
0
LINE
8
BLACK
6
CONTINUOUS
10
0.4673866535433071
20
0.1551420472440945
11
0.4672731889763779
21
0.1562941732283465
0
LINE
8
BLACK
6
CONTINUOUS
10
0.4672731889763779
20
0.1562941732283465
11
0.4672731889763779
21
0.209443779527559
0
LINE
8
BLACK
6
CONTINUOUS
10
0.4672731889763779
20
0.209443779527559
11
0.4563058267716535
21
0.209443779527559
0
LINE
8
BLACK
6
CONTINUOUS
10
0.4563058267716535
20
0.209443779527559
11
0.4551537007874016
21
0.2095572440944882
0
LINE
8
BLACK
6
CONTINUOUS
10
0.4551537007874016
20
0.2095572440944882
11
0.4530248818897638
21
0.2104390551181102
0
LINE
8
BLACK
6
CONTINUOUS
10
0.4530248818897638
20
0.2104390551181102
11
0.4513955905511811
21
0.2120683464566929
0
LINE
8
BLACK
6
CONTINUOUS
10
0.4513955905511811
20
0.2120683464566929
11
0.4505137795275591
21
0.2141971653543307
0
LINE
8
BLACK
6
CONTINUOUS
10
0.4505137795275591
20
0.2141971653543307
11
0.4505137795275591
21
0.2165014173228346
0
LINE
8
BLACK
6
CONTINUOUS
10
0.4505137795275591
20
0.2165014173228346
11
0.4513955905511811
21
0.2186302362204724
0
LINE
8
BLACK
6
CONTINUOUS
10
0.4513955905511811
20
0.2186302362204724
11
0.4530248818897638
21
0.2202595275590551
0
LINE
8
BLACK
6
CONTINUOUS
10
0.4530248818897638
20
0.2202595275590551
11
0.4551537007874016
21
0.2211413385826771
0
LINE
8
BLACK
6
CONTINUOUS
10
0.4551537007874016
20
0.2211413385826771
11
0.4563058267716535
21
0.2212548031496063
0
LINE
8
BLACK
6
CONTINUOUS
10
0.4563058267716535
20
0.2212548031496063
11
0.4900516141732283
21
0.2212548031496063
0
LINE
8
BLACK
6
CONTINUOUS
10
0.4900516141732283
20
0.2212548031496063
11
0.4912037401574803
21
0.2211413385826771
0
LINE
8
BLACK
6
CONTINUOUS
10
0.6709316535433071
20
0.1961813779527559
11
0.6725609448818898
21
0.1945520866141732
0
LINE
8
BLACK
6
CONTINUOUS
10
0.6725609448818898
20
0.1945520866141732
11
0.6734427559055118
21
0.1924232677165354
0
LINE
8
BLACK
6
CONTINUOUS
10
0.6734427559055118
20
0.1924232677165354
11
0.6735562204724409
21
0.1912711417322835
0
LINE
8
BLACK
6
CONTINUOUS
10
0.6735562204724409
20
0.1912711417322835
11
0.6735562204724409
21
0.169055157480315
0
LINE
8
BLACK
6
CONTINUOUS
10
0.6735562204724409
20
0.169055157480315
11
0.6898666929133858
21
0.169055157480315
0
LINE
8
BLACK
6
CONTINUOUS
10
0.6898666929133858
20
0.169055157480315
11
0.6898666929133858
21
0.1828346850393701
0
LINE
8
BLACK
6
CONTINUOUS
10
0.6898666929133858
20
0.1828346850393701
11
0.6899801574803149
21
0.183986811023622
0
LINE
8
BLACK
6
CONTINUOUS
10
0.6899801574803149
20
0.183986811023622
11
0.690861968503937
21
0.1861156299212599
0
LINE
8
BLACK
6
CONTINUOUS
10
0.690861968503937
20
0.1861156299212599
11
0.6924912598425197
21
0.1877449212598425
0
LINE
8
BLACK
6
CONTINUOUS
10
0.6924912598425197
20
0.1877449212598425
11
0.6946200787401574
21
0.1886267322834645
0
LINE
8
BLACK
6
CONTINUOUS
10
0.6946200787401574
20
0.1886267322834645
11
0.6969243307086614
21
0.1886267322834645
0
LINE
8
BLACK
6
CONTINUOUS
10
0.6969243307086614
20
0.1886267322834645
11
0.6990531496062992
21
0.1877449212598425
0
LINE
8
BLACK
6
CONTINUOUS
10
0.6990531496062992
20
0.1877449212598425
11
0.7006824409448819
21
0.1861156299212599
0
LINE
8
BLACK
6
CONTINUOUS
10
0.7006824409448819
20
0.1861156299212599
11
0.7015642519685039
21
0.183986811023622
0
LINE
8
BLACK
6
CONTINUOUS
10
0.7015642519685039
20
0.183986811023622
11
0.7016777165354331
21
0.1828346850393701
0
LINE
8
BLACK
6
CONTINUOUS
10
0.7016777165354331
20
0.1828346850393701
11
0.7016777165354331
21
0.169055157480315
0
LINE
8
BLACK
6
CONTINUOUS
10
0.7016777165354331
20
0.169055157480315
11
0.7267058267716535
21
0.169055157480315
0
LINE
8
BLACK
6
CONTINUOUS
10
0.7267058267716535
20
0.169055157480315
11
0.7278579527559055
21
0.1689416929133858
0
LINE
8
BLACK
6
CONTINUOUS
10
0.7278579527559055
20
0.1689416929133858
11
0.7299867716535433
21
0.1680598818897638
0
LINE
8
BLACK
6
CONTINUOUS
10
0.7299867716535433
20
0.1680598818897638
11
0.731616062992126
21
0.1664305905511811
0
LINE
8
BLACK
6
CONTINUOUS
10
0.731616062992126
20
0.1664305905511811
11
0.7324978740157481
21
0.1643017716535433
0
LINE
8
BLACK
6
CONTINUOUS
10
0.7324978740157481
20
0.1643017716535433
11
0.7324978740157481
21
0.1619975196850394
0
LINE
8
BLACK
6
CONTINUOUS
10
0.7324978740157481
20
0.1619975196850394
11
0.731616062992126
21
0.1598687007874016
0
LINE
8
BLACK
6
CONTINUOUS
10
0.731616062992126
20
0.1598687007874016
11
0.7299867716535433
21
0.1582394094488189
0
LINE
8
BLACK
6
CONTINUOUS
10
0.7299867716535433
20
0.1582394094488189
11
0.7278579527559055
21
0.1573575984251968
0
LINE
8
BLACK
6
CONTINUOUS
10
0.7278579527559055
20
0.1573575984251968
11
0.7267058267716535
21
0.1572441338582677
0
LINE
8
BLACK
6
CONTINUOUS
10
0.7267058267716535
20
0.1572441338582677
11
0.6676507086614173
21
0.1572441338582677
0
LINE
8
BLACK
6
CONTINUOUS
10
0.6676507086614173
20
0.1572441338582677
11
0.6664985826771653
21
0.1573575984251968
0
LINE
8
BLACK
6
CONTINUOUS
10
0.6664985826771653
20
0.1573575984251968
11
0.6643697637795275
21
0.1582394094488189
0
LINE
8
BLACK
6
CONTINUOUS
10
0.6643697637795275
20
0.1582394094488189
11
0.6627404724409449
21
0.1598687007874016
0
LINE
8
BLACK
6
CONTINUOUS
10
0.6627404724409449
20
0.1598687007874016
11
0.6618586614173229
21
0.1619975196850394
0
LINE
8
BLACK
6
CONTINUOUS
10
0.6618586614173229
20
0.1619975196850394
11
0.6617451968503937
21
0.1631496456692913
0
LINE
8
BLACK
6
CONTINUOUS
10
0.6617451968503937
20
0.1631496456692913
11
0.6617451968503937
21
0.1912711417322835
0
LINE
8
BLACK
6
CONTINUOUS
10
0.6617451968503937
20
0.1912711417322835
11
0.6618586614173229
21
0.1924232677165354
0
LINE
8
BLACK
6
CONTINUOUS
10
0.6618586614173229
20
0.1924232677165354
11
0.6627404724409449
21
0.1945520866141732
0
LINE
8
BLACK
6
CONTINUOUS
10
0.6627404724409449
20
0.1945520866141732
11
0.6643697637795275
21
0.1961813779527559
0
LINE
8
BLACK
6
CONTINUOUS
10
0.6643697637795275
20
0.1961813779527559
11
0.6664985826771653
21
0.197063188976378
0
LINE
8
BLACK
6
CONTINUOUS
10
0.6664985826771653
20
0.197063188976378
11
0.6688028346456693
21
0.197063188976378
0
LINE
8
BLACK
6
CONTINUOUS
10
0.6688028346456693
20
0.197063188976378
11
0.6709316535433071
21
0.1961813779527559
0
LINE
8
BLACK
6
CONTINUOUS
10
1.0530599606299211
20
0.220391811023622
11
1.0573717322834646
21
0.2203636614173228
0
LINE
8
BLACK
6
CONTINUOUS
10
1.0573717322834646
20
0.2203636614173228
11
1.0610244881889763
21
0.2203367716535433
0
LINE
8
BLACK
6
CONTINUOUS
10
1.0610244881889763
20
0.2203367716535433
11
1.0640821653543306
21
0.2203085039370079
0
LINE
8
BLACK
6
CONTINUOUS
10
1.0640821653543306
20
0.2203085039370079
11
1.0666088582677165
21
0.2202761811023622
0
LINE
8
BLACK
6
CONTINUOUS
10
1.0666088582677165
20
0.2202761811023622
11
1.0686685433070866
21
0.2202370472440945
0
LINE
8
BLACK
6
CONTINUOUS
10
1.0686685433070866
20
0.2202370472440945
11
1.0703252362204725
21
0.2201885433070866
0
LINE
8
BLACK
6
CONTINUOUS
10
1.0703252362204725
20
0.2201885433070866
11
1.0716429527559055
21
0.220127874015748
0
LINE
8
BLACK
6
CONTINUOUS
10
1.0716429527559055
20
0.220127874015748
11
1.0726857086614172
21
0.2200524803149606
0
LINE
8
BLACK
6
CONTINUOUS
10
1.0726857086614172
20
0.2200524803149606
11
1.0735174803149605
21
0.2199596062992126
0
LINE
8
BLACK
6
CONTINUOUS
10
1.0735174803149605
20
0.2199596062992126
11
1.0742022834645668
21
0.2198465748031496
0
LINE
8
BLACK
6
CONTINUOUS
10
1.0742022834645668
20
0.2198465748031496
11
1.0748042125984252
21
0.2197107480314961
0
LINE
8
BLACK
6
CONTINUOUS
10
1.0748042125984252
20
0.2197107480314961
11
1.0753871653543308
21
0.2195494488188976
0
LINE
8
BLACK
6
CONTINUOUS
10
1.0753871653543308
20
0.2195494488188976
11
1.0757402362204724
21
0.2194436614173228
0
LINE
8
BLACK
6
CONTINUOUS
10
1.0757402362204724
20
0.2194436614173228
11
1.0796776377952755
21
0.2179312204724409
0
LINE
8
BLACK
6
CONTINUOUS
10
1.0796776377952755
20
0.2179312204724409
11
1.0830986220472441
21
0.2159499212598425
0
LINE
8
BLACK
6
CONTINUOUS
10
1.0830986220472441
20
0.2159499212598425
11
1.0859804330708662
21
0.2135211417322835
0
LINE
8
BLACK
6
CONTINUOUS
10
1.0859804330708662
20
0.2135211417322835
11
1.0883003937007873
21
0.2106662204724409
0
LINE
8
BLACK
6
CONTINUOUS
10
1.0883003937007873
20
0.2106662204724409
11
1.0900356299212599
21
0.2074065354330709
0
LINE
8
BLACK
6
CONTINUOUS
10
1.0900356299212599
20
0.2074065354330709
11
1.0907642125984252
21
0.2053423228346457
0
LINE
8
BLACK
6
CONTINUOUS
10
1.0907642125984252
20
0.2053423228346457
11
1.0910894488188976
21
0.2039613779527559
0
LINE
8
BLACK
6
CONTINUOUS
10
1.0910894488188976
20
0.2039613779527559
11
1.0914068897637794
21
0.2021524015748032
0
LINE
8
BLACK
6
CONTINUOUS
10
1.0914068897637794
20
0.2021524015748032
11
1.091682283464567
21
0.2001729921259842
0
LINE
8
BLACK
6
CONTINUOUS
10
1.091682283464567
20
0.2001729921259842
11
1.0918815748031496
21
0.1982806692913386
0
LINE
8
BLACK
6
CONTINUOUS
10
1.0918815748031496
20
0.1982806692913386
11
1.0919705905511812
21
0.1967329527559055
0
LINE
8
BLACK
6
CONTINUOUS
10
1.0919705905511812
20
0.1967329527559055
11
1.0919675984251969
21
0.1962664173228346
0
LINE
8
BLACK
6
CONTINUOUS
10
1.0919675984251969
20
0.1962664173228346
11
1.0919002362204724
21
0.1952355511811024
0
LINE
8
BLACK
6
CONTINUOUS
10
1.0919002362204724
20
0.1952355511811024
11
1.0917718503937008
21
0.1938150393700787
0
LINE
8
BLACK
6
CONTINUOUS
10
1.0917718503937008
20
0.1938150393700787
11
1.0916292913385826
21
0.1924824015748031
0
LINE
8
BLACK
6
CONTINUOUS
10
1.0916292913385826
20
0.1924824015748031
11
1.090846496062992
21
0.1885329921259843
0
LINE
8
BLACK
6
CONTINUOUS
10
1.090846496062992
20
0.1885329921259843
11
1.0894717716535434
21
0.1849480708661417
0
LINE
8
BLACK
6
CONTINUOUS
10
1.0894717716535434
20
0.1849480708661417
11
1.087533937007874
21
0.1817701181102362
0
LINE
8
BLACK
6
CONTINUOUS
10
1.087533937007874
20
0.1817701181102362
11
1.0850618110236221
21
0.1790416141732283
0
LINE
8
BLACK
6
CONTINUOUS
10
1.0850618110236221
20
0.1790416141732283
11
1.0820842519685039
21
0.1768050393700787
0
LINE
8
BLACK
6
CONTINUOUS
10
1.0820842519685039
20
0.1768050393700787
11
1.0803392913385828
21
0.1758474015748031
0
LINE
8
BLACK
6
CONTINUOUS
10
1.0803392913385828
20
0.1758474015748031
11
1.0789497244094488
21
0.1752053149606299
0
LINE
8
BLACK
6
CONTINUOUS
10
1.0789497244094488
20
0.1752053149606299
11
1.0775656299212599
21
0.1746557086614173
0
LINE
8
BLACK
6
CONTINUOUS
10
1.0775656299212599
20
0.1746557086614173
11
1.0761209842519686
21
0.1741921653543307
0
LINE
8
BLACK
6
CONTINUOUS
10
1.0761209842519686
20
0.1741921653543307
11
1.0745498031496064
21
0.1738082677165354
0
LINE
8
BLACK
6
CONTINUOUS
10
1.0745498031496064
20
0.1738082677165354
11
1.0727859448818897
21
0.1734975590551181
0
LINE
8
BLACK
6
CONTINUOUS
10
1.0727859448818897
20
0.1734975590551181
11
1.0707634645669291
21
0.1732536614173228
0
LINE
8
BLACK
6
CONTINUOUS
10
1.0707634645669291
20
0.1732536614173228
11
1.0684162598425198
21
0.1730700787401575
0
LINE
8
BLACK
6
CONTINUOUS
10
1.0684162598425198
20
0.1730700787401575
11
1.0656782677165355
21
0.1729404724409449
0
LINE
8
BLACK
6
CONTINUOUS
10
1.0656782677165355
20
0.1729404724409449
11
1.0624835433070865
21
0.1728583858267717
0
LINE
8
BLACK
6
CONTINUOUS
10
1.0624835433070865
20
0.1728583858267717
11
1.0587659448818898
21
0.1728174015748032
0
LINE
8
BLACK
6
CONTINUOUS
10
1.0587659448818898
20
0.1728174015748032
11
1.0544594881889764
21
0.172811062992126
0
LINE
8
BLACK
6
CONTINUOUS
10
1.0544594881889764
20
0.172811062992126
11
1.0494981496062992
21
0.1728329921259842
0
LINE
8
BLACK
6
CONTINUOUS
10
1.0494981496062992
20
0.1728329921259842
11
1.049354251968504
21
0.172833937007874
0
LINE
8
BLACK
6
CONTINUOUS
10
1.049354251968504
20
0.172833937007874
11
1.0332660236220472
21
0.1729380708661417
0
LINE
8
BLACK
6
CONTINUOUS
10
1.0332660236220472
20
0.1729380708661417
11
1.0331659842519685
21
0.1782706692913386
0
LINE
8
BLACK
6
CONTINUOUS
10
1.0331659842519685
20
0.1782706692913386
11
1.033065905511811
21
0.1836032677165354
0
LINE
8
BLACK
6
CONTINUOUS
10
1.033065905511811
20
0.1836032677165354
11
1.0500414566929133
21
0.1836032677165354
0
LINE
8
BLACK
6
CONTINUOUS
10
1.0500414566929133
20
0.1836032677165354
11
1.0541201968503937
21
0.1836120866141732
0
LINE
8
BLACK
6
CONTINUOUS
10
1.0541201968503937
20
0.1836120866141732
11
1.0578814566929133
21
0.1836375984251968
0
LINE
8
BLACK
6
CONTINUOUS
10
1.0578814566929133
20
0.1836375984251968
11
1.0612601181102361
21
0.1836785826771654
0
LINE
8
BLACK
6
CONTINUOUS
10
1.0612601181102361
20
0.1836785826771654
11
1.0641909055118111
21
0.1837337401574803
0
LINE
8
BLACK
6
CONTINUOUS
10
1.0641909055118111
20
0.1837337401574803
11
1.0666086614173229
21
0.1838017716535433
0
LINE
8
BLACK
6
CONTINUOUS
10
1.0666086614173229
20
0.1838017716535433
11
1.0684482283464567
21
0.1838813779527559
0
LINE
8
BLACK
6
CONTINUOUS
10
1.0684482283464567
20
0.1838813779527559
11
1.0696443307086614
21
0.1839713385826772
0
LINE
8
BLACK
6
CONTINUOUS
10
1.0696443307086614
20
0.1839713385826772
11
1.0698149606299212
21
0.1839924409448819
0
LINE
8
BLACK
6
CONTINUOUS
10
1.0698149606299212
20
0.1839924409448819
11
1.0731453543307086
21
0.1846673228346457
0
LINE
8
BLACK
6
CONTINUOUS
10
1.0731453543307086
20
0.1846673228346457
11
1.0758635433070867
21
0.1857009448818898
0
LINE
8
BLACK
6
CONTINUOUS
10
1.0758635433070867
20
0.1857009448818898
11
1.0780041338582678
21
0.1871287007874016
0
LINE
8
BLACK
6
CONTINUOUS
10
1.0780041338582678
20
0.1871287007874016
11
1.0796017322834646
21
0.1889861811023622
0
LINE
8
BLACK
6
CONTINUOUS
10
1.0796017322834646
20
0.1889861811023622
11
1.0806908661417323
21
0.1913088582677165
0
LINE
8
BLACK
6
CONTINUOUS
10
1.0806908661417323
20
0.1913088582677165
11
1.0813062598425196
21
0.1941322440944882
0
LINE
8
BLACK
6
CONTINUOUS
10
1.0813062598425196
20
0.1941322440944882
11
1.081456377952756
21
0.1959362204724409
0
LINE
8
BLACK
6
CONTINUOUS
10
1.081456377952756
20
0.1959362204724409
11
1.081384842519685
21
0.1992334645669291
0
LINE
8
BLACK
6
CONTINUOUS
10
1.081384842519685
20
0.1992334645669291
11
1.0808319685039369
21
0.2020096850393701
0
LINE
8
BLACK
6
CONTINUOUS
10
1.0808319685039369
20
0.2020096850393701
11
1.079766377952756
21
0.2043099212598425
0
LINE
8
BLACK
6
CONTINUOUS
10
1.079766377952756
20
0.2043099212598425
11
1.0781567716535432
21
0.2061791338582677
0
LINE
8
BLACK
6
CONTINUOUS
10
1.0781567716535432
20
0.2061791338582677
11
1.0759718503937008
21
0.2076622440944882
0
LINE
8
BLACK
6
CONTINUOUS
10
1.0759718503937008
20
0.2076622440944882
11
1.0731802362204723
21
0.2088042519685039
0
LINE
8
BLACK
6
CONTINUOUS
10
1.0731802362204723
20
0.2088042519685039
11
1.0723125196850394
21
0.2090615748031496
0
LINE
8
BLACK
6
CONTINUOUS
10
1.0723125196850394
20
0.2090615748031496
11
1.0716910629921259
21
0.2092206692913386
0
LINE
8
BLACK
6
CONTINUOUS
10
1.0716910629921259
20
0.2092206692913386
11
1.0710275196850394
21
0.2093550787401575
0
LINE
8
BLACK
6
CONTINUOUS
10
1.0710275196850394
20
0.2093550787401575
11
1.0702546850393702
21
0.2094674803149606
0
LINE
8
BLACK
6
CONTINUOUS
10
1.0702546850393702
20
0.2094674803149606
11
1.0693055118110235
21
0.2095606692913386
0
LINE
8
BLACK
6
CONTINUOUS
10
1.0693055118110235
20
0.2095606692913386
11
1.0681129133858267
21
0.2096372834645669
0
LINE
8
BLACK
6
CONTINUOUS
10
1.0681129133858267
20
0.2096372834645669
11
1.0666097244094488
21
0.2097001181102362
0
LINE
8
BLACK
6
CONTINUOUS
10
1.0666097244094488
20
0.2097001181102362
11
1.0647288582677166
21
0.2097518503937008
0
LINE
8
BLACK
6
CONTINUOUS
10
1.0647288582677166
20
0.2097518503937008
11
1.0624032283464566
21
0.2097952362204724
0
LINE
8
BLACK
6
CONTINUOUS
10
1.0624032283464566
20
0.2097952362204724
11
1.0595656692913387
21
0.2098329133858268
0
LINE
8
BLACK
6
CONTINUOUS
10
1.0595656692913387
20
0.2098329133858268
11
1.0561491338582676
21
0.2098676771653543
0
LINE
8
BLACK
6
CONTINUOUS
10
1.0561491338582676
20
0.2098676771653543
11
1.0520864566929133
21
0.2099022440944882
0
LINE
8
BLACK
6
CONTINUOUS
10
1.0520864566929133
20
0.2099022440944882
11
1.0514330314960629
21
0.2099074409448819
0
LINE
8
BLACK
6
CONTINUOUS
10
1.0514330314960629
20
0.2099074409448819
11
1.0330852362204723
21
0.2100527165354331
0
LINE
8
BLACK
6
CONTINUOUS
10
1.0330852362204723
20
0.2100527165354331
11
1.0330852362204723
21
0.2205188976377953
0
LINE
8
BLACK
6
CONTINUOUS
10
1.0330852362204723
20
0.2205188976377953
11
1.0530599606299211
21
0.220391811023622
0
LINE
8
BLACK
6
CONTINUOUS
10
0.019395
20
0.4129118503937008
11
0.0195748031496063
21
0.412007874015748
0
LINE
8
BLACK
6
CONTINUOUS
10
0.0195748031496063
20
0.412007874015748
11
0.0195748031496063
21
0.1785433070866142
0
LINE
8
BLACK
6
CONTINUOUS
10
0.0195748031496063
20
0.1785433070866142
11
0.019395
21
0.1776393307086614
0
LINE
8
BLACK
6
CONTINUOUS
10
0.019395
20
0.1776393307086614
11
0.0181165748031496
21
0.176360905511811
0
LINE
8
BLACK
6
CONTINUOUS
10
0.0181165748031496
20
0.176360905511811
11
0.0163086220472441
21
0.176360905511811
0
LINE
8
BLACK
6
CONTINUOUS
10
0.0163086220472441
20
0.176360905511811
11
0.0150301968503937
21
0.1776393307086614
0
LINE
8
BLACK
6
CONTINUOUS
10
0.0150301968503937
20
0.1776393307086614
11
0.0148503937007874
21
0.1785433070866142
0
LINE
8
BLACK
6
CONTINUOUS
10
0.0148503937007874
20
0.1785433070866142
11
0.0148503937007874
21
0.412007874015748
0
LINE
8
BLACK
6
CONTINUOUS
10
0.0148503937007874
20
0.412007874015748
11
0.0150301968503937
21
0.4129118503937008
0
LINE
8
BLACK
6
CONTINUOUS
10
0.0150301968503937
20
0.4129118503937008
11
0.0163086220472441
21
0.4141902755905512
0
LINE
8
BLACK
6
CONTINUOUS
10
0.0163086220472441
20
0.4141902755905512
11
0.0181165748031496
21
0.4141902755905512
0
LINE
8
BLACK
6
CONTINUOUS
10
0.0181165748031496
20
0.4141902755905512
11
0.019395
21
0.4129118503937008
0
LINE
8
BLACK
6
CONTINUOUS
10
0.7278579527559055
20
0.2533061417322834
11
0.7299867716535433
21
0.2524243307086614
0
LINE
8
BLACK
6
CONTINUOUS
10
0.7299867716535433
20
0.2524243307086614
11
0.731616062992126
21
0.2507950393700787
0
LINE
8
BLACK
6
CONTINUOUS
10
0.731616062992126
20
0.2507950393700787
11
0.7324978740157481
21
0.2486662204724409
0
LINE
8
BLACK
6
CONTINUOUS
10
0.7324978740157481
20
0.2486662204724409
11
0.7324978740157481
21
0.246361968503937
0
LINE
8
BLACK
6
CONTINUOUS
10
0.7324978740157481
20
0.246361968503937
11
0.731616062992126
21
0.2442331496062992
0
LINE
8
BLACK
6
CONTINUOUS
10
0.731616062992126
20
0.2442331496062992
11
0.7299867716535433
21
0.2426038582677165
0
LINE
8
BLACK
6
CONTINUOUS
10
0.7299867716535433
20
0.2426038582677165
11
0.7278579527559055
21
0.2417220472440945
0
LINE
8
BLACK
6
CONTINUOUS
10
0.7278579527559055
20
0.2417220472440945
11
0.7267058267716535
21
0.2416085826771653
0
LINE
8
BLACK
6
CONTINUOUS
10
0.7267058267716535
20
0.2416085826771653
11
0.7016777165354331
21
0.2416085826771653
0
LINE
8
BLACK
6
CONTINUOUS
10
0.7016777165354331
20
0.2416085826771653
11
0.7016777165354331
21
0.2196738188976378
0
LINE
8
BLACK
6
CONTINUOUS
10
0.7016777165354331
20
0.2196738188976378
11
0.7267058267716535
21
0.2196738188976378
0
LINE
8
BLACK
6
CONTINUOUS
10
0.7267058267716535
20
0.2196738188976378
11
0.7278579527559055
21
0.2195603543307087
0
LINE
8
BLACK
6
CONTINUOUS
10
0.7278579527559055
20
0.2195603543307087
11
0.7299867716535433
21
0.2186785433070866
0
LINE
8
BLACK
6
CONTINUOUS
10
0.7299867716535433
20
0.2186785433070866
11
0.731616062992126
21
0.2170492519685039
0
LINE
8
BLACK
6
CONTINUOUS
10
0.731616062992126
20
0.2170492519685039
11
0.7324978740157481
21
0.2149204330708661
0
LINE
8
BLACK
6
CONTINUOUS
10
0.7324978740157481
20
0.2149204330708661
11
0.7324978740157481
21
0.2126161811023622
0
LINE
8
BLACK
6
CONTINUOUS
10
0.7324978740157481
20
0.2126161811023622
11
0.731616062992126
21
0.2104873622047244
0
LINE
8
BLACK
6
CONTINUOUS
10
0.731616062992126
20
0.2104873622047244
11
0.7299867716535433
21
0.2088580708661417
0
LINE
8
BLACK
6
CONTINUOUS
10
0.7299867716535433
20
0.2088580708661417
11
0.7278579527559055
21
0.2079762598425197
0
LINE
8
BLACK
6
CONTINUOUS
10
0.7278579527559055
20
0.2079762598425197
11
0.7267058267716535
21
0.2078627952755905
0
LINE
8
BLACK
6
CONTINUOUS
10
0.7267058267716535
20
0.2078627952755905
11
0.6676507086614173
21
0.2078627952755905
0
LINE
8
BLACK
6
CONTINUOUS
10
0.6676507086614173
20
0.2078627952755905
11
0.6664985826771653
21
0.2079762598425197
0
LINE
8
BLACK
6
CONTINUOUS
10
0.6664985826771653
20
0.2079762598425197
11
0.6643697637795275
21
0.2088580708661417
0
LINE
8
BLACK
6
CONTINUOUS
10
0.6643697637795275
20
0.2088580708661417
11
0.6627404724409449
21
0.2104873622047244
0
LINE
8
BLACK
6
CONTINUOUS
10
0.6627404724409449
20
0.2104873622047244
11
0.6618586614173229
21
0.2126161811023622
0
LINE
8
BLACK
6
CONTINUOUS
10
0.6618586614173229
20
0.2126161811023622
11
0.6618586614173229
21
0.2149204330708661
0
LINE
8
BLACK
6
CONTINUOUS
10
0.6618586614173229
20
0.2149204330708661
11
0.6627404724409449
21
0.2170492519685039
0
LINE
8
BLACK
6
CONTINUOUS
10
0.6627404724409449
20
0.2170492519685039
11
0.6643697637795275
21
0.2186785433070866
0
LINE
8
BLACK
6
CONTINUOUS
10
0.6643697637795275
20
0.2186785433070866
11
0.6664985826771653
21
0.2195603543307087
0
LINE
8
BLACK
6
CONTINUOUS
10
0.6664985826771653
20
0.2195603543307087
11
0.6676507086614173
21
0.2196738188976378
0
LINE
8
BLACK
6
CONTINUOUS
10
0.6676507086614173
20
0.2196738188976378
11
0.6898666929133858
21
0.2196738188976378
0
LINE
8
BLACK
6
CONTINUOUS
10
0.6898666929133858
20
0.2196738188976378
11
0.6898666929133858
21
0.2416085826771653
0
LINE
8
BLACK
6
CONTINUOUS
10
0.6898666929133858
20
0.2416085826771653
11
0.6676507086614173
21
0.2416085826771653
0
LINE
8
BLACK
6
CONTINUOUS
10
0.6676507086614173
20
0.2416085826771653
11
0.6664985826771653
21
0.2417220472440945
0
LINE
8
BLACK
6
CONTINUOUS
10
0.6664985826771653
20
0.2417220472440945
11
0.6643697637795275
21
0.2426038582677165
0
LINE
8
BLACK
6
CONTINUOUS
10
0.6643697637795275
20
0.2426038582677165
11
0.6627404724409449
21
0.2442331496062992
0
LINE
8
BLACK
6
CONTINUOUS
10
0.6627404724409449
20
0.2442331496062992
11
0.6618586614173229
21
0.246361968503937
0
LINE
8
BLACK
6
CONTINUOUS
10
0.6618586614173229
20
0.246361968503937
11
0.6618586614173229
21
0.2486662204724409
0
LINE
8
BLACK
6
CONTINUOUS
10
0.6618586614173229
20
0.2486662204724409
11
0.6627404724409449
21
0.2507950393700787
0
LINE
8
BLACK
6
CONTINUOUS
10
0.6627404724409449
20
0.2507950393700787
11
0.6643697637795275
21
0.2524243307086614
0
LINE
8
BLACK
6
CONTINUOUS
10
0.6643697637795275
20
0.2524243307086614
11
0.6664985826771653
21
0.2533061417322834
0
LINE
8
BLACK
6
CONTINUOUS
10
0.6664985826771653
20
0.2533061417322834
11
0.6676507086614173
21
0.2534196062992126
0
LINE
8
BLACK
6
CONTINUOUS
10
0.6676507086614173
20
0.2534196062992126
11
0.7267058267716535
21
0.2534196062992126
0
LINE
8
BLACK
6
CONTINUOUS
10
0.7267058267716535
20
0.2534196062992126
11
0.7278579527559055
21
0.2533061417322834
0
LINE
8
BLACK
6
CONTINUOUS
10
1.0905689763779527
20
0.2678411811023622
11
1.071180157480315
21
0.2549159842519685
0
LINE
8
BLACK
6
CONTINUOUS
10
1.071180157480315
20
0.2549159842519685
11
1.0517913779527559
21
0.2419908267716535
0
LINE
8
BLACK
6
CONTINUOUS
10
1.0517913779527559
20
0.2419908267716535
11
1.071180157480315
21
0.2418973228346457
0
LINE
8
BLACK
6
CONTINUOUS
10
1.071180157480315
20
0.2418973228346457
11
1.0905689763779527
21
0.241803779527559
0
LINE
8
BLACK
6
CONTINUOUS
10
1.0905689763779527
20
0.241803779527559
11
1.0905689763779527
21
0.2313256299212599
0
LINE
8
BLACK
6
CONTINUOUS
10
1.0905689763779527
20
0.2313256299212599
11
1.0330852362204723
21
0.2313256299212599
0
LINE
8
BLACK
6
CONTINUOUS
10
1.0330852362204723
20
0.2313256299212599
11
1.0330854330708661
21
0.2364774409448819
0
LINE
8
BLACK
6
CONTINUOUS
10
1.0330854330708661
20
0.2364774409448819
11
1.0330856299212599
21
0.2416292913385827
0
LINE
8
BLACK
6
CONTINUOUS
10
1.0330856299212599
20
0.2416292913385827
11
1.0513962598425197
21
0.2537406692913386
0
LINE
8
BLACK
6
CONTINUOUS
10
1.0513962598425197
20
0.2537406692913386
11
1.0697069291338583
21
0.2658520078740157
0
LINE
8
BLACK
6
CONTINUOUS
10
1.0697069291338583
20
0.2658520078740157
11
1.0513864566929134
21
0.2659457086614173
0
LINE
8
BLACK
6
CONTINUOUS
10
1.0513864566929134
20
0.2659457086614173
11
1.0330659448818897
21
0.2660394094488189
0
LINE
8
BLACK
6
CONTINUOUS
10
1.0330659448818897
20
0.2660394094488189
11
1.0332660236220472
21
0.2766979921259842
0
LINE
8
BLACK
6
CONTINUOUS
10
1.0332660236220472
20
0.2766979921259842
11
1.0619175196850394
21
0.2767905511811024
0
LINE
8
BLACK
6
CONTINUOUS
10
1.0619175196850394
20
0.2767905511811024
11
1.0905689763779527
21
0.2768831102362205
0
LINE
8
BLACK
6
CONTINUOUS
10
1.0905689763779527
20
0.2768831102362205
11
1.0905689763779527
21
0.2678411811023622
0
LINE
8
BLACK
6
CONTINUOUS
10
0.6709316535433071
20
0.3058551574803149
11
0.6725609448818898
21
0.3042258661417323
0
LINE
8
BLACK
6
CONTINUOUS
10
0.6725609448818898
20
0.3042258661417323
11
0.6734427559055118
21
0.3020970472440945
0
LINE
8
BLACK
6
CONTINUOUS
10
0.6734427559055118
20
0.3020970472440945
11
0.6735562204724409
21
0.3009449212598425
0
LINE
8
BLACK
6
CONTINUOUS
10
0.6735562204724409
20
0.3009449212598425
11
0.6735562204724409
21
0.2899775590551181
0
LINE
8
BLACK
6
CONTINUOUS
10
0.6735562204724409
20
0.2899775590551181
11
0.7267058267716535
21
0.2899775590551181
0
LINE
8
BLACK
6
CONTINUOUS
10
0.7267058267716535
20
0.2899775590551181
11
0.7278579527559055
21
0.289864094488189
0
LINE
8
BLACK
6
CONTINUOUS
10
0.7278579527559055
20
0.289864094488189
11
0.7299867716535433
21
0.2889822834645669
0
LINE
8
BLACK
6
CONTINUOUS
10
0.7299867716535433
20
0.2889822834645669
11
0.731616062992126
21
0.2873529921259843
0
LINE
8
BLACK
6
CONTINUOUS
10
0.731616062992126
20
0.2873529921259843
11
0.7324978740157481
21
0.2852241732283464
0
LINE
8
BLACK
6
CONTINUOUS
10
0.7324978740157481
20
0.2852241732283464
11
0.7324978740157481
21
0.2829199212598425
0
LINE
8
BLACK
6
CONTINUOUS
10
0.7324978740157481
20
0.2829199212598425
11
0.731616062992126
21
0.2807911023622047
0
LINE
8
BLACK
6
CONTINUOUS
10
0.731616062992126
20
0.2807911023622047
11
0.7299867716535433
21
0.279161811023622
0
LINE
8
BLACK
6
CONTINUOUS
10
0.7299867716535433
20
0.279161811023622
11
0.7278579527559055
21
0.27828
0
LINE
8
BLACK
6
CONTINUOUS
10
0.7278579527559055
20
0.27828
11
0.7267058267716535
21
0.2781665354330708
0
LINE
8
BLACK
6
CONTINUOUS
10
0.7267058267716535
20
0.2781665354330708
11
0.6735562204724409
21
0.2781665354330708
0
LINE
8
BLACK
6
CONTINUOUS
10
0.6735562204724409
20
0.2781665354330708
11
0.6735562204724409
21
0.2671991732283465
0
LINE
8
BLACK
6
CONTINUOUS
10
0.6735562204724409
20
0.2671991732283465
11
0.6734427559055118
21
0.2660470472440945
0
LINE
8
BLACK
6
CONTINUOUS
10
0.6734427559055118
20
0.2660470472440945
11
0.6725609448818898
21
0.2639182283464567
0
LINE
8
BLACK
6
CONTINUOUS
10
0.6725609448818898
20
0.2639182283464567
11
0.6709316535433071
21
0.262288937007874
0
LINE
8
BLACK
6
CONTINUOUS
10
0.6709316535433071
20
0.262288937007874
11
0.6688028346456693
21
0.261407125984252
0
LINE
8
BLACK
6
CONTINUOUS
10
0.6688028346456693
20
0.261407125984252
11
0.6664985826771653
21
0.261407125984252
0
LINE
8
BLACK
6
CONTINUOUS
10
0.6664985826771653
20
0.261407125984252
11
0.6643697637795275
21
0.262288937007874
0
LINE
8
BLACK
6
CONTINUOUS
10
0.6643697637795275
20
0.262288937007874
11
0.6627404724409449
21
0.2639182283464567
0
LINE
8
BLACK
6
CONTINUOUS
10
0.6627404724409449
20
0.2639182283464567
11
0.6618586614173229
21
0.2660470472440945
0
LINE
8
BLACK
6
CONTINUOUS
10
0.6618586614173229
20
0.2660470472440945
11
0.6617451968503937
21
0.2671991732283465
0
LINE
8
BLACK
6
CONTINUOUS
10
0.6617451968503937
20
0.2671991732283465
11
0.6617451968503937
21
0.3009449212598425
0
LINE
8
BLACK
6
CONTINUOUS
10
0.6617451968503937
20
0.3009449212598425
11
0.6618586614173229
21
0.3020970472440945
0
LINE
8
BLACK
6
CONTINUOUS
10
0.6618586614173229
20
0.3020970472440945
11
0.6627404724409449
21
0.3042258661417323
0
LINE
8
BLACK
6
CONTINUOUS
10
0.6627404724409449
20
0.3042258661417323
11
0.6643697637795275
21
0.3058551574803149
0
LINE
8
BLACK
6
CONTINUOUS
10
0.6643697637795275
20
0.3058551574803149
11
0.6664985826771653
21
0.306736968503937
0
LINE
8
BLACK
6
CONTINUOUS
10
0.6664985826771653
20
0.306736968503937
11
0.6688028346456693
21
0.306736968503937
0
LINE
8
BLACK
6
CONTINUOUS
10
0.6688028346456693
20
0.306736968503937
11
0.6709316535433071
21
0.3058551574803149
0
LINE
8
BLACK
6
CONTINUOUS
10
1.0640817716535433
20
0.337721220472441
11
1.0677117322834646
21
0.3373910236220473
0
LINE
8
BLACK
6
CONTINUOUS
10
1.0677117322834646
20
0.3373910236220473
11
1.0701277559055118
21
0.3369338976377952
0
LINE
8
BLACK
6
CONTINUOUS
10
1.0701277559055118
20
0.3369338976377952
11
1.0743688188976377
21
0.3355656299212598
0
LINE
8
BLACK
6
CONTINUOUS
10
1.0743688188976377
20
0.3355656299212598
11
1.0782116141732283
21
0.3336321653543307
0
LINE
8
BLACK
6
CONTINUOUS
10
1.0782116141732283
20
0.3336321653543307
11
1.0816120472440944
21
0.3311679527559055
0
LINE
8
BLACK
6
CONTINUOUS
10
1.0816120472440944
20
0.3311679527559055
11
1.0845261417322833
21
0.3282076377952756
0
LINE
8
BLACK
6
CONTINUOUS
10
1.0845261417322833
20
0.3282076377952756
11
1.0869098031496063
21
0.3247857086614173
0
LINE
8
BLACK
6
CONTINUOUS
10
1.0869098031496063
20
0.3247857086614173
11
1.0878251574803148
21
0.3230470866141732
0
LINE
8
BLACK
6
CONTINUOUS
10
1.0878251574803148
20
0.3230470866141732
11
1.08842531496063
21
0.3217740944881889
0
LINE
8
BLACK
6
CONTINUOUS
10
1.08842531496063
20
0.3217740944881889
11
1.088921220472441
21
0.3206451181102362
0
LINE
8
BLACK
6
CONTINUOUS
10
1.088921220472441
20
0.3206451181102362
11
1.089323622047244
21
0.3195752362204725
0
LINE
8
BLACK
6
CONTINUOUS
10
1.089323622047244
20
0.3195752362204725
11
1.0896432677165353
21
0.3184794881889764
0
LINE
8
BLACK
6
CONTINUOUS
10
1.0896432677165353
20
0.3184794881889764
11
1.0898909055118109
21
0.317273031496063
0
LINE
8
BLACK
6
CONTINUOUS
10
1.0898909055118109
20
0.317273031496063
11
1.0900772440944881
21
0.3158708661417323
0
LINE
8
BLACK
6
CONTINUOUS
10
1.0900772440944881
20
0.3158708661417323
11
1.090213031496063
21
0.314188188976378
0
LINE
8
BLACK
6
CONTINUOUS
10
1.090213031496063
20
0.314188188976378
11
1.0903090157480315
21
0.3121399606299213
0
LINE
8
BLACK
6
CONTINUOUS
10
1.0903090157480315
20
0.3121399606299213
11
1.0903759448818897
21
0.3096413779527559
0
LINE
8
BLACK
6
CONTINUOUS
10
1.0903759448818897
20
0.3096413779527559
11
1.0904245275590552
21
0.3066074803149606
0
LINE
8
BLACK
6
CONTINUOUS
10
1.0904245275590552
20
0.3066074803149606
11
1.0904654724409448
21
0.3029533464566929
0
LINE
8
BLACK
6
CONTINUOUS
10
1.0904654724409448
20
0.3029533464566929
11
1.0904741338582677
21
0.3020956692913386
0
LINE
8
BLACK
6
CONTINUOUS
10
1.0904741338582677
20
0.3020956692913386
11
1.0906149606299211
21
0.2880862992125984
0
LINE
8
BLACK
6
CONTINUOUS
10
1.0906149606299211
20
0.2880862992125984
11
1.0811691338582676
21
0.2880862992125984
0
LINE
8
BLACK
6
CONTINUOUS
10
1.0811691338582676
20
0.2880862992125984
11
1.0330006299212597
21
0.2880862992125984
0
LINE
8
BLACK
6
CONTINUOUS
10
1.0330006299212597
20
0.2880862992125984
11
1.0331836614173229
21
0.3011918503937008
0
LINE
8
BLACK
6
CONTINUOUS
10
1.0331836614173229
20
0.3011918503937008
11
1.0332356299212597
21
0.30469
0
LINE
8
BLACK
6
CONTINUOUS
10
1.0332356299212597
20
0.30469
11
1.0332876377952755
21
0.3075526377952756
0
LINE
8
BLACK
6
CONTINUOUS
10
1.0332876377952755
20
0.3075526377952756
11
1.0333448818897637
21
0.3098672834645669
0
LINE
8
BLACK
6
CONTINUOUS
10
1.0333448818897637
20
0.3098672834645669
11
1.0334125590551182
21
0.3117215354330709
0
LINE
8
BLACK
6
CONTINUOUS
10
1.0334125590551182
20
0.3117215354330709
11
1.0334958267716534
21
0.313202874015748
0
LINE
8
BLACK
6
CONTINUOUS
10
1.0334958267716534
20
0.313202874015748
11
1.0335999606299213
21
0.3143988188976378
0
LINE
8
BLACK
6
CONTINUOUS
10
1.0335999606299213
20
0.3143988188976378
11
1.0337301181102363
21
0.315396968503937
0
LINE
8
BLACK
6
CONTINUOUS
10
1.0337301181102363
20
0.315396968503937
11
1.0338914566929134
21
0.316284842519685
0
LINE
8
BLACK
6
CONTINUOUS
10
1.0338914566929134
20
0.316284842519685
11
1.0340892519685039
21
0.3171499212598425
0
LINE
8
BLACK
6
CONTINUOUS
10
1.0340892519685039
20
0.3171499212598425
11
1.03414437007874
21
0.3173704330708662
0
LINE
8
BLACK
6
CONTINUOUS
10
1.03414437007874
20
0.3173704330708662
11
1.0355742125984251
21
0.3216820078740157
0
LINE
8
BLACK
6
CONTINUOUS
10
1.0355742125984251
20
0.3216820078740157
11
1.0375547244094487
21
0.3255370472440945
0
LINE
8
BLACK
6
CONTINUOUS
10
1.0375547244094487
20
0.3255370472440945
11
1.0400630708661418
21
0.3289124409448819
0
LINE
8
BLACK
6
CONTINUOUS
10
1.0400630708661418
20
0.3289124409448819
11
1.0430766141732284
21
0.331785
0
LINE
8
BLACK
6
CONTINUOUS
10
1.0430766141732284
20
0.331785
11
1.0465725196850393
21
0.3341316535433071
0
LINE
8
BLACK
6
CONTINUOUS
10
1.0465725196850393
20
0.3341316535433071
11
1.0505281102362205
21
0.3359292519685039
0
LINE
8
BLACK
6
CONTINUOUS
10
1.0505281102362205
20
0.3359292519685039
11
1.0531989763779528
21
0.3367572047244095
0
LINE
8
BLACK
6
CONTINUOUS
10
1.0531989763779528
20
0.3367572047244095
11
1.0565581496062992
21
0.3374014960629921
0
LINE
8
BLACK
6
CONTINUOUS
10
1.0565581496062992
20
0.3374014960629921
11
1.0602748031496063
21
0.3377237795275591
0
LINE
8
BLACK
6
CONTINUOUS
10
1.0602748031496063
20
0.3377237795275591
11
1.0640817716535433
21
0.337721220472441
0
LINE
8
BLACK
6
CONTINUOUS
10
1.0607802362204724
20
0.3260236220472441
11
1.0580479921259842
21
0.3258429133858268
0
LINE
8
BLACK
6
CONTINUOUS
10
1.0580479921259842
20
0.3258429133858268
11
1.0556649606299213
21
0.3254890551181102
0
LINE
8
BLACK
6
CONTINUOUS
10
1.0556649606299213
20
0.3254890551181102
11
1.0550450787401575
21
0.3253464566929134
0
LINE
8
BLACK
6
CONTINUOUS
10
1.0550450787401575
20
0.3253464566929134
11
1.0525424015748031
21
0.3245921653543307
0
LINE
8
BLACK
6
CONTINUOUS
10
1.0525424015748031
20
0.3245921653543307
11
1.0505232677165355
21
0.3236903149606299
0
LINE
8
BLACK
6
CONTINUOUS
10
1.0505232677165355
20
0.3236903149606299
11
1.0487485039370079
21
0.3225153937007874
0
LINE
8
BLACK
6
CONTINUOUS
10
1.0487485039370079
20
0.3225153937007874
11
1.0473737401574803
21
0.3213228740157481
0
LINE
8
BLACK
6
CONTINUOUS
10
1.0473737401574803
20
0.3213228740157481
11
1.0460297637795275
21
0.3199252362204724
0
LINE
8
BLACK
6
CONTINUOUS
10
1.0460297637795275
20
0.3199252362204724
11
1.0449694881889764
21
0.3184913779527559
0
LINE
8
BLACK
6
CONTINUOUS
10
1.0449694881889764
20
0.3184913779527559
11
1.044162559055118
21
0.316915
0
LINE
8
BLACK
6
CONTINUOUS
10
1.044162559055118
20
0.316915
11
1.0435785433070865
21
0.3150900393700787
0
LINE
8
BLACK
6
CONTINUOUS
10
1.0435785433070865
20
0.3150900393700787
11
1.0431870472440945
21
0.3129102362204724
0
LINE
8
BLACK
6
CONTINUOUS
10
1.0431870472440945
20
0.3129102362204724
11
1.0429576771653544
21
0.3102694881889764
0
LINE
8
BLACK
6
CONTINUOUS
10
1.0429576771653544
20
0.3102694881889764
11
1.0428599999999999
21
0.3070615748031496
0
LINE
8
BLACK
6
CONTINUOUS
10
1.0428599999999999
20
0.3070615748031496
11
1.0428509448818897
21
0.3055302362204724
0
LINE
8
BLACK
6
CONTINUOUS
10
1.0428509448818897
20
0.3055302362204724
11
1.042846653543307
21
0.2985707480314961
0
LINE
8
BLACK
6
CONTINUOUS
10
1.042846653543307
20
0.2985707480314961
11
1.0811691338582676
21
0.2985707480314961
0
LINE
8
BLACK
6
CONTINUOUS
10
1.0811691338582676
20
0.2985707480314961
11
1.0811691338582676
21
0.3052412992125984
0
LINE
8
BLACK
6
CONTINUOUS
10
1.0811691338582676
20
0.3052412992125984
11
1.0811468503937007
21
0.3075188582677165
0
LINE
8
BLACK
6
CONTINUOUS
10
1.0811468503937007
20
0.3075188582677165
11
1.0810850393700788
21
0.3096864960629921
0
LINE
8
BLACK
6
CONTINUOUS
10
1.0810850393700788
20
0.3096864960629921
11
1.0809912992125985
21
0.311584094488189
0
LINE
8
BLACK
6
CONTINUOUS
10
1.0809912992125985
20
0.311584094488189
11
1.0808732677165354
21
0.3130515748031496
0
LINE
8
BLACK
6
CONTINUOUS
10
1.0808732677165354
20
0.3130515748031496
11
1.0807623228346457
21
0.3138277165354331
0
LINE
8
BLACK
6
CONTINUOUS
10
1.0807623228346457
20
0.3138277165354331
11
1.0797608661417322
21
0.3169048818897638
0
LINE
8
BLACK
6
CONTINUOUS
10
1.0797608661417322
20
0.3169048818897638
11
1.078162401574803
21
0.3195946850393701
0
LINE
8
BLACK
6
CONTINUOUS
10
1.078162401574803
20
0.3195946850393701
11
1.0759983464566929
21
0.3218673228346456
0
LINE
8
BLACK
6
CONTINUOUS
10
1.0759983464566929
20
0.3218673228346456
11
1.0733002362204724
21
0.3236929921259842
0
LINE
8
BLACK
6
CONTINUOUS
10
1.0733002362204724
20
0.3236929921259842
11
1.0700994488188975
21
0.3250418503937008
0
LINE
8
BLACK
6
CONTINUOUS
10
1.0700994488188975
20
0.3250418503937008
11
1.0684517716535433
21
0.3254975590551181
0
LINE
8
BLACK
6
CONTINUOUS
10
1.0684517716535433
20
0.3254975590551181
11
1.0662441732283465
21
0.325853937007874
0
LINE
8
BLACK
6
CONTINUOUS
10
1.0662441732283465
20
0.325853937007874
11
1.0635996456692913
21
0.3260283070866142
0
LINE
8
BLACK
6
CONTINUOUS
10
1.0635996456692913
20
0.3260283070866142
11
1.0607802362204724
21
0.3260236220472441
0
LINE
8
BLACK
6
CONTINUOUS
10
0.7044095669291338
20
0.3574493700787402
11
0.7044957086614173
21
0.3574621653543307
0
LINE
8
BLACK
6
CONTINUOUS
10
0.7044957086614173
20
0.3574621653543307
11
0.7049268503937007
21
0.3573984251968504
0
LINE
8
BLACK
6
CONTINUOUS
10
0.7049268503937007
20
0.3573984251968504
11
0.7053607874015748
21
0.3573556692913386
0
LINE
8
BLACK
6
CONTINUOUS
10
0.7053607874015748
20
0.3573556692913386
11
0.7054412598425197
21
0.3573223622047244
0
LINE
8
BLACK
6
CONTINUOUS
10
0.7054412598425197
20
0.3573223622047244
11
0.7056409842519685
21
0.3572927952755905
0
LINE
8
BLACK
6
CONTINUOUS
10
0.7056409842519685
20
0.3572927952755905
11
0.7168895275590551
21
0.3544806299212598
0
LINE
8
BLACK
6
CONTINUOUS
10
0.7168895275590551
20
0.3544806299212598
11
0.7169744881889764
21
0.3544502755905512
0
LINE
8
BLACK
6
CONTINUOUS
10
0.7169744881889764
20
0.3544502755905512
11
0.7170170472440944
21
0.3544472440944882
0
LINE
8
BLACK
6
CONTINUOUS
10
0.7170170472440944
20
0.3544472440944882
11
0.7174963385826771
21
0.3542638582677165
0
LINE
8
BLACK
6
CONTINUOUS
10
0.7174963385826771
20
0.3542638582677165
11
0.7179797244094488
21
0.3540911417322835
0
LINE
8
BLACK
6
CONTINUOUS
10
0.7179797244094488
20
0.3540911417322835
11
0.7180139763779527
21
0.3540657874015748
0
LINE
8
BLACK
6
CONTINUOUS
10
0.7180139763779527
20
0.3540657874015748
11
0.7180982677165354
21
0.3540335039370079
0
LINE
8
BLACK
6
CONTINUOUS
10
0.7180982677165354
20
0.3540335039370079
11
0.7237225590551181
21
0.3512213385826772
0
LINE
8
BLACK
6
CONTINUOUS
10
0.7237225590551181
20
0.3512213385826772
11
0.7242184251968504
21
0.3509092125984252
0
LINE
8
BLACK
6
CONTINUOUS
10
0.7242184251968504
20
0.3509092125984252
11
0.7243624015748031
21
0.3508495669291338
0
LINE
8
BLACK
6
CONTINUOUS
10
0.7243624015748031
20
0.3508495669291338
11
0.7245244881889764
21
0.3507165354330709
0
LINE
8
BLACK
6
CONTINUOUS
10
0.7245244881889764
20
0.3507165354330709
11
0.7247023228346456
21
0.3506046062992126
0
LINE
8
BLACK
6
CONTINUOUS
10
0.7247023228346456
20
0.3506046062992126
11
0.7248045669291339
21
0.3504867322834646
0
LINE
8
BLACK
6
CONTINUOUS
10
0.7248045669291339
20
0.3504867322834646
11
0.7252573228346456
21
0.350115157480315
0
LINE
8
BLACK
6
CONTINUOUS
10
0.7252573228346456
20
0.350115157480315
11
0.7280694881889763
21
0.347303031496063
0
LINE
8
BLACK
6
CONTINUOUS
10
0.7280694881889763
20
0.347303031496063
11
0.728441220472441
21
0.3468500787401575
0
LINE
8
BLACK
6
CONTINUOUS
10
0.728441220472441
20
0.3468500787401575
11
0.7285590157480315
21
0.3467479133858268
0
LINE
8
BLACK
6
CONTINUOUS
10
0.7285590157480315
20
0.3467479133858268
11
0.7286707874015748
21
0.3465703543307087
0
LINE
8
BLACK
6
CONTINUOUS
10
0.7286707874015748
20
0.3465703543307087
11
0.728803937007874
21
0.3464081102362205
0
LINE
8
BLACK
6
CONTINUOUS
10
0.728803937007874
20
0.3464081102362205
11
0.7288635826771653
21
0.3462640551181102
0
LINE
8
BLACK
6
CONTINUOUS
10
0.7288635826771653
20
0.3462640551181102
11
0.7291757480314961
21
0.345768188976378
0
LINE
8
BLACK
6
CONTINUOUS
10
0.7291757480314961
20
0.345768188976378
11
0.7319878740157481
21
0.3401438582677165
0
LINE
8
BLACK
6
CONTINUOUS
10
0.7319878740157481
20
0.3401438582677165
11
0.7324016535433071
21
0.3390626377952756
0
LINE
8
BLACK
6
CONTINUOUS
10
0.7324016535433071
20
0.3390626377952756
11
0.7324166535433071
21
0.3388510236220472
0
LINE
8
BLACK
6
CONTINUOUS
10
0.7324166535433071
20
0.3388510236220472
11
0.7324978740157481
21
0.338655
0
LINE
8
BLACK
6
CONTINUOUS
10
0.7324978740157481
20
0.338655
11
0.7326113385826771
21
0.337502874015748
0
LINE
8
BLACK
6
CONTINUOUS
10
0.7326113385826771
20
0.337502874015748
11
0.7326113385826771
21
0.3318785826771654
0
LINE
8
BLACK
6
CONTINUOUS
10
0.7326113385826771
20
0.3318785826771654
11
0.7324978740157481
21
0.3307264566929134
0
LINE
8
BLACK
6
CONTINUOUS
10
0.7324978740157481
20
0.3307264566929134
11
0.7324166535433071
21
0.3305304724409449
0
LINE
8
BLACK
6
CONTINUOUS
10
0.7324166535433071
20
0.3305304724409449
11
0.7324016535433071
21
0.3303188188976378
0
LINE
8
BLACK
6
CONTINUOUS
10
0.7324016535433071
20
0.3303188188976378
11
0.7319879133858268
21
0.3292375984251968
0
LINE
8
BLACK
6
CONTINUOUS
10
0.7319879133858268
20
0.3292375984251968
11
0.7291757480314961
21
0.3236132677165354
0
LINE
8
BLACK
6
CONTINUOUS
10
0.7291757480314961
20
0.3236132677165354
11
0.7288635826771653
21
0.3231173622047244
0
LINE
8
BLACK
6
CONTINUOUS
10
0.7288635826771653
20
0.3231173622047244
11
0.728803937007874
21
0.3229733070866141
0
LINE
8
BLACK
6
CONTINUOUS
10
0.728803937007874
20
0.3229733070866141
11
0.728670905511811
21
0.3228112598425197
0
LINE
8
BLACK
6
CONTINUOUS
10
0.728670905511811
20
0.3228112598425197
11
0.7285590551181103
21
0.3226335039370078
0
LINE
8
BLACK
6
CONTINUOUS
10
0.7285590551181103
20
0.3226335039370078
11
0.7284411023622047
21
0.3225312598425197
0
LINE
8
BLACK
6
CONTINUOUS
10
0.7284411023622047
20
0.3225312598425197
11
0.7280694881889763
21
0.3220783858267717
0
LINE
8
BLACK
6
CONTINUOUS
10
0.7280694881889763
20
0.3220783858267717
11
0.7252573228346456
21
0.3192662598425197
0
LINE
8
BLACK
6
CONTINUOUS
10
0.7252573228346456
20
0.3192662598425197
11
0.7248045669291339
21
0.3188947244094488
0
LINE
8
BLACK
6
CONTINUOUS
10
0.7248045669291339
20
0.3188947244094488
11
0.7247023228346456
21
0.318776811023622
0
LINE
8
BLACK
6
CONTINUOUS
10
0.7247023228346456
20
0.318776811023622
11
0.7245244881889764
21
0.3186649212598425
0
LINE
8
BLACK
6
CONTINUOUS
10
0.7245244881889764
20
0.3186649212598425
11
0.7243624015748031
21
0.3185318503937008
0
LINE
8
BLACK
6
CONTINUOUS
10
0.7243624015748031
20
0.3185318503937008
11
0.7242184251968504
21
0.3184722440944882
0
LINE
8
BLACK
6
CONTINUOUS
10
0.7242184251968504
20
0.3184722440944882
11
0.7237225590551181
21
0.3181600787401574
0
LINE
8
BLACK
6
CONTINUOUS
10
0.7237225590551181
20
0.3181600787401574
11
0.7180982677165354
21
0.3153479133858267
0
LINE
8
BLACK
6
CONTINUOUS
10
0.7180982677165354
20
0.3153479133858267
11
0.7180139763779527
21
0.3153156692913386
0
LINE
8
BLACK
6
CONTINUOUS
10
0.7180139763779527
20
0.3153156692913386
11
0.7179797244094488
21
0.3152902755905512
0
LINE
8
BLACK
6
CONTINUOUS
10
0.7179797244094488
20
0.3152902755905512
11
0.7174963385826771
21
0.3151175984251968
0
LINE
8
BLACK
6
CONTINUOUS
10
0.7174963385826771
20
0.3151175984251968
11
0.7170170472440944
21
0.3149341732283464
0
LINE
8
BLACK
6
CONTINUOUS
10
0.7170170472440944
20
0.3149341732283464
11
0.7169744881889764
21
0.3149311811023622
0
LINE
8
BLACK
6
CONTINUOUS
10
0.7169744881889764
20
0.3149311811023622
11
0.7168895275590551
21
0.3149007874015748
0
LINE
8
BLACK
6
CONTINUOUS
10
0.7168895275590551
20
0.3149007874015748
11
0.7056409448818898
21
0.3120886614173228
0
LINE
8
BLACK
6
CONTINUOUS
10
0.7056409448818898
20
0.3120886614173228
11
0.7054412598425197
21
0.3120591732283465
0
LINE
8
BLACK
6
CONTINUOUS
10
0.7054412598425197
20
0.3120591732283465
11
0.7053607874015748
21
0.3120257874015748
0
LINE
8
BLACK
6
CONTINUOUS
10
0.7053607874015748
20
0.3120257874015748
11
0.704926811023622
21
0.3119830708661417
0
LINE
8
BLACK
6
CONTINUOUS
10
0.704926811023622
20
0.3119830708661417
11
0.7044957086614173
21
0.3119192913385826
0
LINE
8
BLACK
6
CONTINUOUS
10
0.7044957086614173
20
0.3119192913385826
11
0.7044095669291338
21
0.311932125984252
0
LINE
8
BLACK
6
CONTINUOUS
10
0.7044095669291338
20
0.311932125984252
11
0.7042086614173229
21
0.3119123228346457
0
LINE
8
BLACK
6
CONTINUOUS
10
0.7042086614173229
20
0.3119123228346457
11
0.6901479133858267
21
0.3119123228346457
0
LINE
8
BLACK
6
CONTINUOUS
10
0.6901479133858267
20
0.3119123228346457
11
0.689946968503937
21
0.311932125984252
0
LINE
8
BLACK
6
CONTINUOUS
10
0.689946968503937
20
0.311932125984252
11
0.6898608661417323
21
0.3119192913385826
0
LINE
8
BLACK
6
CONTINUOUS
10
0.6898608661417323
20
0.3119192913385826
11
0.6894297244094488
21
0.3119830708661417
0
LINE
8
BLACK
6
CONTINUOUS
10
0.6894297244094488
20
0.3119830708661417
11
0.6889957874015747
21
0.3120257874015748
0
LINE
8
BLACK
6
CONTINUOUS
10
0.6889957874015747
20
0.3120257874015748
11
0.6889152755905512
21
0.3120591732283465
0
LINE
8
BLACK
6
CONTINUOUS
10
0.6889152755905512
20
0.3120591732283465
11
0.6887156299212598
21
0.3120886614173228
0
LINE
8
BLACK
6
CONTINUOUS
10
0.6887156299212598
20
0.3120886614173228
11
0.6774670078740157
21
0.3149007874015748
0
LINE
8
BLACK
6
CONTINUOUS
10
0.6774670078740157
20
0.3149007874015748
11
0.6773820078740157
21
0.3149311811023622
0
LINE
8
BLACK
6
CONTINUOUS
10
0.6773820078740157
20
0.3149311811023622
11
0.6773394881889764
21
0.3149341732283464
0
LINE
8
BLACK
6
CONTINUOUS
10
0.6773394881889764
20
0.3149341732283464
11
0.6768599212598425
21
0.3151176771653543
0
LINE
8
BLACK
6
CONTINUOUS
10
0.6768599212598425
20
0.3151176771653543
11
0.676376811023622
21
0.3152902755905512
0
LINE
8
BLACK
6
CONTINUOUS
10
0.676376811023622
20
0.3152902755905512
11
0.6763425590551181
21
0.3153156692913386
0
LINE
8
BLACK
6
CONTINUOUS
10
0.6763425590551181
20
0.3153156692913386
11
0.6762582283464567
21
0.3153479133858267
0
LINE
8
BLACK
6
CONTINUOUS
10
0.6762582283464567
20
0.3153479133858267
11
0.6706339763779527
21
0.3181600787401574
0
LINE
8
BLACK
6
CONTINUOUS
10
0.6706339763779527
20
0.3181600787401574
11
0.6701382283464566
21
0.3184721653543307
0
LINE
8
BLACK
6
CONTINUOUS
10
0.6701382283464566
20
0.3184721653543307
11
0.6699940551181102
21
0.3185318503937008
0
LINE
8
BLACK
6
CONTINUOUS
10
0.6699940551181102
20
0.3185318503937008
11
0.6698317322834646
21
0.3186650787401575
0
LINE
8
BLACK
6
CONTINUOUS
10
0.6698317322834646
20
0.3186650787401575
11
0.6696542125984252
21
0.318776811023622
0
LINE
8
BLACK
6
CONTINUOUS
10
0.6696542125984252
20
0.318776811023622
11
0.6695520078740157
21
0.3188946456692913
0
LINE
8
BLACK
6
CONTINUOUS
10
0.6695520078740157
20
0.3188946456692913
11
0.6690991732283464
21
0.3192662992125984
0
LINE
8
BLACK
6
CONTINUOUS
10
0.6690991732283464
20
0.3192662992125984
11
0.6662870472440945
21
0.3220784251968504
0
LINE
8
BLACK
6
CONTINUOUS
10
0.6662870472440945
20
0.3220784251968504
11
0.6659153937007873
21
0.3225312598425197
0
LINE
8
BLACK
6
CONTINUOUS
10
0.6659153937007873
20
0.3225312598425197
11
0.6657975590551181
21
0.3226334645669292
0
LINE
8
BLACK
6
CONTINUOUS
10
0.6657975590551181
20
0.3226334645669292
11
0.6656857086614173
21
0.3228111811023622
0
LINE
8
BLACK
6
CONTINUOUS
10
0.6656857086614173
20
0.3228111811023622
11
0.6655525984251969
21
0.3229733464566929
0
LINE
8
BLACK
6
CONTINUOUS
10
0.6655525984251969
20
0.3229733464566929
11
0.6654929133858267
21
0.3231174409448819
0
LINE
8
BLACK
6
CONTINUOUS
10
0.6654929133858267
20
0.3231174409448819
11
0.6651808267716536
21
0.3236132283464567
0
LINE
8
BLACK
6
CONTINUOUS
10
0.6651808267716536
20
0.3236132283464567
11
0.6623686614173229
21
0.3292375590551181
0
LINE
8
BLACK
6
CONTINUOUS
10
0.6623686614173229
20
0.3292375590551181
11
0.6619548818897638
21
0.3303187795275591
0
LINE
8
BLACK
6
CONTINUOUS
10
0.6619548818897638
20
0.3303187795275591
11
0.6619398031496063
21
0.3305305118110236
0
LINE
8
BLACK
6
CONTINUOUS
10
0.6619398031496063
20
0.3305305118110236
11
0.6618586614173229
21
0.3307264566929134
0
LINE
8
BLACK
6
CONTINUOUS
10
0.6618586614173229
20
0.3307264566929134
11
0.6617451968503937
21
0.3318785826771654
0
LINE
8
BLACK
6
CONTINUOUS
10
0.6617451968503937
20
0.3318785826771654
11
0.6617451968503937
21
0.337502874015748
0
LINE
8
BLACK
6
CONTINUOUS
10
0.6617451968503937
20
0.337502874015748
11
0.6618586614173229
21
0.338655
0
LINE
8
BLACK
6
CONTINUOUS
10
0.6618586614173229
20
0.338655
11
0.6619398818897637
21
0.3388511023622047
0
LINE
8
BLACK
6
CONTINUOUS
10
0.6619398818897637
20
0.3388511023622047
11
0.6619549212598425
21
0.3390626771653543
0
LINE
8
BLACK
6
CONTINUOUS
10
0.6619549212598425
20
0.3390626771653543
11
0.6623686614173229
21
0.3401438976377953
0
LINE
8
BLACK
6
CONTINUOUS
10
0.6623686614173229
20
0.3401438976377953
11
0.6651808267716536
21
0.345768188976378
0
LINE
8
BLACK
6
CONTINUOUS
10
0.6651808267716536
20
0.345768188976378
11
0.6654929133858267
21
0.3462640157480315
0
LINE
8
BLACK
6
CONTINUOUS
10
0.6654929133858267
20
0.3462640157480315
11
0.6655525984251969
21
0.3464080708661417
0
LINE
8
BLACK
6
CONTINUOUS
10
0.6655525984251969
20
0.3464080708661417
11
0.6656857086614173
21
0.3465702755905511
0
LINE
8
BLACK
6
CONTINUOUS
10
0.6656857086614173
20
0.3465702755905511
11
0.6657975590551181
21
0.3467479527559055
0
LINE
8
BLACK
6
CONTINUOUS
10
0.6657975590551181
20
0.3467479527559055
11
0.6659153937007873
21
0.3468501968503937
0
LINE
8
BLACK
6
CONTINUOUS
10
0.6659153937007873
20
0.3468501968503937
11
0.6662870472440945
21
0.3473029921259843
0
LINE
8
BLACK
6
CONTINUOUS
10
0.6662870472440945
20
0.3473029921259843
11
0.6690991732283464
21
0.3501151181102362
0
LINE
8
BLACK
6
CONTINUOUS
10
0.6690991732283464
20
0.3501151181102362
11
0.6695520078740157
21
0.3504868110236221
0
LINE
8
BLACK
6
CONTINUOUS
10
0.6695520078740157
20
0.3504868110236221
11
0.6696542125984252
21
0.3506046062992126
0
LINE
8
BLACK
6
CONTINUOUS
10
0.6696542125984252
20
0.3506046062992126
11
0.6698317322834646
21
0.3507163779527559
0
LINE
8
BLACK
6
CONTINUOUS
10
0.6698317322834646
20
0.3507163779527559
11
0.6699940551181102
21
0.3508495669291338
0
LINE
8
BLACK
6
CONTINUOUS
10
0.6699940551181102
20
0.3508495669291338
11
0.6701382283464566
21
0.3509092913385827
0
LINE
8
BLACK
6
CONTINUOUS
10
0.6701382283464566
20
0.3509092913385827
11
0.6706339763779527
21
0.3512213385826772
0
LINE
8
BLACK
6
CONTINUOUS
10
0.6706339763779527
20
0.3512213385826772
11
0.6762582283464567
21
0.3540335039370079
0
LINE
8
BLACK
6
CONTINUOUS
10
0.6762582283464567
20
0.3540335039370079
11
0.6763424803149606
21
0.3540657874015748
0
LINE
8
BLACK
6
CONTINUOUS
10
0.6763424803149606
20
0.3540657874015748
11
0.6763767716535433
21
0.3540911417322835
0
LINE
8
BLACK
6
CONTINUOUS
10
0.6763767716535433
20
0.3540911417322835
11
0.6768601968503937
21
0.3542638976377953
0
LINE
8
BLACK
6
CONTINUOUS
10
0.6768601968503937
20
0.3542638976377953
11
0.6773394881889764
21
0.3544472440944882
0
LINE
8
BLACK
6
CONTINUOUS
10
0.6773394881889764
20
0.3544472440944882
11
0.6773820078740157
21
0.3544502755905512
0
LINE
8
BLACK
6
CONTINUOUS
10
0.6773820078740157
20
0.3544502755905512
11
0.6774670078740157
21
0.3544806299212598
0
LINE
8
BLACK
6
CONTINUOUS
10
0.6774670078740157
20
0.3544806299212598
11
0.688715590551181
21
0.3572927952755905
0
LINE
8
BLACK
6
CONTINUOUS
10
0.688715590551181
20
0.3572927952755905
11
0.6889152755905512
21
0.3573223622047244
0
LINE
8
BLACK
6
CONTINUOUS
10
0.6889152755905512
20
0.3573223622047244
11
0.6889957874015747
21
0.3573556692913386
0
LINE
8
BLACK
6
CONTINUOUS
10
0.6889957874015747
20
0.3573556692913386
11
0.6894296062992126
21
0.3573984251968504
0
LINE
8
BLACK
6
CONTINUOUS
10
0.6894296062992126
20
0.3573984251968504
11
0.6898608267716535
21
0.3574621653543307
0
LINE
8
BLACK
6
CONTINUOUS
10
0.6898608267716535
20
0.3574621653543307
11
0.689946968503937
21
0.3574493700787402
0
LINE
8
BLACK
6
CONTINUOUS
10
0.689946968503937
20
0.3574493700787402
11
0.6901479133858267
21
0.3574691338582677
0
LINE
8
BLACK
6
CONTINUOUS
10
0.6901479133858267
20
0.3574691338582677
11
0.7042086614173229
21
0.3574691338582677
0
LINE
8
BLACK
6
CONTINUOUS
10
0.7042086614173229
20
0.3574691338582677
11
0.7044095669291338
21
0.3574493700787402
0
LINE
8
BLACK
6
CONTINUOUS
10
0.6809605511811023
20
0.3431795669291339
11
0.6767731889763779
21
0.3410858661417323
0
LINE
8
BLACK
6
CONTINUOUS
10
0.6767731889763779
20
0.3410858661417323
11
0.6753163385826771
21
0.3396290157480315
0
LINE
8
BLACK
6
CONTINUOUS
10
0.6753163385826771
20
0.3396290157480315
11
0.6735562204724409
21
0.336108779527559
0
LINE
8
BLACK
6
CONTINUOUS
10
0.6735562204724409
20
0.336108779527559
11
0.6735562204724409
21
0.3332726771653543
0
LINE
8
BLACK
6
CONTINUOUS
10
0.6735562204724409
20
0.3332726771653543
11
0.6753163385826771
21
0.3297524409448819
0
LINE
8
BLACK
6
CONTINUOUS
10
0.6753163385826771
20
0.3297524409448819
11
0.6767731889763779
21
0.3282955905511811
0
LINE
8
BLACK
6
CONTINUOUS
10
0.6767731889763779
20
0.3282955905511811
11
0.6809605511811023
21
0.3262019291338583
0
LINE
8
BLACK
6
CONTINUOUS
10
0.6809605511811023
20
0.3262019291338583
11
0.690874842519685
21
0.3237233464566929
0
LINE
8
BLACK
6
CONTINUOUS
10
0.690874842519685
20
0.3237233464566929
11
0.7034817322834646
21
0.3237233464566929
0
LINE
8
BLACK
6
CONTINUOUS
10
0.7034817322834646
20
0.3237233464566929
11
0.7133959448818897
21
0.3262018897637795
0
LINE
8
BLACK
6
CONTINUOUS
10
0.7133959448818897
20
0.3262018897637795
11
0.7175833858267716
21
0.3282956299212598
0
LINE
8
BLACK
6
CONTINUOUS
10
0.7175833858267716
20
0.3282956299212598
11
0.7190402362204724
21
0.3297525196850394
0
LINE
8
BLACK
6
CONTINUOUS
10
0.7190402362204724
20
0.3297525196850394
11
0.7208003149606299
21
0.3332726771653543
0
LINE
8
BLACK
6
CONTINUOUS
10
0.7208003149606299
20
0.3332726771653543
11
0.7208003149606299
21
0.3361088188976378
0
LINE
8
BLACK
6
CONTINUOUS
10
0.7208003149606299
20
0.3361088188976378
11
0.7190402362204724
21
0.3396289763779528
0
LINE
8
BLACK
6
CONTINUOUS
10
0.7190402362204724
20
0.3396289763779528
11
0.7175833858267716
21
0.3410858267716536
0
LINE
8
BLACK
6
CONTINUOUS
10
0.7175833858267716
20
0.3410858267716536
11
0.7133959842519685
21
0.3431795275590551
0
LINE
8
BLACK
6
CONTINUOUS
10
0.7133959842519685
20
0.3431795275590551
11
0.7034816929133858
21
0.3456581102362205
0
LINE
8
BLACK
6
CONTINUOUS
10
0.7034816929133858
20
0.3456581102362205
11
0.690874842519685
21
0.3456581102362205
0
LINE
8
BLACK
6
CONTINUOUS
10
0.690874842519685
20
0.3456581102362205
11
0.6809605511811023
21
0.3431795669291339
0
LINE
8
BLACK
6
CONTINUOUS
10
1.0905689763779527
20
0.3459315354330709
11
1.0330852362204723
21
0.3459315354330709
0
LINE
8
BLACK
6
CONTINUOUS
10
1.0330852362204723
20
0.3459315354330709
11
1.0330852362204723
21
0.3828079133858268
0
LINE
8
BLACK
6
CONTINUOUS
10
1.0330852362204723
20
0.3828079133858268
11
1.0435697244094488
21
0.3828079133858268
0
LINE
8
BLACK
6
CONTINUOUS
10
1.0435697244094488
20
0.3828079133858268
11
1.0435697244094488
21
0.3567775196850393
0
LINE
8
BLACK
6
CONTINUOUS
10
1.0435697244094488
20
0.3567775196850393
11
1.0554888582677164
21
0.3567775196850393
0
LINE
8
BLACK
6
CONTINUOUS
10
1.0554888582677164
20
0.3567775196850393
11
1.0555849606299212
21
0.3668100787401575
0
LINE
8
BLACK
6
CONTINUOUS
10
1.0555849606299212
20
0.3668100787401575
11
1.0556810629921261
21
0.3768425984251969
0
LINE
8
BLACK
6
CONTINUOUS
10
1.0556810629921261
20
0.3768425984251969
11
1.0659847637795274
21
0.3770432283464567
0
LINE
8
BLACK
6
CONTINUOUS
10
1.0659847637795274
20
0.3770432283464567
11
1.0659847637795274
21
0.3567775196850393
0
LINE
8
BLACK
6
CONTINUOUS
10
1.0659847637795274
20
0.3567775196850393
11
1.080446062992126
21
0.3567775196850393
0
LINE
8
BLACK
6
CONTINUOUS
10
1.080446062992126
20
0.3567775196850393
11
1.080446062992126
21
0.3835309842519685
0
LINE
8
BLACK
6
CONTINUOUS
10
1.080446062992126
20
0.3835309842519685
11
1.0905689763779527
21
0.3835309842519685
0
LINE
8
BLACK
6
CONTINUOUS
10
1.0905689763779527
20
0.3835309842519685
11
1.0905689763779527
21
0.3459315354330709
0
LINE
8
BLACK
6
CONTINUOUS
10
0.7299867716535433
20
0.4127168110236221
11
0.731616062992126
21
0.4110875196850394
0
LINE
8
BLACK
6
CONTINUOUS
10
0.731616062992126
20
0.4110875196850394
11
0.7324978740157481
21
0.4089587007874015
0
LINE
8
BLACK
6
CONTINUOUS
10
0.7324978740157481
20
0.4089587007874015
11
0.7326113385826771
21
0.4078065748031496
0
LINE
8
BLACK
6
CONTINUOUS
10
0.7326113385826771
20
0.4078065748031496
11
0.7326113385826771
21
0.3740607874015748
0
LINE
8
BLACK
6
CONTINUOUS
10
0.7326113385826771
20
0.3740607874015748
11
0.7324978740157481
21
0.3729086614173228
0
LINE
8
BLACK
6
CONTINUOUS
10
0.7324978740157481
20
0.3729086614173228
11
0.731616062992126
21
0.370779842519685
0
LINE
8
BLACK
6
CONTINUOUS
10
0.731616062992126
20
0.370779842519685
11
0.7299867716535433
21
0.3691505511811023
0
LINE
8
BLACK
6
CONTINUOUS
10
0.7299867716535433
20
0.3691505511811023
11
0.7278579527559055
21
0.3682687401574803
0
LINE
8
BLACK
6
CONTINUOUS
10
0.7278579527559055
20
0.3682687401574803
11
0.7255537007874016
21
0.3682687401574803
0
LINE
8
BLACK
6
CONTINUOUS
10
0.7255537007874016
20
0.3682687401574803
11
0.7234248818897637
21
0.3691505511811023
0
LINE
8
BLACK
6
CONTINUOUS
10
0.7234248818897637
20
0.3691505511811023
11
0.721795590551181
21
0.370779842519685
0
LINE
8
BLACK
6
CONTINUOUS
10
0.721795590551181
20
0.370779842519685
11
0.7209137795275591
21
0.3729086614173228
0
LINE
8
BLACK
6
CONTINUOUS
10
0.7209137795275591
20
0.3729086614173228
11
0.7208003149606299
21
0.3740607874015748
0
LINE
8
BLACK
6
CONTINUOUS
10
0.7208003149606299
20
0.3740607874015748
11
0.7208003149606299
21
0.3850281496062992
0
LINE
8
BLACK
6
CONTINUOUS
10
0.7208003149606299
20
0.3850281496062992
11
0.6847200393700787
21
0.3850281496062992
0
LINE
8
BLACK
6
CONTINUOUS
10
0.6847200393700787
20
0.3850281496062992
11
0.685887283464567
21
0.383860905511811
0
LINE
8
BLACK
6
CONTINUOUS
10
0.685887283464567
20
0.383860905511811
11
0.686258937007874
21
0.3834080708661417
0
LINE
8
BLACK
6
CONTINUOUS
10
0.686258937007874
20
0.3834080708661417
11
0.6863767716535433
21
0.3833058661417323
0
LINE
8
BLACK
6
CONTINUOUS
10
0.6863767716535433
20
0.3833058661417323
11
0.6864885039370079
21
0.3831283464566929
0
LINE
8
BLACK
6
CONTINUOUS
10
0.6864885039370079
20
0.3831283464566929
11
0.6866217322834646
21
0.3829660236220472
0
LINE
8
BLACK
6
CONTINUOUS
10
0.6866217322834646
20
0.3829660236220472
11
0.6866814173228346
21
0.3828218503937008
0
LINE
8
BLACK
6
CONTINUOUS
10
0.6866814173228346
20
0.3828218503937008
11
0.6869935039370079
21
0.3823261023622047
0
LINE
8
BLACK
6
CONTINUOUS
10
0.6869935039370079
20
0.3823261023622047
11
0.6898056692913386
21
0.3767018503937008
0
LINE
8
BLACK
6
CONTINUOUS
10
0.6898056692913386
20
0.3767018503937008
11
0.6902194094488189
21
0.3756205905511811
0
LINE
8
BLACK
6
CONTINUOUS
10
0.6902194094488189
20
0.3756205905511811
11
0.6903827559055118
21
0.3733221653543307
0
LINE
8
BLACK
6
CONTINUOUS
10
0.6903827559055118
20
0.3733221653543307
11
0.6896541338582677
21
0.3711362598425197
0
LINE
8
BLACK
6
CONTINUOUS
10
0.6896541338582677
20
0.3711362598425197
11
0.6881444094488188
21
0.3693954724409449
0
LINE
8
BLACK
6
CONTINUOUS
10
0.6881444094488188
20
0.3693954724409449
11
0.6860834251968504
21
0.368365
0
LINE
8
BLACK
6
CONTINUOUS
10
0.6860834251968504
20
0.368365
11
0.683785
21
0.3682016535433071
0
LINE
8
BLACK
6
CONTINUOUS
10
0.683785
20
0.3682016535433071
11
0.6815990551181103
21
0.3689303149606299
0
LINE
8
BLACK
6
CONTINUOUS
10
0.6815990551181103
20
0.3689303149606299
11
0.6798583070866142
21
0.37044
0
LINE
8
BLACK
6
CONTINUOUS
10
0.6798583070866142
20
0.37044
11
0.6792415748031496
21
0.3714197637795276
0
LINE
8
BLACK
6
CONTINUOUS
10
0.6792415748031496
20
0.3714197637795276
11
0.6768579921259842
21
0.3761868897637795
0
LINE
8
BLACK
6
CONTINUOUS
10
0.6768579921259842
20
0.3761868897637795
11
0.6723248818897638
21
0.38072
0
LINE
8
BLACK
6
CONTINUOUS
10
0.6723248818897638
20
0.38072
11
0.6643749212598425
21
0.3860199606299213
0
LINE
8
BLACK
6
CONTINUOUS
10
0.6643749212598425
20
0.3860199606299213
11
0.6643716141732283
21
0.3860226771653543
0
LINE
8
BLACK
6
CONTINUOUS
10
0.6643716141732283
20
0.3860226771653543
11
0.6643697637795275
21
0.3860234251968504
0
LINE
8
BLACK
6
CONTINUOUS
10
0.6643697637795275
20
0.3860234251968504
11
0.6643655511811023
21
0.3860276377952756
0
LINE
8
BLACK
6
CONTINUOUS
10
0.6643655511811023
20
0.3860276377952756
11
0.6634792519685039
21
0.3867534645669291
0
LINE
8
BLACK
6
CONTINUOUS
10
0.6634792519685039
20
0.3867534645669291
11
0.6631538976377953
21
0.3872392913385826
0
LINE
8
BLACK
6
CONTINUOUS
10
0.6631538976377953
20
0.3872392913385826
11
0.6627404724409449
21
0.387652716535433
0
LINE
8
BLACK
6
CONTINUOUS
10
0.6627404724409449
20
0.387652716535433
11
0.6625190157480315
21
0.3881872834645669
0
LINE
8
BLACK
6
CONTINUOUS
10
0.6625190157480315
20
0.3881872834645669
11
0.6621970866141732
21
0.388668031496063
0
LINE
8
BLACK
6
CONTINUOUS
10
0.6621970866141732
20
0.388668031496063
11
0.6620824015748031
21
0.3892413779527559
0
LINE
8
BLACK
6
CONTINUOUS
10
0.6620824015748031
20
0.3892413779527559
11
0.6618586614173229
21
0.3897815354330709
0
LINE
8
BLACK
6
CONTINUOUS
10
0.6618586614173229
20
0.3897815354330709
11
0.6618586614173229
21
0.3903601574803149
0
LINE
8
BLACK
6
CONTINUOUS
10
0.6618586614173229
20
0.3903601574803149
11
0.6617451968503937
21
0.3909274409448819
0
LINE
8
BLACK
6
CONTINUOUS
10
0.6617451968503937
20
0.3909274409448819
11
0.6618586614173229
21
0.3915010236220473
0
LINE
8
BLACK
6
CONTINUOUS
10
0.6618586614173229
20
0.3915010236220473
11
0.6618586614173229
21
0.3920857874015748
0
LINE
8
BLACK
6
CONTINUOUS
10
0.6618586614173229
20
0.3920857874015748
11
0.6620800787401575
21
0.3926203937007874
0
LINE
8
BLACK
6
CONTINUOUS
10
0.6620800787401575
20
0.3926203937007874
11
0.6621923622047244
21
0.393187874015748
0
LINE
8
BLACK
6
CONTINUOUS
10
0.6621923622047244
20
0.393187874015748
11
0.6625166929133858
21
0.3936744094488189
0
LINE
8
BLACK
6
CONTINUOUS
10
0.6625166929133858
20
0.3936744094488189
11
0.6627404724409449
21
0.3942146062992126
0
LINE
8
BLACK
6
CONTINUOUS
10
0.6627404724409449
20
0.3942146062992126
11
0.6631495669291338
21
0.3946237401574803
0
LINE
8
BLACK
6
CONTINUOUS
10
0.6631495669291338
20
0.3946237401574803
11
0.6634705118110236
21
0.3951051181102362
0
LINE
8
BLACK
6
CONTINUOUS
10
0.6634705118110236
20
0.3951051181102362
11
0.6639562992125984
21
0.3954304724409449
0
LINE
8
BLACK
6
CONTINUOUS
10
0.6639562992125984
20
0.3954304724409449
11
0.6643697637795275
21
0.3958438976377953
0
LINE
8
BLACK
6
CONTINUOUS
10
0.6643697637795275
20
0.3958438976377953
11
0.6649042913385826
21
0.3960653543307087
0
LINE
8
BLACK
6
CONTINUOUS
10
0.6649042913385826
20
0.3960653543307087
11
0.6653850787401575
21
0.3963872834645669
0
LINE
8
BLACK
6
CONTINUOUS
10
0.6653850787401575
20
0.3963872834645669
11
0.6659583858267717
21
0.396501968503937
0
LINE
8
BLACK
6
CONTINUOUS
10
0.6659583858267717
20
0.396501968503937
11
0.6664985826771653
21
0.3967257086614173
0
LINE
8
BLACK
6
CONTINUOUS
10
0.6664985826771653
20
0.3967257086614173
11
0.6676384251968503
21
0.3968379921259843
0
LINE
8
BLACK
6
CONTINUOUS
10
0.6676384251968503
20
0.3968379921259843
11
0.6676444881889764
21
0.3968391732283464
0
LINE
8
BLACK
6
CONTINUOUS
10
0.6676444881889764
20
0.3968391732283464
11
0.6676465354330708
21
0.396838779527559
0
LINE
8
BLACK
6
CONTINUOUS
10
0.6676465354330708
20
0.396838779527559
11
0.6676507086614173
21
0.3968391732283464
0
LINE
8
BLACK
6
CONTINUOUS
10
0.6676507086614173
20
0.3968391732283464
11
0.7208003149606299
21
0.3968391732283464
0
LINE
8
BLACK
6
CONTINUOUS
10
0.7208003149606299
20
0.3968391732283464
11
0.7208003149606299
21
0.4078065748031496
0
LINE
8
BLACK
6
CONTINUOUS
10
0.7208003149606299
20
0.4078065748031496
11
0.7209137795275591
21
0.4089587007874015
0
LINE
8
BLACK
6
CONTINUOUS
10
0.7209137795275591
20
0.4089587007874015
11
0.721795590551181
21
0.4110875196850394
0
LINE
8
BLACK
6
CONTINUOUS
10
0.721795590551181
20
0.4110875196850394
11
0.7234248818897637
21
0.4127168110236221
0
LINE
8
BLACK
6
CONTINUOUS
10
0.7234248818897637
20
0.4127168110236221
11
0.7255537007874016
21
0.4135986220472441
0
LINE
8
BLACK
6
CONTINUOUS
10
0.7255537007874016
20
0.4135986220472441
11
0.7278579527559055
21
0.4135986220472441
0
LINE
8
BLACK
6
CONTINUOUS
10
0.7278579527559055
20
0.4135986220472441
11
0.7299867716535433
21
0.4127168110236221
0
LINE
8
BLACK
6
CONTINUOUS
10
0.420027125984252
20
0.4521413385826771
11
0.4202231889763779
21
0.4520601181102362
0
LINE
8
BLACK
6
CONTINUOUS
10
0.4202231889763779
20
0.4520601181102362
11
0.4204348031496063
21
0.4520450787401575
0
LINE
8
BLACK
6
CONTINUOUS
10
0.4204348031496063
20
0.4520450787401575
11
0.4215160236220472
21
0.4516313385826772
0
LINE
8
BLACK
6
CONTINUOUS
10
0.4215160236220472
20
0.4516313385826772
11
0.4271403149606299
21
0.4488191732283465
0
LINE
8
BLACK
6
CONTINUOUS
10
0.4271403149606299
20
0.4488191732283465
11
0.4276361811023622
21
0.4485070472440945
0
LINE
8
BLACK
6
CONTINUOUS
10
0.4276361811023622
20
0.4485070472440945
11
0.4277801574803149
21
0.4484474015748031
0
LINE
8
BLACK
6
CONTINUOUS
10
0.4277801574803149
20
0.4484474015748031
11
0.4279422440944882
21
0.4483143700787401
0
LINE
8
BLACK
6
CONTINUOUS
10
0.4279422440944882
20
0.4483143700787401
11
0.4281200787401575
21
0.4482024409448819
0
LINE
8
BLACK
6
CONTINUOUS
10
0.4281200787401575
20
0.4482024409448819
11
0.4282223228346457
21
0.4480845669291338
0
LINE
8
BLACK
6
CONTINUOUS
10
0.4282223228346457
20
0.4480845669291338
11
0.4286750787401575
21
0.4477129921259843
0
LINE
8
BLACK
6
CONTINUOUS
10
0.4286750787401575
20
0.4477129921259843
11
0.4314872440944882
21
0.4449008661417323
0
LINE
8
BLACK
6
CONTINUOUS
10
0.4314872440944882
20
0.4449008661417323
11
0.4318589763779527
21
0.4444479133858268
0
LINE
8
BLACK
6
CONTINUOUS
10
0.4318589763779527
20
0.4444479133858268
11
0.4319767716535433
21
0.4443457480314961
0
LINE
8
BLACK
6
CONTINUOUS
10
0.4319767716535433
20
0.4443457480314961
11
0.4320885433070866
21
0.4441681889763779
0
LINE
8
BLACK
6
CONTINUOUS
10
0.4320885433070866
20
0.4441681889763779
11
0.4322216929133858
21
0.4440059448818898
0
LINE
8
BLACK
6
CONTINUOUS
10
0.4322216929133858
20
0.4440059448818898
11
0.4322813385826771
21
0.4438618897637795
0
LINE
8
BLACK
6
CONTINUOUS
10
0.4322813385826771
20
0.4438618897637795
11
0.4325935039370079
21
0.4433660236220472
0
LINE
8
BLACK
6
CONTINUOUS
10
0.4325935039370079
20
0.4433660236220472
11
0.4354056299212598
21
0.4377416929133858
0
LINE
8
BLACK
6
CONTINUOUS
10
0.4354056299212598
20
0.4377416929133858
11
0.4358194094488189
21
0.4366604724409449
0
LINE
8
BLACK
6
CONTINUOUS
10
0.4358194094488189
20
0.4366604724409449
11
0.4358344094488189
21
0.4364488582677165
0
LINE
8
BLACK
6
CONTINUOUS
10
0.4358344094488189
20
0.4364488582677165
11
0.4359156299212598
21
0.4362528346456693
0
LINE
8
BLACK
6
CONTINUOUS
10
0.4359156299212598
20
0.4362528346456693
11
0.4360290944881889
21
0.4351007086614173
0
LINE
8
BLACK
6
CONTINUOUS
10
0.4360290944881889
20
0.4351007086614173
11
0.4360290944881889
21
0.4266642519685039
0
LINE
8
BLACK
6
CONTINUOUS
10
0.4360290944881889
20
0.4266642519685039
11
0.4359156299212598
21
0.425512125984252
0
LINE
8
BLACK
6
CONTINUOUS
10
0.4359156299212598
20
0.425512125984252
11
0.4358344094488189
21
0.4253161417322834
0
LINE
8
BLACK
6
CONTINUOUS
10
0.4358344094488189
20
0.4253161417322834
11
0.4358194094488189
21
0.4251044881889764
0
LINE
8
BLACK
6
CONTINUOUS
10
0.4358194094488189
20
0.4251044881889764
11
0.4354056299212598
21
0.4240232677165354
0
LINE
8
BLACK
6
CONTINUOUS
10
0.4354056299212598
20
0.4240232677165354
11
0.4325935039370079
21
0.418398937007874
0
LINE
8
BLACK
6
CONTINUOUS
10
0.4325935039370079
20
0.418398937007874
11
0.4322814173228346
21
0.4179032283464567
0
LINE
8
BLACK
6
CONTINUOUS
10
0.4322814173228346
20
0.4179032283464567
11
0.4322217322834646
21
0.4177590551181102
0
LINE
8
BLACK
6
CONTINUOUS
10
0.4322217322834646
20
0.4177590551181102
11
0.4320885039370079
21
0.4175967716535433
0
LINE
8
BLACK
6
CONTINUOUS
10
0.4320885039370079
20
0.4175967716535433
11
0.4319767716535433
21
0.4174192125984252
0
LINE
8
BLACK
6
CONTINUOUS
10
0.4319767716535433
20
0.4174192125984252
11
0.4318589763779527
21
0.4173170866141732
0
LINE
8
BLACK
6
CONTINUOUS
10
0.4318589763779527
20
0.4173170866141732
11
0.4314872834645669
21
0.4168641338582677
0
LINE
8
BLACK
6
CONTINUOUS
10
0.4314872834645669
20
0.4168641338582677
11
0.4286751181102362
21
0.414051968503937
0
LINE
8
BLACK
6
CONTINUOUS
10
0.4286751181102362
20
0.414051968503937
11
0.4282222834645669
21
0.4136803543307087
0
LINE
8
BLACK
6
CONTINUOUS
10
0.4282222834645669
20
0.4136803543307087
11
0.4281200787401575
21
0.4135624803149606
0
LINE
8
BLACK
6
CONTINUOUS
10
0.4281200787401575
20
0.4135624803149606
11
0.4279423622047244
21
0.4134506692913386
0
LINE
8
BLACK
6
CONTINUOUS
10
0.4279423622047244
20
0.4134506692913386
11
0.4277801968503937
21
0.4133175196850394
0
LINE
8
BLACK
6
CONTINUOUS
10
0.4277801968503937
20
0.4133175196850394
11
0.4276361023622047
21
0.413257874015748
0
LINE
8
BLACK
6
CONTINUOUS
10
0.4276361023622047
20
0.413257874015748
11
0.4271403149606299
21
0.412945748031496
0
LINE
8
BLACK
6
CONTINUOUS
10
0.4271403149606299
20
0.412945748031496
11
0.4215160236220472
21
0.4101336220472441
0
LINE
8
BLACK
6
CONTINUOUS
10
0.4215160236220472
20
0.4101336220472441
11
0.4213807874015748
21
0.4100818897637795
0
LINE
8
BLACK
6
CONTINUOUS
10
0.4213807874015748
20
0.4100818897637795
11
0.4349615748031496
21
0.3906807480314961
0
LINE
8
BLACK
6
CONTINUOUS
10
0.4349615748031496
20
0.3906807480314961
11
0.4355293307086614
21
0.3896718503937008
0
LINE
8
BLACK
6
CONTINUOUS
10
0.4355293307086614
20
0.3896718503937008
11
0.436027716535433
21
0.3874221653543307
0
LINE
8
BLACK
6
CONTINUOUS
10
0.436027716535433
20
0.3874221653543307
11
0.4356272834645669
21
0.385153031496063
0
LINE
8
BLACK
6
CONTINUOUS
10
0.4356272834645669
20
0.385153031496063
11
0.4343889763779528
21
0.383209842519685
0
LINE
8
BLACK
6
CONTINUOUS
10
0.4343889763779528
20
0.383209842519685
11
0.4325012598425197
21
0.3818884251968504
0
LINE
8
BLACK
6
CONTINUOUS
10
0.4325012598425197
20
0.3818884251968504
11
0.4302515748031496
21
0.3813900393700787
0
LINE
8
BLACK
6
CONTINUOUS
10
0.4302515748031496
20
0.3813900393700787
11
0.4279824409448819
21
0.3817904724409449
0
LINE
8
BLACK
6
CONTINUOUS
10
0.4279824409448819
20
0.3817904724409449
11
0.426039251968504
21
0.383028779527559
0
LINE
8
BLACK
6
CONTINUOUS
10
0.426039251968504
20
0.383028779527559
11
0.4252855905511811
21
0.3839075984251968
0
LINE
8
BLACK
6
CONTINUOUS
10
0.4252855905511811
20
0.3839075984251968
11
0.4073638188976378
21
0.4095101574803149
0
LINE
8
BLACK
6
CONTINUOUS
10
0.4073638188976378
20
0.4095101574803149
11
0.4022833070866141
21
0.4095101574803149
0
LINE
8
BLACK
6
CONTINUOUS
10
0.4022833070866141
20
0.4095101574803149
11
0.4022833070866141
21
0.3872941732283465
0
LINE
8
BLACK
6
CONTINUOUS
10
0.4022833070866141
20
0.3872941732283465
11
0.402169842519685
21
0.3861420472440945
0
LINE
8
BLACK
6
CONTINUOUS
10
0.402169842519685
20
0.3861420472440945
11
0.401288031496063
21
0.3840132283464567
0
LINE
8
BLACK
6
CONTINUOUS
10
0.401288031496063
20
0.3840132283464567
11
0.3996587401574803
21
0.382383937007874
0
LINE
8
BLACK
6
CONTINUOUS
10
0.3996587401574803
20
0.382383937007874
11
0.3975299212598425
21
0.381502125984252
0
LINE
8
BLACK
6
CONTINUOUS
10
0.3975299212598425
20
0.381502125984252
11
0.3952256692913386
21
0.381502125984252
0
LINE
8
BLACK
6
CONTINUOUS
10
0.3952256692913386
20
0.381502125984252
11
0.3930968503937008
21
0.382383937007874
0
LINE
8
BLACK
6
CONTINUOUS
10
0.3930968503937008
20
0.382383937007874
11
0.3914675590551181
21
0.3840132283464567
0
LINE
8
BLACK
6
CONTINUOUS
10
0.3914675590551181
20
0.3840132283464567
11
0.390585748031496
21
0.3861420472440945
0
LINE
8
BLACK
6
CONTINUOUS
10
0.390585748031496
20
0.3861420472440945
11
0.3904722834645669
21
0.3872941732283465
0
LINE
8
BLACK
6
CONTINUOUS
10
0.3904722834645669
20
0.3872941732283465
11
0.3904722834645669
21
0.4463492913385826
0
LINE
8
BLACK
6
CONTINUOUS
10
0.3904722834645669
20
0.4463492913385826
11
0.390585748031496
21
0.4475014173228347
0
LINE
8
BLACK
6
CONTINUOUS
10
0.390585748031496
20
0.4475014173228347
11
0.3914675590551181
21
0.4496302362204724
0
LINE
8
BLACK
6
CONTINUOUS
10
0.3914675590551181
20
0.4496302362204724
11
0.3930968503937008
21
0.4512595275590551
0
LINE
8
BLACK
6
CONTINUOUS
10
0.3930968503937008
20
0.4512595275590551
11
0.3952256692913386
21
0.4521413385826771
0
LINE
8
BLACK
6
CONTINUOUS
10
0.3952256692913386
20
0.4521413385826771
11
0.3963777952755905
21
0.4522548031496063
0
LINE
8
BLACK
6
CONTINUOUS
10
0.3963777952755905
20
0.4522548031496063
11
0.418875
21
0.4522548031496063
0
LINE
8
BLACK
6
CONTINUOUS
10
0.418875
20
0.4522548031496063
11
0.420027125984252
21
0.4521413385826771
0
LINE
8
BLACK
6
CONTINUOUS
10
0.4022833070866141
20
0.4213211811023622
11
0.417480905511811
21
0.4213211811023622
0
LINE
8
BLACK
6
CONTINUOUS
10
0.417480905511811
20
0.4213211811023622
11
0.421001062992126
21
0.4230812598425197
0
LINE
8
BLACK
6
CONTINUOUS
10
0.421001062992126
20
0.4230812598425197
11
0.4224579527559055
21
0.4245381496062992
0
LINE
8
BLACK
6
CONTINUOUS
10
0.4224579527559055
20
0.4245381496062992
11
0.4242180708661417
21
0.4280583464566929
0
LINE
8
BLACK
6
CONTINUOUS
10
0.4242180708661417
20
0.4280583464566929
11
0.4242180708661417
21
0.4337066535433071
0
LINE
8
BLACK
6
CONTINUOUS
10
0.4242180708661417
20
0.4337066535433071
11
0.4224579921259842
21
0.437226811023622
0
LINE
8
BLACK
6
CONTINUOUS
10
0.4224579921259842
20
0.437226811023622
11
0.4210011417322835
21
0.4386836614173228
0
LINE
8
BLACK
6
CONTINUOUS
10
0.4210011417322835
20
0.4386836614173228
11
0.417480905511811
21
0.440443779527559
0
LINE
8
BLACK
6
CONTINUOUS
10
0.417480905511811
20
0.440443779527559
11
0.4022833070866141
21
0.440443779527559
0
LINE
8
BLACK
6
CONTINUOUS
10
0.4022833070866141
20
0.440443779527559
11
0.4022833070866141
21
0.4213211811023622
0
LINE
8
BLACK
6
CONTINUOUS
10
0.3763429921259843
20
0.451716968503937
11
0.3782096850393701
21
0.4503660629921259
0
LINE
8
BLACK
6
CONTINUOUS
10
0.3782096850393701
20
0.4503660629921259
11
0.3794172834645669
21
0.4484037007874015
0
LINE
8
BLACK
6
CONTINUOUS
10
0.3794172834645669
20
0.4484037007874015
11
0.3797820078740157
21
0.4461285433070866
0
LINE
8
BLACK
6
CONTINUOUS
10
0.3797820078740157
20
0.4461285433070866
11
0.3796255511811024
21
0.4449814566929134
0
LINE
8
BLACK
6
CONTINUOUS
10
0.3796255511811024
20
0.4449814566929134
11
0.3655648031496063
21
0.3859263385826772
0
LINE
8
BLACK
6
CONTINUOUS
10
0.3655648031496063
20
0.3859263385826772
11
0.3654285039370079
21
0.3855309448818898
0
LINE
8
BLACK
6
CONTINUOUS
10
0.3654285039370079
20
0.3855309448818898
11
0.36540968503937
21
0.3853892125984252
0
LINE
8
BLACK
6
CONTINUOUS
10
0.36540968503937
20
0.3853892125984252
11
0.3653355118110236
21
0.3852611417322834
0
LINE
8
BLACK
6
CONTINUOUS
10
0.3653355118110236
20
0.3852611417322834
11
0.3651875590551181
21
0.384831811023622
0
LINE
8
BLACK
6
CONTINUOUS
10
0.3651875590551181
20
0.384831811023622
11
0.3646847244094488
21
0.3841370472440945
0
LINE
8
BLACK
6
CONTINUOUS
10
0.3646847244094488
20
0.3841370472440945
11
0.3642552362204725
21
0.3833951181102362
0
LINE
8
BLACK
6
CONTINUOUS
10
0.3642552362204725
20
0.3833951181102362
11
0.3640144488188976
21
0.3832108267716535
0
LINE
8
BLACK
6
CONTINUOUS
10
0.3640144488188976
20
0.3832108267716535
11
0.3638366535433071
21
0.3829651181102362
0
LINE
8
BLACK
6
CONTINUOUS
10
0.3638366535433071
20
0.3829651181102362
11
0.3631062992125984
21
0.3825157086614173
0
LINE
8
BLACK
6
CONTINUOUS
10
0.3631062992125984
20
0.3825157086614173
11
0.3624255118110236
21
0.3819945669291339
0
LINE
8
BLACK
6
CONTINUOUS
10
0.3624255118110236
20
0.3819945669291339
11
0.3621325196850393
21
0.3819164566929134
0
LINE
8
BLACK
6
CONTINUOUS
10
0.3621325196850393
20
0.3819164566929134
11
0.3618742913385827
21
0.3817575196850393
0
LINE
8
BLACK
6
CONTINUOUS
10
0.3618742913385827
20
0.3817575196850393
11
0.3610276771653543
21
0.381621811023622
0
LINE
8
BLACK
6
CONTINUOUS
10
0.3610276771653543
20
0.381621811023622
11
0.3601990551181102
21
0.3814008267716535
0
LINE
8
BLACK
6
CONTINUOUS
10
0.3601990551181102
20
0.3814008267716535
11
0.3598984251968504
21
0.3814407874015748
0
LINE
8
BLACK
6
CONTINUOUS
10
0.3598984251968504
20
0.3814407874015748
11
0.3595991338582677
21
0.3813927952755906
0
LINE
8
BLACK
6
CONTINUOUS
10
0.3595991338582677
20
0.3813927952755906
11
0.3587648818897638
21
0.3815914173228346
0
LINE
8
BLACK
6
CONTINUOUS
10
0.3587648818897638
20
0.3815914173228346
11
0.3579149212598425
21
0.3817043700787401
0
LINE
8
BLACK
6
CONTINUOUS
10
0.3579149212598425
20
0.3817043700787401
11
0.3576525590551181
21
0.3818562598425197
0
LINE
8
BLACK
6
CONTINUOUS
10
0.3576525590551181
20
0.3818562598425197
11
0.3573575196850394
21
0.3819264960629921
0
LINE
8
BLACK
6
CONTINUOUS
10
0.3573575196850394
20
0.3819264960629921
11
0.3566627165354331
21
0.3824293307086614
0
LINE
8
BLACK
6
CONTINUOUS
10
0.3566627165354331
20
0.3824293307086614
11
0.3559208267716535
21
0.3828588188976378
0
LINE
8
BLACK
6
CONTINUOUS
10
0.3559208267716535
20
0.3828588188976378
11
0.3557364960629921
21
0.3830996062992126
0
LINE
8
BLACK
6
CONTINUOUS
10
0.3557364960629921
20
0.3830996062992126
11
0.3554908267716536
21
0.3832774015748032
0
LINE
8
BLACK
6
CONTINUOUS
10
0.3554908267716536
20
0.3832774015748032
11
0.3550413779527559
21
0.3840077559055118
0
LINE
8
BLACK
6
CONTINUOUS
10
0.3550413779527559
20
0.3840077559055118
11
0.3545202755905512
21
0.3846885433070866
0
LINE
8
BLACK
6
CONTINUOUS
10
0.3545202755905512
20
0.3846885433070866
11
0.354360905511811
21
0.3851135433070866
0
LINE
8
BLACK
6
CONTINUOUS
10
0.354360905511811
20
0.3851135433070866
11
0.3542832283464567
21
0.3852397637795276
0
LINE
8
BLACK
6
CONTINUOUS
10
0.3542832283464567
20
0.3852397637795276
11
0.3542605511811023
21
0.3853811417322834
0
LINE
8
BLACK
6
CONTINUOUS
10
0.3542605511811023
20
0.3853811417322834
11
0.3541137795275591
21
0.3857725590551181
0
LINE
8
BLACK
6
CONTINUOUS
10
0.3541137795275591
20
0.3857725590551181
11
0.3485712598425197
21
0.4065569291338583
0
LINE
8
BLACK
6
CONTINUOUS
10
0.3485712598425197
20
0.4065569291338583
11
0.3430287795275591
21
0.3857725590551181
0
LINE
8
BLACK
6
CONTINUOUS
10
0.3430287795275591
20
0.3857725590551181
11
0.342881968503937
21
0.3853811417322834
0
LINE
8
BLACK
6
CONTINUOUS
10
0.342881968503937
20
0.3853811417322834
11
0.3428593307086614
21
0.3852397637795276
0
LINE
8
BLACK
6
CONTINUOUS
10
0.3428593307086614
20
0.3852397637795276
11
0.3427816141732283
21
0.3851135433070866
0
LINE
8
BLACK
6
CONTINUOUS
10
0.3427816141732283
20
0.3851135433070866
11
0.3426222834645669
21
0.3846885433070866
0
LINE
8
BLACK
6
CONTINUOUS
10
0.3426222834645669
20
0.3846885433070866
11
0.3421011417322835
21
0.3840077559055118
0
LINE
8
BLACK
6
CONTINUOUS
10
0.3421011417322835
20
0.3840077559055118
11
0.3416517322834646
21
0.3832774015748032
0
LINE
8
BLACK
6
CONTINUOUS
10
0.3416517322834646
20
0.3832774015748032
11
0.3414060236220472
21
0.3830996062992126
0
LINE
8
BLACK
6
CONTINUOUS
10
0.3414060236220472
20
0.3830996062992126
11
0.3412217322834646
21
0.3828588188976378
0
LINE
8
BLACK
6
CONTINUOUS
10
0.3412217322834646
20
0.3828588188976378
11
0.3404798031496063
21
0.3824293307086614
0
LINE
8
BLACK
6
CONTINUOUS
10
0.3404798031496063
20
0.3824293307086614
11
0.3397850393700788
21
0.3819264960629921
0
LINE
8
BLACK
6
CONTINUOUS
10
0.3397850393700788
20
0.3819264960629921
11
0.3394899606299213
21
0.3818562598425197
0
LINE
8
BLACK
6
CONTINUOUS
10
0.3394899606299213
20
0.3818562598425197
11
0.3392276377952756
21
0.3817043700787401
0
LINE
8
BLACK
6
CONTINUOUS
10
0.3392276377952756
20
0.3817043700787401
11
0.3383776377952756
21
0.3815914173228346
0
LINE
8
BLACK
6
CONTINUOUS
10
0.3383776377952756
20
0.3815914173228346
11
0.3375434251968504
21
0.3813927952755906
0
LINE
8
BLACK
6
CONTINUOUS
10
0.3375434251968504
20
0.3813927952755906
11
0.337244094488189
21
0.3814407874015748
0
LINE
8
BLACK
6
CONTINUOUS
10
0.337244094488189
20
0.3814407874015748
11
0.3369435039370079
21
0.3814008267716535
0
LINE
8
BLACK
6
CONTINUOUS
10
0.3369435039370079
20
0.3814008267716535
11
0.336114842519685
21
0.381621811023622
0
LINE
8
BLACK
6
CONTINUOUS
10
0.336114842519685
20
0.381621811023622
11
0.3352682677165355
21
0.3817575196850393
0
LINE
8
BLACK
6
CONTINUOUS
10
0.3352682677165355
20
0.3817575196850393
11
0.33501
21
0.3819164566929134
0
LINE
8
BLACK
6
CONTINUOUS
10
0.33501
20
0.3819164566929134
11
0.3347170472440945
21
0.3819945669291339
0
LINE
8
BLACK
6
CONTINUOUS
10
0.3347170472440945
20
0.3819945669291339
11
0.3340362204724409
21
0.3825157086614173
0
LINE
8
BLACK
6
CONTINUOUS
10
0.3340362204724409
20
0.3825157086614173
11
0.333305905511811
21
0.3829651181102362
0
LINE
8
BLACK
6
CONTINUOUS
10
0.333305905511811
20
0.3829651181102362
11
0.3331280708661417
21
0.3832108267716535
0
LINE
8
BLACK
6
CONTINUOUS
10
0.3331280708661417
20
0.3832108267716535
11
0.3328873228346457
21
0.3833951181102362
0
LINE
8
BLACK
6
CONTINUOUS
10
0.3328873228346457
20
0.3833951181102362
11
0.3324577952755906
21
0.3841370472440945
0
LINE
8
BLACK
6
CONTINUOUS
10
0.3324577952755906
20
0.3841370472440945
11
0.331955
21
0.384831811023622
0
LINE
8
BLACK
6
CONTINUOUS
10
0.331955
20
0.384831811023622
11
0.3318070078740157
21
0.3852611417322834
0
LINE
8
BLACK
6
CONTINUOUS
10
0.3318070078740157
20
0.3852611417322834
11
0.331732874015748
21
0.3853892125984252
0
LINE
8
BLACK
6
CONTINUOUS
10
0.331732874015748
20
0.3853892125984252
11
0.3317140157480315
21
0.3855309448818898
0
LINE
8
BLACK
6
CONTINUOUS
10
0.3317140157480315
20
0.3855309448818898
11
0.3315777559055118
21
0.3859263385826772
0
LINE
8
BLACK
6
CONTINUOUS
10
0.3315777559055118
20
0.3859263385826772
11
0.3175170078740158
21
0.4449814566929134
0
LINE
8
BLACK
6
CONTINUOUS
10
0.3175170078740158
20
0.4449814566929134
11
0.3173605511811023
21
0.4461285433070866
0
LINE
8
BLACK
6
CONTINUOUS
10
0.3173605511811023
20
0.4461285433070866
11
0.3177252755905512
21
0.4484037007874015
0
LINE
8
BLACK
6
CONTINUOUS
10
0.3177252755905512
20
0.4484037007874015
11
0.318932874015748
21
0.4503660629921259
0
LINE
8
BLACK
6
CONTINUOUS
10
0.318932874015748
20
0.4503660629921259
11
0.3207995669291339
21
0.451716968503937
0
LINE
8
BLACK
6
CONTINUOUS
10
0.3207995669291339
20
0.451716968503937
11
0.3230411811023622
21
0.4522506692913386
0
LINE
8
BLACK
6
CONTINUOUS
10
0.3230411811023622
20
0.4522506692913386
11
0.3253163385826772
21
0.4518859448818898
0
LINE
8
BLACK
6
CONTINUOUS
10
0.3253163385826772
20
0.4518859448818898
11
0.3272787007874016
21
0.4506783464566929
0
LINE
8
BLACK
6
CONTINUOUS
10
0.3272787007874016
20
0.4506783464566929
11
0.3286296062992126
21
0.4488116535433071
0
LINE
8
BLACK
6
CONTINUOUS
10
0.3286296062992126
20
0.4488116535433071
11
0.3290068503937008
21
0.447717125984252
0
LINE
8
BLACK
6
CONTINUOUS
10
0.3290068503937008
20
0.447717125984252
11
0.337646811023622
21
0.4114292519685039
0
LINE
8
BLACK
6
CONTINUOUS
10
0.337646811023622
20
0.4114292519685039
11
0.3428651574803149
21
0.4309979921259842
0
LINE
8
BLACK
6
CONTINUOUS
10
0.3428651574803149
20
0.4309979921259842
11
0.3429663779527559
21
0.4312679527559055
0
LINE
8
BLACK
6
CONTINUOUS
10
0.3429663779527559
20
0.4312679527559055
11
0.3429814566929134
21
0.4313813385826771
0
LINE
8
BLACK
6
CONTINUOUS
10
0.3429814566929134
20
0.4313813385826771
11
0.3430593700787402
21
0.4315159842519685
0
LINE
8
BLACK
6
CONTINUOUS
10
0.3430593700787402
20
0.4315159842519685
11
0.3432716535433071
21
0.4320820078740157
0
LINE
8
BLACK
6
CONTINUOUS
10
0.3432716535433071
20
0.4320820078740157
11
0.3437454330708661
21
0.4327009842519685
0
LINE
8
BLACK
6
CONTINUOUS
10
0.3437454330708661
20
0.4327009842519685
11
0.344135905511811
21
0.4333754330708661
0
LINE
8
BLACK
6
CONTINUOUS
10
0.344135905511811
20
0.4333754330708661
11
0.3444396456692913
21
0.4336079921259842
0
LINE
8
BLACK
6
CONTINUOUS
10
0.3444396456692913
20
0.4336079921259842
11
0.3446722047244095
21
0.4339117322834646
0
LINE
8
BLACK
6
CONTINUOUS
10
0.3446722047244095
20
0.4339117322834646
11
0.3453466535433071
21
0.4343022047244094
0
LINE
8
BLACK
6
CONTINUOUS
10
0.3453466535433071
20
0.4343022047244094
11
0.3459656299212598
21
0.4347759842519685
0
LINE
8
BLACK
6
CONTINUOUS
10
0.3459656299212598
20
0.4347759842519685
11
0.3463353149606299
21
0.4348746062992126
0
LINE
8
BLACK
6
CONTINUOUS
10
0.3463353149606299
20
0.4348746062992126
11
0.3466662992125984
21
0.4350661811023622
0
LINE
8
BLACK
6
CONTINUOUS
10
0.3466662992125984
20
0.4350661811023622
11
0.347438779527559
21
0.4351688582677165
0
LINE
8
BLACK
6
CONTINUOUS
10
0.347438779527559
20
0.4351688582677165
11
0.3481920866141732
21
0.4353697244094488
0
LINE
8
BLACK
6
CONTINUOUS
10
0.3481920866141732
20
0.4353697244094488
11
0.3485712598425197
21
0.4353193700787402
0
LINE
8
BLACK
6
CONTINUOUS
10
0.3485712598425197
20
0.4353193700787402
11
0.3489504330708662
21
0.4353697244094488
0
LINE
8
BLACK
6
CONTINUOUS
10
0.3489504330708662
20
0.4353697244094488
11
0.3497037007874016
21
0.4351688582677165
0
LINE
8
BLACK
6
CONTINUOUS
10
0.3497037007874016
20
0.4351688582677165
11
0.3504762204724409
21
0.4350661811023622
0
LINE
8
BLACK
6
CONTINUOUS
10
0.3504762204724409
20
0.4350661811023622
11
0.3508071653543307
21
0.4348746062992126
0
LINE
8
BLACK
6
CONTINUOUS
10
0.3508071653543307
20
0.4348746062992126
11
0.3511768897637795
21
0.4347759842519685
0
LINE
8
BLACK
6
CONTINUOUS
10
0.3511768897637795
20
0.4347759842519685
11
0.3517958267716536
21
0.4343022047244094
0
LINE
8
BLACK
6
CONTINUOUS
10
0.3517958267716536
20
0.4343022047244094
11
0.3524703149606299
21
0.4339117322834646
0
LINE
8
BLACK
6
CONTINUOUS
10
0.3524703149606299
20
0.4339117322834646
11
0.3527028346456693
21
0.4336079921259842
0
LINE
8
BLACK
6
CONTINUOUS
10
0.3527028346456693
20
0.4336079921259842
11
0.3530066141732283
21
0.4333754330708661
0
LINE
8
BLACK
6
CONTINUOUS
10
0.3530066141732283
20
0.4333754330708661
11
0.3533970472440945
21
0.4327009842519685
0
LINE
8
BLACK
6
CONTINUOUS
10
0.3533970472440945
20
0.4327009842519685
11
0.3538708661417323
21
0.4320820078740157
0
LINE
8
BLACK
6
CONTINUOUS
10
0.3538708661417323
20
0.4320820078740157
11
0.3540831496062992
21
0.4315159448818898
0
LINE
8
BLACK
6
CONTINUOUS
10
0.3540831496062992
20
0.4315159448818898
11
0.354161062992126
21
0.4313813385826771
0
LINE
8
BLACK
6
CONTINUOUS
10
0.354161062992126
20
0.4313813385826771
11
0.3541761023622047
21
0.4312679921259843
0
LINE
8
BLACK
6
CONTINUOUS
10
0.3541761023622047
20
0.4312679921259843
11
0.3542773622047244
21
0.430998031496063
0
LINE
8
BLACK
6
CONTINUOUS
10
0.3542773622047244
20
0.430998031496063
11
0.3594957086614173
21
0.4114292519685039
0
LINE
8
BLACK
6
CONTINUOUS
10
0.3594957086614173
20
0.4114292519685039
11
0.3681357086614173
21
0.447717125984252
0
LINE
8
BLACK
6
CONTINUOUS
10
0.3681357086614173
20
0.447717125984252
11
0.3685129527559055
21
0.4488116535433071
0
LINE
8
BLACK
6
CONTINUOUS
10
0.3685129527559055
20
0.4488116535433071
11
0.3698638582677165
21
0.4506783464566929
0
LINE
8
BLACK
6
CONTINUOUS
10
0.3698638582677165
20
0.4506783464566929
11
0.371826220472441
21
0.4518859448818898
0
LINE
8
BLACK
6
CONTINUOUS
10
0.371826220472441
20
0.4518859448818898
11
0.3741013779527559
21
0.4522506692913386
0
LINE
8
BLACK
6
CONTINUOUS
10
0.3741013779527559
20
0.4522506692913386
11
0.3763429921259843
21
0.451716968503937
0
LINE
8
BLACK
6
CONTINUOUS
10
0.2934804330708661
20
0.4521413385826771
11
0.2936764960629921
21
0.4520601181102362
0
LINE
8
BLACK
6
CONTINUOUS
10
0.2936764960629921
20
0.4520601181102362
11
0.2938881102362205
21
0.4520450787401575
0
LINE
8
BLACK
6
CONTINUOUS
10
0.2938881102362205
20
0.4520450787401575
11
0.2949693307086614
21
0.4516313385826772
0
LINE
8
BLACK
6
CONTINUOUS
10
0.2949693307086614
20
0.4516313385826772
11
0.3005936220472441
21
0.4488191732283465
0
LINE
8
BLACK
6
CONTINUOUS
10
0.3005936220472441
20
0.4488191732283465
11
0.3010894881889764
21
0.4485070472440945
0
LINE
8
BLACK
6
CONTINUOUS
10
0.3010894881889764
20
0.4485070472440945
11
0.3012334645669291
21
0.4484474015748031
0
LINE
8
BLACK
6
CONTINUOUS
10
0.3012334645669291
20
0.4484474015748031
11
0.3013955511811023
21
0.4483143700787401
0
LINE
8
BLACK
6
CONTINUOUS
10
0.3013955511811023
20
0.4483143700787401
11
0.3015733858267716
21
0.4482024409448819
0
LINE
8
BLACK
6
CONTINUOUS
10
0.3015733858267716
20
0.4482024409448819
11
0.3016756299212598
21
0.4480845669291338
0
LINE
8
BLACK
6
CONTINUOUS
10
0.3016756299212598
20
0.4480845669291338
11
0.3021283858267717
21
0.4477129921259843
0
LINE
8
BLACK
6
CONTINUOUS
10
0.3021283858267717
20
0.4477129921259843
11
0.3049405511811024
21
0.4449008661417323
0
LINE
8
BLACK
6
CONTINUOUS
10
0.3049405511811024
20
0.4449008661417323
11
0.3053122834645669
21
0.4444479133858268
0
LINE
8
BLACK
6
CONTINUOUS
10
0.3053122834645669
20
0.4444479133858268
11
0.3054300787401575
21
0.4443457480314961
0
LINE
8
BLACK
6
CONTINUOUS
10
0.3054300787401575
20
0.4443457480314961
11
0.3055418503937008
21
0.4441681889763779
0
LINE
8
BLACK
6
CONTINUOUS
10
0.3055418503937008
20
0.4441681889763779
11
0.305675
21
0.4440059448818898
0
LINE
8
BLACK
6
CONTINUOUS
10
0.305675
20
0.4440059448818898
11
0.3057346456692913
21
0.4438618897637795
0
LINE
8
BLACK
6
CONTINUOUS
10
0.3057346456692913
20
0.4438618897637795
11
0.306046811023622
21
0.4433660236220472
0
LINE
8
BLACK
6
CONTINUOUS
10
0.306046811023622
20
0.4433660236220472
11
0.308858937007874
21
0.4377416929133858
0
LINE
8
BLACK
6
CONTINUOUS
10
0.308858937007874
20
0.4377416929133858
11
0.3092727165354331
21
0.4366604724409449
0
LINE
8
BLACK
6
CONTINUOUS
10
0.3092727165354331
20
0.4366604724409449
11
0.3092877165354331
21
0.4364488582677165
0
LINE
8
BLACK
6
CONTINUOUS
10
0.3092877165354331
20
0.4364488582677165
11
0.309368937007874
21
0.4362528346456693
0
LINE
8
BLACK
6
CONTINUOUS
10
0.309368937007874
20
0.4362528346456693
11
0.3094824015748032
21
0.4351007086614173
0
LINE
8
BLACK
6
CONTINUOUS
10
0.3094824015748032
20
0.4351007086614173
11
0.3094824015748032
21
0.4266642519685039
0
LINE
8
BLACK
6
CONTINUOUS
10
0.3094824015748032
20
0.4266642519685039
11
0.309368937007874
21
0.425512125984252
0
LINE
8
BLACK
6
CONTINUOUS
10
0.309368937007874
20
0.425512125984252
11
0.3092877165354331
21
0.4253161417322834
0
LINE
8
BLACK
6
CONTINUOUS
10
0.3092877165354331
20
0.4253161417322834
11
0.3092727165354331
21
0.4251044881889764
0
LINE
8
BLACK
6
CONTINUOUS
10
0.3092727165354331
20
0.4251044881889764
11
0.308858937007874
21
0.4240232677165354
0
LINE
8
BLACK
6
CONTINUOUS
10
0.308858937007874
20
0.4240232677165354
11
0.306046811023622
21
0.418398937007874
0
LINE
8
BLACK
6
CONTINUOUS
10
0.306046811023622
20
0.418398937007874
11
0.3057347244094488
21
0.4179032283464567
0
LINE
8
BLACK
6
CONTINUOUS
10
0.3057347244094488
20
0.4179032283464567
11
0.3056750393700787
21
0.4177590551181102
0
LINE
8
BLACK
6
CONTINUOUS
10
0.3056750393700787
20
0.4177590551181102
11
0.305541811023622
21
0.4175967716535433
0
LINE
8
BLACK
6
CONTINUOUS
10
0.305541811023622
20
0.4175967716535433
11
0.3054300787401575
21
0.4174192125984252
0
LINE
8
BLACK
6
CONTINUOUS
10
0.3054300787401575
20
0.4174192125984252
11
0.3053122834645669
21
0.4173170866141732
0
LINE
8
BLACK
6
CONTINUOUS
10
0.3053122834645669
20
0.4173170866141732
11
0.3049405905511811
21
0.4168641338582677
0
LINE
8
BLACK
6
CONTINUOUS
10
0.3049405905511811
20
0.4168641338582677
11
0.3021284251968504
21
0.414051968503937
0
LINE
8
BLACK
6
CONTINUOUS
10
0.3021284251968504
20
0.414051968503937
11
0.3016755905511811
21
0.4136803543307087
0
LINE
8
BLACK
6
CONTINUOUS
10
0.3016755905511811
20
0.4136803543307087
11
0.3015733858267716
21
0.4135624803149606
0
LINE
8
BLACK
6
CONTINUOUS
10
0.3015733858267716
20
0.4135624803149606
11
0.3013956692913386
21
0.4134506692913386
0
LINE
8
BLACK
6
CONTINUOUS
10
0.3013956692913386
20
0.4134506692913386
11
0.3012335039370079
21
0.4133175196850394
0
LINE
8
BLACK
6
CONTINUOUS
10
0.3012335039370079
20
0.4133175196850394
11
0.3010894094488189
21
0.413257874015748
0
LINE
8
BLACK
6
CONTINUOUS
10
0.3010894094488189
20
0.413257874015748
11
0.3005936220472441
21
0.412945748031496
0
LINE
8
BLACK
6
CONTINUOUS
10
0.3005936220472441
20
0.412945748031496
11
0.2949693307086614
21
0.4101336220472441
0
LINE
8
BLACK
6
CONTINUOUS
10
0.2949693307086614
20
0.4101336220472441
11
0.2938880708661417
21
0.409719842519685
0
LINE
8
BLACK
6
CONTINUOUS
10
0.2938880708661417
20
0.409719842519685
11
0.2936764173228346
21
0.409704842519685
0
LINE
8
BLACK
6
CONTINUOUS
10
0.2936764173228346
20
0.409704842519685
11
0.2934804330708661
21
0.4096236220472441
0
LINE
8
BLACK
6
CONTINUOUS
10
0.2934804330708661
20
0.4096236220472441
11
0.2923283070866142
21
0.4095101574803149
0
LINE
8
BLACK
6
CONTINUOUS
10
0.2923283070866142
20
0.4095101574803149
11
0.2757366141732284
21
0.4095101574803149
0
LINE
8
BLACK
6
CONTINUOUS
10
0.2757366141732284
20
0.4095101574803149
11
0.2757366141732284
21
0.3872941732283465
0
LINE
8
BLACK
6
CONTINUOUS
10
0.2757366141732284
20
0.3872941732283465
11
0.2756231496062992
21
0.3861420472440945
0
LINE
8
BLACK
6
CONTINUOUS
10
0.2756231496062992
20
0.3861420472440945
11
0.2747413385826772
21
0.3840132283464567
0
LINE
8
BLACK
6
CONTINUOUS
10
0.2747413385826772
20
0.3840132283464567
11
0.2731120472440945
21
0.382383937007874
0
LINE
8
BLACK
6
CONTINUOUS
10
0.2731120472440945
20
0.382383937007874
11
0.2709832283464567
21
0.381502125984252
0
LINE
8
BLACK
6
CONTINUOUS
10
0.2709832283464567
20
0.381502125984252
11
0.2686789763779527
21
0.381502125984252
0
LINE
8
BLACK
6
CONTINUOUS
10
0.2686789763779527
20
0.381502125984252
11
0.266550157480315
21
0.382383937007874
0
LINE
8
BLACK
6
CONTINUOUS
10
0.266550157480315
20
0.382383937007874
11
0.2649208661417323
21
0.3840132283464567
0
LINE
8
BLACK
6
CONTINUOUS
10
0.2649208661417323
20
0.3840132283464567
11
0.2640390551181102
21
0.3861420472440945
0
LINE
8
BLACK
6
CONTINUOUS
10
0.2640390551181102
20
0.3861420472440945
11
0.2639255905511811
21
0.3872941732283465
0
LINE
8
BLACK
6
CONTINUOUS
10
0.2639255905511811
20
0.3872941732283465
11
0.2639255905511811
21
0.4463492913385826
0
LINE
8
BLACK
6
CONTINUOUS
10
0.2639255905511811
20
0.4463492913385826
11
0.2640390551181102
21
0.4475014173228347
0
LINE
8
BLACK
6
CONTINUOUS
10
0.2640390551181102
20
0.4475014173228347
11
0.2649208661417323
21
0.4496302362204724
0
LINE
8
BLACK
6
CONTINUOUS
10
0.2649208661417323
20
0.4496302362204724
11
0.266550157480315
21
0.4512595275590551
0
LINE
8
BLACK
6
CONTINUOUS
10
0.266550157480315
20
0.4512595275590551
11
0.2686789763779527
21
0.4521413385826771
0
LINE
8
BLACK
6
CONTINUOUS
10
0.2686789763779527
20
0.4521413385826771
11
0.2698311023622047
21
0.4522548031496063
0
LINE
8
BLACK
6
CONTINUOUS
10
0.2698311023622047
20
0.4522548031496063
11
0.2923283070866142
21
0.4522548031496063
0
LINE
8
BLACK
6
CONTINUOUS
10
0.2923283070866142
20
0.4522548031496063
11
0.2934804330708661
21
0.4521413385826771
0
LINE
8
BLACK
6
CONTINUOUS
10
0.2757366141732284
20
0.4213211811023622
11
0.2909342125984252
21
0.4213211811023622
0
LINE
8
BLACK
6
CONTINUOUS
10
0.2909342125984252
20
0.4213211811023622
11
0.2944543700787401
21
0.4230812598425197
0
LINE
8
BLACK
6
CONTINUOUS
10
0.2944543700787401
20
0.4230812598425197
11
0.2959112598425197
21
0.4245381496062992
0
LINE
8
BLACK
6
CONTINUOUS
10
0.2959112598425197
20
0.4245381496062992
11
0.2976713779527559
21
0.4280583464566929
0
LINE
8
BLACK
6
CONTINUOUS
10
0.2976713779527559
20
0.4280583464566929
11
0.2976713779527559
21
0.4337066535433071
0
LINE
8
BLACK
6
CONTINUOUS
10
0.2976713779527559
20
0.4337066535433071
11
0.2959112992125984
21
0.437226811023622
0
LINE
8
BLACK
6
CONTINUOUS
10
0.2959112992125984
20
0.437226811023622
11
0.2944544488188977
21
0.4386836614173228
0
LINE
8
BLACK
6
CONTINUOUS
10
0.2944544488188977
20
0.4386836614173228
11
0.2909342125984252
21
0.440443779527559
0
LINE
8
BLACK
6
CONTINUOUS
10
0.2909342125984252
20
0.440443779527559
11
0.2757366141732284
21
0.440443779527559
0
LINE
8
BLACK
6
CONTINUOUS
10
0.2757366141732284
20
0.440443779527559
11
0.2757366141732284
21
0.4213211811023622
0
LINE
8
BLACK
6
CONTINUOUS
10
0.186226811023622
20
0.4641902755905511
11
0.1875052362204724
21
0.4629118503937008
0
LINE
8
BLACK
6
CONTINUOUS
10
0.1875052362204724
20
0.4629118503937008
11
0.1876850393700787
21
0.462007874015748
0
LINE
8
BLACK
6
CONTINUOUS
10
0.1876850393700787
20
0.462007874015748
11
0.1876850393700787
21
0.393503937007874
0
LINE
8
BLACK
6
CONTINUOUS
10
0.1876850393700787
20
0.393503937007874
11
0.2242992125984252
21
0.393503937007874
0
LINE
8
BLACK
6
CONTINUOUS
10
0.2242992125984252
20
0.393503937007874
11
0.2252031889763779
21
0.3933241338582677
0
LINE
8
BLACK
6
CONTINUOUS
10
0.2252031889763779
20
0.3933241338582677
11
0.2264816141732283
21
0.3920457086614173
0
LINE
8
BLACK
6
CONTINUOUS
10
0.2264816141732283
20
0.3920457086614173
11
0.2264816141732283
21
0.3902377559055118
0
LINE
8
BLACK
6
CONTINUOUS
10
0.2264816141732283
20
0.3902377559055118
11
0.2252031889763779
21
0.3889593307086614
0
LINE
8
BLACK
6
CONTINUOUS
10
0.2252031889763779
20
0.3889593307086614
11
0.2242992125984252
21
0.3887795275590551
0
LINE
8
BLACK
6
CONTINUOUS
10
0.2242992125984252
20
0.3887795275590551
11
0.1853228346456693
21
0.3887795275590551
0
LINE
8
BLACK
6
CONTINUOUS
10
0.1853228346456693
20
0.3887795275590551
11
0.1844188582677165
21
0.3889593307086614
0
LINE
8
BLACK
6
CONTINUOUS
10
0.1844188582677165
20
0.3889593307086614
11
0.1831404330708661
21
0.3902377559055118
0
LINE
8
BLACK
6
CONTINUOUS
10
0.1831404330708661
20
0.3902377559055118
11
0.1829606299212598
21
0.3911417322834645
0
LINE
8
BLACK
6
CONTINUOUS
10
0.1829606299212598
20
0.3911417322834645
11
0.1829606299212598
21
0.4596456692913386
0
LINE
8
BLACK
6
CONTINUOUS
10
0.1829606299212598
20
0.4596456692913386
11
0.1282362204724409
21
0.4596456692913386
0
LINE
8
BLACK
6
CONTINUOUS
10
0.1282362204724409
20
0.4596456692913386
11
0.1273322440944882
21
0.4598254724409448
0
LINE
8
BLACK
6
CONTINUOUS
10
0.1273322440944882
20
0.4598254724409448
11
0.1260538188976378
21
0.4611038976377952
0
LINE
8
BLACK
6
CONTINUOUS
10
0.1260538188976378
20
0.4611038976377952
11
0.1260538188976378
21
0.4629118503937008
0
LINE
8
BLACK
6
CONTINUOUS
10
0.1260538188976378
20
0.4629118503937008
11
0.1273322440944882
21
0.4641902755905511
0
LINE
8
BLACK
6
CONTINUOUS
10
0.1273322440944882
20
0.4641902755905511
11
0.1282362204724409
21
0.4643700787401575
0
LINE
8
BLACK
6
CONTINUOUS
10
0.1282362204724409
20
0.4643700787401575
11
0.1853228346456693
21
0.4643700787401575
0
LINE
8
BLACK
6
CONTINUOUS
10
0.1853228346456693
20
0.4643700787401575
11
0.186226811023622
21
0.4641902755905511
0
LINE
8
BLACK
6
CONTINUOUS
10
1.0903706299212599
20
0.4352312992125984
11
1.0904553937007875
21
0.434324094488189
0
LINE
8
BLACK
6
CONTINUOUS
10
1.0904553937007875
20
0.434324094488189
11
1.0905204330708662
21
0.4329258267716535
0
LINE
8
BLACK
6
CONTINUOUS
10
1.0905204330708662
20
0.4329258267716535
11
1.0905598031496062
21
0.4311524015748031
0
LINE
8
BLACK
6
CONTINUOUS
10
1.0905598031496062
20
0.4311524015748031
11
1.0905689763779527
21
0.4296875590551181
0
LINE
8
BLACK
6
CONTINUOUS
10
1.0905689763779527
20
0.4296875590551181
11
1.0905689763779527
21
0.4237231102362204
0
LINE
8
BLACK
6
CONTINUOUS
10
1.0905689763779527
20
0.4237231102362204
11
1.0801749212598426
21
0.4183352362204724
0
LINE
8
BLACK
6
CONTINUOUS
10
1.0801749212598426
20
0.4183352362204724
11
1.0697808267716535
21
0.4129473622047244
0
LINE
8
BLACK
6
CONTINUOUS
10
1.0697808267716535
20
0.4129473622047244
11
1.0695807480314961
21
0.4023306692913386
0
LINE
8
BLACK
6
CONTINUOUS
10
1.0695807480314961
20
0.4023306692913386
11
1.0905689763779527
21
0.4023306692913386
0
LINE
8
BLACK
6
CONTINUOUS
10
1.0905689763779527
20
0.4023306692913386
11
1.0905689763779527
21
0.3914803543307087
0
LINE
8
BLACK
6
CONTINUOUS
10
1.0905689763779527
20
0.3914803543307087
11
1.0619175196850394
21
0.3915729133858268
0
LINE
8
BLACK
6
CONTINUOUS
10
1.0619175196850394
20
0.3915729133858268
11
1.060646653543307
21
0.3915770078740157
0
LINE
8
BLACK
6
CONTINUOUS
10
1.060646653543307
20
0.3915770078740157
11
1.0332660236220472
21
0.3916654724409449
0
LINE
8
BLACK
6
CONTINUOUS
10
1.0332660236220472
20
0.3916654724409449
11
1.0332949606299213
21
0.404319094488189
0
LINE
8
BLACK
6
CONTINUOUS
10
1.0332949606299213
20
0.404319094488189
11
1.0333107086614173
21
0.4081070078740157
0
LINE
8
BLACK
6
CONTINUOUS
10
1.0333107086614173
20
0.4081070078740157
11
1.033345748031496
21
0.4112576771653543
0
LINE
8
BLACK
6
CONTINUOUS
10
1.033345748031496
20
0.4112576771653543
11
1.0334099999999999
21
0.4138569291338582
0
LINE
8
BLACK
6
CONTINUOUS
10
1.0334099999999999
20
0.4138569291338582
11
1.0335134645669291
21
0.4159905118110236
0
LINE
8
BLACK
6
CONTINUOUS
10
1.0335134645669291
20
0.4159905118110236
11
1.0336660629921259
21
0.4177442913385827
0
LINE
8
BLACK
6
CONTINUOUS
10
1.0336660629921259
20
0.4177442913385827
11
1.0338777952755904
21
0.4192040157480315
0
LINE
8
BLACK
6
CONTINUOUS
10
1.0338777952755904
20
0.4192040157480315
11
1.0341585826771653
21
0.4204554330708661
0
LINE
8
BLACK
6
CONTINUOUS
10
1.0341585826771653
20
0.4204554330708661
11
1.0345184251968504
21
0.4215844094488189
0
LINE
8
BLACK
6
CONTINUOUS
10
1.0345184251968504
20
0.4215844094488189
11
1.0349672834645669
21
0.4226766929133858
0
LINE
8
BLACK
6
CONTINUOUS
10
1.0349672834645669
20
0.4226766929133858
11
1.0355151181102362
21
0.4238181102362205
0
LINE
8
BLACK
6
CONTINUOUS
10
1.0355151181102362
20
0.4238181102362205
11
1.0355727165354331
21
0.4239322834645669
0
LINE
8
BLACK
6
CONTINUOUS
10
1.0355727165354331
20
0.4239322834645669
11
1.0373841338582677
21
0.4267945275590551
0
LINE
8
BLACK
6
CONTINUOUS
10
1.0373841338582677
20
0.4267945275590551
11
1.0396283858267716
21
0.4290784251968504
0
LINE
8
BLACK
6
CONTINUOUS
10
1.0396283858267716
20
0.4290784251968504
11
1.0423023622047243
21
0.4307813385826771
0
LINE
8
BLACK
6
CONTINUOUS
10
1.0423023622047243
20
0.4307813385826771
11
1.045142440944882
21
0.4318335826771653
0
LINE
8
BLACK
6
CONTINUOUS
10
1.045142440944882
20
0.4318335826771653
11
1.0470264173228345
21
0.4321704330708661
0
LINE
8
BLACK
6
CONTINUOUS
10
1.0470264173228345
20
0.4321704330708661
11
1.049316968503937
21
0.432333031496063
0
LINE
8
BLACK
6
CONTINUOUS
10
1.049316968503937
20
0.432333031496063
11
1.0517679921259842
21
0.4323264173228346
0
LINE
8
BLACK
6
CONTINUOUS
10
1.0517679921259842
20
0.4323264173228346
11
1.0541333464566929
21
0.4321556299212598
0
LINE
8
BLACK
6
CONTINUOUS
10
1.0541333464566929
20
0.4321556299212598
11
1.0561669291338582
21
0.4318257086614173
0
LINE
8
BLACK
6
CONTINUOUS
10
1.0561669291338582
20
0.4318257086614173
11
1.0570182283464566
21
0.4315906692913385
0
LINE
8
BLACK
6
CONTINUOUS
10
1.0570182283464566
20
0.4315906692913385
11
1.0600534251968503
21
0.4301975984251968
0
LINE
8
BLACK
6
CONTINUOUS
10
1.0600534251968503
20
0.4301975984251968
11
1.0626918110236221
21
0.4282043307086614
0
LINE
8
BLACK
6
CONTINUOUS
10
1.0626918110236221
20
0.4282043307086614
11
1.0649109055118109
21
0.4256292519685039
0
LINE
8
BLACK
6
CONTINUOUS
10
1.0649109055118109
20
0.4256292519685039
11
1.0656018503937008
21
0.4245649606299213
0
LINE
8
BLACK
6
CONTINUOUS
10
1.0656018503937008
20
0.4245649606299213
11
1.066136811023622
21
0.423681968503937
0
LINE
8
BLACK
6
CONTINUOUS
10
1.066136811023622
20
0.423681968503937
11
1.0664972440944882
21
0.423098779527559
0
LINE
8
BLACK
6
CONTINUOUS
10
1.0664972440944882
20
0.423098779527559
11
1.0665694881889765
21
0.4229885039370079
0
LINE
8
BLACK
6
CONTINUOUS
10
1.0665694881889765
20
0.4229885039370079
11
1.0668984251968503
21
0.4231240157480315
0
LINE
8
BLACK
6
CONTINUOUS
10
1.0668984251968503
20
0.4231240157480315
11
1.067791968503937
21
0.4235669291338582
0
LINE
8
BLACK
6
CONTINUOUS
10
1.067791968503937
20
0.4235669291338582
11
1.0691790551181102
21
0.4242800787401575
0
LINE
8
BLACK
6
CONTINUOUS
10
1.0691790551181102
20
0.4242800787401575
11
1.0709886614173227
21
0.4252263385826772
0
LINE
8
BLACK
6
CONTINUOUS
10
1.0709886614173227
20
0.4252263385826772
11
1.07314968503937
21
0.4263685039370079
0
LINE
8
BLACK
6
CONTINUOUS
10
1.07314968503937
20
0.4263685039370079
11
1.0755911023622047
21
0.4276694094488189
0
LINE
8
BLACK
6
CONTINUOUS
10
1.0755911023622047
20
0.4276694094488189
11
1.078241811023622
21
0.4290918897637795
0
LINE
8
BLACK
6
CONTINUOUS
10
1.078241811023622
20
0.4290918897637795
11
1.078321062992126
21
0.4291345669291339
0
LINE
8
BLACK
6
CONTINUOUS
10
1.078321062992126
20
0.4291345669291339
11
1.0809884251968505
21
0.4305700787401575
0
LINE
8
BLACK
6
CONTINUOUS
10
1.0809884251968505
20
0.4305700787401575
11
1.0834570866141733
21
0.4318966141732283
0
LINE
8
BLACK
6
CONTINUOUS
10
1.0834570866141733
20
0.4318966141732283
11
1.0856541732283465
21
0.4330752362204724
0
LINE
8
BLACK
6
CONTINUOUS
10
1.0856541732283465
20
0.4330752362204724
11
1.0875069291338582
21
0.434066968503937
0
LINE
8
BLACK
6
CONTINUOUS
10
1.0875069291338582
20
0.434066968503937
11
1.0889425590551181
21
0.4348328346456693
0
LINE
8
BLACK
6
CONTINUOUS
10
1.0889425590551181
20
0.4348328346456693
11
1.0898882283464566
21
0.4353338582677165
0
LINE
8
BLACK
6
CONTINUOUS
10
1.0898882283464566
20
0.4353338582677165
11
1.0902711417322835
21
0.4355311023622047
0
LINE
8
BLACK
6
CONTINUOUS
10
1.0902711417322835
20
0.4355311023622047
11
1.0902720078740158
21
0.4355314566929134
0
LINE
8
BLACK
6
CONTINUOUS
10
1.0902720078740158
20
0.4355314566929134
11
1.0903706299212599
21
0.4352312992125984
0
LINE
8
BLACK
6
CONTINUOUS
10
1.0486879527559054
20
0.4209909448818898
11
1.0464417716535432
21
0.4201672834645669
0
LINE
8
BLACK
6
CONTINUOUS
10
1.0464417716535432
20
0.4201672834645669
11
1.0446577559055117
21
0.4187995669291338
0
LINE
8
BLACK
6
CONTINUOUS
10
1.0446577559055117
20
0.4187995669291338
11
1.0433539763779527
21
0.4168989763779528
0
LINE
8
BLACK
6
CONTINUOUS
10
1.0433539763779527
20
0.4168989763779528
11
1.0429972440944881
21
0.4160638188976378
0
LINE
8
BLACK
6
CONTINUOUS
10
1.0429972440944881
20
0.4160638188976378
11
1.0427291338582676
21
0.4150805905511811
0
LINE
8
BLACK
6
CONTINUOUS
10
1.0427291338582676
20
0.4150805905511811
11
1.042520905511811
21
0.4136942519685039
0
LINE
8
BLACK
6
CONTINUOUS
10
1.042520905511811
20
0.4136942519685039
11
1.0423627559055118
21
0.4118087007874016
0
LINE
8
BLACK
6
CONTINUOUS
10
1.0423627559055118
20
0.4118087007874016
11
1.0422448818897638
21
0.4093276771653543
0
LINE
8
BLACK
6
CONTINUOUS
10
1.0422448818897638
20
0.4093276771653543
11
1.0422138976377953
21
0.4083863385826771
0
LINE
8
BLACK
6
CONTINUOUS
10
1.0422138976377953
20
0.4083863385826771
11
1.0420311023622046
21
0.4023306692913386
0
LINE
8
BLACK
6
CONTINUOUS
10
1.0420311023622046
20
0.4023306692913386
11
1.060646653543307
21
0.4023306692913386
0
LINE
8
BLACK
6
CONTINUOUS
10
1.060646653543307
20
0.4023306692913386
11
1.0604739763779527
21
0.4082055905511811
0
LINE
8
BLACK
6
CONTINUOUS
10
1.0604739763779527
20
0.4082055905511811
11
1.0603686614173229
21
0.4108672047244095
0
LINE
8
BLACK
6
CONTINUOUS
10
1.0603686614173229
20
0.4108672047244095
11
1.0602227952755905
21
0.4129034645669291
0
LINE
8
BLACK
6
CONTINUOUS
10
1.0602227952755905
20
0.4129034645669291
11
1.0600263385826771
21
0.4144113779527559
0
LINE
8
BLACK
6
CONTINUOUS
10
1.0600263385826771
20
0.4144113779527559
11
1.059769251968504
21
0.415488031496063
0
LINE
8
BLACK
6
CONTINUOUS
10
1.059769251968504
20
0.415488031496063
11
1.059701377952756
21
0.4156825590551181
0
LINE
8
BLACK
6
CONTINUOUS
10
1.059701377952756
20
0.4156825590551181
11
1.0585636220472441
21
0.4179324409448819
0
LINE
8
BLACK
6
CONTINUOUS
10
1.0585636220472441
20
0.4179324409448819
11
1.0570412598425196
21
0.4195850393700787
0
LINE
8
BLACK
6
CONTINUOUS
10
1.0570412598425196
20
0.4195850393700787
11
1.0550988976377953
21
0.4206641338582677
0
LINE
8
BLACK
6
CONTINUOUS
10
1.0550988976377953
20
0.4206641338582677
11
1.0527010236220473
21
0.4211935433070866
0
LINE
8
BLACK
6
CONTINUOUS
10
1.0527010236220473
20
0.4211935433070866
11
1.0513782283464568
21
0.4212593700787401
0
LINE
8
BLACK
6
CONTINUOUS
10
1.0513782283464568
20
0.4212593700787401
11
1.0486879527559054
21
0.4209909448818898
0
LINE
8
BLACK
6
CONTINUOUS
10
0.7166093700787401
20
0.4726537007874015
11
0.7168053543307087
21
0.4725725196850394
0
LINE
8
BLACK
6
CONTINUOUS
10
0.7168053543307087
20
0.4725725196850394
11
0.7170170078740157
21
0.4725574803149606
0
LINE
8
BLACK
6
CONTINUOUS
10
0.7170170078740157
20
0.4725574803149606
11
0.7180982677165354
21
0.4721437007874016
0
LINE
8
BLACK
6
CONTINUOUS
10
0.7180982677165354
20
0.4721437007874016
11
0.7237225590551181
21
0.4693315748031496
0
LINE
8
BLACK
6
CONTINUOUS
10
0.7237225590551181
20
0.4693315748031496
11
0.7242183464566929
21
0.4690194881889764
0
LINE
8
BLACK
6
CONTINUOUS
10
0.7242183464566929
20
0.4690194881889764
11
0.7243624409448819
21
0.4689598031496063
0
LINE
8
BLACK
6
CONTINUOUS
10
0.7243624409448819
20
0.4689598031496063
11
0.7245246062992126
21
0.4688266929133858
0
LINE
8
BLACK
6
CONTINUOUS
10
0.7245246062992126
20
0.4688266929133858
11
0.7247023228346456
21
0.468714842519685
0
LINE
8
BLACK
6
CONTINUOUS
10
0.7247023228346456
20
0.468714842519685
11
0.7248045275590551
21
0.4685970078740158
0
LINE
8
BLACK
6
CONTINUOUS
10
0.7248045275590551
20
0.4685970078740158
11
0.7252573622047244
21
0.4682253543307087
0
LINE
8
BLACK
6
CONTINUOUS
10
0.7252573622047244
20
0.4682253543307087
11
0.7280695275590551
21
0.465413188976378
0
LINE
8
BLACK
6
CONTINUOUS
10
0.7280695275590551
20
0.465413188976378
11
0.728441220472441
21
0.4649602755905512
0
LINE
8
BLACK
6
CONTINUOUS
10
0.728441220472441
20
0.4649602755905512
11
0.7285590157480315
21
0.4648581102362205
0
LINE
8
BLACK
6
CONTINUOUS
10
0.7285590157480315
20
0.4648581102362205
11
0.728670748031496
21
0.4646805905511811
0
LINE
8
BLACK
6
CONTINUOUS
10
0.728670748031496
20
0.4646805905511811
11
0.7288039763779527
21
0.4645182677165354
0
LINE
8
BLACK
6
CONTINUOUS
10
0.7288039763779527
20
0.4645182677165354
11
0.7288636614173228
21
0.4643741338582677
0
LINE
8
BLACK
6
CONTINUOUS
10
0.7288636614173228
20
0.4643741338582677
11
0.7291757480314961
21
0.4638783858267717
0
LINE
8
BLACK
6
CONTINUOUS
10
0.7291757480314961
20
0.4638783858267717
11
0.7319878740157481
21
0.4582540551181102
0
LINE
8
BLACK
6
CONTINUOUS
10
0.7319878740157481
20
0.4582540551181102
11
0.7324016535433071
21
0.4571728346456693
0
LINE
8
BLACK
6
CONTINUOUS
10
0.7324016535433071
20
0.4571728346456693
11
0.7324166535433071
21
0.4569612204724409
0
LINE
8
BLACK
6
CONTINUOUS
10
0.7324166535433071
20
0.4569612204724409
11
0.7324978740157481
21
0.4567651968503937
0
LINE
8
BLACK
6
CONTINUOUS
10
0.7324978740157481
20
0.4567651968503937
11
0.7326113385826771
21
0.4556130708661417
0
LINE
8
BLACK
6
CONTINUOUS
10
0.7326113385826771
20
0.4556130708661417
11
0.7326113385826771
21
0.4331158661417323
0
LINE
8
BLACK
6
CONTINUOUS
10
0.7326113385826771
20
0.4331158661417323
11
0.7324978740157481
21
0.4319637401574803
0
LINE
8
BLACK
6
CONTINUOUS
10
0.7324978740157481
20
0.4319637401574803
11
0.731616062992126
21
0.4298349212598425
0
LINE
8
BLACK
6
CONTINUOUS
10
0.731616062992126
20
0.4298349212598425
11
0.7299867716535433
21
0.4282056299212598
0
LINE
8
BLACK
6
CONTINUOUS
10
0.7299867716535433
20
0.4282056299212598
11
0.7278579527559055
21
0.4273238188976378
0
LINE
8
BLACK
6
CONTINUOUS
10
0.7278579527559055
20
0.4273238188976378
11
0.7267058267716535
21
0.4272103543307086
0
LINE
8
BLACK
6
CONTINUOUS
10
0.7267058267716535
20
0.4272103543307086
11
0.6676507086614173
21
0.4272103543307086
0
LINE
8
BLACK
6
CONTINUOUS
10
0.6676507086614173
20
0.4272103543307086
11
0.6664985826771653
21
0.4273238188976378
0
LINE
8
BLACK
6
CONTINUOUS
10
0.6664985826771653
20
0.4273238188976378
11
0.6643697637795275
21
0.4282056299212598
0
LINE
8
BLACK
6
CONTINUOUS
10
0.6643697637795275
20
0.4282056299212598
11
0.6627404724409449
21
0.4298349212598425
0
LINE
8
BLACK
6
CONTINUOUS
10
0.6627404724409449
20
0.4298349212598425
11
0.6618586614173229
21
0.4319637401574803
0
LINE
8
BLACK
6
CONTINUOUS
10
0.6618586614173229
20
0.4319637401574803
11
0.6617451968503937
21
0.4331158661417323
0
LINE
8
BLACK
6
CONTINUOUS
10
0.6617451968503937
20
0.4331158661417323
11
0.6617451968503937
21
0.452800905511811
0
LINE
8
BLACK
6
CONTINUOUS
10
0.6617451968503937
20
0.452800905511811
11
0.6618586614173229
21
0.453953031496063
0
LINE
8
BLACK
6
CONTINUOUS
10
0.6618586614173229
20
0.453953031496063
11
0.6619398818897637
21
0.4541491338582677
0
LINE
8
BLACK
6
CONTINUOUS
10
0.6619398818897637
20
0.4541491338582677
11
0.6619549212598425
21
0.4543607086614173
0
LINE
8
BLACK
6
CONTINUOUS
10
0.6619549212598425
20
0.4543607086614173
11
0.6623686614173229
21
0.4554419291338583
0
LINE
8
BLACK
6
CONTINUOUS
10
0.6623686614173229
20
0.4554419291338583
11
0.6651808267716536
21
0.4610662204724409
0
LINE
8
BLACK
6
CONTINUOUS
10
0.6651808267716536
20
0.4610662204724409
11
0.6654929527559055
21
0.4615621259842519
0
LINE
8
BLACK
6
CONTINUOUS
10
0.6654929527559055
20
0.4615621259842519
11
0.6655525984251969
21
0.461706062992126
0
LINE
8
BLACK
6
CONTINUOUS
10
0.6655525984251969
20
0.461706062992126
11
0.6656856299212598
21
0.4618681889763779
0
LINE
8
BLACK
6
CONTINUOUS
10
0.6656856299212598
20
0.4618681889763779
11
0.6657975590551181
21
0.4620459842519685
0
LINE
8
BLACK
6
CONTINUOUS
10
0.6657975590551181
20
0.4620459842519685
11
0.6659154330708661
21
0.4621482677165354
0
LINE
8
BLACK
6
CONTINUOUS
10
0.6659154330708661
20
0.4621482677165354
11
0.6662870078740157
21
0.4626009842519685
0
LINE
8
BLACK
6
CONTINUOUS
10
0.6662870078740157
20
0.4626009842519685
11
0.6690991338582677
21
0.4654131496062992
0
LINE
8
BLACK
6
CONTINUOUS
10
0.6690991338582677
20
0.4654131496062992
11
0.6695519291338583
21
0.4657848031496063
0
LINE
8
BLACK
6
CONTINUOUS
10
0.6695519291338583
20
0.4657848031496063
11
0.6696542125984252
21
0.4659026771653543
0
LINE
8
BLACK
6
CONTINUOUS
10
0.6696542125984252
20
0.4659026771653543
11
0.6698319291338583
21
0.4660145669291338
0
LINE
8
BLACK
6
CONTINUOUS
10
0.6698319291338583
20
0.4660145669291338
11
0.6699940551181102
21
0.4661475984251968
0
LINE
8
BLACK
6
CONTINUOUS
10
0.6699940551181102
20
0.4661475984251968
11
0.670138031496063
21
0.4662072834645669
0
LINE
8
BLACK
6
CONTINUOUS
10
0.670138031496063
20
0.4662072834645669
11
0.6706339763779527
21
0.4665194094488189
0
LINE
8
BLACK
6
CONTINUOUS
10
0.6706339763779527
20
0.4665194094488189
11
0.6762582283464567
21
0.4693315748031496
0
LINE
8
BLACK
6
CONTINUOUS
10
0.6762582283464567
20
0.4693315748031496
11
0.6773394881889764
21
0.4697453149606299
0
LINE
8
BLACK
6
CONTINUOUS
10
0.6773394881889764
20
0.4697453149606299
11
0.677551062992126
21
0.4697603543307087
0
LINE
8
BLACK
6
CONTINUOUS
10
0.677551062992126
20
0.4697603543307087
11
0.6777471653543307
21
0.4698415748031496
0
LINE
8
BLACK
6
CONTINUOUS
10
0.6777471653543307
20
0.4698415748031496
11
0.6788992913385826
21
0.4699550393700787
0
LINE
8
BLACK
6
CONTINUOUS
10
0.6788992913385826
20
0.4699550393700787
11
0.684523622047244
21
0.4699550393700787
0
LINE
8
BLACK
6
CONTINUOUS
10
0.684523622047244
20
0.4699550393700787
11
0.685675748031496
21
0.4698415748031496
0
LINE
8
BLACK
6
CONTINUOUS
10
0.685675748031496
20
0.4698415748031496
11
0.685871811023622
21
0.4697603543307087
0
LINE
8
BLACK
6
CONTINUOUS
10
0.685871811023622
20
0.4697603543307087
11
0.6860834251968504
21
0.4697453149606299
0
LINE
8
BLACK
6
CONTINUOUS
10
0.6860834251968504
20
0.4697453149606299
11
0.6871646456692914
21
0.4693315748031496
0
LINE
8
BLACK
6
CONTINUOUS
10
0.6871646456692914
20
0.4693315748031496
11
0.692788937007874
21
0.4665194094488189
0
LINE
8
BLACK
6
CONTINUOUS
10
0.692788937007874
20
0.4665194094488189
11
0.6932848031496063
21
0.4662072834645669
0
LINE
8
BLACK
6
CONTINUOUS
10
0.6932848031496063
20
0.4662072834645669
11
0.6934288582677165
21
0.4661475984251968
0
LINE
8
BLACK
6
CONTINUOUS
10
0.6934288582677165
20
0.4661475984251968
11
0.6935909448818898
21
0.4660145669291338
0
LINE
8
BLACK
6
CONTINUOUS
10
0.6935909448818898
20
0.4660145669291338
11
0.6937687007874016
21
0.4659026771653543
0
LINE
8
BLACK
6
CONTINUOUS
10
0.6937687007874016
20
0.4659026771653543
11
0.693870905511811
21
0.4657848031496063
0
LINE
8
BLACK
6
CONTINUOUS
10
0.693870905511811
20
0.4657848031496063
11
0.6943237795275591
21
0.4654131496062992
0
LINE
8
BLACK
6
CONTINUOUS
10
0.6943237795275591
20
0.4654131496062992
11
0.6943702755905512
21
0.4653666535433071
0
LINE
8
BLACK
6
CONTINUOUS
10
0.6943702755905512
20
0.4653666535433071
11
0.6944085039370078
21
0.465413188976378
0
LINE
8
BLACK
6
CONTINUOUS
10
0.6944085039370078
20
0.465413188976378
11
0.6972206692913385
21
0.4682253543307087
0
LINE
8
BLACK
6
CONTINUOUS
10
0.6972206692913385
20
0.4682253543307087
11
0.6976735826771654
21
0.4685970866141732
0
LINE
8
BLACK
6
CONTINUOUS
10
0.6976735826771654
20
0.4685970866141732
11
0.697775748031496
21
0.468714842519685
0
LINE
8
BLACK
6
CONTINUOUS
10
0.697775748031496
20
0.468714842519685
11
0.6979532677165354
21
0.4688266141732284
0
LINE
8
BLACK
6
CONTINUOUS
10
0.6979532677165354
20
0.4688266141732284
11
0.6981155905511811
21
0.4689598031496063
0
LINE
8
BLACK
6
CONTINUOUS
10
0.6981155905511811
20
0.4689598031496063
11
0.6982597244094488
21
0.4690195275590551
0
LINE
8
BLACK
6
CONTINUOUS
10
0.6982597244094488
20
0.4690195275590551
11
0.6987554724409448
21
0.4693315748031496
0
LINE
8
BLACK
6
CONTINUOUS
10
0.6987554724409448
20
0.4693315748031496
11
0.7043798031496062
21
0.4721437007874016
0
LINE
8
BLACK
6
CONTINUOUS
10
0.7043798031496062
20
0.4721437007874016
11
0.7054610236220472
21
0.4725574803149606
0
LINE
8
BLACK
6
CONTINUOUS
10
0.7054610236220472
20
0.4725574803149606
11
0.7056726377952756
21
0.4725725196850394
0
LINE
8
BLACK
6
CONTINUOUS
10
0.7056726377952756
20
0.4725725196850394
11
0.7058686614173229
21
0.4726537007874015
0
LINE
8
BLACK
6
CONTINUOUS
10
0.7058686614173229
20
0.4726537007874015
11
0.7070207874015748
21
0.4727671653543307
0
LINE
8
BLACK
6
CONTINUOUS
10
0.7070207874015748
20
0.4727671653543307
11
0.7154572440944882
21
0.4727671653543307
0
LINE
8
BLACK
6
CONTINUOUS
10
0.7154572440944882
20
0.4727671653543307
11
0.7166093700787401
21
0.4726537007874015
0
LINE
8
BLACK
6
CONTINUOUS
10
0.6767731889763779
20
0.456383937007874
11
0.6753163385826771
21
0.4549270866141732
0
LINE
8
BLACK
6
CONTINUOUS
10
0.6753163385826771
20
0.4549270866141732
11
0.6735562204724409
21
0.451406811023622
0
LINE
8
BLACK
6
CONTINUOUS
10
0.6735562204724409
20
0.451406811023622
11
0.6735562204724409
21
0.4390213779527559
0
LINE
8
BLACK
6
CONTINUOUS
10
0.6735562204724409
20
0.4390213779527559
11
0.6898666929133858
21
0.4390213779527559
0
LINE
8
BLACK
6
CONTINUOUS
10
0.6898666929133858
20
0.4390213779527559
11
0.6898666929133858
21
0.451406811023622
0
LINE
8
BLACK
6
CONTINUOUS
10
0.6898666929133858
20
0.451406811023622
11
0.6881065354330709
21
0.4549270472440945
0
LINE
8
BLACK
6
CONTINUOUS
10
0.6881065354330709
20
0.4549270472440945
11
0.6866497244094488
21
0.4563838976377952
0
LINE
8
BLACK
6
CONTINUOUS
10
0.6866497244094488
20
0.4563838976377952
11
0.6831295275590551
21
0.4581440157480315
0
LINE
8
BLACK
6
CONTINUOUS
10
0.6831295275590551
20
0.4581440157480315
11
0.6802933858267717
21
0.4581440157480315
0
LINE
8
BLACK
6
CONTINUOUS
10
0.6802933858267717
20
0.4581440157480315
11
0.6767731889763779
21
0.456383937007874
0
LINE
8
BLACK
6
CONTINUOUS
10
0.7048946456692913
20
0.459196062992126
11
0.7037459448818898
21
0.4580473622047244
0
LINE
8
BLACK
6
CONTINUOUS
10
0.7037459448818898
20
0.4580473622047244
11
0.7016777165354331
21
0.4518425590551181
0
LINE
8
BLACK
6
CONTINUOUS
10
0.7016777165354331
20
0.4518425590551181
11
0.7016777165354331
21
0.4390213779527559
0
LINE
8
BLACK
6
CONTINUOUS
10
0.7016777165354331
20
0.4390213779527559
11
0.7208003149606299
21
0.4390213779527559
0
LINE
8
BLACK
6
CONTINUOUS
10
0.7208003149606299
20
0.4390213779527559
11
0.7208003149606299
21
0.4542190157480315
0
LINE
8
BLACK
6
CONTINUOUS
10
0.7208003149606299
20
0.4542190157480315
11
0.7190401968503937
21
0.4577392125984252
0
LINE
8
BLACK
6
CONTINUOUS
10
0.7190401968503937
20
0.4577392125984252
11
0.7175833070866141
21
0.4591961023622047
0
LINE
8
BLACK
6
CONTINUOUS
10
0.7175833070866141
20
0.4591961023622047
11
0.7140631496062992
21
0.4609561417322834
0
LINE
8
BLACK
6
CONTINUOUS
10
0.7140631496062992
20
0.4609561417322834
11
0.7084148818897638
21
0.4609561417322834
0
LINE
8
BLACK
6
CONTINUOUS
10
0.7084148818897638
20
0.4609561417322834
11
0.7048946456692913
21
0.459196062992126
0
LINE
8
BLACK
6
CONTINUOUS
10
1.1297953149606299
20
0.4433196850393701
11
1.1340781496062993
21
0.4425673622047244
0
LINE
8
BLACK
6
CONTINUOUS
10
1.1340781496062993
20
0.4425673622047244
11
1.1382279527559054
21
0.4418380708661417
0
LINE
8
BLACK
6
CONTINUOUS
10
1.1382279527559054
20
0.4418380708661417
11
1.1421777559055117
21
0.4411435826771654
0
LINE
8
BLACK
6
CONTINUOUS
10
1.1421777559055117
20
0.4411435826771654
11
1.1458606299212599
21
0.4404957086614173
0
LINE
8
BLACK
6
CONTINUOUS
10
1.1458606299212599
20
0.4404957086614173
11
1.1492096062992125
21
0.4399062204724409
0
LINE
8
BLACK
6
CONTINUOUS
10
1.1492096062992125
20
0.4399062204724409
11
1.1521577165354331
21
0.4393869291338582
0
LINE
8
BLACK
6
CONTINUOUS
10
1.1521577165354331
20
0.4393869291338582
11
1.1546380314960629
21
0.4389495669291338
0
LINE
8
BLACK
6
CONTINUOUS
10
1.1546380314960629
20
0.4389495669291338
11
1.1565836220472441
21
0.4386059842519685
0
LINE
8
BLACK
6
CONTINUOUS
10
1.1565836220472441
20
0.4386059842519685
11
1.1579275196850394
21
0.4383679527559055
0
LINE
8
BLACK
6
CONTINUOUS
10
1.1579275196850394
20
0.4383679527559055
11
1.1584467716535434
21
0.4382753937007874
0
LINE
8
BLACK
6
CONTINUOUS
10
1.1584467716535434
20
0.4382753937007874
11
1.1617909842519685
21
0.4376755118110236
0
LINE
8
BLACK
6
CONTINUOUS
10
1.1617909842519685
20
0.4376755118110236
11
1.1617909842519685
21
0.4324759842519685
0
LINE
8
BLACK
6
CONTINUOUS
10
1.1617909842519685
20
0.4324759842519685
11
1.161786811023622
21
0.4304436614173228
0
LINE
8
BLACK
6
CONTINUOUS
10
1.161786811023622
20
0.4304436614173228
11
1.1617635039370078
21
0.4290244488188976
0
LINE
8
BLACK
6
CONTINUOUS
10
1.1617635039370078
20
0.4290244488188976
11
1.1617047244094487
21
0.4281083464566929
0
LINE
8
BLACK
6
CONTINUOUS
10
1.1617047244094487
20
0.4281083464566929
11
1.1615940551181103
21
0.4275854330708661
0
LINE
8
BLACK
6
CONTINUOUS
10
1.1615940551181103
20
0.4275854330708661
11
1.1614152362204724
21
0.4273456692913385
0
LINE
8
BLACK
6
CONTINUOUS
10
1.1614152362204724
20
0.4273456692913385
11
1.1611518503937008
21
0.4272791732283465
0
LINE
8
BLACK
6
CONTINUOUS
10
1.1611518503937008
20
0.4272791732283465
11
1.161018464566929
21
0.4272764566929134
0
LINE
8
BLACK
6
CONTINUOUS
10
1.161018464566929
20
0.4272764566929134
11
1.1605590551181102
21
0.4273370866141732
0
LINE
8
BLACK
6
CONTINUOUS
10
1.1605590551181102
20
0.4273370866141732
11
1.1594613385826771
21
0.4275113779527559
0
LINE
8
BLACK
6
CONTINUOUS
10
1.1594613385826771
20
0.4275113779527559
11
1.1577907874015747
21
0.4277878346456693
0
LINE
8
BLACK
6
CONTINUOUS
10
1.1577907874015747
20
0.4277878346456693
11
1.1556131102362204
21
0.428155
0
LINE
8
BLACK
6
CONTINUOUS
10
1.1556131102362204
20
0.428155
11
1.1529937795275591
21
0.4286013385826772
0
LINE
8
BLACK
6
CONTINUOUS
10
1.1529937795275591
20
0.4286013385826772
11
1.149998464566929
21
0.4291154330708661
0
LINE
8
BLACK
6
CONTINUOUS
10
1.149998464566929
20
0.4291154330708661
11
1.1466926771653543
21
0.4296857874015748
0
LINE
8
BLACK
6
CONTINUOUS
10
1.1466926771653543
20
0.4296857874015748
11
1.1431420472440945
21
0.430300905511811
0
LINE
8
BLACK
6
CONTINUOUS
10
1.1431420472440945
20
0.430300905511811
11
1.139412125984252
21
0.4309492913385827
0
LINE
8
BLACK
6
CONTINUOUS
10
1.139412125984252
20
0.4309492913385827
11
1.1355685039370078
21
0.4316195275590551
0
LINE
8
BLACK
6
CONTINUOUS
10
1.1355685039370078
20
0.4316195275590551
11
1.1316767716535432
21
0.4323001181102362
0
LINE
8
BLACK
6
CONTINUOUS
10
1.1316767716535432
20
0.4323001181102362
11
1.1278025196850394
21
0.4329795275590551
0
LINE
8
BLACK
6
CONTINUOUS
10
1.1278025196850394
20
0.4329795275590551
11
1.1240112992125983
21
0.4336463779527559
0
LINE
8
BLACK
6
CONTINUOUS
10
1.1240112992125983
20
0.4336463779527559
11
1.1203686614173227
21
0.434289094488189
0
LINE
8
BLACK
6
CONTINUOUS
10
1.1203686614173227
20
0.434289094488189
11
1.1169402755905511
21
0.4348962204724409
0
LINE
8
BLACK
6
CONTINUOUS
10
1.1169402755905511
20
0.4348962204724409
11
1.113791653543307
21
0.4354563385826772
0
LINE
8
BLACK
6
CONTINUOUS
10
1.113791653543307
20
0.4354563385826772
11
1.1109883858267717
21
0.4359579133858267
0
LINE
8
BLACK
6
CONTINUOUS
10
1.1109883858267717
20
0.4359579133858267
11
1.1085961023622046
21
0.4363894881889764
0
LINE
8
BLACK
6
CONTINUOUS
10
1.1085961023622046
20
0.4363894881889764
11
1.1066803149606299
21
0.4367395669291338
0
LINE
8
BLACK
6
CONTINUOUS
10
1.1066803149606299
20
0.4367395669291338
11
1.1053066535433071
21
0.4369966535433071
0
LINE
8
BLACK
6
CONTINUOUS
10
1.1053066535433071
20
0.4369966535433071
11
1.1045406692913387
21
0.4371493307086614
0
LINE
8
BLACK
6
CONTINUOUS
10
1.1045406692913387
20
0.4371493307086614
11
1.1044000787401576
21
0.4371860236220472
0
LINE
8
BLACK
6
CONTINUOUS
10
1.1044000787401576
20
0.4371860236220472
11
1.104366653543307
21
0.4375678346456693
0
LINE
8
BLACK
6
CONTINUOUS
10
1.104366653543307
20
0.4375678346456693
11
1.1043509448818898
21
0.4385416141732283
0
LINE
8
BLACK
6
CONTINUOUS
10
1.1043509448818898
20
0.4385416141732283
11
1.1043532283464568
21
0.4399765748031496
0
LINE
8
BLACK
6
CONTINUOUS
10
1.1043532283464568
20
0.4399765748031496
11
1.1043738188976377
21
0.4417418503937008
0
LINE
8
BLACK
6
CONTINUOUS
10
1.1043738188976377
20
0.4417418503937008
11
1.1043876771653542
21
0.4425314566929134
0
LINE
8
BLACK
6
CONTINUOUS
10
1.1043876771653542
20
0.4425314566929134
11
1.1044879921259843
21
0.4477641338582677
0
LINE
8
BLACK
6
CONTINUOUS
10
1.1044879921259843
20
0.4477641338582677
11
1.1297953149606299
21
0.4433196850393701
0
LINE
8
BLACK
6
CONTINUOUS
10
1.034665748031496
20
0.4832908267716535
11
1.036083779527559
21
0.4830872047244094
0
LINE
8
BLACK
6
CONTINUOUS
10
1.036083779527559
20
0.4830872047244094
11
1.037802125984252
21
0.4828037007874016
0
LINE
8
BLACK
6
CONTINUOUS
10
1.037802125984252
20
0.4828037007874016
11
1.038248622047244
21
0.4827249606299213
0
LINE
8
BLACK
6
CONTINUOUS
10
1.038248622047244
20
0.4827249606299213
11
1.0400290944881889
21
0.4824103937007874
0
LINE
8
BLACK
6
CONTINUOUS
10
1.0400290944881889
20
0.4824103937007874
11
1.0415503543307085
21
0.4821477952755905
0
LINE
8
BLACK
6
CONTINUOUS
10
1.0415503543307085
20
0.4821477952755905
11
1.0426724409448818
21
0.481960905511811
0
LINE
8
BLACK
6
CONTINUOUS
10
1.0426724409448818
20
0.481960905511811
11
1.0432553149606298
21
0.4818734251968504
0
LINE
8
BLACK
6
CONTINUOUS
10
1.0432553149606298
20
0.4818734251968504
11
1.0432985433070865
21
0.4818698818897638
0
LINE
8
BLACK
6
CONTINUOUS
10
1.0432985433070865
20
0.4818698818897638
11
1.0433639763779528
21
0.4815220078740157
0
LINE
8
BLACK
6
CONTINUOUS
10
1.0433639763779528
20
0.4815220078740157
11
1.0434237401574802
21
0.4805361417322834
0
LINE
8
BLACK
6
CONTINUOUS
10
1.0434237401574802
20
0.4805361417322834
11
1.0434758267716535
21
0.4789972047244094
0
LINE
8
BLACK
6
CONTINUOUS
10
1.0434758267716535
20
0.4789972047244094
11
1.0435183464566928
21
0.4769902755905512
0
LINE
8
BLACK
6
CONTINUOUS
10
1.0435183464566928
20
0.4769902755905512
11
1.0435492519685039
21
0.4746003543307086
0
LINE
8
BLACK
6
CONTINUOUS
10
1.0435492519685039
20
0.4746003543307086
11
1.0435666141732283
21
0.4719124015748031
0
LINE
8
BLACK
6
CONTINUOUS
10
1.0435666141732283
20
0.4719124015748031
11
1.0435697244094488
21
0.4701437401574803
0
LINE
8
BLACK
6
CONTINUOUS
10
1.0435697244094488
20
0.4701437401574803
11
1.0435697244094488
21
0.4584195275590551
0
LINE
8
BLACK
6
CONTINUOUS
10
1.0435697244094488
20
0.4584195275590551
11
1.0454677559055119
21
0.4580433070866142
0
LINE
8
BLACK
6
CONTINUOUS
10
1.0454677559055119
20
0.4580433070866142
11
1.0467290944881888
21
0.4578025984251968
0
LINE
8
BLACK
6
CONTINUOUS
10
1.0467290944881888
20
0.4578025984251968
11
1.04839531496063
21
0.4574970078740158
0
LINE
8
BLACK
6
CONTINUOUS
10
1.04839531496063
20
0.4574970078740158
11
1.0501584645669291
21
0.4571827952755905
0
LINE
8
BLACK
6
CONTINUOUS
10
1.0501584645669291
20
0.4571827952755905
11
1.0506196062992126
21
0.4571023228346456
0
LINE
8
BLACK
6
CONTINUOUS
10
1.0506196062992126
20
0.4571023228346456
11
1.0521677559055118
21
0.4568298818897638
0
LINE
8
BLACK
6
CONTINUOUS
10
1.0521677559055118
20
0.4568298818897638
11
1.053521811023622
21
0.456584842519685
0
LINE
8
BLACK
6
CONTINUOUS
10
1.053521811023622
20
0.456584842519685
11
1.0544668110236219
21
0.4564064173228347
0
LINE
8
BLACK
6
CONTINUOUS
10
1.0544668110236219
20
0.4564064173228347
11
1.0546868503937008
21
0.4563614173228346
0
LINE
8
BLACK
6
CONTINUOUS
10
1.0546868503937008
20
0.4563614173228346
11
1.0555002755905512
21
0.4561853149606299
0
LINE
8
BLACK
6
CONTINUOUS
10
1.0555002755905512
20
0.4561853149606299
11
1.0555002755905512
21
0.4652305118110236
0
LINE
8
BLACK
6
CONTINUOUS
10
1.0555002755905512
20
0.4652305118110236
11
1.0555083464566928
21
0.4681556299212598
0
LINE
8
BLACK
6
CONTINUOUS
10
1.0555083464566928
20
0.4681556299212598
11
1.0555346456692913
21
0.4704238976377952
0
LINE
8
BLACK
6
CONTINUOUS
10
1.0555346456692913
20
0.4704238976377952
11
1.0555825196850392
21
0.4721013385826772
0
LINE
8
BLACK
6
CONTINUOUS
10
1.0555825196850392
20
0.4721013385826772
11
1.0556552362204725
21
0.4732540944881889
0
LINE
8
BLACK
6
CONTINUOUS
10
1.0556552362204725
20
0.4732540944881889
11
1.0557561811023621
21
0.4739481889763779
0
LINE
8
BLACK
6
CONTINUOUS
10
1.0557561811023621
20
0.4739481889763779
11
1.0558885433070866
21
0.4742496850393701
0
LINE
8
BLACK
6
CONTINUOUS
10
1.0558885433070866
20
0.4742496850393701
11
1.0559522047244094
21
0.474275157480315
0
LINE
8
BLACK
6
CONTINUOUS
10
1.0559522047244094
20
0.474275157480315
11
1.0564499999999999
21
0.4742127559055118
0
LINE
8
BLACK
6
CONTINUOUS
10
1.0564499999999999
20
0.4742127559055118
11
1.0574872047244095
21
0.4740461811023622
0
LINE
8
BLACK
6
CONTINUOUS
10
1.0574872047244095
20
0.4740461811023622
11
1.0588928346456692
21
0.4738059448818898
0
LINE
8
BLACK
6
CONTINUOUS
10
1.0588928346456692
20
0.4738059448818898
11
1.0604959055118111
21
0.4735224409448819
0
LINE
8
BLACK
6
CONTINUOUS
10
1.0604959055118111
20
0.4735224409448819
11
1.06212531496063
21
0.4732261811023622
0
LINE
8
BLACK
6
CONTINUOUS
10
1.06212531496063
20
0.4732261811023622
11
1.063610157480315
21
0.4729475590551181
0
LINE
8
BLACK
6
CONTINUOUS
10
1.063610157480315
20
0.4729475590551181
11
1.0647793700787402
21
0.4727170078740157
0
LINE
8
BLACK
6
CONTINUOUS
10
1.0647793700787402
20
0.4727170078740157
11
1.0651712992125983
21
0.4726338976377953
0
LINE
8
BLACK
6
CONTINUOUS
10
1.0651712992125983
20
0.4726338976377953
11
1.0659847637795274
21
0.4724542913385827
0
LINE
8
BLACK
6
CONTINUOUS
10
1.0659847637795274
20
0.4724542913385827
11
1.0659847637795274
21
0.4544051968503937
0
LINE
8
BLACK
6
CONTINUOUS
10
1.0659847637795274
20
0.4544051968503937
11
1.066798188976378
21
0.4542206299212598
0
LINE
8
BLACK
6
CONTINUOUS
10
1.066798188976378
20
0.4542206299212598
11
1.0673624015748031
21
0.4541119291338583
0
LINE
8
BLACK
6
CONTINUOUS
10
1.0673624015748031
20
0.4541119291338583
11
1.0685366929133857
21
0.4538999606299213
0
LINE
8
BLACK
6
CONTINUOUS
10
1.0685366929133857
20
0.4538999606299213
11
1.0702183070866143
21
0.453602716535433
0
LINE
8
BLACK
6
CONTINUOUS
10
1.0702183070866143
20
0.453602716535433
11
1.072304527559055
21
0.4532382677165354
0
LINE
8
BLACK
6
CONTINUOUS
10
1.072304527559055
20
0.4532382677165354
11
1.0746925984251969
21
0.4528246456692913
0
LINE
8
BLACK
6
CONTINUOUS
10
1.0746925984251969
20
0.4528246456692913
11
1.0771922834645669
21
0.4523949212598425
0
LINE
8
BLACK
6
CONTINUOUS
10
1.0771922834645669
20
0.4523949212598425
11
1.0798475196850394
21
0.4519381889763779
0
LINE
8
BLACK
6
CONTINUOUS
10
1.0798475196850394
20
0.4519381889763779
11
1.0823668503937007
21
0.4515012992125984
0
LINE
8
BLACK
6
CONTINUOUS
10
1.0823668503937007
20
0.4515012992125984
11
1.0846322440944882
21
0.451105
0
LINE
8
BLACK
6
CONTINUOUS
10
1.0846322440944882
20
0.451105
11
1.086525748031496
21
0.45077
0
LINE
8
BLACK
6
CONTINUOUS
10
1.086525748031496
20
0.45077
11
1.0879293700787402
21
0.4505170472440945
0
LINE
8
BLACK
6
CONTINUOUS
10
1.0879293700787402
20
0.4505170472440945
11
1.0886709448818896
21
0.4503777559055118
0
LINE
8
BLACK
6
CONTINUOUS
10
1.0886709448818896
20
0.4503777559055118
11
1.0905689763779527
21
0.4500017716535433
0
LINE
8
BLACK
6
CONTINUOUS
10
1.0905689763779527
20
0.4500017716535433
11
1.0905689763779527
21
0.4447851574803149
0
LINE
8
BLACK
6
CONTINUOUS
10
1.0905689763779527
20
0.4447851574803149
11
1.0905600393700787
21
0.4427240944881889
0
LINE
8
BLACK
6
CONTINUOUS
10
1.0905600393700787
20
0.4427240944881889
11
1.0905254724409448
21
0.4412805511811024
0
LINE
8
BLACK
6
CONTINUOUS
10
1.0905254724409448
20
0.4412805511811024
11
1.0904535039370078
21
0.4403492519685039
0
LINE
8
BLACK
6
CONTINUOUS
10
1.0904535039370078
20
0.4403492519685039
11
1.0903325196850393
21
0.4398248031496063
0
LINE
8
BLACK
6
CONTINUOUS
10
1.0903325196850393
20
0.4398248031496063
11
1.090150748031496
21
0.4396017716535433
0
LINE
8
BLACK
6
CONTINUOUS
10
1.090150748031496
20
0.4396017716535433
11
1.0899899212598425
21
0.4395685826771654
0
LINE
8
BLACK
6
CONTINUOUS
10
1.0899899212598425
20
0.4395685826771654
11
1.0895284251968504
21
0.439629842519685
0
LINE
8
BLACK
6
CONTINUOUS
10
1.0895284251968504
20
0.439629842519685
11
1.0884270472440944
21
0.4398059448818897
0
LINE
8
BLACK
6
CONTINUOUS
10
1.0884270472440944
20
0.4398059448818897
11
1.0867516141732283
21
0.4400852362204724
0
LINE
8
BLACK
6
CONTINUOUS
10
1.0867516141732283
20
0.4400852362204724
11
1.0845680314960631
21
0.4404561023622047
0
LINE
8
BLACK
6
CONTINUOUS
10
1.0845680314960631
20
0.4404561023622047
11
1.0819420866141731
21
0.4409069291338583
0
LINE
8
BLACK
6
CONTINUOUS
10
1.0819420866141731
20
0.4409069291338583
11
1.07893968503937
21
0.4414261417322835
0
LINE
8
BLACK
6
CONTINUOUS
10
1.07893968503937
20
0.4414261417322835
11
1.075626653543307
21
0.4420020866141732
0
LINE
8
BLACK
6
CONTINUOUS
10
1.075626653543307
20
0.4420020866141732
11
1.0720688188976377
21
0.4426231496062992
0
LINE
8
BLACK
6
CONTINUOUS
10
1.0720688188976377
20
0.4426231496062992
11
1.0683320866141732
21
0.4432777559055118
0
LINE
8
BLACK
6
CONTINUOUS
10
1.0683320866141732
20
0.4432777559055118
11
1.0644822834645669
21
0.4439542519685039
0
LINE
8
BLACK
6
CONTINUOUS
10
1.0644822834645669
20
0.4439542519685039
11
1.0605852362204724
21
0.4446410236220472
0
LINE
8
BLACK
6
CONTINUOUS
10
1.0605852362204724
20
0.4446410236220472
11
1.056706811023622
21
0.4453264960629921
0
LINE
8
BLACK
6
CONTINUOUS
10
1.056706811023622
20
0.4453264960629921
11
1.0529128740157481
21
0.4459989763779528
0
LINE
8
BLACK
6
CONTINUOUS
10
1.0529128740157481
20
0.4459989763779528
11
1.0492692519685038
21
0.446646968503937
0
LINE
8
BLACK
6
CONTINUOUS
10
1.0492692519685038
20
0.446646968503937
11
1.0458418110236221
21
0.4472587401574803
0
LINE
8
BLACK
6
CONTINUOUS
10
1.0458418110236221
20
0.4472587401574803
11
1.0426964173228346
21
0.4478227559055118
0
LINE
8
BLACK
6
CONTINUOUS
10
1.0426964173228346
20
0.4478227559055118
11
1.0398988976377952
21
0.4483273622047244
0
LINE
8
BLACK
6
CONTINUOUS
10
1.0398988976377952
20
0.4483273622047244
11
1.0375151181102362
21
0.4487609842519685
0
LINE
8
BLACK
6
CONTINUOUS
10
1.0375151181102362
20
0.4487609842519685
11
1.0356109448818898
21
0.449111968503937
0
LINE
8
BLACK
6
CONTINUOUS
10
1.0356109448818898
20
0.449111968503937
11
1.0342521653543306
21
0.4493687007874015
0
LINE
8
BLACK
6
CONTINUOUS
10
1.0342521653543306
20
0.4493687007874015
11
1.0335046850393701
21
0.4495196062992126
0
LINE
8
BLACK
6
CONTINUOUS
10
1.0335046850393701
20
0.4495196062992126
11
1.0333786220472441
21
0.4495528346456693
0
LINE
8
BLACK
6
CONTINUOUS
10
1.0333786220472441
20
0.4495528346456693
11
1.0333235039370079
21
0.4499354330708661
0
LINE
8
BLACK
6
CONTINUOUS
10
1.0333235039370079
20
0.4499354330708661
11
1.0332733858267715
21
0.4509540157480315
0
LINE
8
BLACK
6
CONTINUOUS
10
1.0332733858267715
20
0.4509540157480315
11
1.0332285826771654
21
0.4525214960629921
0
LINE
8
BLACK
6
CONTINUOUS
10
1.0332285826771654
20
0.4525214960629921
11
1.0331893307086615
21
0.4545508267716535
0
LINE
8
BLACK
6
CONTINUOUS
10
1.0331893307086615
20
0.4545508267716535
11
1.0331558661417322
21
0.4569549606299212
0
LINE
8
BLACK
6
CONTINUOUS
10
1.0331558661417322
20
0.4569549606299212
11
1.0331285039370079
21
0.4596467716535433
0
LINE
8
BLACK
6
CONTINUOUS
10
1.0331285039370079
20
0.4596467716535433
11
1.0331074803149607
21
0.4625392519685039
0
LINE
8
BLACK
6
CONTINUOUS
10
1.0331074803149607
20
0.4625392519685039
11
1.0330929921259842
21
0.4655453149606299
0
LINE
8
BLACK
6
CONTINUOUS
10
1.0330929921259842
20
0.4655453149606299
11
1.0330853937007873
21
0.4685779133858268
0
LINE
8
BLACK
6
CONTINUOUS
10
1.0330853937007873
20
0.4685779133858268
11
1.0330849212598425
21
0.4715499212598425
0
LINE
8
BLACK
6
CONTINUOUS
10
1.0330849212598425
20
0.4715499212598425
11
1.033091811023622
21
0.4743743307086614
0
LINE
8
BLACK
6
CONTINUOUS
10
1.033091811023622
20
0.4743743307086614
11
1.0331062992125983
21
0.4769640551181102
0
LINE
8
BLACK
6
CONTINUOUS
10
1.0331062992125983
20
0.4769640551181102
11
1.0331287401574802
21
0.4792320078740158
0
LINE
8
BLACK
6
CONTINUOUS
10
1.0331287401574802
20
0.4792320078740158
11
1.0331592913385828
21
0.4810911417322835
0
LINE
8
BLACK
6
CONTINUOUS
10
1.0331592913385828
20
0.4810911417322835
11
1.0331982677165354
21
0.4824544094488189
0
LINE
8
BLACK
6
CONTINUOUS
10
1.0331982677165354
20
0.4824544094488189
11
1.0332459055118111
21
0.4832347244094488
0
LINE
8
BLACK
6
CONTINUOUS
10
1.0332459055118111
20
0.4832347244094488
11
1.033277559055118
21
0.4833858267716535
0
LINE
8
BLACK
6
CONTINUOUS
10
1.033277559055118
20
0.4833858267716535
11
1.0336847637795274
21
0.4833964566929134
0
LINE
8
BLACK
6
CONTINUOUS
10
1.0336847637795274
20
0.4833964566929134
11
1.034665748031496
21
0.4832908267716535
0
LINE
8
BLACK
6
CONTINUOUS
10
0.9635707086614173
20
0.4723014960629921
11
0.9641398031496062
21
0.4722024803149606
0
LINE
8
BLACK
6
CONTINUOUS
10
0.9641398031496062
20
0.4722024803149606
11
0.9653629133858268
21
0.4719883858267717
0
LINE
8
BLACK
6
CONTINUOUS
10
0.9653629133858268
20
0.4719883858267717
11
0.9671818503937007
21
0.4716694094488189
0
LINE
8
BLACK
6
CONTINUOUS
10
0.9671818503937007
20
0.4716694094488189
11
0.9695385433070866
21
0.4712557874015748
0
LINE
8
BLACK
6
CONTINUOUS
10
0.9695385433070866
20
0.4712557874015748
11
0.9723748031496062
21
0.4707577165354331
0
LINE
8
BLACK
6
CONTINUOUS
10
0.9723748031496062
20
0.4707577165354331
11
0.9756324803149606
21
0.4701854330708661
0
LINE
8
BLACK
6
CONTINUOUS
10
0.9756324803149606
20
0.4701854330708661
11
0.9792535039370078
21
0.469549094488189
0
LINE
8
BLACK
6
CONTINUOUS
10
0.9792535039370078
20
0.469549094488189
11
0.98317968503937
21
0.4688589763779528
0
LINE
8
BLACK
6
CONTINUOUS
10
0.98317968503937
20
0.4688589763779528
11
0.9873529133858268
21
0.4681252362204724
0
LINE
8
BLACK
6
CONTINUOUS
10
0.9873529133858268
20
0.4681252362204724
11
0.9917150393700788
21
0.4673581102362205
0
LINE
8
BLACK
6
CONTINUOUS
10
0.9917150393700788
20
0.4673581102362205
11
0.9922320472440944
21
0.4672672047244094
0
LINE
8
BLACK
6
CONTINUOUS
10
0.9922320472440944
20
0.4672672047244094
11
1.0195277559055118
21
0.4624662992125984
0
LINE
8
BLACK
6
CONTINUOUS
10
1.0195277559055118
20
0.4624662992125984
11
1.0196278346456693
21
0.4571635039370079
0
LINE
8
BLACK
6
CONTINUOUS
10
1.0196278346456693
20
0.4571635039370079
11
1.0196545275590552
21
0.4550086614173228
0
LINE
8
BLACK
6
CONTINUOUS
10
1.0196545275590552
20
0.4550086614173228
11
1.0196362992125985
21
0.4534890551181102
0
LINE
8
BLACK
6
CONTINUOUS
10
1.0196362992125985
20
0.4534890551181102
11
1.0195672047244093
21
0.4525177559055118
0
LINE
8
BLACK
6
CONTINUOUS
10
1.0195672047244093
20
0.4525177559055118
11
1.0194412992125983
21
0.452008031496063
0
LINE
8
BLACK
6
CONTINUOUS
10
1.0194412992125983
20
0.452008031496063
11
1.0192662992125985
21
0.451872125984252
0
LINE
8
BLACK
6
CONTINUOUS
10
1.0192662992125985
20
0.451872125984252
11
1.0188455905511811
21
0.4519352362204724
0
LINE
8
BLACK
6
CONTINUOUS
10
1.0188455905511811
20
0.4519352362204724
11
1.0177675984251968
21
0.4521146062992126
0
LINE
8
BLACK
6
CONTINUOUS
10
1.0177675984251968
20
0.4521146062992126
11
1.0160870078740156
21
0.4524006692913386
0
LINE
8
BLACK
6
CONTINUOUS
10
1.0160870078740156
20
0.4524006692913386
11
1.0138585433070866
21
0.4527839763779528
0
LINE
8
BLACK
6
CONTINUOUS
10
1.0138585433070866
20
0.4527839763779528
11
1.0111369685039371
21
0.4532550393700787
0
LINE
8
BLACK
6
CONTINUOUS
10
1.0111369685039371
20
0.4532550393700787
11
1.0079770472440945
21
0.4538042913385827
0
LINE
8
BLACK
6
CONTINUOUS
10
1.0079770472440945
20
0.4538042913385827
11
1.0044334251968503
21
0.4544223228346457
0
LINE
8
BLACK
6
CONTINUOUS
10
1.0044334251968503
20
0.4544223228346457
11
1.000560905511811
21
0.4550995275590551
0
LINE
8
BLACK
6
CONTINUOUS
10
1.000560905511811
20
0.4550995275590551
11
0.9964141732283465
21
0.4558264960629921
0
LINE
8
BLACK
6
CONTINUOUS
10
0.9964141732283465
20
0.4558264960629921
11
0.9920479921259843
21
0.4565936614173228
0
LINE
8
BLACK
6
CONTINUOUS
10
0.9920479921259843
20
0.4565936614173228
11
0.9906051181102362
21
0.4568475590551181
0
LINE
8
BLACK
6
CONTINUOUS
10
0.9906051181102362
20
0.4568475590551181
11
0.9624055511811024
21
0.4618115748031496
0
LINE
8
BLACK
6
CONTINUOUS
10
0.9624055511811024
20
0.4618115748031496
11
0.9622050787401575
21
0.4725349606299212
0
LINE
8
BLACK
6
CONTINUOUS
10
0.9622050787401575
20
0.4725349606299212
11
0.9635707086614173
21
0.4723014960629921
0
LINE
8
BLACK
6
CONTINUOUS
10
1.105170157480315
20
0.4886620078740158
11
1.1062481496062992
21
0.4884824803149606
0
LINE
8
BLACK
6
CONTINUOUS
10
1.1062481496062992
20
0.4884824803149606
11
1.1079287007874015
21
0.4881961811023622
0
LINE
8
BLACK
6
CONTINUOUS
10
1.1079287007874015
20
0.4881961811023622
11
1.110157125984252
21
0.4878125590551181
0
LINE
8
BLACK
6
CONTINUOUS
10
1.110157125984252
20
0.4878125590551181
11
1.112878622047244
21
0.4873411417322834
0
LINE
8
BLACK
6
CONTINUOUS
10
1.112878622047244
20
0.4873411417322834
11
1.1160385433070865
21
0.4867914566929133
0
LINE
8
BLACK
6
CONTINUOUS
10
1.1160385433070865
20
0.4867914566929133
11
1.1195820866141732
21
0.4861729921259842
0
LINE
8
BLACK
6
CONTINUOUS
10
1.1195820866141732
20
0.4861729921259842
11
1.1234545275590551
21
0.4854952755905512
0
LINE
8
BLACK
6
CONTINUOUS
10
1.1234545275590551
20
0.4854952755905512
11
1.1276012204724408
21
0.4847677952755906
0
LINE
8
BLACK
6
CONTINUOUS
10
1.1276012204724408
20
0.4847677952755906
11
1.1319673228346456
21
0.4840000787401575
0
LINE
8
BLACK
6
CONTINUOUS
10
1.1319673228346456
20
0.4840000787401575
11
1.1334106299212598
21
0.483745905511811
0
LINE
8
BLACK
6
CONTINUOUS
10
1.1334106299212598
20
0.483745905511811
11
1.1616101968503936
21
0.4787783858267716
0
LINE
8
BLACK
6
CONTINUOUS
10
1.1616101968503936
20
0.4787783858267716
11
1.1618106692913386
21
0.4680627952755905
0
LINE
8
BLACK
6
CONTINUOUS
10
1.1618106692913386
20
0.4680627952755905
11
1.1604450787401575
21
0.468296968503937
0
LINE
8
BLACK
6
CONTINUOUS
10
1.1604450787401575
20
0.468296968503937
11
1.1598759448818898
21
0.468396062992126
0
LINE
8
BLACK
6
CONTINUOUS
10
1.1598759448818898
20
0.468396062992126
11
1.1586528346456693
21
0.4686101181102362
0
LINE
8
BLACK
6
CONTINUOUS
10
1.1586528346456693
20
0.4686101181102362
11
1.1568338188976377
21
0.4689288976377953
0
LINE
8
BLACK
6
CONTINUOUS
10
1.1568338188976377
20
0.4689288976377953
11
1.1544770866141731
21
0.4693422834645669
0
LINE
8
BLACK
6
CONTINUOUS
10
1.1544770866141731
20
0.4693422834645669
11
1.1516407480314961
21
0.46984
0
LINE
8
BLACK
6
CONTINUOUS
10
1.1516407480314961
20
0.46984
11
1.1483829527559055
21
0.4704118503937008
0
LINE
8
BLACK
6
CONTINUOUS
10
1.1483829527559055
20
0.4704118503937008
11
1.1447618503937007
21
0.4710476377952756
0
LINE
8
BLACK
6
CONTINUOUS
10
1.1447618503937007
20
0.4710476377952756
11
1.1408355905511811
21
0.4717372047244094
0
LINE
8
BLACK
6
CONTINUOUS
10
1.1408355905511811
20
0.4717372047244094
11
1.136662283464567
21
0.4724702755905512
0
LINE
8
BLACK
6
CONTINUOUS
10
1.136662283464567
20
0.4724702755905512
11
1.1323000393700786
21
0.4732366535433071
0
LINE
8
BLACK
6
CONTINUOUS
10
1.1323000393700786
20
0.4732366535433071
11
1.1317837401574804
21
0.4733274015748031
0
LINE
8
BLACK
6
CONTINUOUS
10
1.1317837401574804
20
0.4733274015748031
11
1.1044879921259843
21
0.4781236220472441
0
LINE
8
BLACK
6
CONTINUOUS
10
1.1044879921259843
20
0.4781236220472441
11
1.1043879527559055
21
0.4834303149606299
0
LINE
8
BLACK
6
CONTINUOUS
10
1.1043879527559055
20
0.4834303149606299
11
1.1043612598425196
21
0.4855859448818898
0
LINE
8
BLACK
6
CONTINUOUS
10
1.1043612598425196
20
0.4855859448818898
11
1.1043794488188976
21
0.4871063779527559
0
LINE
8
BLACK
6
CONTINUOUS
10
1.1043794488188976
20
0.4871063779527559
11
1.1044484251968503
21
0.4880783858267717
0
LINE
8
BLACK
6
CONTINUOUS
10
1.1044484251968503
20
0.4880783858267717
11
1.1045741732283465
21
0.488588779527559
0
LINE
8
BLACK
6
CONTINUOUS
10
1.1045741732283465
20
0.488588779527559
11
1.1047494881889763
21
0.4887252362204724
0
LINE
8
BLACK
6
CONTINUOUS
10
1.1047494881889763
20
0.4887252362204724
11
1.105170157480315
21
0.4886620078740158
0
LINE
8
BLACK
6
CONTINUOUS
10
1.0812595275590551
20
0.5124358661417323
11
1.0819734251968505
21
0.5122963385826772
0
LINE
8
BLACK
6
CONTINUOUS
10
1.0819734251968505
20
0.5122963385826772
11
1.0831850787401573
21
0.5120742913385826
0
LINE
8
BLACK
6
CONTINUOUS
10
1.0831850787401573
20
0.5120742913385826
11
1.0846793307086613
21
0.511808779527559
0
LINE
8
BLACK
6
CONTINUOUS
10
1.0846793307086613
20
0.511808779527559
11
1.0853267716535433
21
0.511695905511811
0
LINE
8
BLACK
6
CONTINUOUS
10
1.0853267716535433
20
0.511695905511811
11
1.0869042913385827
21
0.5114196062992126
0
LINE
8
BLACK
6
CONTINUOUS
10
1.0869042913385827
20
0.5114196062992126
11
1.0883164960629921
21
0.5111670472440945
0
LINE
8
BLACK
6
CONTINUOUS
10
1.0883164960629921
20
0.5111670472440945
11
1.0893343307086614
21
0.5109793307086614
0
LINE
8
BLACK
6
CONTINUOUS
10
1.0893343307086614
20
0.5109793307086614
11
1.0895747637795274
21
0.5109325984251969
0
LINE
8
BLACK
6
CONTINUOUS
10
1.0895747637795274
20
0.5109325984251969
11
1.0905689763779527
21
0.5107331102362205
0
LINE
8
BLACK
6
CONTINUOUS
10
1.0905689763779527
20
0.5107331102362205
11
1.0905689763779527
21
0.4955774409448819
0
LINE
8
BLACK
6
CONTINUOUS
10
1.0905689763779527
20
0.4955774409448819
11
1.0905646456692912
21
0.4917143307086614
0
LINE
8
BLACK
6
CONTINUOUS
10
1.0905646456692912
20
0.4917143307086614
11
1.0905505511811024
21
0.4885211811023622
0
LINE
8
BLACK
6
CONTINUOUS
10
1.0905505511811024
20
0.4885211811023622
11
1.0905251181102362
21
0.485945
0
LINE
8
BLACK
6
CONTINUOUS
10
1.0905251181102362
20
0.485945
11
1.0904868110236221
21
0.4839327559055118
0
LINE
8
BLACK
6
CONTINUOUS
10
1.0904868110236221
20
0.4839327559055118
11
1.0904339763779527
21
0.4824313385826772
0
LINE
8
BLACK
6
CONTINUOUS
10
1.0904339763779527
20
0.4824313385826772
11
1.0903650787401575
21
0.4813877952755906
0
LINE
8
BLACK
6
CONTINUOUS
10
1.0903650787401575
20
0.4813877952755906
11
1.0902785433070865
21
0.4807490551181102
0
LINE
8
BLACK
6
CONTINUOUS
10
1.0902785433070865
20
0.4807490551181102
11
1.0901727559055119
21
0.4804620866141732
0
LINE
8
BLACK
6
CONTINUOUS
10
1.0901727559055119
20
0.4804620866141732
11
1.0901170866141732
21
0.4804335826771653
0
LINE
8
BLACK
6
CONTINUOUS
10
1.0901170866141732
20
0.4804335826771653
11
1.0896979133858267
21
0.480496811023622
0
LINE
8
BLACK
6
CONTINUOUS
10
1.0896979133858267
20
0.480496811023622
11
1.0886214566929133
21
0.4806762992125984
0
LINE
8
BLACK
6
CONTINUOUS
10
1.0886214566929133
20
0.4806762992125984
11
1.0869423622047243
21
0.4809625984251968
0
LINE
8
BLACK
6
CONTINUOUS
10
1.0869423622047243
20
0.4809625984251968
11
1.0847153543307086
21
0.4813462204724409
0
LINE
8
BLACK
6
CONTINUOUS
10
1.0847153543307086
20
0.4813462204724409
11
1.0819951181102363
21
0.4818175984251968
0
LINE
8
BLACK
6
CONTINUOUS
10
1.0819951181102363
20
0.4818175984251968
11
1.0788364173228346
21
0.4823672440944882
0
LINE
8
BLACK
6
CONTINUOUS
10
1.0788364173228346
20
0.4823672440944882
11
1.0752938582677165
21
0.4829856692913386
0
LINE
8
BLACK
6
CONTINUOUS
10
1.0752938582677165
20
0.4829856692913386
11
1.0714222440944883
21
0.4836633464566929
0
LINE
8
BLACK
6
CONTINUOUS
10
1.0714222440944883
20
0.4836633464566929
11
1.0672762204724409
21
0.4843907874015748
0
LINE
8
BLACK
6
CONTINUOUS
10
1.0672762204724409
20
0.4843907874015748
11
1.0629105118110236
21
0.4851584645669291
0
LINE
8
BLACK
6
CONTINUOUS
10
1.0629105118110236
20
0.4851584645669291
11
1.0614655905511812
21
0.4854129133858268
0
LINE
8
BLACK
6
CONTINUOUS
10
1.0614655905511812
20
0.4854129133858268
11
1.0332660236220472
21
0.4903804330708662
0
LINE
8
BLACK
6
CONTINUOUS
10
1.0332660236220472
20
0.4903804330708662
11
1.0331659842519685
21
0.4957048031496063
0
LINE
8
BLACK
6
CONTINUOUS
10
1.0331659842519685
20
0.4957048031496063
11
1.033145590551181
21
0.4975733464566929
0
LINE
8
BLACK
6
CONTINUOUS
10
1.033145590551181
20
0.4975733464566929
11
1.0331563779527559
21
0.4991552362204724
0
LINE
8
BLACK
6
CONTINUOUS
10
1.0331563779527559
20
0.4991552362204724
11
1.0331952755905511
21
0.5003244094488188
0
LINE
8
BLACK
6
CONTINUOUS
10
1.0331952755905511
20
0.5003244094488188
11
1.0332592125984252
21
0.5009548031496063
0
LINE
8
BLACK
6
CONTINUOUS
10
1.0332592125984252
20
0.5009548031496063
11
1.0332961811023622
21
0.5010291732283464
0
LINE
8
BLACK
6
CONTINUOUS
10
1.0332961811023622
20
0.5010291732283464
11
1.0337073622047244
21
0.5009681102362205
0
LINE
8
BLACK
6
CONTINUOUS
10
1.0337073622047244
20
0.5009681102362205
11
1.0347575196850394
21
0.5007935826771653
0
LINE
8
BLACK
6
CONTINUOUS
10
1.0347575196850394
20
0.5007935826771653
11
1.0363737401574802
21
0.5005183070866142
0
LINE
8
BLACK
6
CONTINUOUS
10
1.0363737401574802
20
0.5005183070866142
11
1.0384830314960629
21
0.5001551574803149
0
LINE
8
BLACK
6
CONTINUOUS
10
1.0384830314960629
20
0.5001551574803149
11
1.0410124803149605
21
0.499716968503937
0
LINE
8
BLACK
6
CONTINUOUS
10
1.0410124803149605
20
0.499716968503937
11
1.0438891338582676
21
0.4992165354330709
0
LINE
8
BLACK
6
CONTINUOUS
10
1.0438891338582676
20
0.4992165354330709
11
1.04704
21
0.4986666929133858
0
LINE
8
BLACK
6
CONTINUOUS
10
1.04704
20
0.4986666929133858
11
1.0503922047244094
21
0.4980802362204724
0
LINE
8
BLACK
6
CONTINUOUS
10
1.0503922047244094
20
0.4980802362204724
11
1.0538727165354331
21
0.4974700393700787
0
LINE
8
BLACK
6
CONTINUOUS
10
1.0538727165354331
20
0.4974700393700787
11
1.0574086220472441
21
0.4968488582677165
0
LINE
8
BLACK
6
CONTINUOUS
10
1.0574086220472441
20
0.4968488582677165
11
1.0609269685039371
21
0.4962295669291338
0
LINE
8
BLACK
6
CONTINUOUS
10
1.0609269685039371
20
0.4962295669291338
11
1.0643548425196849
21
0.4956249606299212
0
LINE
8
BLACK
6
CONTINUOUS
10
1.0643548425196849
20
0.4956249606299212
11
1.0676192125984252
21
0.4950478346456693
0
LINE
8
BLACK
6
CONTINUOUS
10
1.0676192125984252
20
0.4950478346456693
11
1.0706472047244093
21
0.4945111023622047
0
LINE
8
BLACK
6
CONTINUOUS
10
1.0706472047244093
20
0.4945111023622047
11
1.0733658661417322
21
0.4940274803149606
0
LINE
8
BLACK
6
CONTINUOUS
10
1.0733658661417322
20
0.4940274803149606
11
1.0757021653543306
21
0.493609842519685
0
LINE
8
BLACK
6
CONTINUOUS
10
1.0757021653543306
20
0.493609842519685
11
1.0775832283464566
21
0.4932710236220472
0
LINE
8
BLACK
6
CONTINUOUS
10
1.0775832283464566
20
0.4932710236220472
11
1.0789361023622046
21
0.4930238188976378
0
LINE
8
BLACK
6
CONTINUOUS
10
1.0789361023622046
20
0.4930238188976378
11
1.0796878346456693
21
0.492881062992126
0
LINE
8
BLACK
6
CONTINUOUS
10
1.0796878346456693
20
0.492881062992126
11
1.0798133858267716
21
0.4928534645669291
0
LINE
8
BLACK
6
CONTINUOUS
10
1.0798133858267716
20
0.4928534645669291
11
1.0800003149606299
21
0.4928377165354331
0
LINE
8
BLACK
6
CONTINUOUS
10
1.0800003149606299
20
0.4928377165354331
11
1.0801464173228346
21
0.4929663779527559
0
LINE
8
BLACK
6
CONTINUOUS
10
1.0801464173228346
20
0.4929663779527559
11
1.0802566929133859
21
0.4933166535433071
0
LINE
8
BLACK
6
CONTINUOUS
10
1.0802566929133859
20
0.4933166535433071
11
1.0803361417322834
21
0.4939657086614173
0
LINE
8
BLACK
6
CONTINUOUS
10
1.0803361417322834
20
0.4939657086614173
11
1.0803897637795274
21
0.4949907874015748
0
LINE
8
BLACK
6
CONTINUOUS
10
1.0803897637795274
20
0.4949907874015748
11
1.0804225590551182
21
0.4964690551181102
0
LINE
8
BLACK
6
CONTINUOUS
10
1.0804225590551182
20
0.4964690551181102
11
1.0804394881889763
21
0.498477716535433
0
LINE
8
BLACK
6
CONTINUOUS
10
1.0804394881889763
20
0.498477716535433
11
1.0804455511811024
21
0.5010940157480315
0
LINE
8
BLACK
6
CONTINUOUS
10
1.0804455511811024
20
0.5010940157480315
11
1.080446062992126
21
0.5026385826771653
0
LINE
8
BLACK
6
CONTINUOUS
10
1.080446062992126
20
0.5026385826771653
11
1.080446062992126
21
0.512611968503937
0
LINE
8
BLACK
6
CONTINUOUS
10
1.080446062992126
20
0.512611968503937
11
1.0812595275590551
21
0.5124358661417323
0
LINE
8
BLACK
6
CONTINUOUS
10
0.9886166929133858
20
0.5089358267716535
11
0.9929431889763779
21
0.5081746456692914
0
LINE
8
BLACK
6
CONTINUOUS
10
0.9929431889763779
20
0.5081746456692914
11
0.9971131102362204
21
0.5074414173228347
0
LINE
8
BLACK
6
CONTINUOUS
10
0.9971131102362204
20
0.5074414173228347
11
1.0010638188976377
21
0.506747125984252
0
LINE
8
BLACK
6
CONTINUOUS
10
1.0010638188976377
20
0.506747125984252
11
1.0047326377952757
21
0.5061027952755905
0
LINE
8
BLACK
6
CONTINUOUS
10
1.0047326377952757
20
0.5061027952755905
11
1.0080568897637796
21
0.5055193307086614
0
LINE
8
BLACK
6
CONTINUOUS
10
1.0080568897637796
20
0.5055193307086614
11
1.0109739370078741
21
0.5050077952755906
0
LINE
8
BLACK
6
CONTINUOUS
10
1.0109739370078741
20
0.5050077952755906
11
1.0134211417322834
21
0.5045791732283464
0
LINE
8
BLACK
6
CONTINUOUS
10
1.0134211417322834
20
0.5045791732283464
11
1.015335748031496
21
0.5042444488188976
0
LINE
8
BLACK
6
CONTINUOUS
10
1.015335748031496
20
0.5042444488188976
11
1.0166551574803149
21
0.5040146456692913
0
LINE
8
BLACK
6
CONTINUOUS
10
1.0166551574803149
20
0.5040146456692913
11
1.0172681889763779
21
0.5039088976377952
0
LINE
8
BLACK
6
CONTINUOUS
10
1.0172681889763779
20
0.5039088976377952
11
1.0197085433070865
21
0.5034945669291339
0
LINE
8
BLACK
6
CONTINUOUS
10
1.0197085433070865
20
0.5034945669291339
11
1.0197085433070865
21
0.4927001181102362
0
LINE
8
BLACK
6
CONTINUOUS
10
1.0197085433070865
20
0.4927001181102362
11
1.0188950787401574
21
0.4928952362204724
0
LINE
8
BLACK
6
CONTINUOUS
10
1.0188950787401574
20
0.4928952362204724
11
1.0184171653543306
21
0.4929874015748031
0
LINE
8
BLACK
6
CONTINUOUS
10
1.0184171653543306
20
0.4929874015748031
11
1.0172831102362205
21
0.4931942913385827
0
LINE
8
BLACK
6
CONTINUOUS
10
1.0172831102362205
20
0.4931942913385827
11
1.0155489370078741
21
0.4935059448818898
0
LINE
8
BLACK
6
CONTINUOUS
10
1.0155489370078741
20
0.4935059448818898
11
1.013270748031496
21
0.4939125196850394
0
LINE
8
BLACK
6
CONTINUOUS
10
1.013270748031496
20
0.4939125196850394
11
1.0105046062992127
21
0.4944039763779527
0
LINE
8
BLACK
6
CONTINUOUS
10
1.0105046062992127
20
0.4944039763779527
11
1.0073065748031496
21
0.4949703937007874
0
LINE
8
BLACK
6
CONTINUOUS
10
1.0073065748031496
20
0.4949703937007874
11
1.0037327165354331
21
0.4956018503937007
0
LINE
8
BLACK
6
CONTINUOUS
10
1.0037327165354331
20
0.4956018503937007
11
0.9998391338582677
21
0.4962884251968504
0
LINE
8
BLACK
6
CONTINUOUS
10
0.9998391338582677
20
0.4962884251968504
11
0.9956818503937007
21
0.497020157480315
0
LINE
8
BLACK
6
CONTINUOUS
10
0.9956818503937007
20
0.497020157480315
11
0.991316968503937
21
0.4977870472440944
0
LINE
8
BLACK
6
CONTINUOUS
10
0.991316968503937
20
0.4977870472440944
11
0.9902657874015748
21
0.4979715748031496
0
LINE
8
BLACK
6
CONTINUOUS
10
0.9902657874015748
20
0.4979715748031496
11
0.9858806299212598
21
0.4987423228346456
0
LINE
8
BLACK
6
CONTINUOUS
10
0.9858806299212598
20
0.4987423228346456
11
0.9817050393700787
21
0.4994787401574803
0
LINE
8
BLACK
6
CONTINUOUS
10
0.9817050393700787
20
0.4994787401574803
11
0.9777933070866142
21
0.5001710236220472
0
LINE
8
BLACK
6
CONTINUOUS
10
0.9777933070866142
20
0.5001710236220472
11
0.9741996456692913
21
0.5008094881889764
0
LINE
8
BLACK
6
CONTINUOUS
10
0.9741996456692913
20
0.5008094881889764
11
0.9709783858267717
21
0.5013844094488189
0
LINE
8
BLACK
6
CONTINUOUS
10
0.9709783858267717
20
0.5013844094488189
11
0.9681837795275591
21
0.5018861023622048
0
LINE
8
BLACK
6
CONTINUOUS
10
0.9681837795275591
20
0.5018861023622048
11
0.9658700787401575
21
0.5023047637795276
0
LINE
8
BLACK
6
CONTINUOUS
10
0.9658700787401575
20
0.5023047637795276
11
0.9640915354330708
21
0.5026307874015747
0
LINE
8
BLACK
6
CONTINUOUS
10
0.9640915354330708
20
0.5026307874015747
11
0.9629024803149606
21
0.5028543307086614
0
LINE
8
BLACK
6
CONTINUOUS
10
0.9629024803149606
20
0.5028543307086614
11
0.9623571259842519
21
0.5029657874015748
0
LINE
8
BLACK
6
CONTINUOUS
10
0.9623571259842519
20
0.5029657874015748
11
0.9623274015748031
21
0.5029752362204725
0
LINE
8
BLACK
6
CONTINUOUS
10
0.9623274015748031
20
0.5029752362204725
11
0.9622904724409449
21
0.5033606692913386
0
LINE
8
BLACK
6
CONTINUOUS
10
0.9622904724409449
20
0.5033606692913386
11
0.9622718503937008
21
0.5043376771653543
0
LINE
8
BLACK
6
CONTINUOUS
10
0.9622718503937008
20
0.5043376771653543
11
0.9622720472440944
21
0.5057749606299212
0
LINE
8
BLACK
6
CONTINUOUS
10
0.9622720472440944
20
0.5057749606299212
11
0.9622916141732283
21
0.5075413385826771
0
LINE
8
BLACK
6
CONTINUOUS
10
0.9622916141732283
20
0.5075413385826771
11
0.9623052362204724
21
0.5083230708661417
0
LINE
8
BLACK
6
CONTINUOUS
10
0.9623052362204724
20
0.5083230708661417
11
0.9624055511811024
21
0.5135483464566929
0
LINE
8
BLACK
6
CONTINUOUS
10
0.9624055511811024
20
0.5135483464566929
11
0.9886166929133858
21
0.5089358267716535
0
LINE
8
BLACK
6
CONTINUOUS
10
1.1051206692913385
20
0.5301437401574803
11
1.1056006299212597
21
0.5300533070866141
0
LINE
8
BLACK
6
CONTINUOUS
10
1.1056006299212597
20
0.5300533070866141
11
1.1067358267716536
21
0.5298487007874015
0
LINE
8
BLACK
6
CONTINUOUS
10
1.1067358267716536
20
0.5298487007874015
11
1.1084692125984252
21
0.5295400393700788
0
LINE
8
BLACK
6
CONTINUOUS
10
1.1084692125984252
20
0.5295400393700788
11
1.1107437401574802
21
0.5291373622047244
0
LINE
8
BLACK
6
CONTINUOUS
10
1.1107437401574802
20
0.5291373622047244
11
1.1135023622047244
21
0.5286506692913385
0
LINE
8
BLACK
6
CONTINUOUS
10
1.1135023622047244
20
0.5286506692913385
11
1.1166879527559055
21
0.5280900787401575
0
LINE
8
BLACK
6
CONTINUOUS
10
1.1166879527559055
20
0.5280900787401575
11
1.1202435433070865
21
0.5274656299212598
0
LINE
8
BLACK
6
CONTINUOUS
10
1.1202435433070865
20
0.5274656299212598
11
1.1241120078740157
21
0.5267873622047244
0
LINE
8
BLACK
6
CONTINUOUS
10
1.1241120078740157
20
0.5267873622047244
11
1.1282362992125985
21
0.5260653149606299
0
LINE
8
BLACK
6
CONTINUOUS
10
1.1282362992125985
20
0.5260653149606299
11
1.1325593307086614
21
0.5253095275590551
0
LINE
8
BLACK
6
CONTINUOUS
10
1.1325593307086614
20
0.5253095275590551
11
1.1328683464566929
21
0.5252555511811023
0
LINE
8
BLACK
6
CONTINUOUS
10
1.1328683464566929
20
0.5252555511811023
11
1.1372087007874014
21
0.5244969291338583
0
LINE
8
BLACK
6
CONTINUOUS
10
1.1372087007874014
20
0.5244969291338583
11
1.1413584251968503
21
0.523770748031496
0
LINE
8
BLACK
6
CONTINUOUS
10
1.1413584251968503
20
0.523770748031496
11
1.1452599212598424
21
0.523087125984252
0
LINE
8
BLACK
6
CONTINUOUS
10
1.1452599212598424
20
0.523087125984252
11
1.1488556299212598
21
0.5224561811023621
0
LINE
8
BLACK
6
CONTINUOUS
10
1.1488556299212598
20
0.5224561811023621
11
1.1520880314960629
21
0.5218880708661418
0
LINE
8
BLACK
6
CONTINUOUS
10
1.1520880314960629
20
0.5218880708661418
11
1.1548994881889763
21
0.521392874015748
0
LINE
8
BLACK
6
CONTINUOUS
10
1.1548994881889763
20
0.521392874015748
11
1.1572325196850393
21
0.5209807874015748
0
LINE
8
BLACK
6
CONTINUOUS
10
1.1572325196850393
20
0.5209807874015748
11
1.1590295275590552
21
0.5206618897637795
0
LINE
8
BLACK
6
CONTINUOUS
10
1.1590295275590552
20
0.5206618897637795
11
1.1602329133858267
21
0.5204463385826772
0
LINE
8
BLACK
6
CONTINUOUS
10
1.1602329133858267
20
0.5204463385826772
11
1.160785157480315
21
0.5203442125984252
0
LINE
8
BLACK
6
CONTINUOUS
10
1.160785157480315
20
0.5203442125984252
11
1.1607967322834645
21
0.5203418503937007
0
LINE
8
BLACK
6
CONTINUOUS
10
1.1607967322834645
20
0.5203418503937007
11
1.1617909842519685
21
0.5201329527559055
0
LINE
8
BLACK
6
CONTINUOUS
10
1.1617909842519685
20
0.5201329527559055
11
1.1617909842519685
21
0.5149194488188976
0
LINE
8
BLACK
6
CONTINUOUS
10
1.1617909842519685
20
0.5149194488188976
11
1.1617744488188977
21
0.5127488582677165
0
LINE
8
BLACK
6
CONTINUOUS
10
1.1617744488188977
20
0.5127488582677165
11
1.1617203543307086
21
0.5112215748031496
0
LINE
8
BLACK
6
CONTINUOUS
10
1.1617203543307086
20
0.5112215748031496
11
1.1616218110236221
21
0.5102585433070866
0
LINE
8
BLACK
6
CONTINUOUS
10
1.1616218110236221
20
0.5102585433070866
11
1.1614720078740157
21
0.5097807086614173
0
LINE
8
BLACK
6
CONTINUOUS
10
1.1614720078740157
20
0.5097807086614173
11
1.1613390551181102
21
0.5096925590551181
0
LINE
8
BLACK
6
CONTINUOUS
10
1.1613390551181102
20
0.5096925590551181
11
1.1609199606299212
21
0.5097515354330708
0
LINE
8
BLACK
6
CONTINUOUS
10
1.1609199606299212
20
0.5097515354330708
11
1.1598433858267716
21
0.5099264566929134
0
LINE
8
BLACK
6
CONTINUOUS
10
1.1598433858267716
20
0.5099264566929134
11
1.158163937007874
21
0.5102079133858267
0
LINE
8
BLACK
6
CONTINUOUS
10
1.158163937007874
20
0.5102079133858267
11
1.1559362598425196
21
0.5105865354330709
0
LINE
8
BLACK
6
CONTINUOUS
10
1.1559362598425196
20
0.5105865354330709
11
1.1532149606299211
21
0.5110529133858268
0
LINE
8
BLACK
6
CONTINUOUS
10
1.1532149606299211
20
0.5110529133858268
11
1.1500546456692913
21
0.5115976377952756
0
LINE
8
BLACK
6
CONTINUOUS
10
1.1500546456692913
20
0.5115976377952756
11
1.1465099606299212
21
0.5122112992125984
0
LINE
8
BLACK
6
CONTINUOUS
10
1.1465099606299212
20
0.5122112992125984
11
1.1426355118110236
21
0.5128845275590551
0
LINE
8
BLACK
6
CONTINUOUS
10
1.1426355118110236
20
0.5128845275590551
11
1.1384859842519686
21
0.5136079133858268
0
LINE
8
BLACK
6
CONTINUOUS
10
1.1384859842519686
20
0.5136079133858268
11
1.1341159055118111
21
0.5143720472440945
0
LINE
8
BLACK
6
CONTINUOUS
10
1.1341159055118111
20
0.5143720472440945
11
1.1325971653543307
21
0.5146381496062992
0
LINE
8
BLACK
6
CONTINUOUS
10
1.1325971653543307
20
0.5146381496062992
11
1.1043072440944881
21
0.5195970866141733
0
LINE
8
BLACK
6
CONTINUOUS
10
1.1043072440944881
20
0.5195970866141733
11
1.1043072440944881
21
0.5303270866141733
0
LINE
8
BLACK
6
CONTINUOUS
10
1.1043072440944881
20
0.5303270866141733
11
1.1051206692913385
21
0.5301437401574803
0
LINE
8
BLACK
6
CONTINUOUS
10
1.0488119291338582
20
0.5498094881889763
11
1.0517659842519684
21
0.547525905511811
0
LINE
8
BLACK
6
CONTINUOUS
10
1.0517659842519684
20
0.547525905511811
11
1.0545693307086614
21
0.5453664566929134
0
LINE
8
BLACK
6
CONTINUOUS
10
1.0545693307086614
20
0.5453664566929134
11
1.0571660236220473
21
0.5433736614173228
0
LINE
8
BLACK
6
CONTINUOUS
10
1.0571660236220473
20
0.5433736614173228
11
1.0595002362204724
21
0.5415899606299213
0
LINE
8
BLACK
6
CONTINUOUS
10
1.0595002362204724
20
0.5415899606299213
11
1.0615161023622046
21
0.5400579921259843
0
LINE
8
BLACK
6
CONTINUOUS
10
1.0615161023622046
20
0.5400579921259843
11
1.0631577559055119
21
0.5388201968503937
0
LINE
8
BLACK
6
CONTINUOUS
10
1.0631577559055119
20
0.5388201968503937
11
1.0643693700787402
21
0.537919094488189
0
LINE
8
BLACK
6
CONTINUOUS
10
1.0643693700787402
20
0.537919094488189
11
1.0650949999999999
21
0.5373972047244094
0
LINE
8
BLACK
6
CONTINUOUS
10
1.0650949999999999
20
0.5373972047244094
11
1.0652616929133858
21
0.537289842519685
0
LINE
8
BLACK
6
CONTINUOUS
10
1.0652616929133858
20
0.537289842519685
11
1.0658301574803148
21
0.5371124409448819
0
LINE
8
BLACK
6
CONTINUOUS
10
1.0658301574803148
20
0.5371124409448819
11
1.067019094488189
21
0.5368346062992125
0
LINE
8
BLACK
6
CONTINUOUS
10
1.067019094488189
20
0.5368346062992125
11
1.0687357086614173
21
0.5364749212598425
0
LINE
8
BLACK
6
CONTINUOUS
10
1.0687357086614173
20
0.5364749212598425
11
1.0708872440944881
21
0.536051811023622
0
LINE
8
BLACK
6
CONTINUOUS
10
1.0708872440944881
20
0.536051811023622
11
1.0733808661417323
21
0.5355837007874016
0
LINE
8
BLACK
6
CONTINUOUS
10
1.0733808661417323
20
0.5355837007874016
11
1.0761238582677166
21
0.5350891338582677
0
LINE
8
BLACK
6
CONTINUOUS
10
1.0761238582677166
20
0.5350891338582677
11
1.0777345669291338
21
0.5348074015748031
0
LINE
8
BLACK
6
CONTINUOUS
10
1.0777345669291338
20
0.5348074015748031
11
1.080560157480315
21
0.5343163779527559
0
LINE
8
BLACK
6
CONTINUOUS
10
1.080560157480315
20
0.5343163779527559
11
1.0831749212598425
21
0.5338575984251969
0
LINE
8
BLACK
6
CONTINUOUS
10
1.0831749212598425
20
0.5338575984251969
11
1.0854889763779527
21
0.5334471653543307
0
LINE
8
BLACK
6
CONTINUOUS
10
1.0854889763779527
20
0.5334471653543307
11
1.0874123228346457
21
0.5331012204724409
0
LINE
8
BLACK
6
CONTINUOUS
10
1.0874123228346457
20
0.5331012204724409
11
1.0888550787401574
21
0.5328358661417323
0
LINE
8
BLACK
6
CONTINUOUS
10
1.0888550787401574
20
0.5328358661417323
11
1.0897272834645668
21
0.5326672440944882
0
LINE
8
BLACK
6
CONTINUOUS
10
1.0897272834645668
20
0.5326672440944882
11
1.0899362992125985
21
0.5326201181102362
0
LINE
8
BLACK
6
CONTINUOUS
10
1.0899362992125985
20
0.5326201181102362
11
1.0901857086614173
21
0.5324790157480315
0
LINE
8
BLACK
6
CONTINUOUS
10
1.0901857086614173
20
0.5324790157480315
11
1.0903600393700787
21
0.5321527952755906
0
LINE
8
BLACK
6
CONTINUOUS
10
1.0903600393700787
20
0.5321527952755906
11
1.0904724803149606
21
0.5315298031496063
0
LINE
8
BLACK
6
CONTINUOUS
10
1.0904724803149606
20
0.5315298031496063
11
1.0905360236220472
21
0.5304983858267717
0
LINE
8
BLACK
6
CONTINUOUS
10
1.0905360236220472
20
0.5304983858267717
11
1.0905637795275591
21
0.5289468503937008
0
LINE
8
BLACK
6
CONTINUOUS
10
1.0905637795275591
20
0.5289468503937008
11
1.0905689763779527
21
0.5272159448818897
0
LINE
8
BLACK
6
CONTINUOUS
10
1.0905689763779527
20
0.5272159448818897
11
1.0905543700787401
21
0.5253670866141732
0
LINE
8
BLACK
6
CONTINUOUS
10
1.0905543700787401
20
0.5253670866141732
11
1.0905142125984251
21
0.5238062992125984
0
LINE
8
BLACK
6
CONTINUOUS
10
1.0905142125984251
20
0.5238062992125984
11
1.0904539763779528
21
0.5226610236220472
0
LINE
8
BLACK
6
CONTINUOUS
10
1.0904539763779528
20
0.5226610236220472
11
1.0903791338582678
21
0.5220585826771653
0
LINE
8
BLACK
6
CONTINUOUS
10
1.0903791338582678
20
0.5220585826771653
11
1.0903451181102362
21
0.5219980708661417
0
LINE
8
BLACK
6
CONTINUOUS
10
1.0903451181102362
20
0.5219980708661417
11
1.0899488582677166
21
0.5220584251968504
0
LINE
8
BLACK
6
CONTINUOUS
10
1.0899488582677166
20
0.5220584251968504
11
1.0889233070866142
21
0.5222300393700787
0
LINE
8
BLACK
6
CONTINUOUS
10
1.0889233070866142
20
0.5222300393700787
11
1.0873511811023622
21
0.5224986220472441
0
LINE
8
BLACK
6
CONTINUOUS
10
1.0873511811023622
20
0.5224986220472441
11
1.0853152755905511
21
0.5228498818897638
0
LINE
8
BLACK
6
CONTINUOUS
10
1.0853152755905511
20
0.5228498818897638
11
1.0828983464566928
21
0.5232695669291338
0
LINE
8
BLACK
6
CONTINUOUS
10
1.0828983464566928
20
0.5232695669291338
11
1.080183188976378
21
0.5237433858267716
0
LINE
8
BLACK
6
CONTINUOUS
10
1.080183188976378
20
0.5237433858267716
11
1.0777330708661417
21
0.5241727165354331
0
LINE
8
BLACK
6
CONTINUOUS
10
1.0777330708661417
20
0.5241727165354331
11
1.0653448818897637
21
0.5263473622047244
0
LINE
8
BLACK
6
CONTINUOUS
10
1.0653448818897637
20
0.5263473622047244
11
1.0494059842519685
21
0.5196535433070866
0
LINE
8
BLACK
6
CONTINUOUS
10
1.0494059842519685
20
0.5196535433070866
11
1.0462098031496063
21
0.5183129527559055
0
LINE
8
BLACK
6
CONTINUOUS
10
1.0462098031496063
20
0.5183129527559055
11
1.0432193307086615
21
0.5170619291338583
0
LINE
8
BLACK
6
CONTINUOUS
10
1.0432193307086615
20
0.5170619291338583
11
1.0405000787401575
21
0.5159276771653544
0
LINE
8
BLACK
6
CONTINUOUS
10
1.0405000787401575
20
0.5159276771653544
11
1.0381177165354329
21
0.5149373622047244
0
LINE
8
BLACK
6
CONTINUOUS
10
1.0381177165354329
20
0.5149373622047244
11
1.0361377559055118
21
0.5141182283464567
0
LINE
8
BLACK
6
CONTINUOUS
10
1.0361377559055118
20
0.5141182283464567
11
1.0346257874015747
21
0.5134974803149606
0
LINE
8
BLACK
6
CONTINUOUS
10
1.0346257874015747
20
0.5134974803149606
11
1.0336474409448819
21
0.5131022834645669
0
LINE
8
BLACK
6
CONTINUOUS
10
1.0336474409448819
20
0.5131022834645669
11
1.0332682283464567
21
0.5129598425196851
0
LINE
8
BLACK
6
CONTINUOUS
10
1.0332682283464567
20
0.5129598425196851
11
1.0332670078740158
21
0.5129597244094488
0
LINE
8
BLACK
6
CONTINUOUS
10
1.0332670078740158
20
0.5129597244094488
11
1.0332046850393701
21
0.5133007480314961
0
LINE
8
BLACK
6
CONTINUOUS
10
1.0332046850393701
20
0.5133007480314961
11
1.0331629921259842
21
0.5142421653543306
0
LINE
8
BLACK
6
CONTINUOUS
10
1.0331629921259842
20
0.5142421653543306
11
1.0331440944881889
21
0.5156615748031496
0
LINE
8
BLACK
6
CONTINUOUS
10
1.0331440944881889
20
0.5156615748031496
11
1.0331501968503938
21
0.5174365748031496
0
LINE
8
BLACK
6
CONTINUOUS
10
1.0331501968503938
20
0.5174365748031496
11
1.0331664566929133
21
0.5186059448818897
0
LINE
8
BLACK
6
CONTINUOUS
10
1.0331664566929133
20
0.5186059448818897
11
1.0332660236220472
21
0.524252125984252
0
LINE
8
BLACK
6
CONTINUOUS
10
1.0332660236220472
20
0.524252125984252
11
1.0445555511811024
21
0.5288192519685039
0
LINE
8
BLACK
6
CONTINUOUS
10
1.0445555511811024
20
0.5288192519685039
11
1.0472318897637796
21
0.5299071259842519
0
LINE
8
BLACK
6
CONTINUOUS
10
1.0472318897637796
20
0.5299071259842519
11
1.0496814173228346
21
0.5309129133858268
0
LINE
8
BLACK
6
CONTINUOUS
10
1.0496814173228346
20
0.5309129133858268
11
1.0518267716535432
21
0.531803937007874
0
LINE
8
BLACK
6
CONTINUOUS
10
1.0518267716535432
20
0.531803937007874
11
1.0535904724409448
21
0.5325476771653543
0
LINE
8
BLACK
6
CONTINUOUS
10
1.0535904724409448
20
0.5325476771653543
11
1.0548951181102362
21
0.5331115354330709
0
LINE
8
BLACK
6
CONTINUOUS
10
1.0548951181102362
20
0.5331115354330709
11
1.0556633070866142
21
0.5334629921259842
0
LINE
8
BLACK
6
CONTINUOUS
10
1.0556633070866142
20
0.5334629921259842
11
1.055840905511811
21
0.5335671259842519
0
LINE
8
BLACK
6
CONTINUOUS
10
1.055840905511811
20
0.5335671259842519
11
1.0555591732283465
21
0.5338147637795275
0
LINE
8
BLACK
6
CONTINUOUS
10
1.0555591732283465
20
0.5338147637795275
11
1.0547578346456692
21
0.5344435039370079
0
LINE
8
BLACK
6
CONTINUOUS
10
1.0547578346456692
20
0.5344435039370079
11
1.0534996456692913
21
0.535405905511811
0
LINE
8
BLACK
6
CONTINUOUS
10
1.0534996456692913
20
0.535405905511811
11
1.0518474015748032
21
0.5366545669291338
0
LINE
8
BLACK
6
CONTINUOUS
10
1.0518474015748032
20
0.5366545669291338
11
1.0498638976377952
21
0.5381420472440944
0
LINE
8
BLACK
6
CONTINUOUS
10
1.0498638976377952
20
0.5381420472440944
11
1.0476119291338581
21
0.5398209842519684
0
LINE
8
BLACK
6
CONTINUOUS
10
1.0476119291338581
20
0.5398209842519684
11
1.0451542913385827
21
0.5416439370078741
0
LINE
8
BLACK
6
CONTINUOUS
10
1.0451542913385827
20
0.5416439370078741
11
1.0445989763779526
21
0.5420546456692913
0
LINE
8
BLACK
6
CONTINUOUS
10
1.0445989763779526
20
0.5420546456692913
11
1.0420967716535432
21
0.5439111811023621
0
LINE
8
BLACK
6
CONTINUOUS
10
1.0420967716535432
20
0.5439111811023621
11
1.039780748031496
21
0.5456429133858267
0
LINE
8
BLACK
6
CONTINUOUS
10
1.039780748031496
20
0.5456429133858267
11
1.0377148818897637
21
0.5472010236220473
0
LINE
8
BLACK
6
CONTINUOUS
10
1.0377148818897637
20
0.5472010236220473
11
1.0359631102362203
21
0.5485366535433071
0
LINE
8
BLACK
6
CONTINUOUS
10
1.0359631102362203
20
0.5485366535433071
11
1.0345894094488188
21
0.5496010236220472
0
LINE
8
BLACK
6
CONTINUOUS
10
1.0345894094488188
20
0.5496010236220472
11
1.0336577559055118
21
0.5503452362204724
0
LINE
8
BLACK
6
CONTINUOUS
10
1.0336577559055118
20
0.5503452362204724
11
1.0332320866141731
21
0.5507205118110237
0
LINE
8
BLACK
6
CONTINUOUS
10
1.0332320866141731
20
0.5507205118110237
11
1.0332131496062993
21
0.5507473228346457
0
LINE
8
BLACK
6
CONTINUOUS
10
1.0332131496062993
20
0.5507473228346457
11
1.0331674409448819
21
0.5512292125984252
0
LINE
8
BLACK
6
CONTINUOUS
10
1.0331674409448819
20
0.5512292125984252
11
1.0331411417322833
21
0.5522959448818897
0
LINE
8
BLACK
6
CONTINUOUS
10
1.0331411417322833
20
0.5522959448818897
11
1.0331354330708662
21
0.5538094094488188
0
LINE
8
BLACK
6
CONTINUOUS
10
1.0331354330708662
20
0.5538094094488188
11
1.0331514173228347
21
0.5556316141732284
0
LINE
8
BLACK
6
CONTINUOUS
10
1.0331514173228347
20
0.5556316141732284
11
1.0331655511811024
21
0.5564904330708661
0
LINE
8
BLACK
6
CONTINUOUS
10
1.0331655511811024
20
0.5564904330708661
11
1.0332660236220472
21
0.5618476377952756
0
LINE
8
BLACK
6
CONTINUOUS
10
1.0332660236220472
20
0.5618476377952756
11
1.0488119291338582
21
0.5498094881889763
0
LINE
8
BLACK
6
CONTINUOUS
10
0.9628861417322835
20
0.5548588582677165
11
0.9639345275590551
21
0.5546851968503936
0
LINE
8
BLACK
6
CONTINUOUS
10
0.9639345275590551
20
0.5546851968503936
11
0.9655870866141733
21
0.5544051574803149
0
LINE
8
BLACK
6
CONTINUOUS
10
0.9655870866141733
20
0.5544051574803149
11
0.9677898031496063
21
0.5540280708661417
0
LINE
8
BLACK
6
CONTINUOUS
10
0.9677898031496063
20
0.5540280708661417
11
0.9704887401574803
21
0.5535631889763779
0
LINE
8
BLACK
6
CONTINUOUS
10
0.9704887401574803
20
0.5535631889763779
11
0.9736298818897637
21
0.5530199212598426
0
LINE
8
BLACK
6
CONTINUOUS
10
0.9736298818897637
20
0.5530199212598426
11
0.9771592125984252
21
0.5524075590551181
0
LINE
8
BLACK
6
CONTINUOUS
10
0.9771592125984252
20
0.5524075590551181
11
0.9810227559055118
21
0.5517354330708661
0
LINE
8
BLACK
6
CONTINUOUS
10
0.9810227559055118
20
0.5517354330708661
11
0.9851664960629921
21
0.5510128740157481
0
LINE
8
BLACK
6
CONTINUOUS
10
0.9851664960629921
20
0.5510128740157481
11
0.9895364960629921
21
0.5502492125984252
0
LINE
8
BLACK
6
CONTINUOUS
10
0.9895364960629921
20
0.5502492125984252
11
0.9912378346456693
21
0.5499514566929133
0
LINE
8
BLACK
6
CONTINUOUS
10
0.9912378346456693
20
0.5499514566929133
11
1.0197085433070865
21
0.5449669291338582
0
LINE
8
BLACK
6
CONTINUOUS
10
1.0197085433070865
20
0.5449669291338582
11
1.0197085433070865
21
0.534232716535433
0
LINE
8
BLACK
6
CONTINUOUS
10
1.0197085433070865
20
0.534232716535433
11
1.0187143307086615
21
0.5344406692913386
0
LINE
8
BLACK
6
CONTINUOUS
10
1.0187143307086615
20
0.5344406692913386
11
1.0182047244094488
21
0.5345351968503936
0
LINE
8
BLACK
6
CONTINUOUS
10
1.0182047244094488
20
0.5345351968503936
11
1.0170403937007875
21
0.534743779527559
0
LINE
8
BLACK
6
CONTINUOUS
10
1.0170403937007875
20
0.534743779527559
11
1.0152788582677166
21
0.5350563385826772
0
LINE
8
BLACK
6
CONTINUOUS
10
1.0152788582677166
20
0.5350563385826772
11
1.0129776771653543
21
0.5354627165354331
0
LINE
8
BLACK
6
CONTINUOUS
10
1.0129776771653543
20
0.5354627165354331
11
1.0101944488188976
21
0.5359528346456692
0
LINE
8
BLACK
6
CONTINUOUS
10
1.0101944488188976
20
0.5359528346456692
11
1.0069866929133857
21
0.5365165354330709
0
LINE
8
BLACK
6
CONTINUOUS
10
1.0069866929133857
20
0.5365165354330709
11
1.0034120078740156
21
0.5371437007874016
0
LINE
8
BLACK
6
CONTINUOUS
10
1.0034120078740156
20
0.5371437007874016
11
0.9995279527559054
21
0.5378241732283464
0
LINE
8
BLACK
6
CONTINUOUS
10
0.9995279527559054
20
0.5378241732283464
11
0.9953920866141732
21
0.538547874015748
0
LINE
8
BLACK
6
CONTINUOUS
10
0.9953920866141732
20
0.538547874015748
11
0.9910619291338583
21
0.53930468503937
0
LINE
8
BLACK
6
CONTINUOUS
10
0.9910619291338583
20
0.53930468503937
11
0.990785905511811
21
0.5393528740157481
0
LINE
8
BLACK
6
CONTINUOUS
10
0.990785905511811
20
0.5393528740157481
11
0.9864510629921259
21
0.5401105511811024
0
LINE
8
BLACK
6
CONTINUOUS
10
0.9864510629921259
20
0.5401105511811024
11
0.9823109448818897
21
0.5408352755905512
0
LINE
8
BLACK
6
CONTINUOUS
10
0.9823109448818897
20
0.5408352755905512
11
0.9784226771653544
21
0.541516968503937
0
LINE
8
BLACK
6
CONTINUOUS
10
0.9784226771653544
20
0.541516968503937
11
0.9748433070866142
21
0.5421455905511811
0
LINE
8
BLACK
6
CONTINUOUS
10
0.9748433070866142
20
0.5421455905511811
11
0.9716299212598425
21
0.542711062992126
0
LINE
8
BLACK
6
CONTINUOUS
10
0.9716299212598425
20
0.542711062992126
11
0.9688395275590551
21
0.5432033464566929
0
LINE
8
BLACK
6
CONTINUOUS
10
0.9688395275590551
20
0.5432033464566929
11
0.9665292125984252
21
0.5436124015748032
0
LINE
8
BLACK
6
CONTINUOUS
10
0.9665292125984252
20
0.5436124015748032
11
0.9647560236220473
21
0.543928188976378
0
LINE
8
BLACK
6
CONTINUOUS
10
0.9647560236220473
20
0.543928188976378
11
0.9635770472440944
21
0.5441405905511811
0
LINE
8
BLACK
6
CONTINUOUS
10
0.9635770472440944
20
0.5441405905511811
11
0.9630493307086614
21
0.5442396062992126
0
LINE
8
BLACK
6
CONTINUOUS
10
0.9630493307086614
20
0.5442396062992126
11
0.9630382677165354
21
0.5442420472440945
0
LINE
8
BLACK
6
CONTINUOUS
10
0.9630382677165354
20
0.5442420472440945
11
0.9627211811023622
21
0.54433968503937
0
LINE
8
BLACK
6
CONTINUOUS
10
0.9627211811023622
20
0.54433968503937
11
0.9624994488188976
21
0.5445401181102362
0
LINE
8
BLACK
6
CONTINUOUS
10
0.9624994488188976
20
0.5445401181102362
11
0.9623560629921259
21
0.5449568897637795
0
LINE
8
BLACK
6
CONTINUOUS
10
0.9623560629921259
20
0.5449568897637795
11
0.9622739763779528
21
0.5457036220472441
0
LINE
8
BLACK
6
CONTINUOUS
10
0.9622739763779528
20
0.5457036220472441
11
0.9622360629921259
21
0.5468940157480315
0
LINE
8
BLACK
6
CONTINUOUS
10
0.9622360629921259
20
0.5468940157480315
11
0.9622253149606299
21
0.5486416535433071
0
LINE
8
BLACK
6
CONTINUOUS
10
0.9622253149606299
20
0.5486416535433071
11
0.9622248031496062
21
0.5496622047244094
0
LINE
8
BLACK
6
CONTINUOUS
10
0.9622248031496062
20
0.5496622047244094
11
0.9622424409448819
21
0.5515162992125984
0
LINE
8
BLACK
6
CONTINUOUS
10
0.9622424409448819
20
0.5515162992125984
11
0.9622909842519685
21
0.5530844488188976
0
LINE
8
BLACK
6
CONTINUOUS
10
0.9622909842519685
20
0.5530844488188976
11
0.962363779527559
21
0.5542388188976378
0
LINE
8
BLACK
6
CONTINUOUS
10
0.962363779527559
20
0.5542388188976378
11
0.9624542913385826
21
0.5548516141732284
0
LINE
8
BLACK
6
CONTINUOUS
10
0.9624542913385826
20
0.5548516141732284
11
0.9624959448818897
21
0.5549167716535433
0
LINE
8
BLACK
6
CONTINUOUS
10
0.9624959448818897
20
0.5549167716535433
11
0.9628861417322835
21
0.5548588582677165
0
CIRCLE
8
BLACK
10
0.945
20
0.517
40
0.0068897637795276
0
CIRCLE
8
BLACK
10
0.4921259842519685
20
0.5905511811023622
40
0.0068897637795276
0
CIRCLE
8
BLACK
10
0.8533464566929133
20
0.344488188976378
40
0.0068897637795276
0
CIRCLE
8
BLACK
10
0.4921259842519685
20
0.
40
0.0068897637795276
0
CIRCLE
8
BLACK
10
0.8533464566929133
20
0.2460629921259843
40
0.0068897637795276
0
CIRCLE
8
BLACK
10
0.945
20
0.0735511811023622
40
0.0068897637795276
0
CIRCLE
8
BLACK
10
0.8533464566929133
20
0.4232283464566929
40
0.0068897637795276
0
CIRCLE
8
BLACK
10
0.0984251968503937
20
0.5905511811023622
40
0.0068897637795276
0
CIRCLE
8
BLACK
10
0.8858267716535433
20
0.
40
0.0068897637795276
0
CIRCLE
8
BLACK
10
0.8986220472440944
20
0.4735511811023622
40
0.0068897637795276
0
CIRCLE
8
BLACK
10
0.8858267716535433
20
0.5905511811023622
40
0.0068897637795276
0
CIRCLE
8
BLACK
10
0.0984251968503937
20
0.
40
0.0068897637795276
0
CIRCLE
8
BLACK
10
0.898
20
0.117
40
0.0068897637795276
0
CIRCLE
8
BLACK
10
0.8533464566929133
20
0.1673228346456693
40
0.0068897637795276
0
CIRCLE
8
BLACK
10
1.1318897637795275
20
0.1948818897637795
40
0.0068897637795276
0
CIRCLE
8
BLACK
10
1.1318897637795275
20
0.3956692913385826
40
0.0068897637795276
0
CIRCLE
8
BLACK
10
0.9311023622047244
20
0.1948818897637795
40
0.0068897637795276
0
CIRCLE
8
BLACK
10
0.9311023622047244
20
0.3956692913385826
40
0.0068897637795276
  0
ENDSEC
  0
EOF
