  0
SECTION
  2
HEADER
  9
$ANGBASE
  50
0.0
  9
$ANGDIR
  70
1
  9
$MEASUREMENT
  70
0
  0
ENDSEC
  0
SECTION
  2
TABLES
  0
TABLE
  2
LTYPE
  70
4
  0
LTYPE
  5
40F
  2
CONTINUOUS
  70
0
  3
Solid line
  72
65
  73
0
  40
0.0
  0
LTYPE
  5
410
  2
DASHDOT
 70
0
  3
Dash Dot ____ _ ____ _
 72
65
 73
4
 40
2.0
 49
1.25
 49
-0.25
 49
0.25
 49
-0.25
  0
LTYPE
  5
411
  2
DASHED
 70
0
  3
Dashed __ __ __ __ __
 72
65
 73
2
 40
0.75
 49
0.5
 49
-0.25
  0
LTYPE
  5
43B
  2
DOTTED
 70
0
  3
Dotted .  .  .  .
 72
65
 73
2
 40
0.2
 49
0.0
 49
-0.2
  0
ENDTAB
  0
TABLE
  2
STYLE
  70
4
  0
STYLE
  2
KICAD
  70
0
  40
0
  41
1
  42
1
  50
0
  71
0
  3
isocp.shx
  0
STYLE
  2
KICADB
  70
0
  40
0
  41
1
  42
1
  50
0
  71
0
  3
isocp.shx
  0
STYLE
  2
KICADI
  70
0
  40
0
  41
1
  42
1
  50
15
  71
0
  3
isocp.shx
  0
STYLE
  2
KICADBI
  70
0
  40
0
  41
1
  42
1
  50
15
  71
0
  3
isocp.shx
  0
ENDTAB
  0
TABLE
  2
LAYER
  70
1
  0
LAYER
  2
BLACK
  70
0
  62
7
  6
CONTINUOUS
  0
ENDTAB
  0
ENDSEC
  0
SECTION
  2
ENTITIES
0
LINE
8
BLACK
6
CONTINUOUS
10
0.3938099212598425
20
0.1103714173228346
11
0.3942573622047244
21
0.1100042125984252
0
LINE
8
BLACK
6
CONTINUOUS
10
0.3942573622047244
20
0.1100042125984252
11
0.4177881496062992
21
0.0864734645669291
0
LINE
8
BLACK
6
CONTINUOUS
10
0.4177881496062992
20
0.0864734645669291
11
0.4177881496062992
21
0.1079162992125984
0
LINE
8
BLACK
6
CONTINUOUS
10
0.4177881496062992
20
0.1079162992125984
11
0.4178448818897638
21
0.1084923622047244
0
LINE
8
BLACK
6
CONTINUOUS
10
0.4178448818897638
20
0.1084923622047244
11
0.4182857874015748
21
0.1095567716535433
0
LINE
8
BLACK
6
CONTINUOUS
10
0.4182857874015748
20
0.1095567716535433
11
0.4191004330708661
21
0.1103714173228346
0
LINE
8
BLACK
6
CONTINUOUS
10
0.4191004330708661
20
0.1103714173228346
11
0.4201648425196851
21
0.1108123228346457
0
LINE
8
BLACK
6
CONTINUOUS
10
0.4201648425196851
20
0.1108123228346457
11
0.421316968503937
21
0.1108123228346457
0
LINE
8
BLACK
6
CONTINUOUS
10
0.421316968503937
20
0.1108123228346457
11
0.4223813779527559
21
0.1103714173228346
0
LINE
8
BLACK
6
CONTINUOUS
10
0.4223813779527559
20
0.1103714173228346
11
0.4231960236220472
21
0.1095567716535433
0
LINE
8
BLACK
6
CONTINUOUS
10
0.4231960236220472
20
0.1095567716535433
11
0.4236369291338583
21
0.1084923622047244
0
LINE
8
BLACK
6
CONTINUOUS
10
0.4236369291338583
20
0.1084923622047244
11
0.4236936614173228
21
0.1079162992125984
0
LINE
8
BLACK
6
CONTINUOUS
10
0.4236936614173228
20
0.1079162992125984
11
0.4236936614173228
21
0.0579162992125984
0
LINE
8
BLACK
6
CONTINUOUS
10
0.4236936614173228
20
0.0579162992125984
11
0.4236369291338583
21
0.0573402362204724
0
LINE
8
BLACK
6
CONTINUOUS
10
0.4236369291338583
20
0.0573402362204724
11
0.4231960236220472
21
0.0562758267716535
0
LINE
8
BLACK
6
CONTINUOUS
10
0.4231960236220472
20
0.0562758267716535
11
0.4223813779527559
21
0.0554611811023622
0
LINE
8
BLACK
6
CONTINUOUS
10
0.4223813779527559
20
0.0554611811023622
11
0.421316968503937
21
0.0550202755905512
0
LINE
8
BLACK
6
CONTINUOUS
10
0.421316968503937
20
0.0550202755905512
11
0.4201648425196851
21
0.0550202755905512
0
LINE
8
BLACK
6
CONTINUOUS
10
0.4201648425196851
20
0.0550202755905512
11
0.4191004330708661
21
0.0554611811023622
0
LINE
8
BLACK
6
CONTINUOUS
10
0.4191004330708661
20
0.0554611811023622
11
0.4182857874015748
21
0.0562758267716535
0
LINE
8
BLACK
6
CONTINUOUS
10
0.4182857874015748
20
0.0562758267716535
11
0.4178448818897638
21
0.0573402362204724
0
LINE
8
BLACK
6
CONTINUOUS
10
0.4178448818897638
20
0.0573402362204724
11
0.4177881496062992
21
0.0579162992125984
0
LINE
8
BLACK
6
CONTINUOUS
10
0.4177881496062992
20
0.0579162992125984
11
0.4177881496062992
21
0.078121811023622
0
LINE
8
BLACK
6
CONTINUOUS
10
0.4177881496062992
20
0.078121811023622
11
0.4139174803149606
21
0.0819924803149606
0
LINE
8
BLACK
6
CONTINUOUS
10
0.4139174803149606
20
0.0819924803149606
11
0.3945316535433071
21
0.0561446456692913
0
LINE
8
BLACK
6
CONTINUOUS
10
0.3945316535433071
20
0.0561446456692913
11
0.3941406299212598
21
0.0557178346456693
0
LINE
8
BLACK
6
CONTINUOUS
10
0.3941406299212598
20
0.0557178346456693
11
0.3931492519685039
21
0.0551308661417323
0
LINE
8
BLACK
6
CONTINUOUS
10
0.3931492519685039
20
0.0551308661417323
11
0.3920087401574803
21
0.0549679133858268
0
LINE
8
BLACK
6
CONTINUOUS
10
0.3920087401574803
20
0.0549679133858268
11
0.3908926771653543
21
0.0552538582677165
0
LINE
8
BLACK
6
CONTINUOUS
10
0.3908926771653543
20
0.0552538582677165
11
0.3899709842519685
21
0.0559451181102362
0
LINE
8
BLACK
6
CONTINUOUS
10
0.3899709842519685
20
0.0559451181102362
11
0.3893840157480315
21
0.0569364960629921
0
LINE
8
BLACK
6
CONTINUOUS
10
0.3893840157480315
20
0.0569364960629921
11
0.389221062992126
21
0.0580770078740157
0
LINE
8
BLACK
6
CONTINUOUS
10
0.389221062992126
20
0.0580770078740157
11
0.3895070078740158
21
0.0591930708661417
0
LINE
8
BLACK
6
CONTINUOUS
10
0.3895070078740158
20
0.0591930708661417
11
0.3898072440944882
21
0.0596879527559055
0
LINE
8
BLACK
6
CONTINUOUS
10
0.3898072440944882
20
0.0596879527559055
11
0.4096992519685039
21
0.0862107086614173
0
LINE
8
BLACK
6
CONTINUOUS
10
0.4096992519685039
20
0.0862107086614173
11
0.3900815354330708
21
0.1058283858267716
0
LINE
8
BLACK
6
CONTINUOUS
10
0.3900815354330708
20
0.1058283858267716
11
0.3897143307086614
21
0.1062758267716535
0
LINE
8
BLACK
6
CONTINUOUS
10
0.3897143307086614
20
0.1062758267716535
11
0.3892734251968504
21
0.1073402362204724
0
LINE
8
BLACK
6
CONTINUOUS
10
0.3892734251968504
20
0.1073402362204724
11
0.3892734251968504
21
0.1084923228346457
0
LINE
8
BLACK
6
CONTINUOUS
10
0.3892734251968504
20
0.1084923228346457
11
0.3897143307086614
21
0.1095567716535433
0
LINE
8
BLACK
6
CONTINUOUS
10
0.3897143307086614
20
0.1095567716535433
11
0.3905289763779528
21
0.1103714173228346
0
LINE
8
BLACK
6
CONTINUOUS
10
0.3905289763779528
20
0.1103714173228346
11
0.3915933858267717
21
0.1108123228346457
0
LINE
8
BLACK
6
CONTINUOUS
10
0.3915933858267717
20
0.1108123228346457
11
0.3927454724409449
21
0.1108123228346457
0
LINE
8
BLACK
6
CONTINUOUS
10
0.3927454724409449
20
0.1108123228346457
11
0.3938099212598425
21
0.1103714173228346
0
LINE
8
BLACK
6
CONTINUOUS
10
0.4336469291338583
20
0.1288802755905512
11
0.4347113385826771
21
0.1284393700787402
0
LINE
8
BLACK
6
CONTINUOUS
10
0.4347113385826771
20
0.1284393700787402
11
0.4355259842519685
21
0.1276247244094488
0
LINE
8
BLACK
6
CONTINUOUS
10
0.4355259842519685
20
0.1276247244094488
11
0.4359668897637795
21
0.1265603149606299
0
LINE
8
BLACK
6
CONTINUOUS
10
0.4359668897637795
20
0.1265603149606299
11
0.4360236220472441
21
0.1259842519685039
0
LINE
8
BLACK
6
CONTINUOUS
10
0.4360236220472441
20
0.1259842519685039
11
0.4360236220472441
21
0.031496062992126
0
LINE
8
BLACK
6
CONTINUOUS
10
0.4360236220472441
20
0.031496062992126
11
0.4359668897637795
21
0.03092
0
LINE
8
BLACK
6
CONTINUOUS
10
0.4359668897637795
20
0.03092
11
0.4355259842519685
21
0.0298555905511811
0
LINE
8
BLACK
6
CONTINUOUS
10
0.4355259842519685
20
0.0298555905511811
11
0.4347113385826771
21
0.0290409448818898
0
LINE
8
BLACK
6
CONTINUOUS
10
0.4347113385826771
20
0.0290409448818898
11
0.4336469291338583
21
0.0286000393700787
0
LINE
8
BLACK
6
CONTINUOUS
10
0.4336469291338583
20
0.0286000393700787
11
0.4330708661417323
21
0.0285433070866142
0
LINE
8
BLACK
6
CONTINUOUS
10
0.4330708661417323
20
0.0285433070866142
11
0.2362204724409449
21
0.0285433070866142
0
LINE
8
BLACK
6
CONTINUOUS
10
0.2362204724409449
20
0.0285433070866142
11
0.2356444094488189
21
0.0286000393700787
0
LINE
8
BLACK
6
CONTINUOUS
10
0.2356444094488189
20
0.0286000393700787
11
0.23458
21
0.0290409448818898
0
LINE
8
BLACK
6
CONTINUOUS
10
0.23458
20
0.0290409448818898
11
0.2337653543307087
21
0.0298555905511811
0
LINE
8
BLACK
6
CONTINUOUS
10
0.2337653543307087
20
0.0298555905511811
11
0.2333244488188976
21
0.03092
0
LINE
8
BLACK
6
CONTINUOUS
10
0.2333244488188976
20
0.03092
11
0.2332677165354331
21
0.031496062992126
0
LINE
8
BLACK
6
CONTINUOUS
10
0.2332677165354331
20
0.031496062992126
11
0.2332677165354331
21
0.1259842519685039
0
LINE
8
BLACK
6
CONTINUOUS
10
0.2332677165354331
20
0.1259842519685039
11
0.2333244488188976
21
0.1265603149606299
0
LINE
8
BLACK
6
CONTINUOUS
10
0.2333244488188976
20
0.1265603149606299
11
0.2337653543307087
21
0.1276247244094488
0
LINE
8
BLACK
6
CONTINUOUS
10
0.2337653543307087
20
0.1276247244094488
11
0.23458
21
0.1284393700787402
0
LINE
8
BLACK
6
CONTINUOUS
10
0.23458
20
0.1284393700787402
11
0.2356444094488189
21
0.1288802755905512
0
LINE
8
BLACK
6
CONTINUOUS
10
0.2356444094488189
20
0.1288802755905512
11
0.2362204724409449
21
0.1289370078740157
0
LINE
8
BLACK
6
CONTINUOUS
10
0.2362204724409449
20
0.1289370078740157
11
0.4330708661417323
21
0.1289370078740157
0
LINE
8
BLACK
6
CONTINUOUS
10
0.4330708661417323
20
0.1289370078740157
11
0.4336469291338583
21
0.1288802755905512
0
LINE
8
BLACK
6
CONTINUOUS
10
0.2391732283464567
20
0.1230314960629921
11
0.2391732283464567
21
0.0344488188976378
0
LINE
8
BLACK
6
CONTINUOUS
10
0.2391732283464567
20
0.0344488188976378
11
0.4301181102362205
21
0.0344488188976378
0
LINE
8
BLACK
6
CONTINUOUS
10
0.4301181102362205
20
0.0344488188976378
11
0.4301181102362205
21
0.1230314960629921
0
LINE
8
BLACK
6
CONTINUOUS
10
0.4301181102362205
20
0.1230314960629921
11
0.2391732283464567
21
0.1230314960629921
0
LINE
8
BLACK
6
CONTINUOUS
10
0.5360715748031496
20
0.1146767322834646
11
0.5367107480314961
21
0.1140375590551181
0
LINE
8
BLACK
6
CONTINUOUS
10
0.5367107480314961
20
0.1140375590551181
11
0.5368006692913385
21
0.1135855511811024
0
LINE
8
BLACK
6
CONTINUOUS
10
0.5368006692913385
20
0.1135855511811024
11
0.5368006692913385
21
0.0978375196850394
0
LINE
8
BLACK
6
CONTINUOUS
10
0.5368006692913385
20
0.0978375196850394
11
0.5367107480314961
21
0.0973855118110236
0
LINE
8
BLACK
6
CONTINUOUS
10
0.5367107480314961
20
0.0973855118110236
11
0.5360715748031496
21
0.0967463385826772
0
LINE
8
BLACK
6
CONTINUOUS
10
0.5360715748031496
20
0.0967463385826772
11
0.5351675590551181
21
0.0967463385826772
0
LINE
8
BLACK
6
CONTINUOUS
10
0.5351675590551181
20
0.0967463385826772
11
0.5345283858267716
21
0.0973855118110236
0
LINE
8
BLACK
6
CONTINUOUS
10
0.5345283858267716
20
0.0973855118110236
11
0.5344384645669291
21
0.0978375196850394
0
LINE
8
BLACK
6
CONTINUOUS
10
0.5344384645669291
20
0.0978375196850394
11
0.5344384645669291
21
0.1041554724409449
0
LINE
8
BLACK
6
CONTINUOUS
10
0.5344384645669291
20
0.1041554724409449
11
0.532485
21
0.1041554724409449
0
LINE
8
BLACK
6
CONTINUOUS
10
0.532485
20
0.1041554724409449
11
0.5275883070866142
21
0.0971601968503937
0
LINE
8
BLACK
6
CONTINUOUS
10
0.5275883070866142
20
0.0971601968503937
11
0.5272554330708661
21
0.0968414566929134
0
LINE
8
BLACK
6
CONTINUOUS
10
0.5272554330708661
20
0.0968414566929134
11
0.5263652755905511
21
0.0966843700787402
0
LINE
8
BLACK
6
CONTINUOUS
10
0.5263652755905511
20
0.0966843700787402
11
0.5256246456692913
21
0.0972027952755905
0
LINE
8
BLACK
6
CONTINUOUS
10
0.5256246456692913
20
0.0972027952755905
11
0.5254675590551181
21
0.0980929527559055
0
LINE
8
BLACK
6
CONTINUOUS
10
0.5254675590551181
20
0.0980929527559055
11
0.5256531102362204
21
0.098514842519685
0
LINE
8
BLACK
6
CONTINUOUS
10
0.5256531102362204
20
0.098514842519685
11
0.5296038188976377
21
0.1041587795275591
0
LINE
8
BLACK
6
CONTINUOUS
10
0.5296038188976377
20
0.1041587795275591
11
0.5295623228346457
21
0.1041670078740157
0
LINE
8
BLACK
6
CONTINUOUS
10
0.5295623228346457
20
0.1041670078740157
11
0.5295366141732283
21
0.1041584251968504
0
LINE
8
BLACK
6
CONTINUOUS
10
0.5295366141732283
20
0.1041584251968504
11
0.529353779527559
21
0.1042085039370079
0
LINE
8
BLACK
6
CONTINUOUS
10
0.529353779527559
20
0.1042085039370079
11
0.5291683070866141
21
0.1042453937007874
0
LINE
8
BLACK
6
CONTINUOUS
10
0.5291683070866141
20
0.1042453937007874
11
0.5291491338582677
21
0.1042645669291339
0
LINE
8
BLACK
6
CONTINUOUS
10
0.5291491338582677
20
0.1042645669291339
11
0.5290921259842519
21
0.104280157480315
0
LINE
8
BLACK
6
CONTINUOUS
10
0.5290921259842519
20
0.104280157480315
11
0.5275922834645669
21
0.1050300787401575
0
LINE
8
BLACK
6
CONTINUOUS
10
0.5275922834645669
20
0.1050300787401575
11
0.527442874015748
21
0.105146062992126
0
LINE
8
BLACK
6
CONTINUOUS
10
0.527442874015748
20
0.105146062992126
11
0.5272853543307087
21
0.1052512992125984
0
LINE
8
BLACK
6
CONTINUOUS
10
0.5272853543307087
20
0.1052512992125984
11
0.5265354724409449
21
0.1060012204724409
0
LINE
8
BLACK
6
CONTINUOUS
10
0.5265354724409449
20
0.1060012204724409
11
0.5264304330708661
21
0.1061584251968504
0
LINE
8
BLACK
6
CONTINUOUS
10
0.5264304330708661
20
0.1061584251968504
11
0.5263142125984251
21
0.1063081496062992
0
LINE
8
BLACK
6
CONTINUOUS
10
0.5263142125984251
20
0.1063081496062992
11
0.5255642913385826
21
0.107808031496063
0
LINE
8
BLACK
6
CONTINUOUS
10
0.5255642913385826
20
0.107808031496063
11
0.5255486614173228
21
0.1078650787401575
0
LINE
8
BLACK
6
CONTINUOUS
10
0.5255486614173228
20
0.1078650787401575
11
0.5255295275590551
21
0.1078842125984252
0
LINE
8
BLACK
6
CONTINUOUS
10
0.5255295275590551
20
0.1078842125984252
11
0.525492559055118
21
0.1080700393700787
0
LINE
8
BLACK
6
CONTINUOUS
10
0.525492559055118
20
0.1080700393700787
11
0.5254425984251968
21
0.1082525196850394
0
LINE
8
BLACK
6
CONTINUOUS
10
0.5254425984251968
20
0.1082525196850394
11
0.5254511417322835
21
0.1082781889763779
0
LINE
8
BLACK
6
CONTINUOUS
10
0.5254511417322835
20
0.1082781889763779
11
0.5254396062992126
21
0.1083362204724409
0
LINE
8
BLACK
6
CONTINUOUS
10
0.5254396062992126
20
0.1083362204724409
11
0.5254396062992126
21
0.110585905511811
0
LINE
8
BLACK
6
CONTINUOUS
10
0.5254396062992126
20
0.110585905511811
11
0.5254511417322835
21
0.1106439763779528
0
LINE
8
BLACK
6
CONTINUOUS
10
0.5254511417322835
20
0.1106439763779528
11
0.5254425984251968
21
0.1106696062992126
0
LINE
8
BLACK
6
CONTINUOUS
10
0.5254425984251968
20
0.1106696062992126
11
0.525492559055118
21
0.110852125984252
0
LINE
8
BLACK
6
CONTINUOUS
10
0.525492559055118
20
0.110852125984252
11
0.5255295275590551
21
0.1110379133858268
0
LINE
8
BLACK
6
CONTINUOUS
10
0.5255295275590551
20
0.1110379133858268
11
0.5255486614173228
21
0.1110570866141732
0
LINE
8
BLACK
6
CONTINUOUS
10
0.5255486614173228
20
0.1110570866141732
11
0.5255642913385826
21
0.111114094488189
0
LINE
8
BLACK
6
CONTINUOUS
10
0.5255642913385826
20
0.111114094488189
11
0.5263142125984251
21
0.1126139763779528
0
LINE
8
BLACK
6
CONTINUOUS
10
0.5263142125984251
20
0.1126139763779528
11
0.5264304330708661
21
0.1127637401574803
0
LINE
8
BLACK
6
CONTINUOUS
10
0.5264304330708661
20
0.1127637401574803
11
0.5265354724409449
21
0.112920905511811
0
LINE
8
BLACK
6
CONTINUOUS
10
0.5265354724409449
20
0.112920905511811
11
0.5272853543307087
21
0.1136708267716535
0
LINE
8
BLACK
6
CONTINUOUS
10
0.5272853543307087
20
0.1136708267716535
11
0.527442874015748
21
0.1137761023622047
0
LINE
8
BLACK
6
CONTINUOUS
10
0.527442874015748
20
0.1137761023622047
11
0.5275922834645669
21
0.1138920472440945
0
LINE
8
BLACK
6
CONTINUOUS
10
0.5275922834645669
20
0.1138920472440945
11
0.5290921259842519
21
0.114641968503937
0
LINE
8
BLACK
6
CONTINUOUS
10
0.5290921259842519
20
0.114641968503937
11
0.5291491338582677
21
0.1146575984251968
0
LINE
8
BLACK
6
CONTINUOUS
10
0.5291491338582677
20
0.1146575984251968
11
0.5291683070866141
21
0.1146767322834646
0
LINE
8
BLACK
6
CONTINUOUS
10
0.5291683070866141
20
0.1146767322834646
11
0.529353779527559
21
0.1147136614173228
0
LINE
8
BLACK
6
CONTINUOUS
10
0.529353779527559
20
0.1147136614173228
11
0.5295366141732283
21
0.1147637007874016
0
LINE
8
BLACK
6
CONTINUOUS
10
0.5295366141732283
20
0.1147637007874016
11
0.5295623228346457
21
0.114755157480315
0
LINE
8
BLACK
6
CONTINUOUS
10
0.5295623228346457
20
0.114755157480315
11
0.5296203149606299
21
0.1147666535433071
0
LINE
8
BLACK
6
CONTINUOUS
10
0.5296203149606299
20
0.1147666535433071
11
0.5356195669291338
21
0.1147666535433071
0
LINE
8
BLACK
6
CONTINUOUS
10
0.5356195669291338
20
0.1147666535433071
11
0.5360715748031496
21
0.1146767322834646
0
LINE
8
BLACK
6
CONTINUOUS
10
0.5288201181102362
20
0.1118649212598425
11
0.5283412992125984
21
0.1113861417322835
0
LINE
8
BLACK
6
CONTINUOUS
10
0.5283412992125984
20
0.1113861417322835
11
0.527801811023622
21
0.1103070866141732
0
LINE
8
BLACK
6
CONTINUOUS
10
0.527801811023622
20
0.1103070866141732
11
0.527801811023622
21
0.1086150393700787
0
LINE
8
BLACK
6
CONTINUOUS
10
0.527801811023622
20
0.1086150393700787
11
0.5283412992125984
21
0.1075360236220472
0
LINE
8
BLACK
6
CONTINUOUS
10
0.5283412992125984
20
0.1075360236220472
11
0.5288201181102362
21
0.1070572440944882
0
LINE
8
BLACK
6
CONTINUOUS
10
0.5288201181102362
20
0.1070572440944882
11
0.5298991732283465
21
0.1065176771653543
0
LINE
8
BLACK
6
CONTINUOUS
10
0.5298991732283465
20
0.1065176771653543
11
0.5344384645669291
21
0.1065176771653543
0
LINE
8
BLACK
6
CONTINUOUS
10
0.5344384645669291
20
0.1065176771653543
11
0.5344384645669291
21
0.1124044488188976
0
LINE
8
BLACK
6
CONTINUOUS
10
0.5344384645669291
20
0.1124044488188976
11
0.5298991732283465
21
0.1124044488188976
0
LINE
8
BLACK
6
CONTINUOUS
10
0.5298991732283465
20
0.1124044488188976
11
0.5288201181102362
21
0.1118649212598425
0
LINE
8
BLACK
6
CONTINUOUS
10
0.5177641732283464
20
0.1151092913385827
11
0.5179924015748031
21
0.114708937007874
0
LINE
8
BLACK
6
CONTINUOUS
10
0.5179924015748031
20
0.114708937007874
11
0.5217419291338583
21
0.1034603543307087
0
LINE
8
BLACK
6
CONTINUOUS
10
0.5217419291338583
20
0.1034603543307087
11
0.5217995669291339
21
0.1030031102362205
0
LINE
8
BLACK
6
CONTINUOUS
10
0.5217995669291339
20
0.1030031102362205
11
0.5217126377952755
21
0.1028292519685039
0
LINE
8
BLACK
6
CONTINUOUS
10
0.5217126377952755
20
0.1028292519685039
11
0.5217126377952755
21
0.102634842519685
0
LINE
8
BLACK
6
CONTINUOUS
10
0.5217126377952755
20
0.102634842519685
11
0.5215182283464567
21
0.1024404330708661
0
LINE
8
BLACK
6
CONTINUOUS
10
0.5215182283464567
20
0.1024404330708661
11
0.52139531496063
21
0.1021946062992126
0
LINE
8
BLACK
6
CONTINUOUS
10
0.52139531496063
20
0.1021946062992126
11
0.5212109448818898
21
0.1021331496062992
0
LINE
8
BLACK
6
CONTINUOUS
10
0.5212109448818898
20
0.1021331496062992
11
0.5210734645669292
21
0.1019956692913386
0
LINE
8
BLACK
6
CONTINUOUS
10
0.5210734645669292
20
0.1019956692913386
11
0.5206214566929134
21
0.1019057480314961
0
LINE
8
BLACK
6
CONTINUOUS
10
0.5206214566929134
20
0.1019057480314961
11
0.5143035039370079
21
0.1019057480314961
0
LINE
8
BLACK
6
CONTINUOUS
10
0.5143035039370079
20
0.1019057480314961
11
0.5143035039370079
21
0.0978375196850394
0
LINE
8
BLACK
6
CONTINUOUS
10
0.5143035039370079
20
0.0978375196850394
11
0.5142135826771653
21
0.0973855118110236
0
LINE
8
BLACK
6
CONTINUOUS
10
0.5142135826771653
20
0.0973855118110236
11
0.5135744094488189
21
0.0967463385826772
0
LINE
8
BLACK
6
CONTINUOUS
10
0.5135744094488189
20
0.0967463385826772
11
0.5126703937007874
21
0.0967463385826772
0
LINE
8
BLACK
6
CONTINUOUS
10
0.5126703937007874
20
0.0967463385826772
11
0.512031220472441
21
0.0973855118110236
0
LINE
8
BLACK
6
CONTINUOUS
10
0.512031220472441
20
0.0973855118110236
11
0.5119412992125985
21
0.0978375196850394
0
LINE
8
BLACK
6
CONTINUOUS
10
0.5119412992125985
20
0.0978375196850394
11
0.5119412992125985
21
0.1019057480314961
0
LINE
8
BLACK
6
CONTINUOUS
10
0.5119412992125985
20
0.1019057480314961
11
0.5108726771653543
21
0.1019057480314961
0
LINE
8
BLACK
6
CONTINUOUS
10
0.5108726771653543
20
0.1019057480314961
11
0.5104206692913386
21
0.1019956692913386
0
LINE
8
BLACK
6
CONTINUOUS
10
0.5104206692913386
20
0.1019956692913386
11
0.5097814960629922
21
0.102634842519685
0
LINE
8
BLACK
6
CONTINUOUS
10
0.5097814960629922
20
0.102634842519685
11
0.5097814960629922
21
0.1035388582677165
0
LINE
8
BLACK
6
CONTINUOUS
10
0.5097814960629922
20
0.1035388582677165
11
0.5104206692913386
21
0.104178031496063
0
LINE
8
BLACK
6
CONTINUOUS
10
0.5104206692913386
20
0.104178031496063
11
0.5108726771653543
21
0.1042679527559055
0
LINE
8
BLACK
6
CONTINUOUS
10
0.5108726771653543
20
0.1042679527559055
11
0.5119412992125985
21
0.1042679527559055
0
LINE
8
BLACK
6
CONTINUOUS
10
0.5119412992125985
20
0.1042679527559055
11
0.5119412992125985
21
0.1083362204724409
0
LINE
8
BLACK
6
CONTINUOUS
10
0.5119412992125985
20
0.1083362204724409
11
0.512031220472441
21
0.1087882283464567
0
LINE
8
BLACK
6
CONTINUOUS
10
0.512031220472441
20
0.1087882283464567
11
0.5126703937007874
21
0.1094274015748031
0
LINE
8
BLACK
6
CONTINUOUS
10
0.5126703937007874
20
0.1094274015748031
11
0.5135744094488189
21
0.1094274015748031
0
LINE
8
BLACK
6
CONTINUOUS
10
0.5135744094488189
20
0.1094274015748031
11
0.5142135826771653
21
0.1087882283464567
0
LINE
8
BLACK
6
CONTINUOUS
10
0.5142135826771653
20
0.1087882283464567
11
0.5143035039370079
21
0.1083362204724409
0
LINE
8
BLACK
6
CONTINUOUS
10
0.5143035039370079
20
0.1083362204724409
11
0.5143035039370079
21
0.1042679527559055
0
LINE
8
BLACK
6
CONTINUOUS
10
0.5143035039370079
20
0.1042679527559055
11
0.5189827952755905
21
0.1042679527559055
0
LINE
8
BLACK
6
CONTINUOUS
10
0.5189827952755905
20
0.1042679527559055
11
0.5157514566929133
21
0.1139619291338583
0
LINE
8
BLACK
6
CONTINUOUS
10
0.5157514566929133
20
0.1139619291338583
11
0.5156938188976378
21
0.1144191732283465
0
LINE
8
BLACK
6
CONTINUOUS
10
0.5156938188976378
20
0.1144191732283465
11
0.5160980708661417
21
0.1152276771653543
0
LINE
8
BLACK
6
CONTINUOUS
10
0.5160980708661417
20
0.1152276771653543
11
0.5169556692913385
21
0.1155135433070866
0
LINE
8
BLACK
6
CONTINUOUS
10
0.5169556692913385
20
0.1155135433070866
11
0.5177641732283464
21
0.1151092913385827
0
LINE
8
BLACK
6
CONTINUOUS
10
0.5562454330708662
20
0.1225666929133858
11
0.5573107874015748
21
0.1215013385826772
0
LINE
8
BLACK
6
CONTINUOUS
10
0.5573107874015748
20
0.1215013385826772
11
0.5574606299212598
21
0.120748031496063
0
LINE
8
BLACK
6
CONTINUOUS
10
0.5574606299212598
20
0.120748031496063
11
0.5574606299212598
21
0.089251968503937
0
LINE
8
BLACK
6
CONTINUOUS
10
0.5574606299212598
20
0.089251968503937
11
0.5573107874015748
21
0.0884986614173228
0
LINE
8
BLACK
6
CONTINUOUS
10
0.5573107874015748
20
0.0884986614173228
11
0.5562454330708662
21
0.0874333070866142
0
LINE
8
BLACK
6
CONTINUOUS
10
0.5562454330708662
20
0.0874333070866142
11
0.5554921259842519
21
0.0872834645669291
0
LINE
8
BLACK
6
CONTINUOUS
10
0.5554921259842519
20
0.0872834645669291
11
0.4925
21
0.0872834645669291
0
LINE
8
BLACK
6
CONTINUOUS
10
0.4925
20
0.0872834645669291
11
0.4917466929133858
21
0.0874333070866142
0
LINE
8
BLACK
6
CONTINUOUS
10
0.4917466929133858
20
0.0874333070866142
11
0.4906813385826772
21
0.0884986614173228
0
LINE
8
BLACK
6
CONTINUOUS
10
0.4906813385826772
20
0.0884986614173228
11
0.4905314960629921
21
0.089251968503937
0
LINE
8
BLACK
6
CONTINUOUS
10
0.4905314960629921
20
0.089251968503937
11
0.4905314960629921
21
0.120748031496063
0
LINE
8
BLACK
6
CONTINUOUS
10
0.4905314960629921
20
0.120748031496063
11
0.4906813385826772
21
0.1215013385826772
0
LINE
8
BLACK
6
CONTINUOUS
10
0.4906813385826772
20
0.1215013385826772
11
0.4917466929133858
21
0.1225666929133858
0
LINE
8
BLACK
6
CONTINUOUS
10
0.4917466929133858
20
0.1225666929133858
11
0.4925
21
0.1227165354330709
0
LINE
8
BLACK
6
CONTINUOUS
10
0.4925
20
0.1227165354330709
11
0.5554921259842519
21
0.1227165354330709
0
LINE
8
BLACK
6
CONTINUOUS
10
0.5554921259842519
20
0.1227165354330709
11
0.5562454330708662
21
0.1225666929133858
0
LINE
8
BLACK
6
CONTINUOUS
10
0.4944685039370079
20
0.1187795275590551
11
0.4944685039370079
21
0.0912204724409449
0
LINE
8
BLACK
6
CONTINUOUS
10
0.4944685039370079
20
0.0912204724409449
11
0.553523622047244
21
0.0912204724409449
0
LINE
8
BLACK
6
CONTINUOUS
10
0.553523622047244
20
0.0912204724409449
11
0.553523622047244
21
0.1187795275590551
0
LINE
8
BLACK
6
CONTINUOUS
10
0.553523622047244
20
0.1187795275590551
11
0.4944685039370079
21
0.1187795275590551
0
LINE
8
BLACK
6
CONTINUOUS
10
0.1085646456692913
20
0.2943739763779528
11
0.109595157480315
21
0.2938587007874016
0
LINE
8
BLACK
6
CONTINUOUS
10
0.109595157480315
20
0.2938587007874016
11
0.11035
21
0.2929883464566929
0
LINE
8
BLACK
6
CONTINUOUS
10
0.11035
20
0.2929883464566929
11
0.1107143307086614
21
0.2918953543307087
0
LINE
8
BLACK
6
CONTINUOUS
10
0.1107143307086614
20
0.2918953543307087
11
0.1106326771653543
21
0.2907461417322835
0
LINE
8
BLACK
6
CONTINUOUS
10
0.1106326771653543
20
0.2907461417322835
11
0.1104257874015748
21
0.2902055511811024
0
LINE
8
BLACK
6
CONTINUOUS
10
0.1104257874015748
20
0.2902055511811024
11
0.1085510236220472
21
0.2864560236220473
0
LINE
8
BLACK
6
CONTINUOUS
10
0.1085510236220472
20
0.2864560236220473
11
0.108395
21
0.2862082283464567
0
LINE
8
BLACK
6
CONTINUOUS
10
0.108395
20
0.2862082283464567
11
0.108365157480315
21
0.286136062992126
0
LINE
8
BLACK
6
CONTINUOUS
10
0.108365157480315
20
0.286136062992126
11
0.1082985433070866
21
0.2860549212598425
0
LINE
8
BLACK
6
CONTINUOUS
10
0.1082985433070866
20
0.2860549212598425
11
0.1082426771653543
21
0.2859661417322835
0
LINE
8
BLACK
6
CONTINUOUS
10
0.1082426771653543
20
0.2859661417322835
11
0.1081837401574803
21
0.2859150393700787
0
LINE
8
BLACK
6
CONTINUOUS
10
0.1081837401574803
20
0.2859150393700787
11
0.1079979133858268
21
0.2856886220472441
0
LINE
8
BLACK
6
CONTINUOUS
10
0.1079979133858268
20
0.2856886220472441
11
0.1055395275590551
21
0.2832302362204724
0
LINE
8
BLACK
6
CONTINUOUS
10
0.1055395275590551
20
0.2832302362204724
11
0.1329535039370079
21
0.2832302362204724
0
LINE
8
BLACK
6
CONTINUOUS
10
0.1329535039370079
20
0.2832302362204724
11
0.1329535039370079
21
0.291526062992126
0
LINE
8
BLACK
6
CONTINUOUS
10
0.1329535039370079
20
0.291526062992126
11
0.1330102362204724
21
0.2921021259842519
0
LINE
8
BLACK
6
CONTINUOUS
10
0.1330102362204724
20
0.2921021259842519
11
0.1334511417322835
21
0.2931665354330709
0
LINE
8
BLACK
6
CONTINUOUS
10
0.1334511417322835
20
0.2931665354330709
11
0.1342657874015748
21
0.2939811811023622
0
LINE
8
BLACK
6
CONTINUOUS
10
0.1342657874015748
20
0.2939811811023622
11
0.1353301968503937
21
0.2944220866141732
0
LINE
8
BLACK
6
CONTINUOUS
10
0.1353301968503937
20
0.2944220866141732
11
0.1364823228346457
21
0.2944220866141732
0
LINE
8
BLACK
6
CONTINUOUS
10
0.1364823228346457
20
0.2944220866141732
11
0.1375467322834646
21
0.2939811811023622
0
LINE
8
BLACK
6
CONTINUOUS
10
0.1375467322834646
20
0.2939811811023622
11
0.1383613779527559
21
0.2931665354330709
0
LINE
8
BLACK
6
CONTINUOUS
10
0.1383613779527559
20
0.2931665354330709
11
0.1388022834645669
21
0.2921021259842519
0
LINE
8
BLACK
6
CONTINUOUS
10
0.1388022834645669
20
0.2921021259842519
11
0.1388590157480315
21
0.291526062992126
0
LINE
8
BLACK
6
CONTINUOUS
10
0.1388590157480315
20
0.291526062992126
11
0.1388590157480315
21
0.2690288976377953
0
LINE
8
BLACK
6
CONTINUOUS
10
0.1388590157480315
20
0.2690288976377953
11
0.1388022834645669
21
0.2684528346456693
0
LINE
8
BLACK
6
CONTINUOUS
10
0.1388022834645669
20
0.2684528346456693
11
0.1383613779527559
21
0.2673884251968504
0
LINE
8
BLACK
6
CONTINUOUS
10
0.1383613779527559
20
0.2673884251968504
11
0.1375467322834646
21
0.2665737795275591
0
LINE
8
BLACK
6
CONTINUOUS
10
0.1375467322834646
20
0.2665737795275591
11
0.1364823228346457
21
0.266132874015748
0
LINE
8
BLACK
6
CONTINUOUS
10
0.1364823228346457
20
0.266132874015748
11
0.1353301968503937
21
0.266132874015748
0
LINE
8
BLACK
6
CONTINUOUS
10
0.1353301968503937
20
0.266132874015748
11
0.1342657874015748
21
0.2665737795275591
0
LINE
8
BLACK
6
CONTINUOUS
10
0.1342657874015748
20
0.2665737795275591
11
0.1334511417322835
21
0.2673884251968504
0
LINE
8
BLACK
6
CONTINUOUS
10
0.1334511417322835
20
0.2673884251968504
11
0.1330102362204724
21
0.2684528346456693
0
LINE
8
BLACK
6
CONTINUOUS
10
0.1330102362204724
20
0.2684528346456693
11
0.1329535039370079
21
0.2690288976377953
0
LINE
8
BLACK
6
CONTINUOUS
10
0.1329535039370079
20
0.2690288976377953
11
0.1329535039370079
21
0.2773247244094488
0
LINE
8
BLACK
6
CONTINUOUS
10
0.1329535039370079
20
0.2773247244094488
11
0.0965361811023622
21
0.2773247244094488
0
LINE
8
BLACK
6
CONTINUOUS
10
0.0965361811023622
20
0.2773247244094488
11
0.096534094488189
21
0.2773249606299212
0
LINE
8
BLACK
6
CONTINUOUS
10
0.096534094488189
20
0.2773249606299212
11
0.0965330708661417
21
0.2773247244094488
0
LINE
8
BLACK
6
CONTINUOUS
10
0.0965330708661417
20
0.2773247244094488
11
0.0965300393700787
21
0.2773253543307087
0
LINE
8
BLACK
6
CONTINUOUS
10
0.0965300393700787
20
0.2773253543307087
11
0.0959601181102362
21
0.2773814566929134
0
LINE
8
BLACK
6
CONTINUOUS
10
0.0959601181102362
20
0.2773814566929134
11
0.09569
21
0.2774933464566929
0
LINE
8
BLACK
6
CONTINUOUS
10
0.09569
20
0.2774933464566929
11
0.0954033858267716
21
0.2775506692913386
0
LINE
8
BLACK
6
CONTINUOUS
10
0.0954033858267716
20
0.2775506692913386
11
0.0951629921259843
21
0.2777116535433071
0
LINE
8
BLACK
6
CONTINUOUS
10
0.0951629921259843
20
0.2777116535433071
11
0.0948957086614173
21
0.2778223622047244
0
LINE
8
BLACK
6
CONTINUOUS
10
0.0948957086614173
20
0.2778223622047244
11
0.0946889763779528
21
0.278029094488189
0
LINE
8
BLACK
6
CONTINUOUS
10
0.0946889763779528
20
0.278029094488189
11
0.0944461023622047
21
0.2781917322834646
0
LINE
8
BLACK
6
CONTINUOUS
10
0.0944461023622047
20
0.2781917322834646
11
0.0942855905511811
21
0.2784324803149607
0
LINE
8
BLACK
6
CONTINUOUS
10
0.0942855905511811
20
0.2784324803149607
11
0.094081062992126
21
0.2786370078740157
0
LINE
8
BLACK
6
CONTINUOUS
10
0.094081062992126
20
0.2786370078740157
11
0.0939691732283465
21
0.2789071259842519
0
LINE
8
BLACK
6
CONTINUOUS
10
0.0939691732283465
20
0.2789071259842519
11
0.0938070078740157
21
0.2791503543307087
0
LINE
8
BLACK
6
CONTINUOUS
10
0.0938070078740157
20
0.2791503543307087
11
0.0937508661417323
21
0.2794341732283465
0
LINE
8
BLACK
6
CONTINUOUS
10
0.0937508661417323
20
0.2794341732283465
11
0.093640157480315
21
0.2797014173228347
0
LINE
8
BLACK
6
CONTINUOUS
10
0.093640157480315
20
0.2797014173228347
11
0.093640157480315
21
0.2799938188976378
0
LINE
8
BLACK
6
CONTINUOUS
10
0.093640157480315
20
0.2799938188976378
11
0.0935834251968504
21
0.2802805905511811
0
LINE
8
BLACK
6
CONTINUOUS
10
0.0935834251968504
20
0.2802805905511811
11
0.093640157480315
21
0.2805642519685039
0
LINE
8
BLACK
6
CONTINUOUS
10
0.093640157480315
20
0.2805642519685039
11
0.093640157480315
21
0.2808535433070866
0
LINE
8
BLACK
6
CONTINUOUS
10
0.093640157480315
20
0.2808535433070866
11
0.0937520078740157
21
0.2811236614173228
0
LINE
8
BLACK
6
CONTINUOUS
10
0.0937520078740157
20
0.2811236614173228
11
0.0938093700787402
21
0.2814102755905512
0
LINE
8
BLACK
6
CONTINUOUS
10
0.0938093700787402
20
0.2814102755905512
11
0.0939703149606299
21
0.2816506692913386
0
LINE
8
BLACK
6
CONTINUOUS
10
0.0939703149606299
20
0.2816506692913386
11
0.094081062992126
21
0.2819179527559055
0
LINE
8
BLACK
6
CONTINUOUS
10
0.094081062992126
20
0.2819179527559055
11
0.0942877559055118
21
0.28212468503937
0
LINE
8
BLACK
6
CONTINUOUS
10
0.0942877559055118
20
0.28212468503937
11
0.0944504330708661
21
0.2823675590551181
0
LINE
8
BLACK
6
CONTINUOUS
10
0.0944504330708661
20
0.2823675590551181
11
0.0948936614173228
21
0.2827305905511811
0
LINE
8
BLACK
6
CONTINUOUS
10
0.0948936614173228
20
0.2827305905511811
11
0.0948957086614173
21
0.2827325984251968
0
LINE
8
BLACK
6
CONTINUOUS
10
0.0948957086614173
20
0.2827325984251968
11
0.0948965748031496
21
0.2827329921259842
0
LINE
8
BLACK
6
CONTINUOUS
10
0.0948965748031496
20
0.2827329921259842
11
0.0948982677165354
21
0.2827343307086614
0
LINE
8
BLACK
6
CONTINUOUS
10
0.0948982677165354
20
0.2827343307086614
11
0.1002792913385827
21
0.2863216929133858
0
LINE
8
BLACK
6
CONTINUOUS
10
0.1002792913385827
20
0.2863216929133858
11
0.1034832677165354
21
0.2895256299212599
0
LINE
8
BLACK
6
CONTINUOUS
10
0.1034832677165354
20
0.2895256299212599
11
0.1051437401574803
21
0.2928465748031496
0
LINE
8
BLACK
6
CONTINUOUS
10
0.1051437401574803
20
0.2928465748031496
11
0.1054520866141732
21
0.2933364566929134
0
LINE
8
BLACK
6
CONTINUOUS
10
0.1054520866141732
20
0.2933364566929134
11
0.1063224803149606
21
0.2940912992125984
0
LINE
8
BLACK
6
CONTINUOUS
10
0.1063224803149606
20
0.2940912992125984
11
0.1074154330708661
21
0.2944556299212598
0
LINE
8
BLACK
6
CONTINUOUS
10
0.1074154330708661
20
0.2944556299212598
11
0.1085646456692913
21
0.2943739763779528
0
LINE
8
BLACK
6
CONTINUOUS
10
0.1375467322834646
20
0.3258522047244095
11
0.1383613779527559
21
0.3250375590551181
0
LINE
8
BLACK
6
CONTINUOUS
10
0.1383613779527559
20
0.3250375590551181
11
0.1388022834645669
21
0.3239731496062992
0
LINE
8
BLACK
6
CONTINUOUS
10
0.1388022834645669
20
0.3239731496062992
11
0.1388590157480315
21
0.3233970866141732
0
LINE
8
BLACK
6
CONTINUOUS
10
0.1388590157480315
20
0.3233970866141732
11
0.1388590157480315
21
0.3196475590551181
0
LINE
8
BLACK
6
CONTINUOUS
10
0.1388590157480315
20
0.3196475590551181
11
0.1388302755905512
21
0.3193559842519685
0
LINE
8
BLACK
6
CONTINUOUS
10
0.1388302755905512
20
0.3193559842519685
11
0.1388358267716535
21
0.3192782283464567
0
LINE
8
BLACK
6
CONTINUOUS
10
0.1388358267716535
20
0.3192782283464567
11
0.1388125590551181
21
0.3191759842519685
0
LINE
8
BLACK
6
CONTINUOUS
10
0.1388125590551181
20
0.3191759842519685
11
0.1388022834645669
21
0.3190714960629921
0
LINE
8
BLACK
6
CONTINUOUS
10
0.1388022834645669
20
0.3190714960629921
11
0.1387724015748031
21
0.3189994488188976
0
LINE
8
BLACK
6
CONTINUOUS
10
0.1387724015748031
20
0.3189994488188976
11
0.1387074803149606
21
0.318713779527559
0
LINE
8
BLACK
6
CONTINUOUS
10
0.1387074803149606
20
0.318713779527559
11
0.1368327165354331
21
0.3130895275590551
0
LINE
8
BLACK
6
CONTINUOUS
10
0.1368327165354331
20
0.3130895275590551
11
0.1365967322834646
21
0.3125609448818897
0
LINE
8
BLACK
6
CONTINUOUS
10
0.1365967322834646
20
0.3125609448818897
11
0.1365272440944882
21
0.3124808661417323
0
LINE
8
BLACK
6
CONTINUOUS
10
0.1365272440944882
20
0.3124808661417323
11
0.1364866535433071
21
0.3123827952755905
0
LINE
8
BLACK
6
CONTINUOUS
10
0.1364866535433071
20
0.3123827952755905
11
0.1361194094488189
21
0.3119353543307087
0
LINE
8
BLACK
6
CONTINUOUS
10
0.1361194094488189
20
0.3119353543307087
11
0.132369842519685
21
0.3081858267716535
0
LINE
8
BLACK
6
CONTINUOUS
10
0.132369842519685
20
0.3081858267716535
11
0.1319223622047244
21
0.3078185826771653
0
LINE
8
BLACK
6
CONTINUOUS
10
0.1319223622047244
20
0.3078185826771653
11
0.1318242913385827
21
0.3077779921259842
0
LINE
8
BLACK
6
CONTINUOUS
10
0.1318242913385827
20
0.3077779921259842
11
0.1317442125984252
21
0.3077085039370079
0
LINE
8
BLACK
6
CONTINUOUS
10
0.1317442125984252
20
0.3077085039370079
11
0.1312156692913386
21
0.3074725196850394
0
LINE
8
BLACK
6
CONTINUOUS
10
0.1312156692913386
20
0.3074725196850394
11
0.1255913779527559
21
0.3055977559055118
0
LINE
8
BLACK
6
CONTINUOUS
10
0.1255913779527559
20
0.3055977559055118
11
0.1253057874015748
21
0.3055328346456693
0
LINE
8
BLACK
6
CONTINUOUS
10
0.1253057874015748
20
0.3055328346456693
11
0.1252337007874016
21
0.3055029527559055
0
LINE
8
BLACK
6
CONTINUOUS
10
0.1252337007874016
20
0.3055029527559055
11
0.1251291732283465
21
0.3054926771653543
0
LINE
8
BLACK
6
CONTINUOUS
10
0.1251291732283465
20
0.3054926771653543
11
0.1250269291338583
21
0.3054694094488189
0
LINE
8
BLACK
6
CONTINUOUS
10
0.1250269291338583
20
0.3054694094488189
11
0.1249491732283464
21
0.3054749606299212
0
LINE
8
BLACK
6
CONTINUOUS
10
0.1249491732283464
20
0.3054749606299212
11
0.1246576377952756
21
0.3054462204724409
0
LINE
8
BLACK
6
CONTINUOUS
10
0.1246576377952756
20
0.3054462204724409
11
0.0965361811023622
21
0.3054462204724409
0
LINE
8
BLACK
6
CONTINUOUS
10
0.0965361811023622
20
0.3054462204724409
11
0.0959601181102362
21
0.3055029527559055
0
LINE
8
BLACK
6
CONTINUOUS
10
0.0959601181102362
20
0.3055029527559055
11
0.0948957086614173
21
0.3059438582677165
0
LINE
8
BLACK
6
CONTINUOUS
10
0.0948957086614173
20
0.3059438582677165
11
0.094081062992126
21
0.3067585039370079
0
LINE
8
BLACK
6
CONTINUOUS
10
0.094081062992126
20
0.3067585039370079
11
0.093640157480315
21
0.3078229133858268
0
LINE
8
BLACK
6
CONTINUOUS
10
0.093640157480315
20
0.3078229133858268
11
0.093640157480315
21
0.3089750393700788
0
LINE
8
BLACK
6
CONTINUOUS
10
0.093640157480315
20
0.3089750393700788
11
0.094081062992126
21
0.3100394488188976
0
LINE
8
BLACK
6
CONTINUOUS
10
0.094081062992126
20
0.3100394488188976
11
0.0948957086614173
21
0.310854094488189
0
LINE
8
BLACK
6
CONTINUOUS
10
0.0948957086614173
20
0.310854094488189
11
0.0959601181102362
21
0.311295
0
LINE
8
BLACK
6
CONTINUOUS
10
0.0959601181102362
20
0.311295
11
0.0965361811023622
21
0.3113517322834646
0
LINE
8
BLACK
6
CONTINUOUS
10
0.0965361811023622
20
0.3113517322834646
11
0.1241785039370079
21
0.3113517322834646
0
LINE
8
BLACK
6
CONTINUOUS
10
0.1241785039370079
20
0.3113517322834646
11
0.1286868897637795
21
0.3128545669291338
0
LINE
8
BLACK
6
CONTINUOUS
10
0.1286868897637795
20
0.3128545669291338
11
0.1314507086614173
21
0.3156183464566929
0
LINE
8
BLACK
6
CONTINUOUS
10
0.1314507086614173
20
0.3156183464566929
11
0.1329535039370079
21
0.3201266929133858
0
LINE
8
BLACK
6
CONTINUOUS
10
0.1329535039370079
20
0.3201266929133858
11
0.1329535039370079
21
0.3233970866141732
0
LINE
8
BLACK
6
CONTINUOUS
10
0.1329535039370079
20
0.3233970866141732
11
0.1330102362204724
21
0.3239731496062992
0
LINE
8
BLACK
6
CONTINUOUS
10
0.1330102362204724
20
0.3239731496062992
11
0.1334511417322835
21
0.3250375590551181
0
LINE
8
BLACK
6
CONTINUOUS
10
0.1334511417322835
20
0.3250375590551181
11
0.1342657874015748
21
0.3258522047244095
0
LINE
8
BLACK
6
CONTINUOUS
10
0.1342657874015748
20
0.3258522047244095
11
0.1353301968503937
21
0.3262931102362205
0
LINE
8
BLACK
6
CONTINUOUS
10
0.1353301968503937
20
0.3262931102362205
11
0.1364823228346457
21
0.3262931102362205
0
LINE
8
BLACK
6
CONTINUOUS
10
0.1364823228346457
20
0.3262931102362205
11
0.1375467322834646
21
0.3258522047244095
0
LINE
8
BLACK
6
CONTINUOUS
10
0.1817454330708661
20
0.4594958267716535
11
0.1828107874015748
21
0.4584304724409449
0
LINE
8
BLACK
6
CONTINUOUS
10
0.1828107874015748
20
0.4584304724409449
11
0.1829606299212598
21
0.4576771653543307
0
LINE
8
BLACK
6
CONTINUOUS
10
0.1829606299212598
20
0.4576771653543307
11
0.1829606299212598
21
0.1328740157480315
0
LINE
8
BLACK
6
CONTINUOUS
10
0.1829606299212598
20
0.1328740157480315
11
0.1828107874015748
21
0.1321207086614173
0
LINE
8
BLACK
6
CONTINUOUS
10
0.1828107874015748
20
0.1321207086614173
11
0.1817454330708661
21
0.1310553543307087
0
LINE
8
BLACK
6
CONTINUOUS
10
0.1817454330708661
20
0.1310553543307087
11
0.180992125984252
21
0.1309055118110236
0
LINE
8
BLACK
6
CONTINUOUS
10
0.180992125984252
20
0.1309055118110236
11
0.0215433070866142
21
0.1309055118110236
0
LINE
8
BLACK
6
CONTINUOUS
10
0.0215433070866142
20
0.1309055118110236
11
0.02079
21
0.1310553543307087
0
LINE
8
BLACK
6
CONTINUOUS
10
0.02079
20
0.1310553543307087
11
0.0197246456692913
21
0.1321207086614173
0
LINE
8
BLACK
6
CONTINUOUS
10
0.0197246456692913
20
0.1321207086614173
11
0.0195748031496063
21
0.1328740157480315
0
LINE
8
BLACK
6
CONTINUOUS
10
0.0195748031496063
20
0.1328740157480315
11
0.0195748031496063
21
0.4576771653543307
0
LINE
8
BLACK
6
CONTINUOUS
10
0.0195748031496063
20
0.4576771653543307
11
0.0197246456692913
21
0.4584304724409449
0
LINE
8
BLACK
6
CONTINUOUS
10
0.0197246456692913
20
0.4584304724409449
11
0.02079
21
0.4594958267716535
0
LINE
8
BLACK
6
CONTINUOUS
10
0.02079
20
0.4594958267716535
11
0.0215433070866142
21
0.4596456692913386
0
LINE
8
BLACK
6
CONTINUOUS
10
0.0215433070866142
20
0.4596456692913386
11
0.180992125984252
21
0.4596456692913386
0
LINE
8
BLACK
6
CONTINUOUS
10
0.180992125984252
20
0.4596456692913386
11
0.1817454330708661
21
0.4594958267716535
0
LINE
8
BLACK
6
CONTINUOUS
10
0.023511811023622
20
0.4557086614173228
11
0.023511811023622
21
0.1348425196850394
0
LINE
8
BLACK
6
CONTINUOUS
10
0.023511811023622
20
0.1348425196850394
11
0.1790236220472441
21
0.1348425196850394
0
LINE
8
BLACK
6
CONTINUOUS
10
0.1790236220472441
20
0.1348425196850394
11
0.1790236220472441
21
0.2007527165354331
0
LINE
8
BLACK
6
CONTINUOUS
10
0.1790236220472441
20
0.2007527165354331
11
0.1520167322834646
21
0.2198494094488189
0
LINE
8
BLACK
6
CONTINUOUS
10
0.1520167322834646
20
0.2198494094488189
11
0.1514881889763779
21
0.2204066929133858
0
LINE
8
BLACK
6
CONTINUOUS
10
0.1514881889763779
20
0.2204066929133858
11
0.1514304330708661
21
0.2207431102362205
0
LINE
8
BLACK
6
CONTINUOUS
10
0.1514304330708661
20
0.2207431102362205
11
0.1512334251968504
21
0.2210217716535433
0
LINE
8
BLACK
6
CONTINUOUS
10
0.1512334251968504
20
0.2210217716535433
11
0.151308031496063
21
0.2214566929133858
0
LINE
8
BLACK
6
CONTINUOUS
10
0.151308031496063
20
0.2214566929133858
11
0.1512334251968504
21
0.2218916141732283
0
LINE
8
BLACK
6
CONTINUOUS
10
0.1512334251968504
20
0.2218916141732283
11
0.1514304330708661
21
0.2221703149606299
0
LINE
8
BLACK
6
CONTINUOUS
10
0.1514304330708661
20
0.2221703149606299
11
0.1514881889763779
21
0.2225066929133858
0
LINE
8
BLACK
6
CONTINUOUS
10
0.1514881889763779
20
0.2225066929133858
11
0.1520167322834646
21
0.2230639763779527
0
LINE
8
BLACK
6
CONTINUOUS
10
0.1520167322834646
20
0.2230639763779527
11
0.1790236220472441
21
0.2421607086614173
0
LINE
8
BLACK
6
CONTINUOUS
10
0.1790236220472441
20
0.2421607086614173
11
0.1790236220472441
21
0.4557086614173228
0
LINE
8
BLACK
6
CONTINUOUS
10
0.1790236220472441
20
0.4557086614173228
11
0.023511811023622
21
0.4557086614173228
0
LINE
8
BLACK
6
CONTINUOUS
10
0.1565628346456693
20
0.2214566929133858
11
0.1790236220472441
21
0.2055745669291339
0
LINE
8
BLACK
6
CONTINUOUS
10
0.1790236220472441
20
0.2055745669291339
11
0.1790236220472441
21
0.2373388582677165
0
LINE
8
BLACK
6
CONTINUOUS
10
0.1790236220472441
20
0.2373388582677165
11
0.1565628346456693
21
0.2214566929133858
0
LINE
8
BLACK
6
CONTINUOUS
10
0.5810076771653543
20
0.2212803543307087
11
0.581365
21
0.2202084251968504
0
LINE
8
BLACK
6
CONTINUOUS
10
0.581365
20
0.2202084251968504
11
0.5812128740157481
21
0.2196527952755905
0
LINE
8
BLACK
6
CONTINUOUS
10
0.5812128740157481
20
0.2196527952755905
11
0.5802755118110237
21
0.2177780708661417
0
LINE
8
BLACK
6
CONTINUOUS
10
0.5802755118110237
20
0.2177780708661417
11
0.5801303937007873
21
0.2175911023622047
0
LINE
8
BLACK
6
CONTINUOUS
10
0.5801303937007873
20
0.2175911023622047
11
0.579998937007874
21
0.2173943307086614
0
LINE
8
BLACK
6
CONTINUOUS
10
0.579998937007874
20
0.2173943307086614
11
0.5787698031496062
21
0.216165157480315
0
LINE
8
BLACK
6
CONTINUOUS
10
0.5787698031496062
20
0.216165157480315
11
0.5924767322834645
21
0.216165157480315
0
LINE
8
BLACK
6
CONTINUOUS
10
0.5924767322834645
20
0.216165157480315
11
0.5924767322834645
21
0.2203130708661417
0
LINE
8
BLACK
6
CONTINUOUS
10
0.5924767322834645
20
0.2203130708661417
11
0.5925891338582677
21
0.2208780708661417
0
LINE
8
BLACK
6
CONTINUOUS
10
0.5925891338582677
20
0.2208780708661417
11
0.5933881102362205
21
0.2216770472440945
0
LINE
8
BLACK
6
CONTINUOUS
10
0.5933881102362205
20
0.2216770472440945
11
0.5945181102362205
21
0.2216770472440945
0
LINE
8
BLACK
6
CONTINUOUS
10
0.5945181102362205
20
0.2216770472440945
11
0.5953170866141733
21
0.2208780708661417
0
LINE
8
BLACK
6
CONTINUOUS
10
0.5953170866141733
20
0.2208780708661417
11
0.5954294881889763
21
0.2203130708661417
0
LINE
8
BLACK
6
CONTINUOUS
10
0.5954294881889763
20
0.2203130708661417
11
0.5954294881889763
21
0.2090644881889764
0
LINE
8
BLACK
6
CONTINUOUS
10
0.5954294881889763
20
0.2090644881889764
11
0.5953170866141733
21
0.2084994881889764
0
LINE
8
BLACK
6
CONTINUOUS
10
0.5953170866141733
20
0.2084994881889764
11
0.5945181102362205
21
0.2077005118110236
0
LINE
8
BLACK
6
CONTINUOUS
10
0.5945181102362205
20
0.2077005118110236
11
0.5933881102362205
21
0.2077005118110236
0
LINE
8
BLACK
6
CONTINUOUS
10
0.5933881102362205
20
0.2077005118110236
11
0.5925891338582677
21
0.2084994881889764
0
LINE
8
BLACK
6
CONTINUOUS
10
0.5925891338582677
20
0.2084994881889764
11
0.5924767322834645
21
0.2090644881889764
0
LINE
8
BLACK
6
CONTINUOUS
10
0.5924767322834645
20
0.2090644881889764
11
0.5924767322834645
21
0.2132124015748031
0
LINE
8
BLACK
6
CONTINUOUS
10
0.5924767322834645
20
0.2132124015748031
11
0.5742680708661417
21
0.2132124015748031
0
LINE
8
BLACK
6
CONTINUOUS
10
0.5742680708661417
20
0.2132124015748031
11
0.5737030708661417
21
0.2133248031496063
0
LINE
8
BLACK
6
CONTINUOUS
10
0.5737030708661417
20
0.2133248031496063
11
0.5735955905511811
21
0.2134322834645669
0
LINE
8
BLACK
6
CONTINUOUS
10
0.5735955905511811
20
0.2134322834645669
11
0.5734465748031496
21
0.2134620866141732
0
LINE
8
BLACK
6
CONTINUOUS
10
0.5734465748031496
20
0.2134620866141732
11
0.5732081102362204
21
0.2138197637795275
0
LINE
8
BLACK
6
CONTINUOUS
10
0.5732081102362204
20
0.2138197637795275
11
0.5729040944881889
21
0.214123779527559
0
LINE
8
BLACK
6
CONTINUOUS
10
0.5729040944881889
20
0.214123779527559
11
0.5729040944881889
21
0.2142758267716535
0
LINE
8
BLACK
6
CONTINUOUS
10
0.5729040944881889
20
0.2142758267716535
11
0.5728197637795276
21
0.2144022834645669
0
LINE
8
BLACK
6
CONTINUOUS
10
0.5728197637795276
20
0.2144022834645669
11
0.5729040944881889
21
0.214823937007874
0
LINE
8
BLACK
6
CONTINUOUS
10
0.5729040944881889
20
0.214823937007874
11
0.5729040944881889
21
0.2152537795275591
0
LINE
8
BLACK
6
CONTINUOUS
10
0.5729040944881889
20
0.2152537795275591
11
0.5730115354330708
21
0.2153612598425197
0
LINE
8
BLACK
6
CONTINUOUS
10
0.5730115354330708
20
0.2153612598425197
11
0.5730413779527559
21
0.2155102755905512
0
LINE
8
BLACK
6
CONTINUOUS
10
0.5730413779527559
20
0.2155102755905512
11
0.5734491338582677
21
0.2159172047244095
0
LINE
8
BLACK
6
CONTINUOUS
10
0.5734491338582677
20
0.2159172047244095
11
0.5761395275590551
21
0.2177108267716535
0
LINE
8
BLACK
6
CONTINUOUS
10
0.5761395275590551
20
0.2177108267716535
11
0.5777416141732283
21
0.2193129133858268
0
LINE
8
BLACK
6
CONTINUOUS
10
0.5777416141732283
20
0.2193129133858268
11
0.5785718503937007
21
0.2209733070866142
0
LINE
8
BLACK
6
CONTINUOUS
10
0.5785718503937007
20
0.2209733070866142
11
0.5789250393700788
21
0.2214283858267717
0
LINE
8
BLACK
6
CONTINUOUS
10
0.5789250393700788
20
0.2214283858267717
11
0.579996968503937
21
0.2217857086614173
0
LINE
8
BLACK
6
CONTINUOUS
10
0.579996968503937
20
0.2217857086614173
11
0.5810076771653543
21
0.2212803543307087
0
LINE
8
BLACK
6
CONTINUOUS
10
0.5875688976377953
20
0.2423766141732283
11
0.5877494881889763
21
0.2423677952755905
0
LINE
8
BLACK
6
CONTINUOUS
10
0.5877494881889763
20
0.2423677952755905
11
0.5914990157480314
21
0.2414304330708661
0
LINE
8
BLACK
6
CONTINUOUS
10
0.5914990157480314
20
0.2414304330708661
11
0.5916435039370078
21
0.2413621653543307
0
LINE
8
BLACK
6
CONTINUOUS
10
0.5916435039370078
20
0.2413621653543307
11
0.591705905511811
21
0.2413621653543307
0
LINE
8
BLACK
6
CONTINUOUS
10
0.591705905511811
20
0.2413621653543307
11
0.5918564173228347
21
0.2412616141732283
0
LINE
8
BLACK
6
CONTINUOUS
10
0.5918564173228347
20
0.2412616141732283
11
0.5920198818897637
21
0.2411843700787402
0
LINE
8
BLACK
6
CONTINUOUS
10
0.5920198818897637
20
0.2411843700787402
11
0.5920518897637795
21
0.2411309842519685
0
LINE
8
BLACK
6
CONTINUOUS
10
0.5920518897637795
20
0.2411309842519685
11
0.5921848818897638
21
0.241042125984252
0
LINE
8
BLACK
6
CONTINUOUS
10
0.5921848818897638
20
0.241042125984252
11
0.59405968503937
21
0.2391673622047244
0
LINE
8
BLACK
6
CONTINUOUS
10
0.59405968503937
20
0.2391673622047244
11
0.5941911417322835
21
0.2389706299212598
0
LINE
8
BLACK
6
CONTINUOUS
10
0.5941911417322835
20
0.2389706299212598
11
0.5943362598425197
21
0.2387836220472441
0
LINE
8
BLACK
6
CONTINUOUS
10
0.5943362598425197
20
0.2387836220472441
11
0.5952736220472441
21
0.2369088976377953
0
LINE
8
BLACK
6
CONTINUOUS
10
0.5952736220472441
20
0.2369088976377953
11
0.5952931496062992
21
0.2368375590551181
0
LINE
8
BLACK
6
CONTINUOUS
10
0.5952931496062992
20
0.2368375590551181
11
0.5953170866141733
21
0.2368136220472441
0
LINE
8
BLACK
6
CONTINUOUS
10
0.5953170866141733
20
0.2368136220472441
11
0.5953632677165355
21
0.2365814566929134
0
LINE
8
BLACK
6
CONTINUOUS
10
0.5953632677165355
20
0.2365814566929134
11
0.5954257480314961
21
0.2363532677165354
0
LINE
8
BLACK
6
CONTINUOUS
10
0.5954257480314961
20
0.2363532677165354
11
0.5954150393700788
21
0.2363212204724409
0
LINE
8
BLACK
6
CONTINUOUS
10
0.5954150393700788
20
0.2363212204724409
11
0.5954294881889763
21
0.2362486220472441
0
LINE
8
BLACK
6
CONTINUOUS
10
0.5954294881889763
20
0.2362486220472441
11
0.5954294881889763
21
0.232499094488189
0
LINE
8
BLACK
6
CONTINUOUS
10
0.5954294881889763
20
0.232499094488189
11
0.5954150393700788
21
0.2324265354330709
0
LINE
8
BLACK
6
CONTINUOUS
10
0.5954150393700788
20
0.2324265354330709
11
0.5954257480314961
21
0.2323944488188976
0
LINE
8
BLACK
6
CONTINUOUS
10
0.5954257480314961
20
0.2323944488188976
11
0.5953632677165355
21
0.2321662992125984
0
LINE
8
BLACK
6
CONTINUOUS
10
0.5953632677165355
20
0.2321662992125984
11
0.5953170866141733
21
0.231934094488189
0
LINE
8
BLACK
6
CONTINUOUS
10
0.5953170866141733
20
0.231934094488189
11
0.5952931496062992
21
0.2319101968503937
0
LINE
8
BLACK
6
CONTINUOUS
10
0.5952931496062992
20
0.2319101968503937
11
0.5952736220472441
21
0.2318388188976378
0
LINE
8
BLACK
6
CONTINUOUS
10
0.5952736220472441
20
0.2318388188976378
11
0.5948121259842519
21
0.230915905511811
0
LINE
8
BLACK
6
CONTINUOUS
10
0.5948121259842519
20
0.230915905511811
11
0.5959344488188977
21
0.2297935433070866
0
LINE
8
BLACK
6
CONTINUOUS
10
0.5959344488188977
20
0.2297935433070866
11
0.596065905511811
21
0.229596811023622
0
LINE
8
BLACK
6
CONTINUOUS
10
0.596065905511811
20
0.229596811023622
11
0.5962110236220473
21
0.2294098031496063
0
LINE
8
BLACK
6
CONTINUOUS
10
0.5962110236220473
20
0.2294098031496063
11
0.5971483858267717
21
0.2275350787401575
0
LINE
8
BLACK
6
CONTINUOUS
10
0.5971483858267717
20
0.2275350787401575
11
0.5973005118110236
21
0.2269794488188976
0
LINE
8
BLACK
6
CONTINUOUS
10
0.5973005118110236
20
0.2269794488188976
11
0.596943188976378
21
0.2259075196850394
0
LINE
8
BLACK
6
CONTINUOUS
10
0.596943188976378
20
0.2259075196850394
11
0.5959324803149606
21
0.2254021653543307
0
LINE
8
BLACK
6
CONTINUOUS
10
0.5959324803149606
20
0.2254021653543307
11
0.5948605511811024
21
0.2257594881889764
0
LINE
8
BLACK
6
CONTINUOUS
10
0.5948605511811024
20
0.2257594881889764
11
0.5945073622047244
21
0.2262145669291339
0
LINE
8
BLACK
6
CONTINUOUS
10
0.5945073622047244
20
0.2262145669291339
11
0.5936771259842519
21
0.227875
0
LINE
8
BLACK
6
CONTINUOUS
10
0.5936771259842519
20
0.227875
11
0.5930157086614173
21
0.2285364566929134
0
LINE
8
BLACK
6
CONTINUOUS
10
0.5930157086614173
20
0.2285364566929134
11
0.5921848818897638
21
0.2277055905511811
0
LINE
8
BLACK
6
CONTINUOUS
10
0.5921848818897638
20
0.2277055905511811
11
0.5920518897637795
21
0.2276167716535433
0
LINE
8
BLACK
6
CONTINUOUS
10
0.5920518897637795
20
0.2276167716535433
11
0.5920198818897637
21
0.2275633464566929
0
LINE
8
BLACK
6
CONTINUOUS
10
0.5920198818897637
20
0.2275633464566929
11
0.5918564173228347
21
0.2274861417322835
0
LINE
8
BLACK
6
CONTINUOUS
10
0.5918564173228347
20
0.2274861417322835
11
0.591705905511811
21
0.2273855511811023
0
LINE
8
BLACK
6
CONTINUOUS
10
0.591705905511811
20
0.2273855511811023
11
0.5916435039370078
21
0.2273855905511811
0
LINE
8
BLACK
6
CONTINUOUS
10
0.5916435039370078
20
0.2273855905511811
11
0.5914990157480314
21
0.2273172834645669
0
LINE
8
BLACK
6
CONTINUOUS
10
0.5914990157480314
20
0.2273172834645669
11
0.5877494881889763
21
0.2263798818897638
0
LINE
8
BLACK
6
CONTINUOUS
10
0.5877494881889763
20
0.2263798818897638
11
0.5875688976377953
21
0.2263711023622047
0
LINE
8
BLACK
6
CONTINUOUS
10
0.5875688976377953
20
0.2263711023622047
11
0.5873914173228346
21
0.2263357874015748
0
LINE
8
BLACK
6
CONTINUOUS
10
0.5873914173228346
20
0.2263357874015748
11
0.5808297637795276
21
0.2263357874015748
0
LINE
8
BLACK
6
CONTINUOUS
10
0.5808297637795276
20
0.2263357874015748
11
0.5806522440944881
21
0.2263711023622047
0
LINE
8
BLACK
6
CONTINUOUS
10
0.5806522440944881
20
0.2263711023622047
11
0.5804716929133859
21
0.2263798818897638
0
LINE
8
BLACK
6
CONTINUOUS
10
0.5804716929133859
20
0.2263798818897638
11
0.5767221653543307
21
0.2273172834645669
0
LINE
8
BLACK
6
CONTINUOUS
10
0.5767221653543307
20
0.2273172834645669
11
0.5765775590551181
21
0.2273855905511811
0
LINE
8
BLACK
6
CONTINUOUS
10
0.5765775590551181
20
0.2273855905511811
11
0.5765152755905512
21
0.2273855905511811
0
LINE
8
BLACK
6
CONTINUOUS
10
0.5765152755905512
20
0.2273855905511811
11
0.5763648818897638
21
0.227486062992126
0
LINE
8
BLACK
6
CONTINUOUS
10
0.5763648818897638
20
0.227486062992126
11
0.5762012992125984
21
0.2275633464566929
0
LINE
8
BLACK
6
CONTINUOUS
10
0.5762012992125984
20
0.2275633464566929
11
0.5761692125984251
21
0.2276168110236221
0
LINE
8
BLACK
6
CONTINUOUS
10
0.5761692125984251
20
0.2276168110236221
11
0.5760362598425197
21
0.2277056299212598
0
LINE
8
BLACK
6
CONTINUOUS
10
0.5760362598425197
20
0.2277056299212598
11
0.5741614960629922
21
0.2295803543307087
0
LINE
8
BLACK
6
CONTINUOUS
10
0.5741614960629922
20
0.2295803543307087
11
0.5740299606299213
21
0.2297772047244094
0
LINE
8
BLACK
6
CONTINUOUS
10
0.5740299606299213
20
0.2297772047244094
11
0.5738849606299212
21
0.2299640551181102
0
LINE
8
BLACK
6
CONTINUOUS
10
0.5738849606299212
20
0.2299640551181102
11
0.5729475590551181
21
0.2318388188976378
0
LINE
8
BLACK
6
CONTINUOUS
10
0.5729475590551181
20
0.2318388188976378
11
0.5729279921259842
21
0.2319101968503937
0
LINE
8
BLACK
6
CONTINUOUS
10
0.5729279921259842
20
0.2319101968503937
11
0.5729040944881889
21
0.231934094488189
0
LINE
8
BLACK
6
CONTINUOUS
10
0.5729040944881889
20
0.231934094488189
11
0.5728578740157481
21
0.2321662992125984
0
LINE
8
BLACK
6
CONTINUOUS
10
0.5728578740157481
20
0.2321662992125984
11
0.5727954330708661
21
0.2323944488188976
0
LINE
8
BLACK
6
CONTINUOUS
10
0.5727954330708661
20
0.2323944488188976
11
0.5728061023622047
21
0.2324265748031496
0
LINE
8
BLACK
6
CONTINUOUS
10
0.5728061023622047
20
0.2324265748031496
11
0.5727916929133858
21
0.232499094488189
0
LINE
8
BLACK
6
CONTINUOUS
10
0.5727916929133858
20
0.232499094488189
11
0.5727916929133858
21
0.2362486220472441
0
LINE
8
BLACK
6
CONTINUOUS
10
0.5727916929133858
20
0.2362486220472441
11
0.5728061023622047
21
0.2363211811023622
0
LINE
8
BLACK
6
CONTINUOUS
10
0.5728061023622047
20
0.2363211811023622
11
0.5727954330708661
21
0.2363532677165354
0
LINE
8
BLACK
6
CONTINUOUS
10
0.5727954330708661
20
0.2363532677165354
11
0.5728578740157481
21
0.2365814566929134
0
LINE
8
BLACK
6
CONTINUOUS
10
0.5728578740157481
20
0.2365814566929134
11
0.5729040944881889
21
0.2368136220472441
0
LINE
8
BLACK
6
CONTINUOUS
10
0.5729040944881889
20
0.2368136220472441
11
0.5729279921259842
21
0.2368375590551181
0
LINE
8
BLACK
6
CONTINUOUS
10
0.5729279921259842
20
0.2368375590551181
11
0.5729475590551181
21
0.2369088976377953
0
LINE
8
BLACK
6
CONTINUOUS
10
0.5729475590551181
20
0.2369088976377953
11
0.5738849606299212
21
0.2387836614173228
0
LINE
8
BLACK
6
CONTINUOUS
10
0.5738849606299212
20
0.2387836614173228
11
0.5740299606299213
21
0.2389705511811024
0
LINE
8
BLACK
6
CONTINUOUS
10
0.5740299606299213
20
0.2389705511811024
11
0.5741614960629922
21
0.2391673622047244
0
LINE
8
BLACK
6
CONTINUOUS
10
0.5741614960629922
20
0.2391673622047244
11
0.5760362598425197
21
0.2410420866141732
0
LINE
8
BLACK
6
CONTINUOUS
10
0.5760362598425197
20
0.2410420866141732
11
0.5761692125984251
21
0.2411309448818898
0
LINE
8
BLACK
6
CONTINUOUS
10
0.5761692125984251
20
0.2411309448818898
11
0.5762012992125984
21
0.2411843700787402
0
LINE
8
BLACK
6
CONTINUOUS
10
0.5762012992125984
20
0.2411843700787402
11
0.5763648818897638
21
0.2412616929133858
0
LINE
8
BLACK
6
CONTINUOUS
10
0.5763648818897638
20
0.2412616929133858
11
0.5765152755905512
21
0.241362125984252
0
LINE
8
BLACK
6
CONTINUOUS
10
0.5765152755905512
20
0.241362125984252
11
0.5765775590551181
21
0.241362125984252
0
LINE
8
BLACK
6
CONTINUOUS
10
0.5765775590551181
20
0.241362125984252
11
0.5767221653543307
21
0.2414304330708661
0
LINE
8
BLACK
6
CONTINUOUS
10
0.5767221653543307
20
0.2414304330708661
11
0.5804716929133859
21
0.2423677952755905
0
LINE
8
BLACK
6
CONTINUOUS
10
0.5804716929133859
20
0.2423677952755905
11
0.5806522440944881
21
0.2423766141732283
0
LINE
8
BLACK
6
CONTINUOUS
10
0.5806522440944881
20
0.2423766141732283
11
0.5808297637795276
21
0.2424118897637795
0
LINE
8
BLACK
6
CONTINUOUS
10
0.5808297637795276
20
0.2424118897637795
11
0.5873914173228346
21
0.2424118897637795
0
LINE
8
BLACK
6
CONTINUOUS
10
0.5873914173228346
20
0.2424118897637795
11
0.5875688976377953
21
0.2423766141732283
0
LINE
8
BLACK
6
CONTINUOUS
10
0.5778350393700787
20
0.2386650787401575
11
0.576418779527559
21
0.2372488188976378
0
LINE
8
BLACK
6
CONTINUOUS
10
0.576418779527559
20
0.2372488188976378
11
0.5757444488188976
21
0.2359000787401575
0
LINE
8
BLACK
6
CONTINUOUS
10
0.5757444488188976
20
0.2359000787401575
11
0.5757444488188976
21
0.2328476771653543
0
LINE
8
BLACK
6
CONTINUOUS
10
0.5757444488188976
20
0.2328476771653543
11
0.576418779527559
21
0.231498937007874
0
LINE
8
BLACK
6
CONTINUOUS
10
0.576418779527559
20
0.231498937007874
11
0.5778350393700787
21
0.2300826771653543
0
LINE
8
BLACK
6
CONTINUOUS
10
0.5778350393700787
20
0.2300826771653543
11
0.5810114566929133
21
0.2292885433070866
0
LINE
8
BLACK
6
CONTINUOUS
10
0.5810114566929133
20
0.2292885433070866
11
0.5872097244094489
21
0.2292885433070866
0
LINE
8
BLACK
6
CONTINUOUS
10
0.5872097244094489
20
0.2292885433070866
11
0.5903861023622047
21
0.2300826771653543
0
LINE
8
BLACK
6
CONTINUOUS
10
0.5903861023622047
20
0.2300826771653543
11
0.5909277952755906
21
0.2306243700787401
0
LINE
8
BLACK
6
CONTINUOUS
10
0.5909277952755906
20
0.2306243700787401
11
0.5891596456692914
21
0.2323924803149606
0
LINE
8
BLACK
6
CONTINUOUS
10
0.5891596456692914
20
0.2323924803149606
11
0.5890282677165354
21
0.2325891338582677
0
LINE
8
BLACK
6
CONTINUOUS
10
0.5890282677165354
20
0.2325891338582677
11
0.5888830708661417
21
0.2327761811023622
0
LINE
8
BLACK
6
CONTINUOUS
10
0.5888830708661417
20
0.2327761811023622
11
0.5879456692913386
21
0.2346509448818898
0
LINE
8
BLACK
6
CONTINUOUS
10
0.5879456692913386
20
0.2346509448818898
11
0.5879261023622047
21
0.2347223228346457
0
LINE
8
BLACK
6
CONTINUOUS
10
0.5879261023622047
20
0.2347223228346457
11
0.5879022047244095
21
0.234746220472441
0
LINE
8
BLACK
6
CONTINUOUS
10
0.5879022047244095
20
0.234746220472441
11
0.5878559842519685
21
0.2349784251968504
0
LINE
8
BLACK
6
CONTINUOUS
10
0.5878559842519685
20
0.2349784251968504
11
0.5877935433070866
21
0.2352065748031496
0
LINE
8
BLACK
6
CONTINUOUS
10
0.5877935433070866
20
0.2352065748031496
11
0.5878042125984252
21
0.2352387007874016
0
LINE
8
BLACK
6
CONTINUOUS
10
0.5878042125984252
20
0.2352387007874016
11
0.5877898031496063
21
0.2353112204724409
0
LINE
8
BLACK
6
CONTINUOUS
10
0.5877898031496063
20
0.2353112204724409
11
0.5877898031496063
21
0.2371859842519685
0
LINE
8
BLACK
6
CONTINUOUS
10
0.5877898031496063
20
0.2371859842519685
11
0.5879022047244095
21
0.2377509842519685
0
LINE
8
BLACK
6
CONTINUOUS
10
0.5879022047244095
20
0.2377509842519685
11
0.5887011811023621
21
0.2385499606299213
0
LINE
8
BLACK
6
CONTINUOUS
10
0.5887011811023621
20
0.2385499606299213
11
0.5898311811023622
21
0.2385499606299213
0
LINE
8
BLACK
6
CONTINUOUS
10
0.5898311811023622
20
0.2385499606299213
11
0.590630157480315
21
0.2377509842519685
0
LINE
8
BLACK
6
CONTINUOUS
10
0.590630157480315
20
0.2377509842519685
11
0.5907425590551181
21
0.2371859842519685
0
LINE
8
BLACK
6
CONTINUOUS
10
0.5907425590551181
20
0.2371859842519685
11
0.5907425590551181
21
0.2356598031496063
0
LINE
8
BLACK
6
CONTINUOUS
10
0.5907425590551181
20
0.2356598031496063
11
0.5914169291338582
21
0.2343110236220472
0
LINE
8
BLACK
6
CONTINUOUS
10
0.5914169291338582
20
0.2343110236220472
11
0.5924767322834645
21
0.2332512598425197
0
LINE
8
BLACK
6
CONTINUOUS
10
0.5924767322834645
20
0.2332512598425197
11
0.5924767322834645
21
0.235900157480315
0
LINE
8
BLACK
6
CONTINUOUS
10
0.5924767322834645
20
0.235900157480315
11
0.5918023622047244
21
0.2372488188976378
0
LINE
8
BLACK
6
CONTINUOUS
10
0.5918023622047244
20
0.2372488188976378
11
0.5903861023622047
21
0.2386650787401575
0
LINE
8
BLACK
6
CONTINUOUS
10
0.5903861023622047
20
0.2386650787401575
11
0.5872097244094489
21
0.2394591338582677
0
LINE
8
BLACK
6
CONTINUOUS
10
0.5872097244094489
20
0.2394591338582677
11
0.5810114566929133
21
0.2394591338582677
0
LINE
8
BLACK
6
CONTINUOUS
10
0.5810114566929133
20
0.2394591338582677
11
0.5778350393700787
21
0.2386650787401575
0
LINE
8
BLACK
6
CONTINUOUS
10
0.5916588188976378
20
0.2866611811023622
11
0.5916722047244094
21
0.2866477952755905
0
LINE
8
BLACK
6
CONTINUOUS
10
0.5916722047244094
20
0.2866477952755905
11
0.5916911811023622
21
0.2866474409448819
0
LINE
8
BLACK
6
CONTINUOUS
10
0.5916911811023622
20
0.2866474409448819
11
0.5923220866141732
21
0.2862093700787401
0
LINE
8
BLACK
6
CONTINUOUS
10
0.5923220866141732
20
0.2862093700787401
11
0.6139756299212599
21
0.2637684251968504
0
LINE
8
BLACK
6
CONTINUOUS
10
0.6139756299212599
20
0.2637684251968504
11
0.6143558661417323
21
0.2631767322834646
0
LINE
8
BLACK
6
CONTINUOUS
10
0.6143558661417323
20
0.2631767322834646
11
0.614377716535433
21
0.2631548818897638
0
LINE
8
BLACK
6
CONTINUOUS
10
0.614377716535433
20
0.2631548818897638
11
0.6143811811023622
21
0.2631373228346456
0
LINE
8
BLACK
6
CONTINUOUS
10
0.6143811811023622
20
0.2631373228346456
11
0.6143908661417322
21
0.2631222834645669
0
LINE
8
BLACK
6
CONTINUOUS
10
0.6143908661417322
20
0.2631222834645669
11
0.6143903149606299
21
0.2630915354330708
0
LINE
8
BLACK
6
CONTINUOUS
10
0.6143903149606299
20
0.2630915354330708
11
0.6145275590551181
21
0.2624015748031496
0
LINE
8
BLACK
6
CONTINUOUS
10
0.6145275590551181
20
0.2624015748031496
11
0.6145275590551181
21
0.1659448818897638
0
LINE
8
BLACK
6
CONTINUOUS
10
0.6145275590551181
20
0.1659448818897638
11
0.614377716535433
21
0.1651915748031496
0
LINE
8
BLACK
6
CONTINUOUS
10
0.614377716535433
20
0.1651915748031496
11
0.614377716535433
21
0.1644041732283464
0
LINE
8
BLACK
6
CONTINUOUS
10
0.614377716535433
20
0.1644041732283464
11
0.6133123622047244
21
0.1633388188976378
0
LINE
8
BLACK
6
CONTINUOUS
10
0.6133123622047244
20
0.1633388188976378
11
0.6125590551181103
21
0.1631889763779528
0
LINE
8
BLACK
6
CONTINUOUS
10
0.6125590551181103
20
0.1631889763779528
11
0.5574409448818898
21
0.1631889763779528
0
LINE
8
BLACK
6
CONTINUOUS
10
0.5574409448818898
20
0.1631889763779528
11
0.5566876377952755
21
0.1633388188976378
0
LINE
8
BLACK
6
CONTINUOUS
10
0.5566876377952755
20
0.1633388188976378
11
0.5556222834645669
21
0.1644041732283464
0
LINE
8
BLACK
6
CONTINUOUS
10
0.5556222834645669
20
0.1644041732283464
11
0.5554724409448819
21
0.1651574803149606
0
LINE
8
BLACK
6
CONTINUOUS
10
0.5554724409448819
20
0.1651574803149606
11
0.5554724409448819
21
0.2848425196850394
0
LINE
8
BLACK
6
CONTINUOUS
10
0.5554724409448819
20
0.2848425196850394
11
0.5556222834645669
21
0.2855958267716535
0
LINE
8
BLACK
6
CONTINUOUS
10
0.5556222834645669
20
0.2855958267716535
11
0.5566876377952755
21
0.2866611811023622
0
LINE
8
BLACK
6
CONTINUOUS
10
0.5566876377952755
20
0.2866611811023622
11
0.5574409448818898
21
0.2868110236220472
0
LINE
8
BLACK
6
CONTINUOUS
10
0.5574409448818898
20
0.2868110236220472
11
0.5909055118110236
21
0.2868110236220472
0
LINE
8
BLACK
6
CONTINUOUS
10
0.5909055118110236
20
0.2868110236220472
11
0.5916588188976378
21
0.2866611811023622
0
LINE
8
BLACK
6
CONTINUOUS
10
0.5594094488188976
20
0.2828740157480315
11
0.5594094488188976
21
0.1671259842519685
0
LINE
8
BLACK
6
CONTINUOUS
10
0.5594094488188976
20
0.1671259842519685
11
0.6105905511811024
21
0.1671259842519685
0
LINE
8
BLACK
6
CONTINUOUS
10
0.6105905511811024
20
0.1671259842519685
11
0.6105905511811024
21
0.2616066929133858
0
LINE
8
BLACK
6
CONTINUOUS
10
0.6105905511811024
20
0.2616066929133858
11
0.5900694881889763
21
0.2828740157480315
0
LINE
8
BLACK
6
CONTINUOUS
10
0.5900694881889763
20
0.2828740157480315
11
0.5594094488188976
21
0.2828740157480315
0
LINE
8
BLACK
6
CONTINUOUS
10
0.4671707480314961
20
0.2087205511811024
11
0.4673651574803149
21
0.2087205511811024
0
LINE
8
BLACK
6
CONTINUOUS
10
0.4673651574803149
20
0.2087205511811024
11
0.4675595669291339
21
0.2085261417322835
0
LINE
8
BLACK
6
CONTINUOUS
10
0.4675595669291339
20
0.2085261417322835
11
0.4678053937007874
21
0.2084032283464567
0
LINE
8
BLACK
6
CONTINUOUS
10
0.4678053937007874
20
0.2084032283464567
11
0.4678668503937008
21
0.2082188582677165
0
LINE
8
BLACK
6
CONTINUOUS
10
0.4678668503937008
20
0.2082188582677165
11
0.4680043307086614
21
0.2080813779527559
0
LINE
8
BLACK
6
CONTINUOUS
10
0.4680043307086614
20
0.2080813779527559
11
0.4680942519685039
21
0.2076293700787402
0
LINE
8
BLACK
6
CONTINUOUS
10
0.4680942519685039
20
0.2076293700787402
11
0.4680942519685039
21
0.2013114173228346
0
LINE
8
BLACK
6
CONTINUOUS
10
0.4680942519685039
20
0.2013114173228346
11
0.4721624803149606
21
0.2013114173228346
0
LINE
8
BLACK
6
CONTINUOUS
10
0.4721624803149606
20
0.2013114173228346
11
0.4726144881889764
21
0.2012214960629921
0
LINE
8
BLACK
6
CONTINUOUS
10
0.4726144881889764
20
0.2012214960629921
11
0.4732536614173228
21
0.2005823228346457
0
LINE
8
BLACK
6
CONTINUOUS
10
0.4732536614173228
20
0.2005823228346457
11
0.4732536614173228
21
0.1996783070866142
0
LINE
8
BLACK
6
CONTINUOUS
10
0.4732536614173228
20
0.1996783070866142
11
0.4726144881889764
21
0.1990391338582677
0
LINE
8
BLACK
6
CONTINUOUS
10
0.4726144881889764
20
0.1990391338582677
11
0.4721624803149606
21
0.1989492125984252
0
LINE
8
BLACK
6
CONTINUOUS
10
0.4721624803149606
20
0.1989492125984252
11
0.4680942519685039
21
0.1989492125984252
0
LINE
8
BLACK
6
CONTINUOUS
10
0.4680942519685039
20
0.1989492125984252
11
0.4680942519685039
21
0.1978805905511811
0
LINE
8
BLACK
6
CONTINUOUS
10
0.4680942519685039
20
0.1978805905511811
11
0.4680043307086614
21
0.1974285826771653
0
LINE
8
BLACK
6
CONTINUOUS
10
0.4680043307086614
20
0.1974285826771653
11
0.4673651574803149
21
0.1967894094488189
0
LINE
8
BLACK
6
CONTINUOUS
10
0.4673651574803149
20
0.1967894094488189
11
0.4664611417322835
21
0.1967894094488189
0
LINE
8
BLACK
6
CONTINUOUS
10
0.4664611417322835
20
0.1967894094488189
11
0.465821968503937
21
0.1974285826771653
0
LINE
8
BLACK
6
CONTINUOUS
10
0.465821968503937
20
0.1974285826771653
11
0.4657320472440945
21
0.1978805905511811
0
LINE
8
BLACK
6
CONTINUOUS
10
0.4657320472440945
20
0.1978805905511811
11
0.4657320472440945
21
0.1989492125984252
0
LINE
8
BLACK
6
CONTINUOUS
10
0.4657320472440945
20
0.1989492125984252
11
0.461663779527559
21
0.1989492125984252
0
LINE
8
BLACK
6
CONTINUOUS
10
0.461663779527559
20
0.1989492125984252
11
0.4612117716535433
21
0.1990391338582677
0
LINE
8
BLACK
6
CONTINUOUS
10
0.4612117716535433
20
0.1990391338582677
11
0.4605725984251968
21
0.1996783070866142
0
LINE
8
BLACK
6
CONTINUOUS
10
0.4605725984251968
20
0.1996783070866142
11
0.4605725984251968
21
0.2005823228346457
0
LINE
8
BLACK
6
CONTINUOUS
10
0.4605725984251968
20
0.2005823228346457
11
0.4612117716535433
21
0.2012214960629921
0
LINE
8
BLACK
6
CONTINUOUS
10
0.4612117716535433
20
0.2012214960629921
11
0.461663779527559
21
0.2013114173228346
0
LINE
8
BLACK
6
CONTINUOUS
10
0.461663779527559
20
0.2013114173228346
11
0.4657320472440945
21
0.2013114173228346
0
LINE
8
BLACK
6
CONTINUOUS
10
0.4657320472440945
20
0.2013114173228346
11
0.4657320472440945
21
0.2059907086614173
0
LINE
8
BLACK
6
CONTINUOUS
10
0.4657320472440945
20
0.2059907086614173
11
0.4560380708661417
21
0.2027593700787401
0
LINE
8
BLACK
6
CONTINUOUS
10
0.4560380708661417
20
0.2027593700787401
11
0.4555808267716535
21
0.2027017322834646
0
LINE
8
BLACK
6
CONTINUOUS
10
0.4555808267716535
20
0.2027017322834646
11
0.4547723228346456
21
0.2031059842519685
0
LINE
8
BLACK
6
CONTINUOUS
10
0.4547723228346456
20
0.2031059842519685
11
0.4544864566929134
21
0.2039635826771654
0
LINE
8
BLACK
6
CONTINUOUS
10
0.4544864566929134
20
0.2039635826771654
11
0.4548907086614173
21
0.2047720866141732
0
LINE
8
BLACK
6
CONTINUOUS
10
0.4548907086614173
20
0.2047720866141732
11
0.455291062992126
21
0.2050003149606299
0
LINE
8
BLACK
6
CONTINUOUS
10
0.455291062992126
20
0.2050003149606299
11
0.4665396456692913
21
0.208749842519685
0
LINE
8
BLACK
6
CONTINUOUS
10
0.4665396456692913
20
0.208749842519685
11
0.4669968897637795
21
0.2088074803149606
0
LINE
8
BLACK
6
CONTINUOUS
10
0.4669968897637795
20
0.2088074803149606
11
0.4671707480314961
21
0.2087205511811024
0
LINE
8
BLACK
6
CONTINUOUS
10
0.4655553149606299
20
0.2245302755905512
11
0.4656998031496063
21
0.2245232283464567
0
LINE
8
BLACK
6
CONTINUOUS
10
0.4656998031496063
20
0.2245232283464567
11
0.4686994094488189
21
0.2237733070866142
0
LINE
8
BLACK
6
CONTINUOUS
10
0.4686994094488189
20
0.2237733070866142
11
0.4688163385826771
21
0.2237180708661417
0
LINE
8
BLACK
6
CONTINUOUS
10
0.4688163385826771
20
0.2237180708661417
11
0.4689411417322835
21
0.2236838976377953
0
LINE
8
BLACK
6
CONTINUOUS
10
0.4689411417322835
20
0.2236838976377953
11
0.4704409448818898
21
0.2229340157480315
0
LINE
8
BLACK
6
CONTINUOUS
10
0.4704409448818898
20
0.2229340157480315
11
0.4705904330708661
21
0.2228179921259842
0
LINE
8
BLACK
6
CONTINUOUS
10
0.4705904330708661
20
0.2228179921259842
11
0.4707479133858268
21
0.2227127559055118
0
LINE
8
BLACK
6
CONTINUOUS
10
0.4707479133858268
20
0.2227127559055118
11
0.4722477559055118
21
0.2212129921259842
0
LINE
8
BLACK
6
CONTINUOUS
10
0.4722477559055118
20
0.2212129921259842
11
0.4722806299212599
21
0.2211637795275591
0
LINE
8
BLACK
6
CONTINUOUS
10
0.4722806299212599
20
0.2211637795275591
11
0.472304842519685
21
0.2211516535433071
0
LINE
8
BLACK
6
CONTINUOUS
10
0.472304842519685
20
0.2211516535433071
11
0.4723986220472441
21
0.2209871653543307
0
LINE
8
BLACK
6
CONTINUOUS
10
0.4723986220472441
20
0.2209871653543307
11
0.4725037795275591
21
0.2208297637795276
0
LINE
8
BLACK
6
CONTINUOUS
10
0.4725037795275591
20
0.2208297637795276
11
0.4725037795275591
21
0.2208027559055118
0
LINE
8
BLACK
6
CONTINUOUS
10
0.4725037795275591
20
0.2208027559055118
11
0.4725331102362205
21
0.2207512992125984
0
LINE
8
BLACK
6
CONTINUOUS
10
0.4725331102362205
20
0.2207512992125984
11
0.4732829921259842
21
0.2185015354330709
0
LINE
8
BLACK
6
CONTINUOUS
10
0.4732829921259842
20
0.2185015354330709
11
0.4733066141732283
21
0.2183137401574803
0
LINE
8
BLACK
6
CONTINUOUS
10
0.4733066141732283
20
0.2183137401574803
11
0.4733435826771654
21
0.2181280708661417
0
LINE
8
BLACK
6
CONTINUOUS
10
0.4733435826771654
20
0.2181280708661417
11
0.4733435826771654
21
0.2166282283464567
0
LINE
8
BLACK
6
CONTINUOUS
10
0.4733435826771654
20
0.2166282283464567
11
0.4733066535433071
21
0.2164426377952756
0
LINE
8
BLACK
6
CONTINUOUS
10
0.4733066535433071
20
0.2164426377952756
11
0.4732829921259842
21
0.2162547244094488
0
LINE
8
BLACK
6
CONTINUOUS
10
0.4732829921259842
20
0.2162547244094488
11
0.4725331102362205
21
0.2140050393700787
0
LINE
8
BLACK
6
CONTINUOUS
10
0.4725331102362205
20
0.2140050393700787
11
0.4725038188976378
21
0.2139537007874016
0
LINE
8
BLACK
6
CONTINUOUS
10
0.4725038188976378
20
0.2139537007874016
11
0.4725038188976378
21
0.2139265748031496
0
LINE
8
BLACK
6
CONTINUOUS
10
0.4725038188976378
20
0.2139265748031496
11
0.4723985433070866
21
0.213769094488189
0
LINE
8
BLACK
6
CONTINUOUS
10
0.4723985433070866
20
0.213769094488189
11
0.472304842519685
21
0.2136046850393701
0
LINE
8
BLACK
6
CONTINUOUS
10
0.472304842519685
20
0.2136046850393701
11
0.4722805905511811
21
0.2135925984251968
0
LINE
8
BLACK
6
CONTINUOUS
10
0.4722805905511811
20
0.2135925984251968
11
0.4722477559055118
21
0.2135433858267717
0
LINE
8
BLACK
6
CONTINUOUS
10
0.4722477559055118
20
0.2135433858267717
11
0.4714978346456693
21
0.2127934645669291
0
LINE
8
BLACK
6
CONTINUOUS
10
0.4714978346456693
20
0.2127934645669291
11
0.4711146456692913
21
0.2125374409448819
0
LINE
8
BLACK
6
CONTINUOUS
10
0.4711146456692913
20
0.2125374409448819
11
0.4702107086614173
21
0.2125374409448819
0
LINE
8
BLACK
6
CONTINUOUS
10
0.4702107086614173
20
0.2125374409448819
11
0.4695714960629921
21
0.2131766535433071
0
LINE
8
BLACK
6
CONTINUOUS
10
0.4695714960629921
20
0.2131766535433071
11
0.4695714960629921
21
0.2140805905511811
0
LINE
8
BLACK
6
CONTINUOUS
10
0.4695714960629921
20
0.2140805905511811
11
0.4698275196850394
21
0.214463779527559
0
LINE
8
BLACK
6
CONTINUOUS
10
0.4698275196850394
20
0.214463779527559
11
0.4703801968503937
21
0.2150164960629921
0
LINE
8
BLACK
6
CONTINUOUS
10
0.4703801968503937
20
0.2150164960629921
11
0.4709813779527559
21
0.2168199606299213
0
LINE
8
BLACK
6
CONTINUOUS
10
0.4709813779527559
20
0.2168199606299213
11
0.4709813779527559
21
0.2179363779527559
0
LINE
8
BLACK
6
CONTINUOUS
10
0.4709813779527559
20
0.2179363779527559
11
0.4703801968503937
21
0.219739842519685
0
LINE
8
BLACK
6
CONTINUOUS
10
0.4703801968503937
20
0.219739842519685
11
0.4692131496062992
21
0.2209068897637795
0
LINE
8
BLACK
6
CONTINUOUS
10
0.4692131496062992
20
0.2209068897637795
11
0.4680006692913385
21
0.2215131496062992
0
LINE
8
BLACK
6
CONTINUOUS
10
0.4680006692913385
20
0.2215131496062992
11
0.4652679921259842
21
0.2221962992125984
0
LINE
8
BLACK
6
CONTINUOUS
10
0.4652679921259842
20
0.2221962992125984
11
0.4633089763779528
21
0.2221962992125984
0
LINE
8
BLACK
6
CONTINUOUS
10
0.4633089763779528
20
0.2221962992125984
11
0.460576220472441
21
0.2215131102362205
0
LINE
8
BLACK
6
CONTINUOUS
10
0.460576220472441
20
0.2215131102362205
11
0.4593638188976378
21
0.2209069291338583
0
LINE
8
BLACK
6
CONTINUOUS
10
0.4593638188976378
20
0.2209069291338583
11
0.4581966535433071
21
0.2197398031496063
0
LINE
8
BLACK
6
CONTINUOUS
10
0.4581966535433071
20
0.2197398031496063
11
0.4575955511811023
21
0.2179364566929134
0
LINE
8
BLACK
6
CONTINUOUS
10
0.4575955511811023
20
0.2179364566929134
11
0.4575955511811023
21
0.2168198818897638
0
LINE
8
BLACK
6
CONTINUOUS
10
0.4575955511811023
20
0.2168198818897638
11
0.4581966535433071
21
0.2150166141732283
0
LINE
8
BLACK
6
CONTINUOUS
10
0.4581966535433071
20
0.2150166141732283
11
0.4587494488188976
21
0.214463779527559
0
LINE
8
BLACK
6
CONTINUOUS
10
0.4587494488188976
20
0.214463779527559
11
0.4590054724409449
21
0.2140805511811024
0
LINE
8
BLACK
6
CONTINUOUS
10
0.4590054724409449
20
0.2140805511811024
11
0.4590054330708661
21
0.2131766535433071
0
LINE
8
BLACK
6
CONTINUOUS
10
0.4590054330708661
20
0.2131766535433071
11
0.4583661811023622
21
0.2125374015748031
0
LINE
8
BLACK
6
CONTINUOUS
10
0.4583661811023622
20
0.2125374015748031
11
0.4574622440944882
21
0.2125374409448819
0
LINE
8
BLACK
6
CONTINUOUS
10
0.4574622440944882
20
0.2125374409448819
11
0.4570790551181102
21
0.2127935039370079
0
LINE
8
BLACK
6
CONTINUOUS
10
0.4570790551181102
20
0.2127935039370079
11
0.4563291732283464
21
0.2135433858267717
0
LINE
8
BLACK
6
CONTINUOUS
10
0.4563291732283464
20
0.2135433858267717
11
0.4562962598425196
21
0.2135926377952756
0
LINE
8
BLACK
6
CONTINUOUS
10
0.4562962598425196
20
0.2135926377952756
11
0.4562721259842519
21
0.2136046850393701
0
LINE
8
BLACK
6
CONTINUOUS
10
0.4562721259842519
20
0.2136046850393701
11
0.4561785039370079
21
0.213768937007874
0
LINE
8
BLACK
6
CONTINUOUS
10
0.4561785039370079
20
0.213768937007874
11
0.4560731496062992
21
0.2139266141732283
0
LINE
8
BLACK
6
CONTINUOUS
10
0.4560731496062992
20
0.2139266141732283
11
0.4560731496062992
21
0.2139537401574803
0
LINE
8
BLACK
6
CONTINUOUS
10
0.4560731496062992
20
0.2139537401574803
11
0.4560438976377953
21
0.2140050393700787
0
LINE
8
BLACK
6
CONTINUOUS
10
0.4560438976377953
20
0.2140050393700787
11
0.4552939763779528
21
0.2162547244094488
0
LINE
8
BLACK
6
CONTINUOUS
10
0.4552939763779528
20
0.2162547244094488
11
0.4552703149606299
21
0.2164423622047244
0
LINE
8
BLACK
6
CONTINUOUS
10
0.4552703149606299
20
0.2164423622047244
11
0.4552333464566929
21
0.2166282283464567
0
LINE
8
BLACK
6
CONTINUOUS
10
0.4552333464566929
20
0.2166282283464567
11
0.4552333464566929
21
0.2181280708661417
0
LINE
8
BLACK
6
CONTINUOUS
10
0.4552333464566929
20
0.2181280708661417
11
0.4552703149606299
21
0.2183139763779527
0
LINE
8
BLACK
6
CONTINUOUS
10
0.4552703149606299
20
0.2183139763779527
11
0.4552939763779528
21
0.2185015748031496
0
LINE
8
BLACK
6
CONTINUOUS
10
0.4552939763779528
20
0.2185015748031496
11
0.4560438976377953
21
0.2207512992125984
0
LINE
8
BLACK
6
CONTINUOUS
10
0.4560438976377953
20
0.2207512992125984
11
0.4560731889763779
21
0.2208027165354331
0
LINE
8
BLACK
6
CONTINUOUS
10
0.4560731889763779
20
0.2208027165354331
11
0.4560731889763779
21
0.2208297637795276
0
LINE
8
BLACK
6
CONTINUOUS
10
0.4560731889763779
20
0.2208297637795276
11
0.4561783464566929
21
0.2209872047244094
0
LINE
8
BLACK
6
CONTINUOUS
10
0.4561783464566929
20
0.2209872047244094
11
0.4562721259842519
21
0.2211516535433071
0
LINE
8
BLACK
6
CONTINUOUS
10
0.4562721259842519
20
0.2211516535433071
11
0.4562963385826772
21
0.2211637795275591
0
LINE
8
BLACK
6
CONTINUOUS
10
0.4562963385826772
20
0.2211637795275591
11
0.4563292125984252
21
0.2212129527559055
0
LINE
8
BLACK
6
CONTINUOUS
10
0.4563292125984252
20
0.2212129527559055
11
0.4578289763779527
21
0.2227127559055118
0
LINE
8
BLACK
6
CONTINUOUS
10
0.4578289763779527
20
0.2227127559055118
11
0.4579863385826772
21
0.2228179133858268
0
LINE
8
BLACK
6
CONTINUOUS
10
0.4579863385826772
20
0.2228179133858268
11
0.4581359842519685
21
0.2229340157480315
0
LINE
8
BLACK
6
CONTINUOUS
10
0.4581359842519685
20
0.2229340157480315
11
0.4596357874015748
21
0.2236838976377953
0
LINE
8
BLACK
6
CONTINUOUS
10
0.4596357874015748
20
0.2236838976377953
11
0.4597605511811024
21
0.2237180708661417
0
LINE
8
BLACK
6
CONTINUOUS
10
0.4597605511811024
20
0.2237180708661417
11
0.4598775196850394
21
0.2237733070866142
0
LINE
8
BLACK
6
CONTINUOUS
10
0.4598775196850394
20
0.2237733070866142
11
0.4628771653543307
21
0.2245232283464567
0
LINE
8
BLACK
6
CONTINUOUS
10
0.4628771653543307
20
0.2245232283464567
11
0.4630216141732283
21
0.2245302755905512
0
LINE
8
BLACK
6
CONTINUOUS
10
0.4630216141732283
20
0.2245302755905512
11
0.4631636220472441
21
0.2245585039370079
0
LINE
8
BLACK
6
CONTINUOUS
10
0.4631636220472441
20
0.2245585039370079
11
0.4654133464566929
21
0.2245585039370079
0
LINE
8
BLACK
6
CONTINUOUS
10
0.4654133464566929
20
0.2245585039370079
11
0.4655553149606299
21
0.2245302755905512
0
LINE
8
BLACK
6
CONTINUOUS
10
0.4815013385826771
20
0.2443186614173228
11
0.4825666929133858
21
0.2432533070866142
0
LINE
8
BLACK
6
CONTINUOUS
10
0.4825666929133858
20
0.2432533070866142
11
0.4827165354330709
21
0.2425
0
LINE
8
BLACK
6
CONTINUOUS
10
0.4827165354330709
20
0.2425
11
0.4827165354330709
21
0.179507874015748
0
LINE
8
BLACK
6
CONTINUOUS
10
0.4827165354330709
20
0.179507874015748
11
0.4825666929133858
21
0.1787545669291339
0
LINE
8
BLACK
6
CONTINUOUS
10
0.4825666929133858
20
0.1787545669291339
11
0.4815013385826771
21
0.1776892125984252
0
LINE
8
BLACK
6
CONTINUOUS
10
0.4815013385826771
20
0.1776892125984252
11
0.480748031496063
21
0.1775393700787402
0
LINE
8
BLACK
6
CONTINUOUS
10
0.480748031496063
20
0.1775393700787402
11
0.449251968503937
21
0.1775393700787402
0
LINE
8
BLACK
6
CONTINUOUS
10
0.449251968503937
20
0.1775393700787402
11
0.4484986614173228
21
0.1776892125984252
0
LINE
8
BLACK
6
CONTINUOUS
10
0.4484986614173228
20
0.1776892125984252
11
0.4474333070866142
21
0.1787545669291339
0
LINE
8
BLACK
6
CONTINUOUS
10
0.4474333070866142
20
0.1787545669291339
11
0.4472834645669291
21
0.179507874015748
0
LINE
8
BLACK
6
CONTINUOUS
10
0.4472834645669291
20
0.179507874015748
11
0.4472834645669291
21
0.2425
0
LINE
8
BLACK
6
CONTINUOUS
10
0.4472834645669291
20
0.2425
11
0.4474333070866142
21
0.2432533070866142
0
LINE
8
BLACK
6
CONTINUOUS
10
0.4474333070866142
20
0.2432533070866142
11
0.4484986614173228
21
0.2443186614173228
0
LINE
8
BLACK
6
CONTINUOUS
10
0.4484986614173228
20
0.2443186614173228
11
0.449251968503937
21
0.2444685039370079
0
LINE
8
BLACK
6
CONTINUOUS
10
0.449251968503937
20
0.2444685039370079
11
0.480748031496063
21
0.2444685039370079
0
LINE
8
BLACK
6
CONTINUOUS
10
0.480748031496063
20
0.2444685039370079
11
0.4815013385826771
21
0.2443186614173228
0
LINE
8
BLACK
6
CONTINUOUS
10
0.4512204724409449
20
0.2405314960629921
11
0.4512204724409449
21
0.1814763779527559
0
LINE
8
BLACK
6
CONTINUOUS
10
0.4512204724409449
20
0.1814763779527559
11
0.4787795275590551
21
0.1814763779527559
0
LINE
8
BLACK
6
CONTINUOUS
10
0.4787795275590551
20
0.1814763779527559
11
0.4787795275590551
21
0.2405314960629921
0
LINE
8
BLACK
6
CONTINUOUS
10
0.4787795275590551
20
0.2405314960629921
11
0.4512204724409449
21
0.2405314960629921
0
LINE
8
BLACK
6
CONTINUOUS
10
0.7184297637795275
20
0.2197551181102362
11
0.7184554330708661
21
0.2197636614173228
0
LINE
8
BLACK
6
CONTINUOUS
10
0.7184554330708661
20
0.2197636614173228
11
0.7186379527559055
21
0.2197137007874016
0
LINE
8
BLACK
6
CONTINUOUS
10
0.7186379527559055
20
0.2197137007874016
11
0.7188237401574803
21
0.2196767322834646
0
LINE
8
BLACK
6
CONTINUOUS
10
0.7188237401574803
20
0.2196767322834646
11
0.718842874015748
21
0.2196575984251968
0
LINE
8
BLACK
6
CONTINUOUS
10
0.718842874015748
20
0.2196575984251968
11
0.7188999606299212
21
0.219641968503937
0
LINE
8
BLACK
6
CONTINUOUS
10
0.7188999606299212
20
0.219641968503937
11
0.7203997637795275
21
0.2188920472440945
0
LINE
8
BLACK
6
CONTINUOUS
10
0.7203997637795275
20
0.2188920472440945
11
0.7205492125984252
21
0.2187760236220472
0
LINE
8
BLACK
6
CONTINUOUS
10
0.7205492125984252
20
0.2187760236220472
11
0.7207066929133858
21
0.2186708267716535
0
LINE
8
BLACK
6
CONTINUOUS
10
0.7207066929133858
20
0.2186708267716535
11
0.7214565748031496
21
0.2179209448818898
0
LINE
8
BLACK
6
CONTINUOUS
10
0.7214565748031496
20
0.2179209448818898
11
0.7217126377952756
21
0.2175377559055118
0
LINE
8
BLACK
6
CONTINUOUS
10
0.7217126377952756
20
0.2175377559055118
11
0.7217126771653544
21
0.2166338188976378
0
LINE
8
BLACK
6
CONTINUOUS
10
0.7217126771653544
20
0.2166338188976378
11
0.7210734251968504
21
0.2159945669291339
0
LINE
8
BLACK
6
CONTINUOUS
10
0.7210734251968504
20
0.2159945669291339
11
0.7201695275590551
21
0.2159945275590551
0
LINE
8
BLACK
6
CONTINUOUS
10
0.7201695275590551
20
0.2159945275590551
11
0.7197862992125984
21
0.2162505511811024
0
LINE
8
BLACK
6
CONTINUOUS
10
0.7197862992125984
20
0.2162505511811024
11
0.7191718503937008
21
0.2168649606299212
0
LINE
8
BLACK
6
CONTINUOUS
10
0.7191718503937008
20
0.2168649606299212
11
0.7180928740157481
21
0.2174044488188976
0
LINE
8
BLACK
6
CONTINUOUS
10
0.7180928740157481
20
0.2174044488188976
11
0.714901062992126
21
0.2174044488188976
0
LINE
8
BLACK
6
CONTINUOUS
10
0.714901062992126
20
0.2174044488188976
11
0.713821968503937
21
0.2168649212598425
0
LINE
8
BLACK
6
CONTINUOUS
10
0.713821968503937
20
0.2168649212598425
11
0.7133431496062992
21
0.2163861023622047
0
LINE
8
BLACK
6
CONTINUOUS
10
0.7133431496062992
20
0.2163861023622047
11
0.7128037007874015
21
0.215307125984252
0
LINE
8
BLACK
6
CONTINUOUS
10
0.7128037007874015
20
0.215307125984252
11
0.7128037007874015
21
0.2142778346456693
0
LINE
8
BLACK
6
CONTINUOUS
10
0.7128037007874015
20
0.2142778346456693
11
0.7134048031496063
21
0.2124743700787401
0
LINE
8
BLACK
6
CONTINUOUS
10
0.7134048031496063
20
0.2124743700787401
11
0.7222065354330709
21
0.2036726771653543
0
LINE
8
BLACK
6
CONTINUOUS
10
0.7222065354330709
20
0.2036726771653543
11
0.7224624409448819
21
0.2032896456692913
0
LINE
8
BLACK
6
CONTINUOUS
10
0.7224624409448819
20
0.2032896456692913
11
0.7224625590551181
21
0.2032895275590551
0
LINE
8
BLACK
6
CONTINUOUS
10
0.7224625590551181
20
0.2032895275590551
11
0.7224625590551181
21
0.2032894881889764
0
LINE
8
BLACK
6
CONTINUOUS
10
0.7224625590551181
20
0.2032894881889764
11
0.7224625984251969
21
0.2023855511811024
0
LINE
8
BLACK
6
CONTINUOUS
10
0.7224625984251969
20
0.2023855511811024
11
0.7224625590551181
21
0.2023855511811024
0
LINE
8
BLACK
6
CONTINUOUS
10
0.7224625590551181
20
0.2023855511811024
11
0.7224625590551181
21
0.2023855118110236
0
LINE
8
BLACK
6
CONTINUOUS
10
0.7224625590551181
20
0.2023855118110236
11
0.7218233858267716
21
0.2017463385826772
0
LINE
8
BLACK
6
CONTINUOUS
10
0.7218233858267716
20
0.2017463385826772
11
0.7213713779527559
21
0.2016564173228347
0
LINE
8
BLACK
6
CONTINUOUS
10
0.7213713779527559
20
0.2016564173228347
11
0.7116225984251968
21
0.2016564173228347
0
LINE
8
BLACK
6
CONTINUOUS
10
0.7116225984251968
20
0.2016564173228347
11
0.711170590551181
21
0.2017463385826772
0
LINE
8
BLACK
6
CONTINUOUS
10
0.711170590551181
20
0.2017463385826772
11
0.7105314173228346
21
0.2023855118110236
0
LINE
8
BLACK
6
CONTINUOUS
10
0.7105314173228346
20
0.2023855118110236
11
0.7105314173228346
21
0.2032895275590551
0
LINE
8
BLACK
6
CONTINUOUS
10
0.7105314173228346
20
0.2032895275590551
11
0.711170590551181
21
0.2039287007874016
0
LINE
8
BLACK
6
CONTINUOUS
10
0.711170590551181
20
0.2039287007874016
11
0.7116225984251968
21
0.2040186220472441
0
LINE
8
BLACK
6
CONTINUOUS
10
0.7116225984251968
20
0.2040186220472441
11
0.7185199606299213
21
0.2040186220472441
0
LINE
8
BLACK
6
CONTINUOUS
10
0.7185199606299213
20
0.2040186220472441
11
0.7115373228346457
21
0.2110012204724409
0
LINE
8
BLACK
6
CONTINUOUS
10
0.7115373228346457
20
0.2110012204724409
11
0.7115044488188976
21
0.2110504330708661
0
LINE
8
BLACK
6
CONTINUOUS
10
0.7115044488188976
20
0.2110504330708661
11
0.7114802362204724
21
0.2110625196850394
0
LINE
8
BLACK
6
CONTINUOUS
10
0.7114802362204724
20
0.2110625196850394
11
0.7113863385826772
21
0.2112271653543307
0
LINE
8
BLACK
6
CONTINUOUS
10
0.7113863385826772
20
0.2112271653543307
11
0.7112812992125984
21
0.2113844094488189
0
LINE
8
BLACK
6
CONTINUOUS
10
0.7112812992125984
20
0.2113844094488189
11
0.7112812992125984
21
0.2114114566929134
0
LINE
8
BLACK
6
CONTINUOUS
10
0.7112812992125984
20
0.2114114566929134
11
0.711251968503937
21
0.211462874015748
0
LINE
8
BLACK
6
CONTINUOUS
10
0.711251968503937
20
0.211462874015748
11
0.7105020866141732
21
0.2137125984251969
0
LINE
8
BLACK
6
CONTINUOUS
10
0.7105020866141732
20
0.2137125984251969
11
0.7104783858267716
21
0.2139005118110236
0
LINE
8
BLACK
6
CONTINUOUS
10
0.7104783858267716
20
0.2139005118110236
11
0.7104414960629921
21
0.2140861023622047
0
LINE
8
BLACK
6
CONTINUOUS
10
0.7104414960629921
20
0.2140861023622047
11
0.7104414960629921
21
0.215585905511811
0
LINE
8
BLACK
6
CONTINUOUS
10
0.7104414960629921
20
0.215585905511811
11
0.710453031496063
21
0.215643937007874
0
LINE
8
BLACK
6
CONTINUOUS
10
0.710453031496063
20
0.215643937007874
11
0.7104444881889763
21
0.2156695669291339
0
LINE
8
BLACK
6
CONTINUOUS
10
0.7104444881889763
20
0.2156695669291339
11
0.7104944094488189
21
0.2158520472440945
0
LINE
8
BLACK
6
CONTINUOUS
10
0.7104944094488189
20
0.2158520472440945
11
0.7105314173228346
21
0.2160379133858268
0
LINE
8
BLACK
6
CONTINUOUS
10
0.7105314173228346
20
0.2160379133858268
11
0.7105505511811023
21
0.2160570866141732
0
LINE
8
BLACK
6
CONTINUOUS
10
0.7105505511811023
20
0.2160570866141732
11
0.7105661811023621
21
0.216114094488189
0
LINE
8
BLACK
6
CONTINUOUS
10
0.7105661811023621
20
0.216114094488189
11
0.711316062992126
21
0.217613937007874
0
LINE
8
BLACK
6
CONTINUOUS
10
0.711316062992126
20
0.217613937007874
11
0.7114320078740157
21
0.2177633464566929
0
LINE
8
BLACK
6
CONTINUOUS
10
0.7114320078740157
20
0.2177633464566929
11
0.7115373228346457
21
0.2179209448818898
0
LINE
8
BLACK
6
CONTINUOUS
10
0.7115373228346457
20
0.2179209448818898
11
0.7122872440944882
21
0.2186708267716535
0
LINE
8
BLACK
6
CONTINUOUS
10
0.7122872440944882
20
0.2186708267716535
11
0.7124446850393701
21
0.2187760236220472
0
LINE
8
BLACK
6
CONTINUOUS
10
0.7124446850393701
20
0.2187760236220472
11
0.7125941732283464
21
0.2188920472440945
0
LINE
8
BLACK
6
CONTINUOUS
10
0.7125941732283464
20
0.2188920472440945
11
0.7140940157480314
21
0.219641968503937
0
LINE
8
BLACK
6
CONTINUOUS
10
0.7140940157480314
20
0.219641968503937
11
0.7141510236220472
21
0.2196575984251968
0
LINE
8
BLACK
6
CONTINUOUS
10
0.7141510236220472
20
0.2196575984251968
11
0.7141701968503937
21
0.2196767322834646
0
LINE
8
BLACK
6
CONTINUOUS
10
0.7141701968503937
20
0.2196767322834646
11
0.7143556692913385
21
0.2197136614173228
0
LINE
8
BLACK
6
CONTINUOUS
10
0.7143556692913385
20
0.2197136614173228
11
0.7145385039370079
21
0.2197637007874016
0
LINE
8
BLACK
6
CONTINUOUS
10
0.7145385039370079
20
0.2197637007874016
11
0.7145642125984252
21
0.219755157480315
0
LINE
8
BLACK
6
CONTINUOUS
10
0.7145642125984252
20
0.219755157480315
11
0.7146222047244094
21
0.2197666535433071
0
LINE
8
BLACK
6
CONTINUOUS
10
0.7146222047244094
20
0.2197666535433071
11
0.7183717322834645
21
0.2197666535433071
0
LINE
8
BLACK
6
CONTINUOUS
10
0.7183717322834645
20
0.2197666535433071
11
0.7184297637795275
21
0.2197551181102362
0
LINE
8
BLACK
6
CONTINUOUS
10
0.7360715748031496
20
0.2196767322834646
11
0.7367107480314961
21
0.2190375590551181
0
LINE
8
BLACK
6
CONTINUOUS
10
0.7367107480314961
20
0.2190375590551181
11
0.7368006692913386
21
0.2185855511811023
0
LINE
8
BLACK
6
CONTINUOUS
10
0.7368006692913386
20
0.2185855511811023
11
0.7368006692913386
21
0.2028375196850394
0
LINE
8
BLACK
6
CONTINUOUS
10
0.7368006692913386
20
0.2028375196850394
11
0.7367107480314961
21
0.2023855118110236
0
LINE
8
BLACK
6
CONTINUOUS
10
0.7367107480314961
20
0.2023855118110236
11
0.7360715748031496
21
0.2017463385826772
0
LINE
8
BLACK
6
CONTINUOUS
10
0.7360715748031496
20
0.2017463385826772
11
0.7351675590551181
21
0.2017463385826772
0
LINE
8
BLACK
6
CONTINUOUS
10
0.7351675590551181
20
0.2017463385826772
11
0.7345283858267716
21
0.2023855118110236
0
LINE
8
BLACK
6
CONTINUOUS
10
0.7345283858267716
20
0.2023855118110236
11
0.7344384645669291
21
0.2028375196850394
0
LINE
8
BLACK
6
CONTINUOUS
10
0.7344384645669291
20
0.2028375196850394
11
0.7344384645669291
21
0.2091554724409449
0
LINE
8
BLACK
6
CONTINUOUS
10
0.7344384645669291
20
0.2091554724409449
11
0.7324849999999999
21
0.2091554724409449
0
LINE
8
BLACK
6
CONTINUOUS
10
0.7324849999999999
20
0.2091554724409449
11
0.7275883070866141
21
0.2021601968503937
0
LINE
8
BLACK
6
CONTINUOUS
10
0.7275883070866141
20
0.2021601968503937
11
0.7272554330708662
21
0.2018414566929134
0
LINE
8
BLACK
6
CONTINUOUS
10
0.7272554330708662
20
0.2018414566929134
11
0.7263652755905512
21
0.2016843700787402
0
LINE
8
BLACK
6
CONTINUOUS
10
0.7263652755905512
20
0.2016843700787402
11
0.7256246456692913
21
0.2022027952755905
0
LINE
8
BLACK
6
CONTINUOUS
10
0.7256246456692913
20
0.2022027952755905
11
0.7254675590551181
21
0.2030929527559055
0
LINE
8
BLACK
6
CONTINUOUS
10
0.7254675590551181
20
0.2030929527559055
11
0.7256531102362205
21
0.203514842519685
0
LINE
8
BLACK
6
CONTINUOUS
10
0.7256531102362205
20
0.203514842519685
11
0.7296038188976378
21
0.209158779527559
0
LINE
8
BLACK
6
CONTINUOUS
10
0.7296038188976378
20
0.209158779527559
11
0.7295623228346456
21
0.2091670078740157
0
LINE
8
BLACK
6
CONTINUOUS
10
0.7295623228346456
20
0.2091670078740157
11
0.7295366141732283
21
0.2091584251968504
0
LINE
8
BLACK
6
CONTINUOUS
10
0.7295366141732283
20
0.2091584251968504
11
0.7293537795275591
21
0.2092085039370079
0
LINE
8
BLACK
6
CONTINUOUS
10
0.7293537795275591
20
0.2092085039370079
11
0.7291683070866142
21
0.2092453937007874
0
LINE
8
BLACK
6
CONTINUOUS
10
0.7291683070866142
20
0.2092453937007874
11
0.7291491338582677
21
0.2092645669291339
0
LINE
8
BLACK
6
CONTINUOUS
10
0.7291491338582677
20
0.2092645669291339
11
0.729092125984252
21
0.2092801574803149
0
LINE
8
BLACK
6
CONTINUOUS
10
0.729092125984252
20
0.2092801574803149
11
0.7275922834645669
21
0.2100300787401575
0
LINE
8
BLACK
6
CONTINUOUS
10
0.7275922834645669
20
0.2100300787401575
11
0.727442874015748
21
0.210146062992126
0
LINE
8
BLACK
6
CONTINUOUS
10
0.727442874015748
20
0.210146062992126
11
0.7272853543307086
21
0.2102512992125984
0
LINE
8
BLACK
6
CONTINUOUS
10
0.7272853543307086
20
0.2102512992125984
11
0.7265354724409449
21
0.2110012204724409
0
LINE
8
BLACK
6
CONTINUOUS
10
0.7265354724409449
20
0.2110012204724409
11
0.7264304330708661
21
0.2111584251968504
0
LINE
8
BLACK
6
CONTINUOUS
10
0.7264304330708661
20
0.2111584251968504
11
0.7263142125984252
21
0.2113081496062992
0
LINE
8
BLACK
6
CONTINUOUS
10
0.7263142125984252
20
0.2113081496062992
11
0.7255642913385827
21
0.212808031496063
0
LINE
8
BLACK
6
CONTINUOUS
10
0.7255642913385827
20
0.212808031496063
11
0.7255486614173228
21
0.2128650787401575
0
LINE
8
BLACK
6
CONTINUOUS
10
0.7255486614173228
20
0.2128650787401575
11
0.7255295275590551
21
0.2128842125984252
0
LINE
8
BLACK
6
CONTINUOUS
10
0.7255295275590551
20
0.2128842125984252
11
0.7254925590551181
21
0.2130700393700787
0
LINE
8
BLACK
6
CONTINUOUS
10
0.7254925590551181
20
0.2130700393700787
11
0.7254425984251969
21
0.2132525196850394
0
LINE
8
BLACK
6
CONTINUOUS
10
0.7254425984251969
20
0.2132525196850394
11
0.7254511417322834
21
0.213278188976378
0
LINE
8
BLACK
6
CONTINUOUS
10
0.7254511417322834
20
0.213278188976378
11
0.7254396062992126
21
0.2133362204724409
0
LINE
8
BLACK
6
CONTINUOUS
10
0.7254396062992126
20
0.2133362204724409
11
0.7254396062992126
21
0.215585905511811
0
LINE
8
BLACK
6
CONTINUOUS
10
0.7254396062992126
20
0.215585905511811
11
0.7254511417322834
21
0.2156439763779527
0
LINE
8
BLACK
6
CONTINUOUS
10
0.7254511417322834
20
0.2156439763779527
11
0.7254425984251969
21
0.2156696062992126
0
LINE
8
BLACK
6
CONTINUOUS
10
0.7254425984251969
20
0.2156696062992126
11
0.7254925590551181
21
0.215852125984252
0
LINE
8
BLACK
6
CONTINUOUS
10
0.7254925590551181
20
0.215852125984252
11
0.7255295275590551
21
0.2160379133858268
0
LINE
8
BLACK
6
CONTINUOUS
10
0.7255295275590551
20
0.2160379133858268
11
0.7255486614173228
21
0.2160570866141732
0
LINE
8
BLACK
6
CONTINUOUS
10
0.7255486614173228
20
0.2160570866141732
11
0.7255642913385827
21
0.216114094488189
0
LINE
8
BLACK
6
CONTINUOUS
10
0.7255642913385827
20
0.216114094488189
11
0.7263142125984252
21
0.2176139763779527
0
LINE
8
BLACK
6
CONTINUOUS
10
0.7263142125984252
20
0.2176139763779527
11
0.7264304330708661
21
0.2177637401574803
0
LINE
8
BLACK
6
CONTINUOUS
10
0.7264304330708661
20
0.2177637401574803
11
0.7265354724409449
21
0.217920905511811
0
LINE
8
BLACK
6
CONTINUOUS
10
0.7265354724409449
20
0.217920905511811
11
0.7272853543307086
21
0.2186708267716535
0
LINE
8
BLACK
6
CONTINUOUS
10
0.7272853543307086
20
0.2186708267716535
11
0.727442874015748
21
0.2187761023622047
0
LINE
8
BLACK
6
CONTINUOUS
10
0.727442874015748
20
0.2187761023622047
11
0.7275922834645669
21
0.2188920472440945
0
LINE
8
BLACK
6
CONTINUOUS
10
0.7275922834645669
20
0.2188920472440945
11
0.729092125984252
21
0.219641968503937
0
LINE
8
BLACK
6
CONTINUOUS
10
0.729092125984252
20
0.219641968503937
11
0.7291491338582677
21
0.2196575984251968
0
LINE
8
BLACK
6
CONTINUOUS
10
0.7291491338582677
20
0.2196575984251968
11
0.7291683070866142
21
0.2196767322834646
0
LINE
8
BLACK
6
CONTINUOUS
10
0.7291683070866142
20
0.2196767322834646
11
0.7293537795275591
21
0.2197136614173228
0
LINE
8
BLACK
6
CONTINUOUS
10
0.7293537795275591
20
0.2197136614173228
11
0.7295366141732283
21
0.2197637007874016
0
LINE
8
BLACK
6
CONTINUOUS
10
0.7295366141732283
20
0.2197637007874016
11
0.7295623228346456
21
0.219755157480315
0
LINE
8
BLACK
6
CONTINUOUS
10
0.7295623228346456
20
0.219755157480315
11
0.72962031496063
21
0.2197666535433071
0
LINE
8
BLACK
6
CONTINUOUS
10
0.72962031496063
20
0.2197666535433071
11
0.7356195669291339
21
0.2197666535433071
0
LINE
8
BLACK
6
CONTINUOUS
10
0.7356195669291339
20
0.2197666535433071
11
0.7360715748031496
21
0.2196767322834646
0
LINE
8
BLACK
6
CONTINUOUS
10
0.7288201181102362
20
0.2168649212598425
11
0.7283412992125984
21
0.2163861417322835
0
LINE
8
BLACK
6
CONTINUOUS
10
0.7283412992125984
20
0.2163861417322835
11
0.7278018110236221
21
0.2153070866141732
0
LINE
8
BLACK
6
CONTINUOUS
10
0.7278018110236221
20
0.2153070866141732
11
0.7278018110236221
21
0.2136150393700787
0
LINE
8
BLACK
6
CONTINUOUS
10
0.7278018110236221
20
0.2136150393700787
11
0.7283412992125984
21
0.2125360236220472
0
LINE
8
BLACK
6
CONTINUOUS
10
0.7283412992125984
20
0.2125360236220472
11
0.7288201181102362
21
0.2120572440944882
0
LINE
8
BLACK
6
CONTINUOUS
10
0.7288201181102362
20
0.2120572440944882
11
0.7298991732283464
21
0.2115176771653543
0
LINE
8
BLACK
6
CONTINUOUS
10
0.7298991732283464
20
0.2115176771653543
11
0.7344384645669291
21
0.2115176771653543
0
LINE
8
BLACK
6
CONTINUOUS
10
0.7344384645669291
20
0.2115176771653543
11
0.7344384645669291
21
0.2174044488188976
0
LINE
8
BLACK
6
CONTINUOUS
10
0.7344384645669291
20
0.2174044488188976
11
0.7298991732283464
21
0.2174044488188976
0
LINE
8
BLACK
6
CONTINUOUS
10
0.7298991732283464
20
0.2174044488188976
11
0.7288201181102362
21
0.2168649212598425
0
LINE
8
BLACK
6
CONTINUOUS
10
0.7562454330708661
20
0.2275666929133858
11
0.7573107874015748
21
0.2265013385826772
0
LINE
8
BLACK
6
CONTINUOUS
10
0.7573107874015748
20
0.2265013385826772
11
0.7574606299212598
21
0.225748031496063
0
LINE
8
BLACK
6
CONTINUOUS
10
0.7574606299212598
20
0.225748031496063
11
0.7574606299212598
21
0.194251968503937
0
LINE
8
BLACK
6
CONTINUOUS
10
0.7574606299212598
20
0.194251968503937
11
0.7573107874015748
21
0.1934986614173228
0
LINE
8
BLACK
6
CONTINUOUS
10
0.7573107874015748
20
0.1934986614173228
11
0.7562454330708661
21
0.1924333070866142
0
LINE
8
BLACK
6
CONTINUOUS
10
0.7562454330708661
20
0.1924333070866142
11
0.755492125984252
21
0.1922834645669291
0
LINE
8
BLACK
6
CONTINUOUS
10
0.755492125984252
20
0.1922834645669291
11
0.6925
21
0.1922834645669291
0
LINE
8
BLACK
6
CONTINUOUS
10
0.6925
20
0.1922834645669291
11
0.6917466929133859
21
0.1924333070866142
0
LINE
8
BLACK
6
CONTINUOUS
10
0.6917466929133859
20
0.1924333070866142
11
0.6906813385826771
21
0.1934986614173228
0
LINE
8
BLACK
6
CONTINUOUS
10
0.6906813385826771
20
0.1934986614173228
11
0.6905314960629921
21
0.194251968503937
0
LINE
8
BLACK
6
CONTINUOUS
10
0.6905314960629921
20
0.194251968503937
11
0.6905314960629921
21
0.225748031496063
0
LINE
8
BLACK
6
CONTINUOUS
10
0.6905314960629921
20
0.225748031496063
11
0.6906813385826771
21
0.2265013385826772
0
LINE
8
BLACK
6
CONTINUOUS
10
0.6906813385826771
20
0.2265013385826772
11
0.6917466929133859
21
0.2275666929133858
0
LINE
8
BLACK
6
CONTINUOUS
10
0.6917466929133859
20
0.2275666929133858
11
0.6925
21
0.2277165354330709
0
LINE
8
BLACK
6
CONTINUOUS
10
0.6925
20
0.2277165354330709
11
0.755492125984252
21
0.2277165354330709
0
LINE
8
BLACK
6
CONTINUOUS
10
0.755492125984252
20
0.2277165354330709
11
0.7562454330708661
21
0.2275666929133858
0
LINE
8
BLACK
6
CONTINUOUS
10
0.6944685039370079
20
0.2237795275590551
11
0.6944685039370079
21
0.1962204724409449
0
LINE
8
BLACK
6
CONTINUOUS
10
0.6944685039370079
20
0.1962204724409449
11
0.7535236220472441
21
0.1962204724409449
0
LINE
8
BLACK
6
CONTINUOUS
10
0.7535236220472441
20
0.1962204724409449
11
0.7535236220472441
21
0.2237795275590551
0
LINE
8
BLACK
6
CONTINUOUS
10
0.7535236220472441
20
0.2237795275590551
11
0.6944685039370079
21
0.2237795275590551
0
LINE
8
BLACK
6
CONTINUOUS
10
0.3518154330708662
20
0.252095905511811
11
0.3526144094488189
21
0.2512969291338583
0
LINE
8
BLACK
6
CONTINUOUS
10
0.3526144094488189
20
0.2512969291338583
11
0.3526144094488189
21
0.2501669291338582
0
LINE
8
BLACK
6
CONTINUOUS
10
0.3526144094488189
20
0.2501669291338582
11
0.3518154330708662
21
0.2493679527559055
0
LINE
8
BLACK
6
CONTINUOUS
10
0.3518154330708662
20
0.2493679527559055
11
0.3512504330708661
21
0.2492555511811023
0
LINE
8
BLACK
6
CONTINUOUS
10
0.3512504330708661
20
0.2492555511811023
11
0.3423180708661417
21
0.2492555511811023
0
LINE
8
BLACK
6
CONTINUOUS
10
0.3423180708661417
20
0.2492555511811023
11
0.3467372440944882
21
0.2442050787401575
0
LINE
8
BLACK
6
CONTINUOUS
10
0.3467372440944882
20
0.2442050787401575
11
0.3469466929133858
21
0.2438412992125984
0
LINE
8
BLACK
6
CONTINUOUS
10
0.3469466929133858
20
0.2438412992125984
11
0.3469901181102362
21
0.243797874015748
0
LINE
8
BLACK
6
CONTINUOUS
10
0.3469901181102362
20
0.243797874015748
11
0.3469901181102362
21
0.243765905511811
0
LINE
8
BLACK
6
CONTINUOUS
10
0.3469901181102362
20
0.243765905511811
11
0.3470246850393701
21
0.2437058661417323
0
LINE
8
BLACK
6
CONTINUOUS
10
0.3470246850393701
20
0.2437058661417323
11
0.3469901181102362
21
0.2431873622047244
0
LINE
8
BLACK
6
CONTINUOUS
10
0.3469901181102362
20
0.2431873622047244
11
0.3469901181102362
21
0.242667874015748
0
LINE
8
BLACK
6
CONTINUOUS
10
0.3469901181102362
20
0.242667874015748
11
0.3469529921259842
21
0.2426307874015748
0
LINE
8
BLACK
6
CONTINUOUS
10
0.3469529921259842
20
0.2426307874015748
11
0.3469495275590551
21
0.2425784251968504
0
LINE
8
BLACK
6
CONTINUOUS
10
0.3469495275590551
20
0.2425784251968504
11
0.3465586614173228
21
0.2422364173228346
0
LINE
8
BLACK
6
CONTINUOUS
10
0.3465586614173228
20
0.2422364173228346
11
0.3461911417322834
21
0.2418688976377953
0
LINE
8
BLACK
6
CONTINUOUS
10
0.3461911417322834
20
0.2418688976377953
11
0.3461231889763779
21
0.2418553937007874
0
LINE
8
BLACK
6
CONTINUOUS
10
0.3461231889763779
20
0.2418553937007874
11
0.3460991338582677
21
0.2418343307086614
0
LINE
8
BLACK
6
CONTINUOUS
10
0.3460991338582677
20
0.2418343307086614
11
0.346037874015748
21
0.2418384251968504
0
LINE
8
BLACK
6
CONTINUOUS
10
0.346037874015748
20
0.2418384251968504
11
0.3456261417322835
21
0.2417564960629921
0
LINE
8
BLACK
6
CONTINUOUS
10
0.3456261417322835
20
0.2417564960629921
11
0.3431625196850394
21
0.2417564960629921
0
LINE
8
BLACK
6
CONTINUOUS
10
0.3431625196850394
20
0.2417564960629921
11
0.3418137401574803
21
0.241082125984252
0
LINE
8
BLACK
6
CONTINUOUS
10
0.3418137401574803
20
0.241082125984252
11
0.3412151968503937
21
0.2404835433070866
0
LINE
8
BLACK
6
CONTINUOUS
10
0.3412151968503937
20
0.2404835433070866
11
0.3405408267716535
21
0.2391348031496063
0
LINE
8
BLACK
6
CONTINUOUS
10
0.3405408267716535
20
0.2391348031496063
11
0.3405408267716535
21
0.235145
0
LINE
8
BLACK
6
CONTINUOUS
10
0.3405408267716535
20
0.235145
11
0.3412152362204725
21
0.2337961811023622
0
LINE
8
BLACK
6
CONTINUOUS
10
0.3412152362204725
20
0.2337961811023622
11
0.341813779527559
21
0.2331975984251969
0
LINE
8
BLACK
6
CONTINUOUS
10
0.341813779527559
20
0.2331975984251969
11
0.3431624803149606
21
0.2325232677165354
0
LINE
8
BLACK
6
CONTINUOUS
10
0.3431624803149606
20
0.2325232677165354
11
0.3480897637795276
21
0.2325232677165354
0
LINE
8
BLACK
6
CONTINUOUS
10
0.3480897637795276
20
0.2325232677165354
11
0.3494384251968504
21
0.2331976377952756
0
LINE
8
BLACK
6
CONTINUOUS
10
0.3494384251968504
20
0.2331976377952756
11
0.3502064566929134
21
0.2339655905511811
0
LINE
8
BLACK
6
CONTINUOUS
10
0.3502064566929134
20
0.2339655905511811
11
0.3506854724409449
21
0.2342856299212598
0
LINE
8
BLACK
6
CONTINUOUS
10
0.3506854724409449
20
0.2342856299212598
11
0.3518153937007874
21
0.2342856299212598
0
LINE
8
BLACK
6
CONTINUOUS
10
0.3518153937007874
20
0.2342856299212598
11
0.3526144094488189
21
0.2334866141732283
0
LINE
8
BLACK
6
CONTINUOUS
10
0.3526144094488189
20
0.2334866141732283
11
0.3526144094488189
21
0.2323566929133858
0
LINE
8
BLACK
6
CONTINUOUS
10
0.3526144094488189
20
0.2323566929133858
11
0.3522943700787401
21
0.2318776771653543
0
LINE
8
BLACK
6
CONTINUOUS
10
0.3522943700787401
20
0.2318776771653543
11
0.3513570078740157
21
0.2309402755905512
0
LINE
8
BLACK
6
CONTINUOUS
10
0.3513570078740157
20
0.2309402755905512
11
0.35116
21
0.2308087007874016
0
LINE
8
BLACK
6
CONTINUOUS
10
0.35116
20
0.2308087007874016
11
0.3509732677165354
21
0.2306637401574803
0
LINE
8
BLACK
6
CONTINUOUS
10
0.3509732677165354
20
0.2306637401574803
11
0.3490985039370079
21
0.2297263779527559
0
LINE
8
BLACK
6
CONTINUOUS
10
0.3490985039370079
20
0.2297263779527559
11
0.3490272047244095
21
0.2297068897637795
0
LINE
8
BLACK
6
CONTINUOUS
10
0.3490272047244095
20
0.2297068897637795
11
0.3490032677165354
21
0.2296829133858268
0
LINE
8
BLACK
6
CONTINUOUS
10
0.3490032677165354
20
0.2296829133858268
11
0.348770905511811
21
0.2296367322834646
0
LINE
8
BLACK
6
CONTINUOUS
10
0.348770905511811
20
0.2296367322834646
11
0.348542874015748
21
0.2295742519685039
0
LINE
8
BLACK
6
CONTINUOUS
10
0.348542874015748
20
0.2295742519685039
11
0.3485107874015748
21
0.2295849606299213
0
LINE
8
BLACK
6
CONTINUOUS
10
0.3485107874015748
20
0.2295849606299213
11
0.3484382677165354
21
0.2295705118110236
0
LINE
8
BLACK
6
CONTINUOUS
10
0.3484382677165354
20
0.2295705118110236
11
0.3428139763779527
21
0.2295705118110236
0
LINE
8
BLACK
6
CONTINUOUS
10
0.3428139763779527
20
0.2295705118110236
11
0.3427413779527559
21
0.2295849606299213
0
LINE
8
BLACK
6
CONTINUOUS
10
0.3427413779527559
20
0.2295849606299213
11
0.3427093307086614
21
0.2295742519685039
0
LINE
8
BLACK
6
CONTINUOUS
10
0.3427093307086614
20
0.2295742519685039
11
0.3424811417322834
21
0.2296367322834646
0
LINE
8
BLACK
6
CONTINUOUS
10
0.3424811417322834
20
0.2296367322834646
11
0.3422489763779528
21
0.2296829133858268
0
LINE
8
BLACK
6
CONTINUOUS
10
0.3422489763779528
20
0.2296829133858268
11
0.3422250393700788
21
0.2297068503937008
0
LINE
8
BLACK
6
CONTINUOUS
10
0.3422250393700788
20
0.2297068503937008
11
0.3421537007874016
21
0.2297263779527559
0
LINE
8
BLACK
6
CONTINUOUS
10
0.3421537007874016
20
0.2297263779527559
11
0.3402789763779527
21
0.2306637401574803
0
LINE
8
BLACK
6
CONTINUOUS
10
0.3402789763779527
20
0.2306637401574803
11
0.3400920866141732
21
0.230808779527559
0
LINE
8
BLACK
6
CONTINUOUS
10
0.3400920866141732
20
0.230808779527559
11
0.3398952362204724
21
0.2309403149606299
0
LINE
8
BLACK
6
CONTINUOUS
10
0.3398952362204724
20
0.2309403149606299
11
0.338957874015748
21
0.2318777165354331
0
LINE
8
BLACK
6
CONTINUOUS
10
0.338957874015748
20
0.2318777165354331
11
0.3388264173228346
21
0.2320744488188976
0
LINE
8
BLACK
6
CONTINUOUS
10
0.3388264173228346
20
0.2320744488188976
11
0.3386813385826772
21
0.2322613779527559
0
LINE
8
BLACK
6
CONTINUOUS
10
0.3386813385826772
20
0.2322613779527559
11
0.337743937007874
21
0.2341361417322834
0
LINE
8
BLACK
6
CONTINUOUS
10
0.337743937007874
20
0.2341361417322834
11
0.3377243700787402
21
0.2342075196850394
0
LINE
8
BLACK
6
CONTINUOUS
10
0.3377243700787402
20
0.2342075196850394
11
0.3377004724409449
21
0.2342314173228346
0
LINE
8
BLACK
6
CONTINUOUS
10
0.3377004724409449
20
0.2342314173228346
11
0.3376542519685039
21
0.2344636220472441
0
LINE
8
BLACK
6
CONTINUOUS
10
0.3376542519685039
20
0.2344636220472441
11
0.337591811023622
21
0.2346917716535433
0
LINE
8
BLACK
6
CONTINUOUS
10
0.337591811023622
20
0.2346917716535433
11
0.3376024803149606
21
0.2347238976377953
0
LINE
8
BLACK
6
CONTINUOUS
10
0.3376024803149606
20
0.2347238976377953
11
0.3375880708661417
21
0.2347964173228346
0
LINE
8
BLACK
6
CONTINUOUS
10
0.3375880708661417
20
0.2347964173228346
11
0.3375880708661417
21
0.2394833464566929
0
LINE
8
BLACK
6
CONTINUOUS
10
0.3375880708661417
20
0.2394833464566929
11
0.3376024803149606
21
0.239555905511811
0
LINE
8
BLACK
6
CONTINUOUS
10
0.3376024803149606
20
0.239555905511811
11
0.337591811023622
21
0.2395879921259843
0
LINE
8
BLACK
6
CONTINUOUS
10
0.337591811023622
20
0.2395879921259843
11
0.3376542519685039
21
0.2398161811023622
0
LINE
8
BLACK
6
CONTINUOUS
10
0.3376542519685039
20
0.2398161811023622
11
0.3377004724409449
21
0.2400483464566929
0
LINE
8
BLACK
6
CONTINUOUS
10
0.3377004724409449
20
0.2400483464566929
11
0.3377243700787402
21
0.2400722834645669
0
LINE
8
BLACK
6
CONTINUOUS
10
0.3377243700787402
20
0.2400722834645669
11
0.337743937007874
21
0.2401436220472441
0
LINE
8
BLACK
6
CONTINUOUS
10
0.337743937007874
20
0.2401436220472441
11
0.3386813385826772
21
0.2420183858267717
0
LINE
8
BLACK
6
CONTINUOUS
10
0.3386813385826772
20
0.2420183858267717
11
0.3388263385826771
21
0.2422052755905512
0
LINE
8
BLACK
6
CONTINUOUS
10
0.3388263385826771
20
0.2422052755905512
11
0.338957874015748
21
0.2424020866141732
0
LINE
8
BLACK
6
CONTINUOUS
10
0.338957874015748
20
0.2424020866141732
11
0.3398952362204724
21
0.2433394094488189
0
LINE
8
BLACK
6
CONTINUOUS
10
0.3398952362204724
20
0.2433394094488189
11
0.3400918503937008
21
0.2434707874015748
0
LINE
8
BLACK
6
CONTINUOUS
10
0.3400918503937008
20
0.2434707874015748
11
0.340278937007874
21
0.2436159842519685
0
LINE
8
BLACK
6
CONTINUOUS
10
0.340278937007874
20
0.2436159842519685
11
0.3421537007874016
21
0.2445533858267716
0
LINE
8
BLACK
6
CONTINUOUS
10
0.3421537007874016
20
0.2445533858267716
11
0.3422250393700788
21
0.2445729527559055
0
LINE
8
BLACK
6
CONTINUOUS
10
0.3422250393700788
20
0.2445729527559055
11
0.3422489763779528
21
0.2445968503937008
0
LINE
8
BLACK
6
CONTINUOUS
10
0.3422489763779528
20
0.2445968503937008
11
0.3424379921259842
21
0.2446344881889764
0
LINE
8
BLACK
6
CONTINUOUS
10
0.3424379921259842
20
0.2446344881889764
11
0.3379533464566929
21
0.2497597244094488
0
LINE
8
BLACK
6
CONTINUOUS
10
0.3379533464566929
20
0.2497597244094488
11
0.3377438582677165
21
0.2501235433070866
0
LINE
8
BLACK
6
CONTINUOUS
10
0.3377438582677165
20
0.2501235433070866
11
0.3377004724409449
21
0.2501669291338582
0
LINE
8
BLACK
6
CONTINUOUS
10
0.3377004724409449
20
0.2501669291338582
11
0.3377004724409449
21
0.250198937007874
0
LINE
8
BLACK
6
CONTINUOUS
10
0.3377004724409449
20
0.250198937007874
11
0.337665905511811
21
0.250258937007874
0
LINE
8
BLACK
6
CONTINUOUS
10
0.337665905511811
20
0.250258937007874
11
0.3377004724409449
21
0.2507774803149606
0
LINE
8
BLACK
6
CONTINUOUS
10
0.3377004724409449
20
0.2507774803149606
11
0.3377004724409449
21
0.2512969291338583
0
LINE
8
BLACK
6
CONTINUOUS
10
0.3377004724409449
20
0.2512969291338583
11
0.3377375590551181
21
0.2513340551181102
0
LINE
8
BLACK
6
CONTINUOUS
10
0.3377375590551181
20
0.2513340551181102
11
0.337741062992126
21
0.2513863779527559
0
LINE
8
BLACK
6
CONTINUOUS
10
0.337741062992126
20
0.2513863779527559
11
0.3381319291338583
21
0.2517283858267717
0
LINE
8
BLACK
6
CONTINUOUS
10
0.3381319291338583
20
0.2517283858267717
11
0.3384994488188977
21
0.252095905511811
0
LINE
8
BLACK
6
CONTINUOUS
10
0.3384994488188977
20
0.252095905511811
11
0.3385673622047244
21
0.2521094488188976
0
LINE
8
BLACK
6
CONTINUOUS
10
0.3385673622047244
20
0.2521094488188976
11
0.3385914566929134
21
0.2521304724409449
0
LINE
8
BLACK
6
CONTINUOUS
10
0.3385914566929134
20
0.2521304724409449
11
0.3386526771653543
21
0.2521264173228346
0
LINE
8
BLACK
6
CONTINUOUS
10
0.3386526771653543
20
0.2521264173228346
11
0.3390644488188976
21
0.2522083070866142
0
LINE
8
BLACK
6
CONTINUOUS
10
0.3390644488188976
20
0.2522083070866142
11
0.3512504330708661
21
0.2522083070866142
0
LINE
8
BLACK
6
CONTINUOUS
10
0.3512504330708661
20
0.2522083070866142
11
0.3518154330708662
21
0.252095905511811
0
LINE
8
BLACK
6
CONTINUOUS
10
0.3601135039370079
20
0.2512969291338583
11
0.360225905511811
21
0.2507319291338583
0
LINE
8
BLACK
6
CONTINUOUS
10
0.360225905511811
20
0.2507319291338583
11
0.360225905511811
21
0.2351449212598425
0
LINE
8
BLACK
6
CONTINUOUS
10
0.360225905511811
20
0.2351449212598425
11
0.3609002362204725
21
0.2337962598425197
0
LINE
8
BLACK
6
CONTINUOUS
10
0.3609002362204725
20
0.2337962598425197
11
0.3614988582677165
21
0.2331975984251969
0
LINE
8
BLACK
6
CONTINUOUS
10
0.3614988582677165
20
0.2331975984251969
11
0.3628475590551181
21
0.2325232677165354
0
LINE
8
BLACK
6
CONTINUOUS
10
0.3628475590551181
20
0.2325232677165354
11
0.3659000787401575
21
0.2325232677165354
0
LINE
8
BLACK
6
CONTINUOUS
10
0.3659000787401575
20
0.2325232677165354
11
0.367248779527559
21
0.2331976377952756
0
LINE
8
BLACK
6
CONTINUOUS
10
0.367248779527559
20
0.2331976377952756
11
0.3678472834645669
21
0.2337961811023622
0
LINE
8
BLACK
6
CONTINUOUS
10
0.3678472834645669
20
0.2337961811023622
11
0.3685217322834646
21
0.235145
0
LINE
8
BLACK
6
CONTINUOUS
10
0.3685217322834646
20
0.235145
11
0.3685217322834646
21
0.2507319291338583
0
LINE
8
BLACK
6
CONTINUOUS
10
0.3685217322834646
20
0.2507319291338583
11
0.3686341338582677
21
0.2512969291338583
0
LINE
8
BLACK
6
CONTINUOUS
10
0.3686341338582677
20
0.2512969291338583
11
0.3694331102362204
21
0.252095905511811
0
LINE
8
BLACK
6
CONTINUOUS
10
0.3694331102362204
20
0.252095905511811
11
0.3705631102362205
21
0.252095905511811
0
LINE
8
BLACK
6
CONTINUOUS
10
0.3705631102362205
20
0.252095905511811
11
0.3713620866141732
21
0.2512969291338583
0
LINE
8
BLACK
6
CONTINUOUS
10
0.3713620866141732
20
0.2512969291338583
11
0.3714744881889764
21
0.2507319291338583
0
LINE
8
BLACK
6
CONTINUOUS
10
0.3714744881889764
20
0.2507319291338583
11
0.3714744881889764
21
0.2347964173228346
0
LINE
8
BLACK
6
CONTINUOUS
10
0.3714744881889764
20
0.2347964173228346
11
0.3714600393700787
21
0.2347238976377953
0
LINE
8
BLACK
6
CONTINUOUS
10
0.3714600393700787
20
0.2347238976377953
11
0.371470748031496
21
0.2346917716535433
0
LINE
8
BLACK
6
CONTINUOUS
10
0.371470748031496
20
0.2346917716535433
11
0.3714082677165354
21
0.2344636220472441
0
LINE
8
BLACK
6
CONTINUOUS
10
0.3714082677165354
20
0.2344636220472441
11
0.3713620866141732
21
0.2342314173228346
0
LINE
8
BLACK
6
CONTINUOUS
10
0.3713620866141732
20
0.2342314173228346
11
0.3713381496062992
21
0.2342075196850394
0
LINE
8
BLACK
6
CONTINUOUS
10
0.3713381496062992
20
0.2342075196850394
11
0.3713186220472441
21
0.2341361417322834
0
LINE
8
BLACK
6
CONTINUOUS
10
0.3713186220472441
20
0.2341361417322834
11
0.3703812204724409
21
0.2322613779527559
0
LINE
8
BLACK
6
CONTINUOUS
10
0.3703812204724409
20
0.2322613779527559
11
0.3702361023622047
21
0.2320744488188976
0
LINE
8
BLACK
6
CONTINUOUS
10
0.3702361023622047
20
0.2320744488188976
11
0.3701046850393701
21
0.2318777165354331
0
LINE
8
BLACK
6
CONTINUOUS
10
0.3701046850393701
20
0.2318777165354331
11
0.3691673228346457
21
0.2309403149606299
0
LINE
8
BLACK
6
CONTINUOUS
10
0.3691673228346457
20
0.2309403149606299
11
0.3689704330708661
21
0.230808779527559
0
LINE
8
BLACK
6
CONTINUOUS
10
0.3689704330708661
20
0.230808779527559
11
0.3687835826771653
21
0.2306637401574803
0
LINE
8
BLACK
6
CONTINUOUS
10
0.3687835826771653
20
0.2306637401574803
11
0.3669088188976378
21
0.2297263779527559
0
LINE
8
BLACK
6
CONTINUOUS
10
0.3669088188976378
20
0.2297263779527559
11
0.3668375196850394
21
0.2297068897637795
0
LINE
8
BLACK
6
CONTINUOUS
10
0.3668375196850394
20
0.2297068897637795
11
0.3668135826771654
21
0.2296829133858268
0
LINE
8
BLACK
6
CONTINUOUS
10
0.3668135826771654
20
0.2296829133858268
11
0.366581220472441
21
0.2296367322834646
0
LINE
8
BLACK
6
CONTINUOUS
10
0.366581220472441
20
0.2296367322834646
11
0.3663531889763779
21
0.2295742519685039
0
LINE
8
BLACK
6
CONTINUOUS
10
0.3663531889763779
20
0.2295742519685039
11
0.3663211023622047
21
0.2295849606299213
0
LINE
8
BLACK
6
CONTINUOUS
10
0.3663211023622047
20
0.2295849606299213
11
0.3662485826771654
21
0.2295705118110236
0
LINE
8
BLACK
6
CONTINUOUS
10
0.3662485826771654
20
0.2295705118110236
11
0.3624990551181102
21
0.2295705118110236
0
LINE
8
BLACK
6
CONTINUOUS
10
0.3624990551181102
20
0.2295705118110236
11
0.3624264566929134
21
0.2295849606299213
0
LINE
8
BLACK
6
CONTINUOUS
10
0.3624264566929134
20
0.2295849606299213
11
0.3623944094488189
21
0.2295742519685039
0
LINE
8
BLACK
6
CONTINUOUS
10
0.3623944094488189
20
0.2295742519685039
11
0.362166220472441
21
0.2296367322834646
0
LINE
8
BLACK
6
CONTINUOUS
10
0.362166220472441
20
0.2296367322834646
11
0.3619340551181102
21
0.2296829133858268
0
LINE
8
BLACK
6
CONTINUOUS
10
0.3619340551181102
20
0.2296829133858268
11
0.3619101181102362
21
0.2297068503937008
0
LINE
8
BLACK
6
CONTINUOUS
10
0.3619101181102362
20
0.2297068503937008
11
0.3618387795275591
21
0.2297263779527559
0
LINE
8
BLACK
6
CONTINUOUS
10
0.3618387795275591
20
0.2297263779527559
11
0.3599640551181102
21
0.2306637401574803
0
LINE
8
BLACK
6
CONTINUOUS
10
0.3599640551181102
20
0.2306637401574803
11
0.3597770472440945
21
0.2308088582677165
0
LINE
8
BLACK
6
CONTINUOUS
10
0.3597770472440945
20
0.2308088582677165
11
0.3595803149606299
21
0.2309403149606299
0
LINE
8
BLACK
6
CONTINUOUS
10
0.3595803149606299
20
0.2309403149606299
11
0.3586429133858268
21
0.2318776771653543
0
LINE
8
BLACK
6
CONTINUOUS
10
0.3586429133858268
20
0.2318776771653543
11
0.3585112992125984
21
0.2320746850393701
0
LINE
8
BLACK
6
CONTINUOUS
10
0.3585112992125984
20
0.2320746850393701
11
0.3583663779527559
21
0.2322614173228346
0
LINE
8
BLACK
6
CONTINUOUS
10
0.3583663779527559
20
0.2322614173228346
11
0.3574290157480315
21
0.2341361811023622
0
LINE
8
BLACK
6
CONTINUOUS
10
0.3574290157480315
20
0.2341361811023622
11
0.3574094881889764
21
0.2342074803149606
0
LINE
8
BLACK
6
CONTINUOUS
10
0.3574094881889764
20
0.2342074803149606
11
0.3573855511811024
21
0.2342314173228346
0
LINE
8
BLACK
6
CONTINUOUS
10
0.3573855511811024
20
0.2342314173228346
11
0.3573393307086614
21
0.2344637795275591
0
LINE
8
BLACK
6
CONTINUOUS
10
0.3573393307086614
20
0.2344637795275591
11
0.3572768897637795
21
0.234691811023622
0
LINE
8
BLACK
6
CONTINUOUS
10
0.3572768897637795
20
0.234691811023622
11
0.3572875590551181
21
0.2347238976377953
0
LINE
8
BLACK
6
CONTINUOUS
10
0.3572875590551181
20
0.2347238976377953
11
0.3572731496062992
21
0.2347964173228346
0
LINE
8
BLACK
6
CONTINUOUS
10
0.3572731496062992
20
0.2347964173228346
11
0.3572731496062992
21
0.2507319291338583
0
LINE
8
BLACK
6
CONTINUOUS
10
0.3572731496062992
20
0.2507319291338583
11
0.3573855511811024
21
0.2512969291338583
0
LINE
8
BLACK
6
CONTINUOUS
10
0.3573855511811024
20
0.2512969291338583
11
0.3581845275590551
21
0.252095905511811
0
LINE
8
BLACK
6
CONTINUOUS
10
0.3581845275590551
20
0.252095905511811
11
0.3593145275590551
21
0.252095905511811
0
LINE
8
BLACK
6
CONTINUOUS
10
0.3593145275590551
20
0.252095905511811
11
0.3601135039370079
21
0.2512969291338583
0
LINE
8
BLACK
6
CONTINUOUS
10
0.4167769291338583
20
0.2772517322834646
11
0.4178422834645669
21
0.2761863779527559
0
LINE
8
BLACK
6
CONTINUOUS
10
0.4178422834645669
20
0.2761863779527559
11
0.4179921259842519
21
0.2754330708661417
0
LINE
8
BLACK
6
CONTINUOUS
10
0.4179921259842519
20
0.2754330708661417
11
0.4179921259842519
21
0.2301574803149606
0
LINE
8
BLACK
6
CONTINUOUS
10
0.4179921259842519
20
0.2301574803149606
11
0.4178422834645669
21
0.2294041732283464
0
LINE
8
BLACK
6
CONTINUOUS
10
0.4178422834645669
20
0.2294041732283464
11
0.4174155511811024
21
0.2287655511811024
0
LINE
8
BLACK
6
CONTINUOUS
10
0.4174155511811024
20
0.2287655511811024
11
0.391825
21
0.203175
0
LINE
8
BLACK
6
CONTINUOUS
10
0.391825
20
0.203175
11
0.3911863779527559
21
0.2027482677165354
0
LINE
8
BLACK
6
CONTINUOUS
10
0.3911863779527559
20
0.2027482677165354
11
0.3904330708661417
21
0.2025984251968504
0
LINE
8
BLACK
6
CONTINUOUS
10
0.3904330708661417
20
0.2025984251968504
11
0.2939763779527559
21
0.2025984251968504
0
LINE
8
BLACK
6
CONTINUOUS
10
0.2939763779527559
20
0.2025984251968504
11
0.2932230708661417
21
0.2027482677165354
0
LINE
8
BLACK
6
CONTINUOUS
10
0.2932230708661417
20
0.2027482677165354
11
0.292157716535433
21
0.2038136220472441
0
LINE
8
BLACK
6
CONTINUOUS
10
0.292157716535433
20
0.2038136220472441
11
0.292007874015748
21
0.2045669291338583
0
LINE
8
BLACK
6
CONTINUOUS
10
0.292007874015748
20
0.2045669291338583
11
0.292007874015748
21
0.2754330708661417
0
LINE
8
BLACK
6
CONTINUOUS
10
0.292007874015748
20
0.2754330708661417
11
0.292157716535433
21
0.2761863779527559
0
LINE
8
BLACK
6
CONTINUOUS
10
0.292157716535433
20
0.2761863779527559
11
0.2932230708661417
21
0.2772517322834646
0
LINE
8
BLACK
6
CONTINUOUS
10
0.2932230708661417
20
0.2772517322834646
11
0.2939763779527559
21
0.2774015748031496
0
LINE
8
BLACK
6
CONTINUOUS
10
0.2939763779527559
20
0.2774015748031496
11
0.4160236220472441
21
0.2774015748031496
0
LINE
8
BLACK
6
CONTINUOUS
10
0.4160236220472441
20
0.2774015748031496
11
0.4167769291338583
21
0.2772517322834646
0
LINE
8
BLACK
6
CONTINUOUS
10
0.2959448818897638
20
0.2734645669291338
11
0.2959448818897638
21
0.2065354330708661
0
LINE
8
BLACK
6
CONTINUOUS
10
0.2959448818897638
20
0.2065354330708661
11
0.3896177165354331
21
0.2065354330708661
0
LINE
8
BLACK
6
CONTINUOUS
10
0.3896177165354331
20
0.2065354330708661
11
0.4140551181102362
21
0.2309728346456693
0
LINE
8
BLACK
6
CONTINUOUS
10
0.4140551181102362
20
0.2309728346456693
11
0.4140551181102362
21
0.2734645669291338
0
LINE
8
BLACK
6
CONTINUOUS
10
0.4140551181102362
20
0.2734645669291338
11
0.2959448818897638
21
0.2734645669291338
0
LINE
8
BLACK
6
CONTINUOUS
10
1.0283022440944882
20
0.2922998818897637
11
1.0285881102362204
21
0.2914423622047244
0
LINE
8
BLACK
6
CONTINUOUS
10
1.0285881102362204
20
0.2914423622047244
11
1.0284663779527559
21
0.290997874015748
0
LINE
8
BLACK
6
CONTINUOUS
10
1.0284663779527559
20
0.290997874015748
11
1.0277164566929133
21
0.289498031496063
0
LINE
8
BLACK
6
CONTINUOUS
10
1.0277164566929133
20
0.289498031496063
11
1.0276003149606299
21
0.2893484645669291
0
LINE
8
BLACK
6
CONTINUOUS
10
1.0276003149606299
20
0.2893484645669291
11
1.0274951968503936
21
0.289191062992126
0
LINE
8
BLACK
6
CONTINUOUS
10
1.0274951968503936
20
0.289191062992126
11
1.026511811023622
21
0.2882077165354331
0
LINE
8
BLACK
6
CONTINUOUS
10
1.026511811023622
20
0.2882077165354331
11
1.0374774409448819
21
0.2882077165354331
0
LINE
8
BLACK
6
CONTINUOUS
10
1.0374774409448819
20
0.2882077165354331
11
1.0374774409448819
21
0.291526062992126
0
LINE
8
BLACK
6
CONTINUOUS
10
1.0374774409448819
20
0.291526062992126
11
1.0375673622047243
21
0.2919780708661417
0
LINE
8
BLACK
6
CONTINUOUS
10
1.0375673622047243
20
0.2919780708661417
11
1.0382065354330707
21
0.2926172440944882
0
LINE
8
BLACK
6
CONTINUOUS
10
1.0382065354330707
20
0.2926172440944882
11
1.0391105511811023
21
0.2926172440944882
0
LINE
8
BLACK
6
CONTINUOUS
10
1.0391105511811023
20
0.2926172440944882
11
1.0397497244094489
21
0.2919780708661417
0
LINE
8
BLACK
6
CONTINUOUS
10
1.0397497244094489
20
0.2919780708661417
11
1.0398396456692913
21
0.291526062992126
0
LINE
8
BLACK
6
CONTINUOUS
10
1.0398396456692913
20
0.291526062992126
11
1.0398396456692913
21
0.2825272047244095
0
LINE
8
BLACK
6
CONTINUOUS
10
1.0398396456692913
20
0.2825272047244095
11
1.0397497244094489
21
0.2820751968503937
0
LINE
8
BLACK
6
CONTINUOUS
10
1.0397497244094489
20
0.2820751968503937
11
1.0391105511811023
21
0.2814360236220472
0
LINE
8
BLACK
6
CONTINUOUS
10
1.0391105511811023
20
0.2814360236220472
11
1.0382065354330707
21
0.2814360236220472
0
LINE
8
BLACK
6
CONTINUOUS
10
1.0382065354330707
20
0.2814360236220472
11
1.0375673622047243
21
0.2820751968503937
0
LINE
8
BLACK
6
CONTINUOUS
10
1.0375673622047243
20
0.2820751968503937
11
1.0374774409448819
21
0.2825272047244095
0
LINE
8
BLACK
6
CONTINUOUS
10
1.0374774409448819
20
0.2825272047244095
11
1.0374774409448819
21
0.2858455118110236
0
LINE
8
BLACK
6
CONTINUOUS
10
1.0374774409448819
20
0.2858455118110236
11
1.0229105118110235
21
0.2858455118110236
0
LINE
8
BLACK
6
CONTINUOUS
10
1.0229105118110235
20
0.2858455118110236
11
1.0224585039370078
21
0.2859354330708662
0
LINE
8
BLACK
6
CONTINUOUS
10
1.0224585039370078
20
0.2859354330708662
11
1.0223725196850393
21
0.2860214173228346
0
LINE
8
BLACK
6
CONTINUOUS
10
1.0223725196850393
20
0.2860214173228346
11
1.022253346456693
21
0.2860452362204725
0
LINE
8
BLACK
6
CONTINUOUS
10
1.022253346456693
20
0.2860452362204725
11
1.022062559055118
21
0.2863313779527559
0
LINE
8
BLACK
6
CONTINUOUS
10
1.022062559055118
20
0.2863313779527559
11
1.0218193307086614
21
0.2865746062992126
0
LINE
8
BLACK
6
CONTINUOUS
10
1.0218193307086614
20
0.2865746062992126
11
1.0218193307086614
21
0.2866962204724409
0
LINE
8
BLACK
6
CONTINUOUS
10
1.0218193307086614
20
0.2866962204724409
11
1.0217518503937009
21
0.2867974015748032
0
LINE
8
BLACK
6
CONTINUOUS
10
1.0217518503937009
20
0.2867974015748032
11
1.0218193307086614
21
0.2871348031496063
0
LINE
8
BLACK
6
CONTINUOUS
10
1.0218193307086614
20
0.2871348031496063
11
1.0218193307086614
21
0.2874786220472441
0
LINE
8
BLACK
6
CONTINUOUS
10
1.0218193307086614
20
0.2874786220472441
11
1.0219052755905511
21
0.2875646062992126
0
LINE
8
BLACK
6
CONTINUOUS
10
1.0219052755905511
20
0.2875646062992126
11
1.0219291338582677
21
0.287683779527559
0
LINE
8
BLACK
6
CONTINUOUS
10
1.0219291338582677
20
0.287683779527559
11
1.0222553543307087
21
0.2880093307086614
0
LINE
8
BLACK
6
CONTINUOUS
10
1.0222553543307087
20
0.2880093307086614
11
1.0244078346456693
21
0.2894444094488189
0
LINE
8
BLACK
6
CONTINUOUS
10
1.0244078346456693
20
0.2894444094488189
11
1.0256893307086614
21
0.290725905511811
0
LINE
8
BLACK
6
CONTINUOUS
10
1.0256893307086614
20
0.290725905511811
11
1.0263535433070865
21
0.2920542913385827
0
LINE
8
BLACK
6
CONTINUOUS
10
1.0263535433070865
20
0.2920542913385827
11
1.0266361417322833
21
0.2924183464566929
0
LINE
8
BLACK
6
CONTINUOUS
10
1.0266361417322833
20
0.2924183464566929
11
1.0274936614173229
21
0.2927042125984252
0
LINE
8
BLACK
6
CONTINUOUS
10
1.0274936614173229
20
0.2927042125984252
11
1.0283022440944882
21
0.2922998818897637
0
LINE
8
BLACK
6
CONTINUOUS
10
1.0357169685039369
20
0.3084436614173228
11
1.0357426377952756
21
0.3084522047244094
0
LINE
8
BLACK
6
CONTINUOUS
10
1.0357426377952756
20
0.3084522047244094
11
1.0359251181102362
21
0.3084022440944882
0
LINE
8
BLACK
6
CONTINUOUS
10
1.0359251181102362
20
0.3084022440944882
11
1.0361109448818897
21
0.3083652755905512
0
LINE
8
BLACK
6
CONTINUOUS
10
1.0361109448818897
20
0.3083652755905512
11
1.0361300787401575
21
0.3083461417322835
0
LINE
8
BLACK
6
CONTINUOUS
10
1.0361300787401575
20
0.3083461417322835
11
1.0361871259842519
21
0.3083305118110236
0
LINE
8
BLACK
6
CONTINUOUS
10
1.0361871259842519
20
0.3083305118110236
11
1.0376869291338582
21
0.3075806299212598
0
LINE
8
BLACK
6
CONTINUOUS
10
1.0376869291338582
20
0.3075806299212598
11
1.0378365354330708
21
0.3074644881889764
0
LINE
8
BLACK
6
CONTINUOUS
10
1.0378365354330708
20
0.3074644881889764
11
1.0379938976377951
21
0.3073593700787401
0
LINE
8
BLACK
6
CONTINUOUS
10
1.0379938976377951
20
0.3073593700787401
11
1.0387438188976377
21
0.3066094488188976
0
LINE
8
BLACK
6
CONTINUOUS
10
1.0387438188976377
20
0.3066094488188976
11
1.038848937007874
21
0.306452125984252
0
LINE
8
BLACK
6
CONTINUOUS
10
1.038848937007874
20
0.306452125984252
11
1.0389650787401574
21
0.3063024803149606
0
LINE
8
BLACK
6
CONTINUOUS
10
1.0389650787401574
20
0.3063024803149606
11
1.0397149606299212
21
0.3048026771653543
0
LINE
8
BLACK
6
CONTINUOUS
10
1.0397149606299212
20
0.3048026771653543
11
1.0397305511811024
21
0.3047456692913386
0
LINE
8
BLACK
6
CONTINUOUS
10
1.0397305511811024
20
0.3047456692913386
11
1.0397497244094489
21
0.3047264960629921
0
LINE
8
BLACK
6
CONTINUOUS
10
1.0397497244094489
20
0.3047264960629921
11
1.0397866535433071
21
0.3045407086614173
0
LINE
8
BLACK
6
CONTINUOUS
10
1.0397866535433071
20
0.3045407086614173
11
1.039836653543307
21
0.304358188976378
0
LINE
8
BLACK
6
CONTINUOUS
10
1.039836653543307
20
0.304358188976378
11
1.0398280708661418
21
0.3043325590551181
0
LINE
8
BLACK
6
CONTINUOUS
10
1.0398280708661418
20
0.3043325590551181
11
1.0398396456692913
21
0.3042744881889763
0
LINE
8
BLACK
6
CONTINUOUS
10
1.0398396456692913
20
0.3042744881889763
11
1.0398396456692913
21
0.3012748425196851
0
LINE
8
BLACK
6
CONTINUOUS
10
1.0398396456692913
20
0.3012748425196851
11
1.0398280708661418
21
0.301216811023622
0
LINE
8
BLACK
6
CONTINUOUS
10
1.0398280708661418
20
0.301216811023622
11
1.039836653543307
21
0.3011911417322835
0
LINE
8
BLACK
6
CONTINUOUS
10
1.039836653543307
20
0.3011911417322835
11
1.0397866535433071
21
0.3010086614173229
0
LINE
8
BLACK
6
CONTINUOUS
10
1.0397866535433071
20
0.3010086614173229
11
1.0397497244094489
21
0.3008228346456693
0
LINE
8
BLACK
6
CONTINUOUS
10
1.0397497244094489
20
0.3008228346456693
11
1.0397305511811024
21
0.3008037007874016
0
LINE
8
BLACK
6
CONTINUOUS
10
1.0397305511811024
20
0.3008037007874016
11
1.0397149606299212
21
0.3007466535433071
0
LINE
8
BLACK
6
CONTINUOUS
10
1.0397149606299212
20
0.3007466535433071
11
1.0389650787401574
21
0.2992468503937008
0
LINE
8
BLACK
6
CONTINUOUS
10
1.0389650787401574
20
0.2992468503937008
11
1.0388488582677164
21
0.299097125984252
0
LINE
8
BLACK
6
CONTINUOUS
10
1.0388488582677164
20
0.299097125984252
11
1.0387437795275591
21
0.298939842519685
0
LINE
8
BLACK
6
CONTINUOUS
10
1.0387437795275591
20
0.298939842519685
11
1.0379938976377951
21
0.2981899606299213
0
LINE
8
BLACK
6
CONTINUOUS
10
1.0379938976377951
20
0.2981899606299213
11
1.0378364173228347
21
0.2980848031496063
0
LINE
8
BLACK
6
CONTINUOUS
10
1.0378364173228347
20
0.2980848031496063
11
1.0376869685039369
21
0.2979687401574803
0
LINE
8
BLACK
6
CONTINUOUS
10
1.0376869685039369
20
0.2979687401574803
11
1.0361871653543306
21
0.2972188188976378
0
LINE
8
BLACK
6
CONTINUOUS
10
1.0361871653543306
20
0.2972188188976378
11
1.0361300787401575
21
0.2972032283464567
0
LINE
8
BLACK
6
CONTINUOUS
10
1.0361300787401575
20
0.2972032283464567
11
1.0361109448818897
21
0.2971840551181102
0
LINE
8
BLACK
6
CONTINUOUS
10
1.0361109448818897
20
0.2971840551181102
11
1.035925157480315
21
0.297147125984252
0
LINE
8
BLACK
6
CONTINUOUS
10
1.035925157480315
20
0.297147125984252
11
1.0357426377952756
21
0.297097125984252
0
LINE
8
BLACK
6
CONTINUOUS
10
1.0357426377952756
20
0.297097125984252
11
1.0357169685039369
21
0.2971057086614173
0
LINE
8
BLACK
6
CONTINUOUS
10
1.0357169685039369
20
0.2971057086614173
11
1.0356589370078739
21
0.2970941338582677
0
LINE
8
BLACK
6
CONTINUOUS
10
1.0356589370078739
20
0.2970941338582677
11
1.0229105118110235
21
0.2970941338582677
0
LINE
8
BLACK
6
CONTINUOUS
10
1.0229105118110235
20
0.2970941338582677
11
1.0224585039370078
21
0.2971840551181102
0
LINE
8
BLACK
6
CONTINUOUS
10
1.0224585039370078
20
0.2971840551181102
11
1.0218193307086614
21
0.2978232283464567
0
LINE
8
BLACK
6
CONTINUOUS
10
1.0218193307086614
20
0.2978232283464567
11
1.0218193307086614
21
0.2987272440944882
0
LINE
8
BLACK
6
CONTINUOUS
10
1.0218193307086614
20
0.2987272440944882
11
1.0224585039370078
21
0.2993664173228346
0
LINE
8
BLACK
6
CONTINUOUS
10
1.0224585039370078
20
0.2993664173228346
11
1.0229105118110235
21
0.2994563385826772
0
LINE
8
BLACK
6
CONTINUOUS
10
1.0229105118110235
20
0.2994563385826772
11
1.0353800787401575
21
0.2994563385826772
0
LINE
8
BLACK
6
CONTINUOUS
10
1.0353800787401575
20
0.2994563385826772
11
1.0364590551181103
21
0.2999958661417323
0
LINE
8
BLACK
6
CONTINUOUS
10
1.0364590551181103
20
0.2999958661417323
11
1.0369379921259843
21
0.3004747637795275
0
LINE
8
BLACK
6
CONTINUOUS
10
1.0369379921259843
20
0.3004747637795275
11
1.0374774409448819
21
0.3015536614173228
0
LINE
8
BLACK
6
CONTINUOUS
10
1.0374774409448819
20
0.3015536614173228
11
1.0374774409448819
21
0.3039957086614173
0
LINE
8
BLACK
6
CONTINUOUS
10
1.0374774409448819
20
0.3039957086614173
11
1.0369379133858267
21
0.3050747244094488
0
LINE
8
BLACK
6
CONTINUOUS
10
1.0369379133858267
20
0.3050747244094488
11
1.0364591338582676
21
0.3055535039370079
0
LINE
8
BLACK
6
CONTINUOUS
10
1.0364591338582676
20
0.3055535039370079
11
1.0353801181102362
21
0.3060929921259842
0
LINE
8
BLACK
6
CONTINUOUS
10
1.0353801181102362
20
0.3060929921259842
11
1.0229105118110235
21
0.3060929921259842
0
LINE
8
BLACK
6
CONTINUOUS
10
1.0229105118110235
20
0.3060929921259842
11
1.0224585039370078
21
0.3061829133858268
0
LINE
8
BLACK
6
CONTINUOUS
10
1.0224585039370078
20
0.3061829133858268
11
1.0218193307086614
21
0.3068220866141732
0
LINE
8
BLACK
6
CONTINUOUS
10
1.0218193307086614
20
0.3068220866141732
11
1.0218193307086614
21
0.3077261023622047
0
LINE
8
BLACK
6
CONTINUOUS
10
1.0218193307086614
20
0.3077261023622047
11
1.0224585039370078
21
0.3083652755905512
0
LINE
8
BLACK
6
CONTINUOUS
10
1.0224585039370078
20
0.3083652755905512
11
1.0229105118110235
21
0.3084551968503937
0
LINE
8
BLACK
6
CONTINUOUS
10
1.0229105118110235
20
0.3084551968503937
11
1.0356589370078739
21
0.3084551968503937
0
LINE
8
BLACK
6
CONTINUOUS
10
1.0356589370078739
20
0.3084551968503937
11
1.0357169685039369
21
0.3084436614173228
0
LINE
8
BLACK
6
CONTINUOUS
10
1.0814619685039371
20
0.3463068503937008
11
1.0825273228346457
21
0.3452414960629921
0
LINE
8
BLACK
6
CONTINUOUS
10
1.0825273228346457
20
0.3452414960629921
11
1.0826771653543308
21
0.344488188976378
0
LINE
8
BLACK
6
CONTINUOUS
10
1.0826771653543308
20
0.344488188976378
11
1.0826771653543308
21
0.265748031496063
0
LINE
8
BLACK
6
CONTINUOUS
10
1.0826771653543308
20
0.265748031496063
11
1.0825273228346457
21
0.2649947244094488
0
LINE
8
BLACK
6
CONTINUOUS
10
1.0825273228346457
20
0.2649947244094488
11
1.0821005905511811
21
0.2643561023622047
0
LINE
8
BLACK
6
CONTINUOUS
10
1.0821005905511811
20
0.2643561023622047
11
1.0624155511811024
21
0.244671062992126
0
LINE
8
BLACK
6
CONTINUOUS
10
1.0624155511811024
20
0.244671062992126
11
1.0617769291338583
21
0.2442443307086614
0
LINE
8
BLACK
6
CONTINUOUS
10
1.0617769291338583
20
0.2442443307086614
11
1.061023622047244
21
0.2440944881889764
0
LINE
8
BLACK
6
CONTINUOUS
10
1.061023622047244
20
0.2440944881889764
11
0.9822834645669292
21
0.2440944881889764
0
LINE
8
BLACK
6
CONTINUOUS
10
0.9822834645669292
20
0.2440944881889764
11
0.9815301574803149
21
0.2442443307086614
0
LINE
8
BLACK
6
CONTINUOUS
10
0.9815301574803149
20
0.2442443307086614
11
0.9804648031496063
21
0.2453096850393701
0
LINE
8
BLACK
6
CONTINUOUS
10
0.9804648031496063
20
0.2453096850393701
11
0.9803149606299212
21
0.2460629921259843
0
LINE
8
BLACK
6
CONTINUOUS
10
0.9803149606299212
20
0.2460629921259843
11
0.9803149606299212
21
0.344488188976378
0
LINE
8
BLACK
6
CONTINUOUS
10
0.9803149606299212
20
0.344488188976378
11
0.9804648031496063
21
0.3452414960629921
0
LINE
8
BLACK
6
CONTINUOUS
10
0.9804648031496063
20
0.3452414960629921
11
0.9815301574803149
21
0.3463068503937008
0
LINE
8
BLACK
6
CONTINUOUS
10
0.9815301574803149
20
0.3463068503937008
11
0.9822834645669292
21
0.3464566929133858
0
LINE
8
BLACK
6
CONTINUOUS
10
0.9822834645669292
20
0.3464566929133858
11
1.0807086614173229
21
0.3464566929133858
0
LINE
8
BLACK
6
CONTINUOUS
10
1.0807086614173229
20
0.3464566929133858
11
1.0814619685039371
21
0.3463068503937008
0
LINE
8
BLACK
6
CONTINUOUS
10
0.984251968503937
20
0.3425196850393701
11
0.984251968503937
21
0.2480314960629921
0
LINE
8
BLACK
6
CONTINUOUS
10
0.984251968503937
20
0.2480314960629921
11
1.0602082677165354
21
0.2480314960629921
0
LINE
8
BLACK
6
CONTINUOUS
10
1.0602082677165354
20
0.2480314960629921
11
1.078740157480315
21
0.2665633858267716
0
LINE
8
BLACK
6
CONTINUOUS
10
1.078740157480315
20
0.2665633858267716
11
1.078740157480315
21
0.3425196850393701
0
LINE
8
BLACK
6
CONTINUOUS
10
1.078740157480315
20
0.3425196850393701
11
0.984251968503937
21
0.3425196850393701
0
LINE
8
BLACK
6
CONTINUOUS
10
0.3505646456692914
20
0.3144114566929134
11
0.3515951574803149
21
0.3138961811023622
0
LINE
8
BLACK
6
CONTINUOUS
10
0.3515951574803149
20
0.3138961811023622
11
0.35235
21
0.3130258267716535
0
LINE
8
BLACK
6
CONTINUOUS
10
0.35235
20
0.3130258267716535
11
0.3527143307086614
21
0.3119328346456693
0
LINE
8
BLACK
6
CONTINUOUS
10
0.3527143307086614
20
0.3119328346456693
11
0.3526326771653543
21
0.3107836220472441
0
LINE
8
BLACK
6
CONTINUOUS
10
0.3526326771653543
20
0.3107836220472441
11
0.3524257874015748
21
0.310243031496063
0
LINE
8
BLACK
6
CONTINUOUS
10
0.3524257874015748
20
0.310243031496063
11
0.3505510236220472
21
0.3064935039370079
0
LINE
8
BLACK
6
CONTINUOUS
10
0.3505510236220472
20
0.3064935039370079
11
0.350395
21
0.3062457086614173
0
LINE
8
BLACK
6
CONTINUOUS
10
0.350395
20
0.3062457086614173
11
0.3503651574803149
21
0.3061735433070866
0
LINE
8
BLACK
6
CONTINUOUS
10
0.3503651574803149
20
0.3061735433070866
11
0.3502985433070866
21
0.3060924015748032
0
LINE
8
BLACK
6
CONTINUOUS
10
0.3502985433070866
20
0.3060924015748032
11
0.3502426771653543
21
0.3060036220472441
0
LINE
8
BLACK
6
CONTINUOUS
10
0.3502426771653543
20
0.3060036220472441
11
0.3501837401574803
21
0.3059525196850393
0
LINE
8
BLACK
6
CONTINUOUS
10
0.3501837401574803
20
0.3059525196850393
11
0.3499979133858268
21
0.3057261023622047
0
LINE
8
BLACK
6
CONTINUOUS
10
0.3499979133858268
20
0.3057261023622047
11
0.3475395275590551
21
0.3032677165354331
0
LINE
8
BLACK
6
CONTINUOUS
10
0.3475395275590551
20
0.3032677165354331
11
0.3749535039370079
21
0.3032677165354331
0
LINE
8
BLACK
6
CONTINUOUS
10
0.3749535039370079
20
0.3032677165354331
11
0.3749535039370079
21
0.3115635433070866
0
LINE
8
BLACK
6
CONTINUOUS
10
0.3749535039370079
20
0.3115635433070866
11
0.3750102362204724
21
0.3121396062992126
0
LINE
8
BLACK
6
CONTINUOUS
10
0.3750102362204724
20
0.3121396062992126
11
0.3754511417322834
21
0.3132040157480315
0
LINE
8
BLACK
6
CONTINUOUS
10
0.3754511417322834
20
0.3132040157480315
11
0.3762657874015748
21
0.3140186614173228
0
LINE
8
BLACK
6
CONTINUOUS
10
0.3762657874015748
20
0.3140186614173228
11
0.3773301968503937
21
0.3144595669291338
0
LINE
8
BLACK
6
CONTINUOUS
10
0.3773301968503937
20
0.3144595669291338
11
0.3784823228346457
21
0.3144595669291338
0
LINE
8
BLACK
6
CONTINUOUS
10
0.3784823228346457
20
0.3144595669291338
11
0.3795467322834646
21
0.3140186614173228
0
LINE
8
BLACK
6
CONTINUOUS
10
0.3795467322834646
20
0.3140186614173228
11
0.3803613779527559
21
0.3132040157480315
0
LINE
8
BLACK
6
CONTINUOUS
10
0.3803613779527559
20
0.3132040157480315
11
0.3808022834645669
21
0.3121396062992126
0
LINE
8
BLACK
6
CONTINUOUS
10
0.3808022834645669
20
0.3121396062992126
11
0.3808590157480315
21
0.3115635433070866
0
LINE
8
BLACK
6
CONTINUOUS
10
0.3808590157480315
20
0.3115635433070866
11
0.3808590157480315
21
0.2890663779527559
0
LINE
8
BLACK
6
CONTINUOUS
10
0.3808590157480315
20
0.2890663779527559
11
0.3808022834645669
21
0.2884903149606299
0
LINE
8
BLACK
6
CONTINUOUS
10
0.3808022834645669
20
0.2884903149606299
11
0.3803613779527559
21
0.287425905511811
0
LINE
8
BLACK
6
CONTINUOUS
10
0.3803613779527559
20
0.287425905511811
11
0.3795467322834646
21
0.2866112598425197
0
LINE
8
BLACK
6
CONTINUOUS
10
0.3795467322834646
20
0.2866112598425197
11
0.3784823228346457
21
0.2861703543307086
0
LINE
8
BLACK
6
CONTINUOUS
10
0.3784823228346457
20
0.2861703543307086
11
0.3773301968503937
21
0.2861703543307086
0
LINE
8
BLACK
6
CONTINUOUS
10
0.3773301968503937
20
0.2861703543307086
11
0.3762657874015748
21
0.2866112598425197
0
LINE
8
BLACK
6
CONTINUOUS
10
0.3762657874015748
20
0.2866112598425197
11
0.3754511417322834
21
0.287425905511811
0
LINE
8
BLACK
6
CONTINUOUS
10
0.3754511417322834
20
0.287425905511811
11
0.3750102362204724
21
0.2884903149606299
0
LINE
8
BLACK
6
CONTINUOUS
10
0.3750102362204724
20
0.2884903149606299
11
0.3749535039370079
21
0.2890663779527559
0
LINE
8
BLACK
6
CONTINUOUS
10
0.3749535039370079
20
0.2890663779527559
11
0.3749535039370079
21
0.2973622047244094
0
LINE
8
BLACK
6
CONTINUOUS
10
0.3749535039370079
20
0.2973622047244094
11
0.3385361811023622
21
0.2973622047244094
0
LINE
8
BLACK
6
CONTINUOUS
10
0.3385361811023622
20
0.2973622047244094
11
0.3385340944881889
21
0.2973624409448819
0
LINE
8
BLACK
6
CONTINUOUS
10
0.3385340944881889
20
0.2973624409448819
11
0.3385330708661417
21
0.2973622047244094
0
LINE
8
BLACK
6
CONTINUOUS
10
0.3385330708661417
20
0.2973622047244094
11
0.3385300393700788
21
0.2973628346456693
0
LINE
8
BLACK
6
CONTINUOUS
10
0.3385300393700788
20
0.2973628346456693
11
0.3379601181102362
21
0.297418937007874
0
LINE
8
BLACK
6
CONTINUOUS
10
0.3379601181102362
20
0.297418937007874
11
0.33769
21
0.2975308267716535
0
LINE
8
BLACK
6
CONTINUOUS
10
0.33769
20
0.2975308267716535
11
0.3374033858267717
21
0.2975881496062992
0
LINE
8
BLACK
6
CONTINUOUS
10
0.3374033858267717
20
0.2975881496062992
11
0.3371629921259842
21
0.2977491338582677
0
LINE
8
BLACK
6
CONTINUOUS
10
0.3371629921259842
20
0.2977491338582677
11
0.3368957086614173
21
0.2978598425196851
0
LINE
8
BLACK
6
CONTINUOUS
10
0.3368957086614173
20
0.2978598425196851
11
0.3366889763779528
21
0.2980665748031496
0
LINE
8
BLACK
6
CONTINUOUS
10
0.3366889763779528
20
0.2980665748031496
11
0.3364461023622047
21
0.2982292125984252
0
LINE
8
BLACK
6
CONTINUOUS
10
0.3364461023622047
20
0.2982292125984252
11
0.3362855905511811
21
0.2984699606299213
0
LINE
8
BLACK
6
CONTINUOUS
10
0.3362855905511811
20
0.2984699606299213
11
0.336081062992126
21
0.2986744881889764
0
LINE
8
BLACK
6
CONTINUOUS
10
0.336081062992126
20
0.2986744881889764
11
0.3359691732283465
21
0.2989446062992126
0
LINE
8
BLACK
6
CONTINUOUS
10
0.3359691732283465
20
0.2989446062992126
11
0.3358070078740157
21
0.2991878346456693
0
LINE
8
BLACK
6
CONTINUOUS
10
0.3358070078740157
20
0.2991878346456693
11
0.3357508661417323
21
0.2994716535433071
0
LINE
8
BLACK
6
CONTINUOUS
10
0.3357508661417323
20
0.2994716535433071
11
0.3356401574803149
21
0.2997388976377953
0
LINE
8
BLACK
6
CONTINUOUS
10
0.3356401574803149
20
0.2997388976377953
11
0.3356401574803149
21
0.3000312992125984
0
LINE
8
BLACK
6
CONTINUOUS
10
0.3356401574803149
20
0.3000312992125984
11
0.3355834251968504
21
0.3003180708661417
0
LINE
8
BLACK
6
CONTINUOUS
10
0.3355834251968504
20
0.3003180708661417
11
0.3356401574803149
21
0.3006017322834645
0
LINE
8
BLACK
6
CONTINUOUS
10
0.3356401574803149
20
0.3006017322834645
11
0.3356401574803149
21
0.3008910236220472
0
LINE
8
BLACK
6
CONTINUOUS
10
0.3356401574803149
20
0.3008910236220472
11
0.3357520078740158
21
0.3011611417322835
0
LINE
8
BLACK
6
CONTINUOUS
10
0.3357520078740158
20
0.3011611417322835
11
0.3358093700787402
21
0.3014477559055118
0
LINE
8
BLACK
6
CONTINUOUS
10
0.3358093700787402
20
0.3014477559055118
11
0.3359703149606299
21
0.3016881496062992
0
LINE
8
BLACK
6
CONTINUOUS
10
0.3359703149606299
20
0.3016881496062992
11
0.336081062992126
21
0.3019554330708661
0
LINE
8
BLACK
6
CONTINUOUS
10
0.336081062992126
20
0.3019554330708661
11
0.3362877559055118
21
0.3021621653543307
0
LINE
8
BLACK
6
CONTINUOUS
10
0.3362877559055118
20
0.3021621653543307
11
0.3364504330708661
21
0.3024050393700787
0
LINE
8
BLACK
6
CONTINUOUS
10
0.3364504330708661
20
0.3024050393700787
11
0.3368936614173229
21
0.3027680708661417
0
LINE
8
BLACK
6
CONTINUOUS
10
0.3368936614173229
20
0.3027680708661417
11
0.3368957086614173
21
0.3027700787401575
0
LINE
8
BLACK
6
CONTINUOUS
10
0.3368957086614173
20
0.3027700787401575
11
0.3368965748031496
21
0.3027704724409448
0
LINE
8
BLACK
6
CONTINUOUS
10
0.3368965748031496
20
0.3027704724409448
11
0.3368982677165354
21
0.3027718110236221
0
LINE
8
BLACK
6
CONTINUOUS
10
0.3368982677165354
20
0.3027718110236221
11
0.3422792913385826
21
0.3063591732283464
0
LINE
8
BLACK
6
CONTINUOUS
10
0.3422792913385826
20
0.3063591732283464
11
0.3454832677165354
21
0.3095631102362205
0
LINE
8
BLACK
6
CONTINUOUS
10
0.3454832677165354
20
0.3095631102362205
11
0.3471437401574803
21
0.3128840551181102
0
LINE
8
BLACK
6
CONTINUOUS
10
0.3471437401574803
20
0.3128840551181102
11
0.3474520866141732
21
0.313373937007874
0
LINE
8
BLACK
6
CONTINUOUS
10
0.3474520866141732
20
0.313373937007874
11
0.3483224803149606
21
0.314128779527559
0
LINE
8
BLACK
6
CONTINUOUS
10
0.3483224803149606
20
0.314128779527559
11
0.3494154330708661
21
0.3144931102362205
0
LINE
8
BLACK
6
CONTINUOUS
10
0.3494154330708661
20
0.3144931102362205
11
0.3505646456692914
21
0.3144114566929134
0
LINE
8
BLACK
6
CONTINUOUS
10
0.3784823228346457
20
0.3519548818897638
11
0.3795467322834646
21
0.3515139763779527
0
LINE
8
BLACK
6
CONTINUOUS
10
0.3795467322834646
20
0.3515139763779527
11
0.3803613779527559
21
0.3506993307086614
0
LINE
8
BLACK
6
CONTINUOUS
10
0.3803613779527559
20
0.3506993307086614
11
0.3808022834645669
21
0.3496349212598425
0
LINE
8
BLACK
6
CONTINUOUS
10
0.3808022834645669
20
0.3496349212598425
11
0.3808590157480315
21
0.3490588582677165
0
LINE
8
BLACK
6
CONTINUOUS
10
0.3808590157480315
20
0.3490588582677165
11
0.3808590157480315
21
0.3396850393700787
0
LINE
8
BLACK
6
CONTINUOUS
10
0.3808590157480315
20
0.3396850393700787
11
0.3808302755905512
21
0.3393934645669291
0
LINE
8
BLACK
6
CONTINUOUS
10
0.3808302755905512
20
0.3393934645669291
11
0.3808358267716535
21
0.3393157086614173
0
LINE
8
BLACK
6
CONTINUOUS
10
0.3808358267716535
20
0.3393157086614173
11
0.3808125590551181
21
0.3392134645669291
0
LINE
8
BLACK
6
CONTINUOUS
10
0.3808125590551181
20
0.3392134645669291
11
0.3808022834645669
21
0.3391089763779527
0
LINE
8
BLACK
6
CONTINUOUS
10
0.3808022834645669
20
0.3391089763779527
11
0.3807724015748031
21
0.3390369291338582
0
LINE
8
BLACK
6
CONTINUOUS
10
0.3807724015748031
20
0.3390369291338582
11
0.3807074803149606
21
0.3387512598425197
0
LINE
8
BLACK
6
CONTINUOUS
10
0.3807074803149606
20
0.3387512598425197
11
0.378832716535433
21
0.3331270078740157
0
LINE
8
BLACK
6
CONTINUOUS
10
0.378832716535433
20
0.3331270078740157
11
0.3785967322834646
21
0.3325984251968504
0
LINE
8
BLACK
6
CONTINUOUS
10
0.3785967322834646
20
0.3325984251968504
11
0.3785272440944882
21
0.3325183464566929
0
LINE
8
BLACK
6
CONTINUOUS
10
0.3785272440944882
20
0.3325183464566929
11
0.3784866535433071
21
0.3324202755905512
0
LINE
8
BLACK
6
CONTINUOUS
10
0.3784866535433071
20
0.3324202755905512
11
0.3781194094488189
21
0.3319728346456693
0
LINE
8
BLACK
6
CONTINUOUS
10
0.3781194094488189
20
0.3319728346456693
11
0.374369842519685
21
0.3282233070866142
0
LINE
8
BLACK
6
CONTINUOUS
10
0.374369842519685
20
0.3282233070866142
11
0.3741434645669292
21
0.3280375590551181
0
LINE
8
BLACK
6
CONTINUOUS
10
0.3741434645669292
20
0.3280375590551181
11
0.3740923228346457
21
0.3279785433070866
0
LINE
8
BLACK
6
CONTINUOUS
10
0.3740923228346457
20
0.3279785433070866
11
0.3740033858267717
21
0.3279225984251968
0
LINE
8
BLACK
6
CONTINUOUS
10
0.3740033858267717
20
0.3279225984251968
11
0.3739223622047244
21
0.327856062992126
0
LINE
8
BLACK
6
CONTINUOUS
10
0.3739223622047244
20
0.327856062992126
11
0.3738503149606299
21
0.3278262598425197
0
LINE
8
BLACK
6
CONTINUOUS
10
0.3738503149606299
20
0.3278262598425197
11
0.3736024409448819
21
0.3276701968503937
0
LINE
8
BLACK
6
CONTINUOUS
10
0.3736024409448819
20
0.3276701968503937
11
0.3698529133858268
21
0.3257954330708661
0
LINE
8
BLACK
6
CONTINUOUS
10
0.3698529133858268
20
0.3257954330708661
11
0.3698107874015748
21
0.3257793307086614
0
LINE
8
BLACK
6
CONTINUOUS
10
0.3698107874015748
20
0.3257793307086614
11
0.3697936614173228
21
0.3257666141732283
0
LINE
8
BLACK
6
CONTINUOUS
10
0.3697936614173228
20
0.3257666141732283
11
0.3695516929133858
21
0.3256801968503937
0
LINE
8
BLACK
6
CONTINUOUS
10
0.3695516929133858
20
0.3256801968503937
11
0.3693122834645669
21
0.3255885433070866
0
LINE
8
BLACK
6
CONTINUOUS
10
0.3693122834645669
20
0.3255885433070866
11
0.3692910236220472
21
0.3255870472440945
0
LINE
8
BLACK
6
CONTINUOUS
10
0.3692910236220472
20
0.3255870472440945
11
0.3692485433070866
21
0.3255718503937008
0
LINE
8
BLACK
6
CONTINUOUS
10
0.3692485433070866
20
0.3255718503937008
11
0.3617494881889763
21
0.3236970866141732
0
LINE
8
BLACK
6
CONTINUOUS
10
0.3617494881889763
20
0.3236970866141732
11
0.3616496062992126
21
0.3236823228346457
0
LINE
8
BLACK
6
CONTINUOUS
10
0.3616496062992126
20
0.3236823228346457
11
0.3616094094488189
21
0.3236656692913386
0
LINE
8
BLACK
6
CONTINUOUS
10
0.3616094094488189
20
0.3236656692913386
11
0.3613923622047244
21
0.3236443307086614
0
LINE
8
BLACK
6
CONTINUOUS
10
0.3613923622047244
20
0.3236443307086614
11
0.3611768897637795
21
0.3236124409448819
0
LINE
8
BLACK
6
CONTINUOUS
10
0.3611768897637795
20
0.3236124409448819
11
0.3611338582677165
21
0.3236188582677165
0
LINE
8
BLACK
6
CONTINUOUS
10
0.3611338582677165
20
0.3236188582677165
11
0.3610333464566929
21
0.323608937007874
0
LINE
8
BLACK
6
CONTINUOUS
10
0.3610333464566929
20
0.323608937007874
11
0.3554090551181102
21
0.323608937007874
0
LINE
8
BLACK
6
CONTINUOUS
10
0.3554090551181102
20
0.323608937007874
11
0.3553085039370079
21
0.3236188582677165
0
LINE
8
BLACK
6
CONTINUOUS
10
0.3553085039370079
20
0.3236188582677165
11
0.3552655118110236
21
0.3236124409448819
0
LINE
8
BLACK
6
CONTINUOUS
10
0.3552655118110236
20
0.3236124409448819
11
0.35505
21
0.3236443307086614
0
LINE
8
BLACK
6
CONTINUOUS
10
0.35505
20
0.3236443307086614
11
0.3548329921259842
21
0.3236656692913386
0
LINE
8
BLACK
6
CONTINUOUS
10
0.3548329921259842
20
0.3236656692913386
11
0.3547927559055118
21
0.3236823228346457
0
LINE
8
BLACK
6
CONTINUOUS
10
0.3547927559055118
20
0.3236823228346457
11
0.3546929133858268
21
0.3236970866141732
0
LINE
8
BLACK
6
CONTINUOUS
10
0.3546929133858268
20
0.3236970866141732
11
0.3471938582677165
21
0.3255718503937008
0
LINE
8
BLACK
6
CONTINUOUS
10
0.3471938582677165
20
0.3255718503937008
11
0.3471513385826772
21
0.3255870472440945
0
LINE
8
BLACK
6
CONTINUOUS
10
0.3471513385826772
20
0.3255870472440945
11
0.3471300787401575
21
0.3255885433070866
0
LINE
8
BLACK
6
CONTINUOUS
10
0.3471300787401575
20
0.3255885433070866
11
0.3468903149606299
21
0.3256803149606299
0
LINE
8
BLACK
6
CONTINUOUS
10
0.3468903149606299
20
0.3256803149606299
11
0.3466487401574803
21
0.3257666141732283
0
LINE
8
BLACK
6
CONTINUOUS
10
0.3466487401574803
20
0.3257666141732283
11
0.3466315748031496
21
0.3257793307086614
0
LINE
8
BLACK
6
CONTINUOUS
10
0.3466315748031496
20
0.3257793307086614
11
0.3465894881889764
21
0.3257954330708661
0
LINE
8
BLACK
6
CONTINUOUS
10
0.3465894881889764
20
0.3257954330708661
11
0.3428399606299212
21
0.3276701968503937
0
LINE
8
BLACK
6
CONTINUOUS
10
0.3428399606299212
20
0.3276701968503937
11
0.342592125984252
21
0.3278262204724409
0
LINE
8
BLACK
6
CONTINUOUS
10
0.342592125984252
20
0.3278262204724409
11
0.34252
21
0.327856062992126
0
LINE
8
BLACK
6
CONTINUOUS
10
0.34252
20
0.327856062992126
11
0.3424388188976378
21
0.3279226771653543
0
LINE
8
BLACK
6
CONTINUOUS
10
0.3424388188976378
20
0.3279226771653543
11
0.3423500787401575
21
0.3279785433070866
0
LINE
8
BLACK
6
CONTINUOUS
10
0.3423500787401575
20
0.3279785433070866
11
0.342298937007874
21
0.3280374803149606
0
LINE
8
BLACK
6
CONTINUOUS
10
0.342298937007874
20
0.3280374803149606
11
0.3420725590551181
21
0.3282233070866142
0
LINE
8
BLACK
6
CONTINUOUS
10
0.3420725590551181
20
0.3282233070866142
11
0.338323031496063
21
0.3319728346456693
0
LINE
8
BLACK
6
CONTINUOUS
10
0.338323031496063
20
0.3319728346456693
11
0.3379558267716535
21
0.3324202755905512
0
LINE
8
BLACK
6
CONTINUOUS
10
0.3379558267716535
20
0.3324202755905512
11
0.3379151968503937
21
0.3325183464566929
0
LINE
8
BLACK
6
CONTINUOUS
10
0.3379151968503937
20
0.3325183464566929
11
0.3378457086614173
21
0.3325984645669292
0
LINE
8
BLACK
6
CONTINUOUS
10
0.3378457086614173
20
0.3325984645669292
11
0.3376097244094488
21
0.3331270078740157
0
LINE
8
BLACK
6
CONTINUOUS
10
0.3376097244094488
20
0.3331270078740157
11
0.3357349606299213
21
0.3387512992125984
0
LINE
8
BLACK
6
CONTINUOUS
10
0.3357349606299213
20
0.3387512992125984
11
0.33567
21
0.3390368897637795
0
LINE
8
BLACK
6
CONTINUOUS
10
0.33567
20
0.3390368897637795
11
0.3356401574803149
21
0.3391089763779527
0
LINE
8
BLACK
6
CONTINUOUS
10
0.3356401574803149
20
0.3391089763779527
11
0.335629842519685
21
0.3392135039370079
0
LINE
8
BLACK
6
CONTINUOUS
10
0.335629842519685
20
0.3392135039370079
11
0.3356066141732283
21
0.3393157480314961
0
LINE
8
BLACK
6
CONTINUOUS
10
0.3356066141732283
20
0.3393157480314961
11
0.3356121259842519
21
0.3393935039370078
0
LINE
8
BLACK
6
CONTINUOUS
10
0.3356121259842519
20
0.3393935039370078
11
0.3355834251968504
21
0.3396850393700787
0
LINE
8
BLACK
6
CONTINUOUS
10
0.3355834251968504
20
0.3396850393700787
11
0.3355834251968504
21
0.3490588582677165
0
LINE
8
BLACK
6
CONTINUOUS
10
0.3355834251968504
20
0.3490588582677165
11
0.3356401574803149
21
0.3496349212598425
0
LINE
8
BLACK
6
CONTINUOUS
10
0.3356401574803149
20
0.3496349212598425
11
0.336081062992126
21
0.3506993307086614
0
LINE
8
BLACK
6
CONTINUOUS
10
0.336081062992126
20
0.3506993307086614
11
0.3368957086614173
21
0.3515139763779527
0
LINE
8
BLACK
6
CONTINUOUS
10
0.3368957086614173
20
0.3515139763779527
11
0.3379601181102362
21
0.3519548818897638
0
LINE
8
BLACK
6
CONTINUOUS
10
0.3379601181102362
20
0.3519548818897638
11
0.3385361811023622
21
0.3520116141732283
0
LINE
8
BLACK
6
CONTINUOUS
10
0.3385361811023622
20
0.3520116141732283
11
0.3779062598425197
21
0.3520116141732283
0
LINE
8
BLACK
6
CONTINUOUS
10
0.3779062598425197
20
0.3520116141732283
11
0.3784823228346457
21
0.3519548818897638
0
LINE
8
BLACK
6
CONTINUOUS
10
0.341488937007874
20
0.3401642125984252
11
0.3429917322834646
21
0.3356557874015748
0
LINE
8
BLACK
6
CONTINUOUS
10
0.3429917322834646
20
0.3356557874015748
11
0.3459095669291338
21
0.3327379527559055
0
LINE
8
BLACK
6
CONTINUOUS
10
0.3459095669291338
20
0.3327379527559055
11
0.3489405511811023
21
0.3312224803149606
0
LINE
8
BLACK
6
CONTINUOUS
10
0.3489405511811023
20
0.3312224803149606
11
0.3557725984251968
21
0.3295144488188976
0
LINE
8
BLACK
6
CONTINUOUS
10
0.3557725984251968
20
0.3295144488188976
11
0.3606698031496063
21
0.3295144488188976
0
LINE
8
BLACK
6
CONTINUOUS
10
0.3606698031496063
20
0.3295144488188976
11
0.3675018503937008
21
0.3312224803149606
0
LINE
8
BLACK
6
CONTINUOUS
10
0.3675018503937008
20
0.3312224803149606
11
0.3705328346456693
21
0.3327379921259843
0
LINE
8
BLACK
6
CONTINUOUS
10
0.3705328346456693
20
0.3327379921259843
11
0.3734507086614173
21
0.3356558267716535
0
LINE
8
BLACK
6
CONTINUOUS
10
0.3734507086614173
20
0.3356558267716535
11
0.3749535039370079
21
0.3401641732283465
0
LINE
8
BLACK
6
CONTINUOUS
10
0.3749535039370079
20
0.3401641732283465
11
0.3749535039370079
21
0.3461061023622047
0
LINE
8
BLACK
6
CONTINUOUS
10
0.3749535039370079
20
0.3461061023622047
11
0.341488937007874
21
0.3461061023622047
0
LINE
8
BLACK
6
CONTINUOUS
10
0.341488937007874
20
0.3461061023622047
11
0.341488937007874
21
0.3401642125984252
0
LINE
8
BLACK
6
CONTINUOUS
10
0.397664094488189
20
0.3722188976377953
11
0.3984787401574803
21
0.3714042519685039
0
LINE
8
BLACK
6
CONTINUOUS
10
0.3984787401574803
20
0.3714042519685039
11
0.3989196456692913
21
0.370339842519685
0
LINE
8
BLACK
6
CONTINUOUS
10
0.3989196456692913
20
0.370339842519685
11
0.3989763779527559
21
0.3697637795275591
0
LINE
8
BLACK
6
CONTINUOUS
10
0.3989763779527559
20
0.3697637795275591
11
0.3989763779527559
21
0.3327165354330708
0
LINE
8
BLACK
6
CONTINUOUS
10
0.3989763779527559
20
0.3327165354330708
11
0.4530708661417323
21
0.3327165354330708
0
LINE
8
BLACK
6
CONTINUOUS
10
0.4530708661417323
20
0.3327165354330708
11
0.4530708661417323
21
0.3697637795275591
0
LINE
8
BLACK
6
CONTINUOUS
10
0.4530708661417323
20
0.3697637795275591
11
0.4531275984251968
21
0.370339842519685
0
LINE
8
BLACK
6
CONTINUOUS
10
0.4531275984251968
20
0.370339842519685
11
0.4535685039370079
21
0.3714042519685039
0
LINE
8
BLACK
6
CONTINUOUS
10
0.4535685039370079
20
0.3714042519685039
11
0.4543831496062992
21
0.3722188976377953
0
LINE
8
BLACK
6
CONTINUOUS
10
0.4543831496062992
20
0.3722188976377953
11
0.4554475590551181
21
0.3726598031496063
0
LINE
8
BLACK
6
CONTINUOUS
10
0.4554475590551181
20
0.3726598031496063
11
0.4565996850393701
21
0.3726598031496063
0
LINE
8
BLACK
6
CONTINUOUS
10
0.4565996850393701
20
0.3726598031496063
11
0.457664094488189
21
0.3722188976377953
0
LINE
8
BLACK
6
CONTINUOUS
10
0.457664094488189
20
0.3722188976377953
11
0.4584787401574803
21
0.3714042519685039
0
LINE
8
BLACK
6
CONTINUOUS
10
0.4584787401574803
20
0.3714042519685039
11
0.4589196456692913
21
0.370339842519685
0
LINE
8
BLACK
6
CONTINUOUS
10
0.4589196456692913
20
0.370339842519685
11
0.4589763779527559
21
0.3697637795275591
0
LINE
8
BLACK
6
CONTINUOUS
10
0.4589763779527559
20
0.3697637795275591
11
0.4589763779527559
21
0.329763779527559
0
LINE
8
BLACK
6
CONTINUOUS
10
0.4589763779527559
20
0.329763779527559
11
0.4589196456692913
21
0.3291877165354331
0
LINE
8
BLACK
6
CONTINUOUS
10
0.4589196456692913
20
0.3291877165354331
11
0.4584787401574803
21
0.3281233070866142
0
LINE
8
BLACK
6
CONTINUOUS
10
0.4584787401574803
20
0.3281233070866142
11
0.457664094488189
21
0.3273086614173228
0
LINE
8
BLACK
6
CONTINUOUS
10
0.457664094488189
20
0.3273086614173228
11
0.4565996850393701
21
0.3268677559055118
0
LINE
8
BLACK
6
CONTINUOUS
10
0.4565996850393701
20
0.3268677559055118
11
0.4560236220472441
21
0.3268110236220472
0
LINE
8
BLACK
6
CONTINUOUS
10
0.4560236220472441
20
0.3268110236220472
11
0.3960236220472441
21
0.3268110236220472
0
LINE
8
BLACK
6
CONTINUOUS
10
0.3960236220472441
20
0.3268110236220472
11
0.3954475590551181
21
0.3268677559055118
0
LINE
8
BLACK
6
CONTINUOUS
10
0.3954475590551181
20
0.3268677559055118
11
0.3943831496062992
21
0.3273086614173228
0
LINE
8
BLACK
6
CONTINUOUS
10
0.3943831496062992
20
0.3273086614173228
11
0.3935685039370079
21
0.3281233070866142
0
LINE
8
BLACK
6
CONTINUOUS
10
0.3935685039370079
20
0.3281233070866142
11
0.3931275984251968
21
0.3291877165354331
0
LINE
8
BLACK
6
CONTINUOUS
10
0.3931275984251968
20
0.3291877165354331
11
0.3930708661417323
21
0.329763779527559
0
LINE
8
BLACK
6
CONTINUOUS
10
0.3930708661417323
20
0.329763779527559
11
0.3930708661417323
21
0.3697637795275591
0
LINE
8
BLACK
6
CONTINUOUS
10
0.3930708661417323
20
0.3697637795275591
11
0.3931275984251968
21
0.370339842519685
0
LINE
8
BLACK
6
CONTINUOUS
10
0.3931275984251968
20
0.370339842519685
11
0.3935685039370079
21
0.3714042519685039
0
LINE
8
BLACK
6
CONTINUOUS
10
0.3935685039370079
20
0.3714042519685039
11
0.3943831496062992
21
0.3722188976377953
0
LINE
8
BLACK
6
CONTINUOUS
10
0.3943831496062992
20
0.3722188976377953
11
0.3954475590551181
21
0.3726598031496063
0
LINE
8
BLACK
6
CONTINUOUS
10
0.3954475590551181
20
0.3726598031496063
11
0.39659968503937
21
0.3726598031496063
0
LINE
8
BLACK
6
CONTINUOUS
10
0.39659968503937
20
0.3726598031496063
11
0.397664094488189
21
0.3722188976377953
0
LINE
8
BLACK
6
CONTINUOUS
10
0.504522716535433
20
0.3812575196850393
11
0.5048085826771653
21
0.3804
0
LINE
8
BLACK
6
CONTINUOUS
10
0.5048085826771653
20
0.3804
11
0.5046868503937008
21
0.3799555118110236
0
LINE
8
BLACK
6
CONTINUOUS
10
0.5046868503937008
20
0.3799555118110236
11
0.5039369291338582
21
0.3784556692913386
0
LINE
8
BLACK
6
CONTINUOUS
10
0.5039369291338582
20
0.3784556692913386
11
0.5038207874015748
21
0.3783061023622047
0
LINE
8
BLACK
6
CONTINUOUS
10
0.5038207874015748
20
0.3783061023622047
11
0.5037156692913386
21
0.3781487007874016
0
LINE
8
BLACK
6
CONTINUOUS
10
0.5037156692913386
20
0.3781487007874016
11
0.5027322834645669
21
0.3771653543307086
0
LINE
8
BLACK
6
CONTINUOUS
10
0.5027322834645669
20
0.3771653543307086
11
0.5136979133858267
21
0.3771653543307086
0
LINE
8
BLACK
6
CONTINUOUS
10
0.5136979133858267
20
0.3771653543307086
11
0.5136979133858267
21
0.3804837007874016
0
LINE
8
BLACK
6
CONTINUOUS
10
0.5136979133858267
20
0.3804837007874016
11
0.5137878346456692
21
0.3809357086614173
0
LINE
8
BLACK
6
CONTINUOUS
10
0.5137878346456692
20
0.3809357086614173
11
0.5144270078740157
21
0.3815748818897638
0
LINE
8
BLACK
6
CONTINUOUS
10
0.5144270078740157
20
0.3815748818897638
11
0.5153310236220472
21
0.3815748818897638
0
LINE
8
BLACK
6
CONTINUOUS
10
0.5153310236220472
20
0.3815748818897638
11
0.5159701968503937
21
0.3809357086614173
0
LINE
8
BLACK
6
CONTINUOUS
10
0.5159701968503937
20
0.3809357086614173
11
0.5160601181102362
21
0.3804837007874016
0
LINE
8
BLACK
6
CONTINUOUS
10
0.5160601181102362
20
0.3804837007874016
11
0.5160601181102362
21
0.3714848425196851
0
LINE
8
BLACK
6
CONTINUOUS
10
0.5160601181102362
20
0.3714848425196851
11
0.5159701968503937
21
0.3710328346456693
0
LINE
8
BLACK
6
CONTINUOUS
10
0.5159701968503937
20
0.3710328346456693
11
0.5153310236220472
21
0.3703936614173228
0
LINE
8
BLACK
6
CONTINUOUS
10
0.5153310236220472
20
0.3703936614173228
11
0.5144270078740157
21
0.3703936614173228
0
LINE
8
BLACK
6
CONTINUOUS
10
0.5144270078740157
20
0.3703936614173228
11
0.5137878346456692
21
0.3710328346456693
0
LINE
8
BLACK
6
CONTINUOUS
10
0.5137878346456692
20
0.3710328346456693
11
0.5136979133858267
21
0.3714848425196851
0
LINE
8
BLACK
6
CONTINUOUS
10
0.5136979133858267
20
0.3714848425196851
11
0.5136979133858267
21
0.3748031496062992
0
LINE
8
BLACK
6
CONTINUOUS
10
0.5136979133858267
20
0.3748031496062992
11
0.4991309842519685
21
0.3748031496062992
0
LINE
8
BLACK
6
CONTINUOUS
10
0.4991309842519685
20
0.3748031496062992
11
0.4986789763779527
21
0.3748930708661417
0
LINE
8
BLACK
6
CONTINUOUS
10
0.4986789763779527
20
0.3748930708661417
11
0.4985929921259842
21
0.3749790551181102
0
LINE
8
BLACK
6
CONTINUOUS
10
0.4985929921259842
20
0.3749790551181102
11
0.4984738188976378
21
0.375002874015748
0
LINE
8
BLACK
6
CONTINUOUS
10
0.4984738188976378
20
0.375002874015748
11
0.498283031496063
21
0.3752890157480315
0
LINE
8
BLACK
6
CONTINUOUS
10
0.498283031496063
20
0.3752890157480315
11
0.4980398031496063
21
0.3755322440944882
0
LINE
8
BLACK
6
CONTINUOUS
10
0.4980398031496063
20
0.3755322440944882
11
0.4980398031496063
21
0.3756538582677165
0
LINE
8
BLACK
6
CONTINUOUS
10
0.4980398031496063
20
0.3756538582677165
11
0.4979723228346457
21
0.3757550393700788
0
LINE
8
BLACK
6
CONTINUOUS
10
0.4979723228346457
20
0.3757550393700788
11
0.4980398031496063
21
0.3760924409448819
0
LINE
8
BLACK
6
CONTINUOUS
10
0.4980398031496063
20
0.3760924409448819
11
0.4980398031496063
21
0.3764362598425197
0
LINE
8
BLACK
6
CONTINUOUS
10
0.4980398031496063
20
0.3764362598425197
11
0.4981257480314961
21
0.3765222440944882
0
LINE
8
BLACK
6
CONTINUOUS
10
0.4981257480314961
20
0.3765222440944882
11
0.4981496062992126
21
0.3766414173228346
0
LINE
8
BLACK
6
CONTINUOUS
10
0.4981496062992126
20
0.3766414173228346
11
0.4984758267716535
21
0.376966968503937
0
LINE
8
BLACK
6
CONTINUOUS
10
0.4984758267716535
20
0.376966968503937
11
0.5006283070866142
21
0.3784020472440945
0
LINE
8
BLACK
6
CONTINUOUS
10
0.5006283070866142
20
0.3784020472440945
11
0.5019098031496063
21
0.3796835433070866
0
LINE
8
BLACK
6
CONTINUOUS
10
0.5019098031496063
20
0.3796835433070866
11
0.5025740157480315
21
0.3810119291338583
0
LINE
8
BLACK
6
CONTINUOUS
10
0.5025740157480315
20
0.3810119291338583
11
0.5028566141732284
21
0.3813759842519685
0
LINE
8
BLACK
6
CONTINUOUS
10
0.5028566141732284
20
0.3813759842519685
11
0.5037141338582677
21
0.3816618503937008
0
LINE
8
BLACK
6
CONTINUOUS
10
0.5037141338582677
20
0.3816618503937008
11
0.504522716535433
21
0.3812575196850393
0
LINE
8
BLACK
6
CONTINUOUS
10
0.5082718503937008
20
0.3973846062992126
11
0.5084163385826772
21
0.3973775590551181
0
LINE
8
BLACK
6
CONTINUOUS
10
0.5084163385826772
20
0.3973775590551181
11
0.5114159448818898
21
0.3966276377952756
0
LINE
8
BLACK
6
CONTINUOUS
10
0.5114159448818898
20
0.3966276377952756
11
0.511532874015748
21
0.3965724015748032
0
LINE
8
BLACK
6
CONTINUOUS
10
0.511532874015748
20
0.3965724015748032
11
0.5116576771653544
21
0.3965382283464567
0
LINE
8
BLACK
6
CONTINUOUS
10
0.5116576771653544
20
0.3965382283464567
11
0.5131574803149607
21
0.3957883464566929
0
LINE
8
BLACK
6
CONTINUOUS
10
0.5131574803149607
20
0.3957883464566929
11
0.513306968503937
21
0.3956723228346457
0
LINE
8
BLACK
6
CONTINUOUS
10
0.513306968503937
20
0.3956723228346457
11
0.5134644488188976
21
0.3955670866141732
0
LINE
8
BLACK
6
CONTINUOUS
10
0.5134644488188976
20
0.3955670866141732
11
0.5149642913385827
21
0.3940673228346457
0
LINE
8
BLACK
6
CONTINUOUS
10
0.5149642913385827
20
0.3940673228346457
11
0.5149971653543307
21
0.3940181102362205
0
LINE
8
BLACK
6
CONTINUOUS
10
0.5149971653543307
20
0.3940181102362205
11
0.5150213779527559
21
0.3940059842519685
0
LINE
8
BLACK
6
CONTINUOUS
10
0.5150213779527559
20
0.3940059842519685
11
0.515115157480315
21
0.3938414960629921
0
LINE
8
BLACK
6
CONTINUOUS
10
0.515115157480315
20
0.3938414960629921
11
0.5152203149606299
21
0.393684094488189
0
LINE
8
BLACK
6
CONTINUOUS
10
0.5152203149606299
20
0.393684094488189
11
0.5152203149606299
21
0.3936570866141732
0
LINE
8
BLACK
6
CONTINUOUS
10
0.5152203149606299
20
0.3936570866141732
11
0.5152496456692913
21
0.3936056299212599
0
LINE
8
BLACK
6
CONTINUOUS
10
0.5152496456692913
20
0.3936056299212599
11
0.5159995275590551
21
0.3913558661417323
0
LINE
8
BLACK
6
CONTINUOUS
10
0.5159995275590551
20
0.3913558661417323
11
0.5160231496062992
21
0.3911680708661417
0
LINE
8
BLACK
6
CONTINUOUS
10
0.5160231496062992
20
0.3911680708661417
11
0.5160601181102362
21
0.3909824015748031
0
LINE
8
BLACK
6
CONTINUOUS
10
0.5160601181102362
20
0.3909824015748031
11
0.5160601181102362
21
0.3894825590551181
0
LINE
8
BLACK
6
CONTINUOUS
10
0.5160601181102362
20
0.3894825590551181
11
0.5160231889763779
21
0.389296968503937
0
LINE
8
BLACK
6
CONTINUOUS
10
0.5160231889763779
20
0.389296968503937
11
0.5159995275590551
21
0.3891090551181102
0
LINE
8
BLACK
6
CONTINUOUS
10
0.5159995275590551
20
0.3891090551181102
11
0.5152496456692913
21
0.3868593700787402
0
LINE
8
BLACK
6
CONTINUOUS
10
0.5152496456692913
20
0.3868593700787402
11
0.5152203543307087
21
0.386808031496063
0
LINE
8
BLACK
6
CONTINUOUS
10
0.5152203543307087
20
0.386808031496063
11
0.5152203543307087
21
0.386780905511811
0
LINE
8
BLACK
6
CONTINUOUS
10
0.5152203543307087
20
0.386780905511811
11
0.5151150787401575
21
0.3866234251968504
0
LINE
8
BLACK
6
CONTINUOUS
10
0.5151150787401575
20
0.3866234251968504
11
0.5150213779527559
21
0.3864590157480315
0
LINE
8
BLACK
6
CONTINUOUS
10
0.5150213779527559
20
0.3864590157480315
11
0.514997125984252
21
0.3864469291338583
0
LINE
8
BLACK
6
CONTINUOUS
10
0.514997125984252
20
0.3864469291338583
11
0.5149642913385827
21
0.3863977165354331
0
LINE
8
BLACK
6
CONTINUOUS
10
0.5149642913385827
20
0.3863977165354331
11
0.5142143700787402
21
0.3856477952755906
0
LINE
8
BLACK
6
CONTINUOUS
10
0.5142143700787402
20
0.3856477952755906
11
0.5138311811023621
21
0.3853917716535433
0
LINE
8
BLACK
6
CONTINUOUS
10
0.5138311811023621
20
0.3853917716535433
11
0.5129272440944882
21
0.3853917716535433
0
LINE
8
BLACK
6
CONTINUOUS
10
0.5129272440944882
20
0.3853917716535433
11
0.5122880314960629
21
0.3860309842519685
0
LINE
8
BLACK
6
CONTINUOUS
10
0.5122880314960629
20
0.3860309842519685
11
0.5122880314960629
21
0.3869349212598425
0
LINE
8
BLACK
6
CONTINUOUS
10
0.5122880314960629
20
0.3869349212598425
11
0.5125440551181102
21
0.3873181102362205
0
LINE
8
BLACK
6
CONTINUOUS
10
0.5125440551181102
20
0.3873181102362205
11
0.5130967322834645
21
0.3878708267716535
0
LINE
8
BLACK
6
CONTINUOUS
10
0.5130967322834645
20
0.3878708267716535
11
0.5136979133858267
21
0.3896742913385827
0
LINE
8
BLACK
6
CONTINUOUS
10
0.5136979133858267
20
0.3896742913385827
11
0.5136979133858267
21
0.3907907086614173
0
LINE
8
BLACK
6
CONTINUOUS
10
0.5136979133858267
20
0.3907907086614173
11
0.5130967322834645
21
0.3925941732283464
0
LINE
8
BLACK
6
CONTINUOUS
10
0.5130967322834645
20
0.3925941732283464
11
0.5119296850393701
21
0.3937612204724409
0
LINE
8
BLACK
6
CONTINUOUS
10
0.5119296850393701
20
0.3937612204724409
11
0.5107172047244094
21
0.3943674803149606
0
LINE
8
BLACK
6
CONTINUOUS
10
0.5107172047244094
20
0.3943674803149606
11
0.5079845275590551
21
0.3950506299212598
0
LINE
8
BLACK
6
CONTINUOUS
10
0.5079845275590551
20
0.3950506299212598
11
0.5060255118110236
21
0.3950506299212598
0
LINE
8
BLACK
6
CONTINUOUS
10
0.5060255118110236
20
0.3950506299212598
11
0.5032927559055118
21
0.3943674409448819
0
LINE
8
BLACK
6
CONTINUOUS
10
0.5032927559055118
20
0.3943674409448819
11
0.5020803543307086
21
0.3937612598425197
0
LINE
8
BLACK
6
CONTINUOUS
10
0.5020803543307086
20
0.3937612598425197
11
0.5009131889763779
21
0.3925941338582677
0
LINE
8
BLACK
6
CONTINUOUS
10
0.5009131889763779
20
0.3925941338582677
11
0.5003120866141733
21
0.3907907874015748
0
LINE
8
BLACK
6
CONTINUOUS
10
0.5003120866141733
20
0.3907907874015748
11
0.5003120866141733
21
0.3896742125984252
0
LINE
8
BLACK
6
CONTINUOUS
10
0.5003120866141733
20
0.3896742125984252
11
0.5009131889763779
21
0.3878709448818898
0
LINE
8
BLACK
6
CONTINUOUS
10
0.5009131889763779
20
0.3878709448818898
11
0.5014659842519685
21
0.3873181102362205
0
LINE
8
BLACK
6
CONTINUOUS
10
0.5014659842519685
20
0.3873181102362205
11
0.5017220078740158
21
0.3869348818897638
0
LINE
8
BLACK
6
CONTINUOUS
10
0.5017220078740158
20
0.3869348818897638
11
0.501721968503937
21
0.3860309842519685
0
LINE
8
BLACK
6
CONTINUOUS
10
0.501721968503937
20
0.3860309842519685
11
0.501082716535433
21
0.3853917322834646
0
LINE
8
BLACK
6
CONTINUOUS
10
0.501082716535433
20
0.3853917322834646
11
0.5001787795275591
21
0.3853917716535433
0
LINE
8
BLACK
6
CONTINUOUS
10
0.5001787795275591
20
0.3853917716535433
11
0.4997955905511811
21
0.3856478346456693
0
LINE
8
BLACK
6
CONTINUOUS
10
0.4997955905511811
20
0.3856478346456693
11
0.4990457086614173
21
0.3863977165354331
0
LINE
8
BLACK
6
CONTINUOUS
10
0.4990457086614173
20
0.3863977165354331
11
0.4990127952755906
21
0.386446968503937
0
LINE
8
BLACK
6
CONTINUOUS
10
0.4990127952755906
20
0.386446968503937
11
0.4989886614173228
21
0.3864590157480315
0
LINE
8
BLACK
6
CONTINUOUS
10
0.4989886614173228
20
0.3864590157480315
11
0.4988950393700787
21
0.3866232677165354
0
LINE
8
BLACK
6
CONTINUOUS
10
0.4988950393700787
20
0.3866232677165354
11
0.49878968503937
21
0.3867809448818897
0
LINE
8
BLACK
6
CONTINUOUS
10
0.49878968503937
20
0.3867809448818897
11
0.49878968503937
21
0.3868080708661417
0
LINE
8
BLACK
6
CONTINUOUS
10
0.49878968503937
20
0.3868080708661417
11
0.4987604330708661
21
0.3868593700787402
0
LINE
8
BLACK
6
CONTINUOUS
10
0.4987604330708661
20
0.3868593700787402
11
0.4980105118110236
21
0.3891090551181102
0
LINE
8
BLACK
6
CONTINUOUS
10
0.4980105118110236
20
0.3891090551181102
11
0.4979868503937008
21
0.3892966929133858
0
LINE
8
BLACK
6
CONTINUOUS
10
0.4979868503937008
20
0.3892966929133858
11
0.4979498818897637
21
0.3894825590551181
0
LINE
8
BLACK
6
CONTINUOUS
10
0.4979498818897637
20
0.3894825590551181
11
0.4979498818897637
21
0.3909824015748031
0
LINE
8
BLACK
6
CONTINUOUS
10
0.4979498818897637
20
0.3909824015748031
11
0.4979868503937008
21
0.3911683070866142
0
LINE
8
BLACK
6
CONTINUOUS
10
0.4979868503937008
20
0.3911683070866142
11
0.4980105118110236
21
0.391355905511811
0
LINE
8
BLACK
6
CONTINUOUS
10
0.4980105118110236
20
0.391355905511811
11
0.4987604330708661
21
0.3936056299212599
0
LINE
8
BLACK
6
CONTINUOUS
10
0.4987604330708661
20
0.3936056299212599
11
0.4987897244094488
21
0.3936570472440945
0
LINE
8
BLACK
6
CONTINUOUS
10
0.4987897244094488
20
0.3936570472440945
11
0.4987897244094488
21
0.393684094488189
0
LINE
8
BLACK
6
CONTINUOUS
10
0.4987897244094488
20
0.393684094488189
11
0.4988948818897638
21
0.3938415354330709
0
LINE
8
BLACK
6
CONTINUOUS
10
0.4988948818897638
20
0.3938415354330709
11
0.4989886614173228
21
0.3940059842519685
0
LINE
8
BLACK
6
CONTINUOUS
10
0.4989886614173228
20
0.3940059842519685
11
0.499012874015748
21
0.3940181102362205
0
LINE
8
BLACK
6
CONTINUOUS
10
0.499012874015748
20
0.3940181102362205
11
0.499045748031496
21
0.3940672834645669
0
LINE
8
BLACK
6
CONTINUOUS
10
0.499045748031496
20
0.3940672834645669
11
0.5005455118110236
21
0.3955670866141732
0
LINE
8
BLACK
6
CONTINUOUS
10
0.5005455118110236
20
0.3955670866141732
11
0.500702874015748
21
0.3956722440944882
0
LINE
8
BLACK
6
CONTINUOUS
10
0.500702874015748
20
0.3956722440944882
11
0.5008525196850394
21
0.3957883464566929
0
LINE
8
BLACK
6
CONTINUOUS
10
0.5008525196850394
20
0.3957883464566929
11
0.5023523228346457
21
0.3965382283464567
0
LINE
8
BLACK
6
CONTINUOUS
10
0.5023523228346457
20
0.3965382283464567
11
0.5024770866141732
21
0.3965724015748032
0
LINE
8
BLACK
6
CONTINUOUS
10
0.5024770866141732
20
0.3965724015748032
11
0.5025940551181102
21
0.3966276377952756
0
LINE
8
BLACK
6
CONTINUOUS
10
0.5025940551181102
20
0.3966276377952756
11
0.5055937007874015
21
0.3973775590551181
0
LINE
8
BLACK
6
CONTINUOUS
10
0.5055937007874015
20
0.3973775590551181
11
0.5057381496062991
21
0.3973846062992126
0
LINE
8
BLACK
6
CONTINUOUS
10
0.5057381496062991
20
0.3973846062992126
11
0.5058801574803149
21
0.3974128346456693
0
LINE
8
BLACK
6
CONTINUOUS
10
0.5058801574803149
20
0.3974128346456693
11
0.5081298818897637
21
0.3974128346456693
0
LINE
8
BLACK
6
CONTINUOUS
10
0.5081298818897637
20
0.3974128346456693
11
0.5082718503937008
21
0.3973846062992126
0
LINE
8
BLACK
6
CONTINUOUS
10
0.524217874015748
20
0.4171729921259842
11
0.5252832283464567
21
0.4161076377952756
0
LINE
8
BLACK
6
CONTINUOUS
10
0.5252832283464567
20
0.4161076377952756
11
0.5254330708661418
21
0.4153543307086614
0
LINE
8
BLACK
6
CONTINUOUS
10
0.5254330708661418
20
0.4153543307086614
11
0.5254330708661418
21
0.3523622047244094
0
LINE
8
BLACK
6
CONTINUOUS
10
0.5254330708661418
20
0.3523622047244094
11
0.5252832283464567
21
0.3516088976377953
0
LINE
8
BLACK
6
CONTINUOUS
10
0.5252832283464567
20
0.3516088976377953
11
0.524217874015748
21
0.3505435433070866
0
LINE
8
BLACK
6
CONTINUOUS
10
0.524217874015748
20
0.3505435433070866
11
0.5234645669291339
21
0.3503937007874016
0
LINE
8
BLACK
6
CONTINUOUS
10
0.5234645669291339
20
0.3503937007874016
11
0.4919685039370079
21
0.3503937007874016
0
LINE
8
BLACK
6
CONTINUOUS
10
0.4919685039370079
20
0.3503937007874016
11
0.4912151968503937
21
0.3505435433070866
0
LINE
8
BLACK
6
CONTINUOUS
10
0.4912151968503937
20
0.3505435433070866
11
0.490149842519685
21
0.3516088976377953
0
LINE
8
BLACK
6
CONTINUOUS
10
0.490149842519685
20
0.3516088976377953
11
0.49
21
0.3523622047244094
0
LINE
8
BLACK
6
CONTINUOUS
10
0.49
20
0.3523622047244094
11
0.49
21
0.4153543307086614
0
LINE
8
BLACK
6
CONTINUOUS
10
0.49
20
0.4153543307086614
11
0.490149842519685
21
0.4161076377952756
0
LINE
8
BLACK
6
CONTINUOUS
10
0.490149842519685
20
0.4161076377952756
11
0.4912151968503937
21
0.4171729921259842
0
LINE
8
BLACK
6
CONTINUOUS
10
0.4912151968503937
20
0.4171729921259842
11
0.4919685039370079
21
0.4173228346456693
0
LINE
8
BLACK
6
CONTINUOUS
10
0.4919685039370079
20
0.4173228346456693
11
0.5234645669291339
21
0.4173228346456693
0
LINE
8
BLACK
6
CONTINUOUS
10
0.5234645669291339
20
0.4173228346456693
11
0.524217874015748
21
0.4171729921259842
0
LINE
8
BLACK
6
CONTINUOUS
10
0.4939370078740157
20
0.4133858267716535
11
0.4939370078740157
21
0.3543307086614173
0
LINE
8
BLACK
6
CONTINUOUS
10
0.4939370078740157
20
0.3543307086614173
11
0.5214960629921259
21
0.3543307086614173
0
LINE
8
BLACK
6
CONTINUOUS
10
0.5214960629921259
20
0.3543307086614173
11
0.5214960629921259
21
0.4133858267716535
0
LINE
8
BLACK
6
CONTINUOUS
10
0.5214960629921259
20
0.4133858267716535
11
0.4939370078740157
21
0.4133858267716535
0
LINE
8
BLACK
6
CONTINUOUS
10
0.2889715354330709
20
0.3851945275590551
11
0.2892574015748031
21
0.3843370078740158
0
LINE
8
BLACK
6
CONTINUOUS
10
0.2892574015748031
20
0.3843370078740158
11
0.2891356692913385
21
0.3838925196850393
0
LINE
8
BLACK
6
CONTINUOUS
10
0.2891356692913385
20
0.3838925196850393
11
0.2883857480314961
21
0.3823926771653543
0
LINE
8
BLACK
6
CONTINUOUS
10
0.2883857480314961
20
0.3823926771653543
11
0.2882696062992126
21
0.3822431102362205
0
LINE
8
BLACK
6
CONTINUOUS
10
0.2882696062992126
20
0.3822431102362205
11
0.2881644881889764
21
0.3820857086614173
0
LINE
8
BLACK
6
CONTINUOUS
10
0.2881644881889764
20
0.3820857086614173
11
0.2871811023622047
21
0.3811023622047244
0
LINE
8
BLACK
6
CONTINUOUS
10
0.2871811023622047
20
0.3811023622047244
11
0.2981467322834646
21
0.3811023622047244
0
LINE
8
BLACK
6
CONTINUOUS
10
0.2981467322834646
20
0.3811023622047244
11
0.2981467322834646
21
0.3844207086614173
0
LINE
8
BLACK
6
CONTINUOUS
10
0.2981467322834646
20
0.3844207086614173
11
0.2982366535433071
21
0.384872716535433
0
LINE
8
BLACK
6
CONTINUOUS
10
0.2982366535433071
20
0.384872716535433
11
0.2988758267716535
21
0.3855118897637795
0
LINE
8
BLACK
6
CONTINUOUS
10
0.2988758267716535
20
0.3855118897637795
11
0.299779842519685
21
0.3855118897637795
0
LINE
8
BLACK
6
CONTINUOUS
10
0.299779842519685
20
0.3855118897637795
11
0.3004190157480315
21
0.384872716535433
0
LINE
8
BLACK
6
CONTINUOUS
10
0.3004190157480315
20
0.384872716535433
11
0.300508937007874
21
0.3844207086614173
0
LINE
8
BLACK
6
CONTINUOUS
10
0.300508937007874
20
0.3844207086614173
11
0.300508937007874
21
0.3754218503937008
0
LINE
8
BLACK
6
CONTINUOUS
10
0.300508937007874
20
0.3754218503937008
11
0.3004190157480315
21
0.374969842519685
0
LINE
8
BLACK
6
CONTINUOUS
10
0.3004190157480315
20
0.374969842519685
11
0.299779842519685
21
0.3743306692913386
0
LINE
8
BLACK
6
CONTINUOUS
10
0.299779842519685
20
0.3743306692913386
11
0.2988758267716535
21
0.3743306692913386
0
LINE
8
BLACK
6
CONTINUOUS
10
0.2988758267716535
20
0.3743306692913386
11
0.2982366535433071
21
0.374969842519685
0
LINE
8
BLACK
6
CONTINUOUS
10
0.2982366535433071
20
0.374969842519685
11
0.2981467322834646
21
0.3754218503937008
0
LINE
8
BLACK
6
CONTINUOUS
10
0.2981467322834646
20
0.3754218503937008
11
0.2981467322834646
21
0.378740157480315
0
LINE
8
BLACK
6
CONTINUOUS
10
0.2981467322834646
20
0.378740157480315
11
0.2835798031496063
21
0.378740157480315
0
LINE
8
BLACK
6
CONTINUOUS
10
0.2835798031496063
20
0.378740157480315
11
0.2831277952755906
21
0.3788300787401574
0
LINE
8
BLACK
6
CONTINUOUS
10
0.2831277952755906
20
0.3788300787401574
11
0.283041811023622
21
0.378916062992126
0
LINE
8
BLACK
6
CONTINUOUS
10
0.283041811023622
20
0.378916062992126
11
0.2829226377952756
21
0.3789398818897638
0
LINE
8
BLACK
6
CONTINUOUS
10
0.2829226377952756
20
0.3789398818897638
11
0.2827318503937008
21
0.3792260236220472
0
LINE
8
BLACK
6
CONTINUOUS
10
0.2827318503937008
20
0.3792260236220472
11
0.2824886220472441
21
0.379469251968504
0
LINE
8
BLACK
6
CONTINUOUS
10
0.2824886220472441
20
0.379469251968504
11
0.2824886220472441
21
0.3795908661417323
0
LINE
8
BLACK
6
CONTINUOUS
10
0.2824886220472441
20
0.3795908661417323
11
0.2824211417322834
21
0.3796920472440945
0
LINE
8
BLACK
6
CONTINUOUS
10
0.2824211417322834
20
0.3796920472440945
11
0.2824886220472441
21
0.3800294488188976
0
LINE
8
BLACK
6
CONTINUOUS
10
0.2824886220472441
20
0.3800294488188976
11
0.2824886220472441
21
0.3803732677165354
0
LINE
8
BLACK
6
CONTINUOUS
10
0.2824886220472441
20
0.3803732677165354
11
0.2825745669291339
21
0.3804592519685039
0
LINE
8
BLACK
6
CONTINUOUS
10
0.2825745669291339
20
0.3804592519685039
11
0.2825984251968504
21
0.3805784251968504
0
LINE
8
BLACK
6
CONTINUOUS
10
0.2825984251968504
20
0.3805784251968504
11
0.2829246456692913
21
0.3809039763779528
0
LINE
8
BLACK
6
CONTINUOUS
10
0.2829246456692913
20
0.3809039763779528
11
0.2850771259842519
21
0.3823390551181102
0
LINE
8
BLACK
6
CONTINUOUS
10
0.2850771259842519
20
0.3823390551181102
11
0.2863586220472441
21
0.3836205511811023
0
LINE
8
BLACK
6
CONTINUOUS
10
0.2863586220472441
20
0.3836205511811023
11
0.2870228346456693
21
0.384948937007874
0
LINE
8
BLACK
6
CONTINUOUS
10
0.2870228346456693
20
0.384948937007874
11
0.2873054330708661
21
0.3853129921259842
0
LINE
8
BLACK
6
CONTINUOUS
10
0.2873054330708661
20
0.3853129921259842
11
0.2881629527559055
21
0.3855988582677165
0
LINE
8
BLACK
6
CONTINUOUS
10
0.2881629527559055
20
0.3855988582677165
11
0.2889715354330709
21
0.3851945275590551
0
LINE
8
BLACK
6
CONTINUOUS
10
0.299779842519685
20
0.40051
11
0.3004190157480315
21
0.3998708267716535
0
LINE
8
BLACK
6
CONTINUOUS
10
0.3004190157480315
20
0.3998708267716535
11
0.3004190157480315
21
0.398966811023622
0
LINE
8
BLACK
6
CONTINUOUS
10
0.3004190157480315
20
0.398966811023622
11
0.299779842519685
21
0.3983276377952756
0
LINE
8
BLACK
6
CONTINUOUS
10
0.299779842519685
20
0.3983276377952756
11
0.2993278346456693
21
0.3982377165354331
0
LINE
8
BLACK
6
CONTINUOUS
10
0.2993278346456693
20
0.3982377165354331
11
0.2930098818897638
21
0.3982377165354331
0
LINE
8
BLACK
6
CONTINUOUS
10
0.2930098818897638
20
0.3982377165354331
11
0.2930098818897638
21
0.3962842519685039
0
LINE
8
BLACK
6
CONTINUOUS
10
0.2930098818897638
20
0.3962842519685039
11
0.3000051181102362
21
0.3913875590551181
0
LINE
8
BLACK
6
CONTINUOUS
10
0.3000051181102362
20
0.3913875590551181
11
0.3003238582677165
21
0.3910546850393701
0
LINE
8
BLACK
6
CONTINUOUS
10
0.3003238582677165
20
0.3910546850393701
11
0.3004809448818898
21
0.3901645275590551
0
LINE
8
BLACK
6
CONTINUOUS
10
0.3004809448818898
20
0.3901645275590551
11
0.2999625590551181
21
0.389423937007874
0
LINE
8
BLACK
6
CONTINUOUS
10
0.2999625590551181
20
0.389423937007874
11
0.2990723622047244
21
0.3892668503937008
0
LINE
8
BLACK
6
CONTINUOUS
10
0.2990723622047244
20
0.3892668503937008
11
0.2986505118110236
21
0.3894523622047244
0
LINE
8
BLACK
6
CONTINUOUS
10
0.2986505118110236
20
0.3894523622047244
11
0.2930065748031496
21
0.3934031102362205
0
LINE
8
BLACK
6
CONTINUOUS
10
0.2930065748031496
20
0.3934031102362205
11
0.2929983464566929
21
0.3933616141732283
0
LINE
8
BLACK
6
CONTINUOUS
10
0.2929983464566929
20
0.3933616141732283
11
0.2930069291338583
21
0.3933358661417323
0
LINE
8
BLACK
6
CONTINUOUS
10
0.2930069291338583
20
0.3933358661417323
11
0.2929568503937008
21
0.3931530708661417
0
LINE
8
BLACK
6
CONTINUOUS
10
0.2929568503937008
20
0.3931530708661417
11
0.2929199606299213
21
0.3929675590551181
0
LINE
8
BLACK
6
CONTINUOUS
10
0.2929199606299213
20
0.3929675590551181
11
0.2929007874015748
21
0.3929484251968504
0
LINE
8
BLACK
6
CONTINUOUS
10
0.2929007874015748
20
0.3929484251968504
11
0.2928851968503937
21
0.3928913779527559
0
LINE
8
BLACK
6
CONTINUOUS
10
0.2928851968503937
20
0.3928913779527559
11
0.2921352755905512
21
0.3913915354330709
0
LINE
8
BLACK
6
CONTINUOUS
10
0.2921352755905512
20
0.3913915354330709
11
0.2920192913385827
21
0.3912421653543307
0
LINE
8
BLACK
6
CONTINUOUS
10
0.2920192913385827
20
0.3912421653543307
11
0.2919140551181102
21
0.3910846062992126
0
LINE
8
BLACK
6
CONTINUOUS
10
0.2919140551181102
20
0.3910846062992126
11
0.2911641338582677
21
0.3903347244094488
0
LINE
8
BLACK
6
CONTINUOUS
10
0.2911641338582677
20
0.3903347244094488
11
0.2910069291338583
21
0.3902297244094488
0
LINE
8
BLACK
6
CONTINUOUS
10
0.2910069291338583
20
0.3902297244094488
11
0.2908572047244095
21
0.3901134645669291
0
LINE
8
BLACK
6
CONTINUOUS
10
0.2908572047244095
20
0.3901134645669291
11
0.2893573228346457
21
0.3893635433070866
0
LINE
8
BLACK
6
CONTINUOUS
10
0.2893573228346457
20
0.3893635433070866
11
0.2893002755905512
21
0.3893479527559055
0
LINE
8
BLACK
6
CONTINUOUS
10
0.2893002755905512
20
0.3893479527559055
11
0.2892811417322835
21
0.3893287795275591
0
LINE
8
BLACK
6
CONTINUOUS
10
0.2892811417322835
20
0.3893287795275591
11
0.2890953149606299
21
0.3892918503937008
0
LINE
8
BLACK
6
CONTINUOUS
10
0.2890953149606299
20
0.3892918503937008
11
0.2889128346456693
21
0.3892418503937008
0
LINE
8
BLACK
6
CONTINUOUS
10
0.2889128346456693
20
0.3892418503937008
11
0.2888871653543307
21
0.3892504330708662
0
LINE
8
BLACK
6
CONTINUOUS
10
0.2888871653543307
20
0.3892504330708662
11
0.2888291338582677
21
0.3892388582677165
0
LINE
8
BLACK
6
CONTINUOUS
10
0.2888291338582677
20
0.3892388582677165
11
0.2865794488188976
21
0.3892388582677165
0
LINE
8
BLACK
6
CONTINUOUS
10
0.2865794488188976
20
0.3892388582677165
11
0.2865214566929134
21
0.3892503937007874
0
LINE
8
BLACK
6
CONTINUOUS
10
0.2865214566929134
20
0.3892503937007874
11
0.2864957480314961
21
0.389241811023622
0
LINE
8
BLACK
6
CONTINUOUS
10
0.2864957480314961
20
0.389241811023622
11
0.2863129133858268
21
0.3892918897637795
0
LINE
8
BLACK
6
CONTINUOUS
10
0.2863129133858268
20
0.3892918897637795
11
0.2861274409448819
21
0.3893287795275591
0
LINE
8
BLACK
6
CONTINUOUS
10
0.2861274409448819
20
0.3893287795275591
11
0.2861082677165354
21
0.3893479527559055
0
LINE
8
BLACK
6
CONTINUOUS
10
0.2861082677165354
20
0.3893479527559055
11
0.2860512598425197
21
0.3893635433070866
0
LINE
8
BLACK
6
CONTINUOUS
10
0.2860512598425197
20
0.3893635433070866
11
0.2845514173228346
21
0.3901134645669291
0
LINE
8
BLACK
6
CONTINUOUS
10
0.2845514173228346
20
0.3901134645669291
11
0.2844021653543307
21
0.3902293307086614
0
LINE
8
BLACK
6
CONTINUOUS
10
0.2844021653543307
20
0.3902293307086614
11
0.2842444488188977
21
0.3903346850393701
0
LINE
8
BLACK
6
CONTINUOUS
10
0.2842444488188977
20
0.3903346850393701
11
0.2834945669291338
21
0.3910846062992126
0
LINE
8
BLACK
6
CONTINUOUS
10
0.2834945669291338
20
0.3910846062992126
11
0.2833895275590551
21
0.391241811023622
0
LINE
8
BLACK
6
CONTINUOUS
10
0.2833895275590551
20
0.391241811023622
11
0.2832733070866142
21
0.3913915354330709
0
LINE
8
BLACK
6
CONTINUOUS
10
0.2832733070866142
20
0.3913915354330709
11
0.2825233858267717
21
0.3928913385826772
0
LINE
8
BLACK
6
CONTINUOUS
10
0.2825233858267717
20
0.3928913385826772
11
0.2825077559055118
21
0.3929484251968504
0
LINE
8
BLACK
6
CONTINUOUS
10
0.2825077559055118
20
0.3929484251968504
11
0.2824886220472441
21
0.3929675590551181
0
LINE
8
BLACK
6
CONTINUOUS
10
0.2824886220472441
20
0.3929675590551181
11
0.2824516535433071
21
0.3931533464566929
0
LINE
8
BLACK
6
CONTINUOUS
10
0.2824516535433071
20
0.3931533464566929
11
0.2824016929133858
21
0.3933358661417323
0
LINE
8
BLACK
6
CONTINUOUS
10
0.2824016929133858
20
0.3933358661417323
11
0.2824102362204725
21
0.3933615354330708
0
LINE
8
BLACK
6
CONTINUOUS
10
0.2824102362204725
20
0.3933615354330708
11
0.2823987007874016
21
0.3934195669291338
0
LINE
8
BLACK
6
CONTINUOUS
10
0.2823987007874016
20
0.3934195669291338
11
0.2823987007874016
21
0.3994188188976378
0
LINE
8
BLACK
6
CONTINUOUS
10
0.2823987007874016
20
0.3994188188976378
11
0.2824886220472441
21
0.3998708267716535
0
LINE
8
BLACK
6
CONTINUOUS
10
0.2824886220472441
20
0.3998708267716535
11
0.2831277952755906
21
0.40051
0
LINE
8
BLACK
6
CONTINUOUS
10
0.2831277952755906
20
0.40051
11
0.2835798031496063
21
0.4005999212598425
0
LINE
8
BLACK
6
CONTINUOUS
10
0.2835798031496063
20
0.4005999212598425
11
0.2993278346456693
21
0.4005999212598425
0
LINE
8
BLACK
6
CONTINUOUS
10
0.2993278346456693
20
0.4005999212598425
11
0.299779842519685
21
0.40051
0
LINE
8
BLACK
6
CONTINUOUS
10
0.284760905511811
20
0.3936984251968504
11
0.2853003937007874
21
0.3926194094488189
0
LINE
8
BLACK
6
CONTINUOUS
10
0.2853003937007874
20
0.3926194094488189
11
0.285779251968504
21
0.3921405905511811
0
LINE
8
BLACK
6
CONTINUOUS
10
0.285779251968504
20
0.3921405905511811
11
0.2868583070866141
21
0.391601062992126
0
LINE
8
BLACK
6
CONTINUOUS
10
0.2868583070866141
20
0.391601062992126
11
0.2885503149606299
21
0.391601062992126
0
LINE
8
BLACK
6
CONTINUOUS
10
0.2885503149606299
20
0.391601062992126
11
0.2896293307086614
21
0.3921405905511811
0
LINE
8
BLACK
6
CONTINUOUS
10
0.2896293307086614
20
0.3921405905511811
11
0.2901081102362205
21
0.3926194094488189
0
LINE
8
BLACK
6
CONTINUOUS
10
0.2901081102362205
20
0.3926194094488189
11
0.2906476771653543
21
0.3936984645669291
0
LINE
8
BLACK
6
CONTINUOUS
10
0.2906476771653543
20
0.3936984645669291
11
0.2906476771653543
21
0.3982377165354331
0
LINE
8
BLACK
6
CONTINUOUS
10
0.2906476771653543
20
0.3982377165354331
11
0.284760905511811
21
0.3982377165354331
0
LINE
8
BLACK
6
CONTINUOUS
10
0.284760905511811
20
0.3982377165354331
11
0.284760905511811
21
0.3936984251968504
0
LINE
8
BLACK
6
CONTINUOUS
10
0.3086666929133858
20
0.42111
11
0.3097320472440945
21
0.4200446456692913
0
LINE
8
BLACK
6
CONTINUOUS
10
0.3097320472440945
20
0.4200446456692913
11
0.3098818897637795
21
0.4192913385826771
0
LINE
8
BLACK
6
CONTINUOUS
10
0.3098818897637795
20
0.4192913385826771
11
0.3098818897637795
21
0.3562992125984252
0
LINE
8
BLACK
6
CONTINUOUS
10
0.3098818897637795
20
0.3562992125984252
11
0.3097320472440945
21
0.355545905511811
0
LINE
8
BLACK
6
CONTINUOUS
10
0.3097320472440945
20
0.355545905511811
11
0.3086666929133858
21
0.3544805511811023
0
LINE
8
BLACK
6
CONTINUOUS
10
0.3086666929133858
20
0.3544805511811023
11
0.3079133858267716
21
0.3543307086614173
0
LINE
8
BLACK
6
CONTINUOUS
10
0.3079133858267716
20
0.3543307086614173
11
0.2764173228346457
21
0.3543307086614173
0
LINE
8
BLACK
6
CONTINUOUS
10
0.2764173228346457
20
0.3543307086614173
11
0.2756640157480315
21
0.3544805511811023
0
LINE
8
BLACK
6
CONTINUOUS
10
0.2756640157480315
20
0.3544805511811023
11
0.2745986614173228
21
0.355545905511811
0
LINE
8
BLACK
6
CONTINUOUS
10
0.2745986614173228
20
0.355545905511811
11
0.2744488188976378
21
0.3562992125984252
0
LINE
8
BLACK
6
CONTINUOUS
10
0.2744488188976378
20
0.3562992125984252
11
0.2744488188976378
21
0.4192913385826771
0
LINE
8
BLACK
6
CONTINUOUS
10
0.2744488188976378
20
0.4192913385826771
11
0.2745986614173228
21
0.4200446456692913
0
LINE
8
BLACK
6
CONTINUOUS
10
0.2745986614173228
20
0.4200446456692913
11
0.2756640157480315
21
0.42111
0
LINE
8
BLACK
6
CONTINUOUS
10
0.2756640157480315
20
0.42111
11
0.2764173228346457
21
0.421259842519685
0
LINE
8
BLACK
6
CONTINUOUS
10
0.2764173228346457
20
0.421259842519685
11
0.3079133858267716
21
0.421259842519685
0
LINE
8
BLACK
6
CONTINUOUS
10
0.3079133858267716
20
0.421259842519685
11
0.3086666929133858
21
0.42111
0
LINE
8
BLACK
6
CONTINUOUS
10
0.2783858267716535
20
0.4173228346456693
11
0.2783858267716535
21
0.358267716535433
0
LINE
8
BLACK
6
CONTINUOUS
10
0.2783858267716535
20
0.358267716535433
11
0.3059448818897638
21
0.358267716535433
0
LINE
8
BLACK
6
CONTINUOUS
10
0.3059448818897638
20
0.358267716535433
11
0.3059448818897638
21
0.4173228346456693
0
LINE
8
BLACK
6
CONTINUOUS
10
0.3059448818897638
20
0.4173228346456693
11
0.2783858267716535
21
0.4173228346456693
0
LINE
8
BLACK
6
CONTINUOUS
10
0.3589446456692914
20
0.3954383464566929
11
0.3590944881889764
21
0.3946850393700787
0
LINE
8
BLACK
6
CONTINUOUS
10
0.3590944881889764
20
0.3946850393700787
11
0.3590944881889764
21
0.390748031496063
0
LINE
8
BLACK
6
CONTINUOUS
10
0.3590944881889764
20
0.390748031496063
11
0.365
21
0.390748031496063
0
LINE
8
BLACK
6
CONTINUOUS
10
0.365
20
0.390748031496063
11
0.3652853543307086
21
0.3906912992125984
0
LINE
8
BLACK
6
CONTINUOUS
10
0.3652853543307086
20
0.3906912992125984
11
0.3653820078740158
21
0.3907105905511811
0
LINE
8
BLACK
6
CONTINUOUS
10
0.3653820078740158
20
0.3907105905511811
11
0.3654644094488189
21
0.3906556692913385
0
LINE
8
BLACK
6
CONTINUOUS
10
0.3654644094488189
20
0.3906556692913385
11
0.3657533070866142
21
0.3905981889763779
0
LINE
8
BLACK
6
CONTINUOUS
10
0.3657533070866142
20
0.3905981889763779
11
0.3661586614173228
21
0.3901928346456693
0
LINE
8
BLACK
6
CONTINUOUS
10
0.3661586614173228
20
0.3901928346456693
11
0.3666355905511811
21
0.3898748818897638
0
LINE
8
BLACK
6
CONTINUOUS
10
0.3666355905511811
20
0.3898748818897638
11
0.3666753149606299
21
0.3896761811023622
0
LINE
8
BLACK
6
CONTINUOUS
10
0.3666753149606299
20
0.3896761811023622
11
0.3668186614173228
21
0.3895328346456693
0
LINE
8
BLACK
6
CONTINUOUS
10
0.3668186614173228
20
0.3895328346456693
11
0.3668186614173228
21
0.3889595275590551
0
LINE
8
BLACK
6
CONTINUOUS
10
0.3668186614173228
20
0.3889595275590551
11
0.366931062992126
21
0.3883975196850394
0
LINE
8
BLACK
6
CONTINUOUS
10
0.366931062992126
20
0.3883975196850394
11
0.3668186614173228
21
0.3881253543307087
0
LINE
8
BLACK
6
CONTINUOUS
10
0.3668186614173228
20
0.3881253543307087
11
0.3668186614173228
21
0.388026220472441
0
LINE
8
BLACK
6
CONTINUOUS
10
0.3668186614173228
20
0.388026220472441
11
0.3667488976377953
21
0.3879564960629921
0
LINE
8
BLACK
6
CONTINUOUS
10
0.3667488976377953
20
0.3879564960629921
11
0.366637874015748
21
0.3876875984251968
0
LINE
8
BLACK
6
CONTINUOUS
10
0.366637874015748
20
0.3876875984251968
11
0.3608041732283465
21
0.3789370078740157
0
LINE
8
BLACK
6
CONTINUOUS
10
0.3608041732283465
20
0.3789370078740157
11
0.365
21
0.3789370078740157
0
LINE
8
BLACK
6
CONTINUOUS
10
0.365
20
0.3789370078740157
11
0.3657533070866142
21
0.3787871653543307
0
LINE
8
BLACK
6
CONTINUOUS
10
0.3657533070866142
20
0.3787871653543307
11
0.3668186614173228
21
0.377721811023622
0
LINE
8
BLACK
6
CONTINUOUS
10
0.3668186614173228
20
0.377721811023622
11
0.3668186614173228
21
0.3762151968503937
0
LINE
8
BLACK
6
CONTINUOUS
10
0.3668186614173228
20
0.3762151968503937
11
0.3657533070866142
21
0.375149842519685
0
LINE
8
BLACK
6
CONTINUOUS
10
0.3657533070866142
20
0.375149842519685
11
0.365
21
0.375
0
LINE
8
BLACK
6
CONTINUOUS
10
0.365
20
0.375
11
0.3590944881889764
21
0.375
0
LINE
8
BLACK
6
CONTINUOUS
10
0.3590944881889764
20
0.375
11
0.3590944881889764
21
0.3710629921259843
0
LINE
8
BLACK
6
CONTINUOUS
10
0.3590944881889764
20
0.3710629921259843
11
0.3589446456692914
21
0.3703096850393701
0
LINE
8
BLACK
6
CONTINUOUS
10
0.3589446456692914
20
0.3703096850393701
11
0.3578792913385827
21
0.3692443307086614
0
LINE
8
BLACK
6
CONTINUOUS
10
0.3578792913385827
20
0.3692443307086614
11
0.3563726771653543
21
0.3692443307086614
0
LINE
8
BLACK
6
CONTINUOUS
10
0.3563726771653543
20
0.3692443307086614
11
0.3553073228346457
21
0.3703096850393701
0
LINE
8
BLACK
6
CONTINUOUS
10
0.3553073228346457
20
0.3703096850393701
11
0.3551574803149606
21
0.3710629921259843
0
LINE
8
BLACK
6
CONTINUOUS
10
0.3551574803149606
20
0.3710629921259843
11
0.3551574803149606
21
0.375
0
LINE
8
BLACK
6
CONTINUOUS
10
0.3551574803149606
20
0.375
11
0.349251968503937
21
0.375
0
LINE
8
BLACK
6
CONTINUOUS
10
0.349251968503937
20
0.375
11
0.3484986614173228
21
0.375149842519685
0
LINE
8
BLACK
6
CONTINUOUS
10
0.3484986614173228
20
0.375149842519685
11
0.3474333070866142
21
0.3762151968503937
0
LINE
8
BLACK
6
CONTINUOUS
10
0.3474333070866142
20
0.3762151968503937
11
0.3474333070866142
21
0.377721811023622
0
LINE
8
BLACK
6
CONTINUOUS
10
0.3474333070866142
20
0.377721811023622
11
0.3484986614173228
21
0.3787871653543307
0
LINE
8
BLACK
6
CONTINUOUS
10
0.3484986614173228
20
0.3787871653543307
11
0.349251968503937
21
0.3789370078740157
0
LINE
8
BLACK
6
CONTINUOUS
10
0.349251968503937
20
0.3789370078740157
11
0.3534477952755906
21
0.3789370078740157
0
LINE
8
BLACK
6
CONTINUOUS
10
0.3534477952755906
20
0.3789370078740157
11
0.3476140551181102
21
0.3876875984251968
0
LINE
8
BLACK
6
CONTINUOUS
10
0.3476140551181102
20
0.3876875984251968
11
0.3475029921259842
21
0.3879565354330708
0
LINE
8
BLACK
6
CONTINUOUS
10
0.3475029921259842
20
0.3879565354330708
11
0.3474333070866142
21
0.388026220472441
0
LINE
8
BLACK
6
CONTINUOUS
10
0.3474333070866142
20
0.388026220472441
11
0.3474333070866142
21
0.3881253543307087
0
LINE
8
BLACK
6
CONTINUOUS
10
0.3474333070866142
20
0.3881253543307087
11
0.347320905511811
21
0.3883975196850394
0
LINE
8
BLACK
6
CONTINUOUS
10
0.347320905511811
20
0.3883975196850394
11
0.3474333070866142
21
0.3889595275590551
0
LINE
8
BLACK
6
CONTINUOUS
10
0.3474333070866142
20
0.3889595275590551
11
0.3474333070866142
21
0.3895328346456693
0
LINE
8
BLACK
6
CONTINUOUS
10
0.3474333070866142
20
0.3895328346456693
11
0.3475766141732283
21
0.3896761811023622
0
LINE
8
BLACK
6
CONTINUOUS
10
0.3475766141732283
20
0.3896761811023622
11
0.3476163779527559
21
0.3898748818897638
0
LINE
8
BLACK
6
CONTINUOUS
10
0.3476163779527559
20
0.3898748818897638
11
0.3480932677165354
21
0.3901928346456693
0
LINE
8
BLACK
6
CONTINUOUS
10
0.3480932677165354
20
0.3901928346456693
11
0.3484986614173228
21
0.3905981889763779
0
LINE
8
BLACK
6
CONTINUOUS
10
0.3484986614173228
20
0.3905981889763779
11
0.3487875196850393
21
0.3906556692913385
0
LINE
8
BLACK
6
CONTINUOUS
10
0.3487875196850393
20
0.3906556692913385
11
0.3488699606299213
21
0.3907105905511811
0
LINE
8
BLACK
6
CONTINUOUS
10
0.3488699606299213
20
0.3907105905511811
11
0.3489665748031496
21
0.3906912992125984
0
LINE
8
BLACK
6
CONTINUOUS
10
0.3489665748031496
20
0.3906912992125984
11
0.349251968503937
21
0.390748031496063
0
LINE
8
BLACK
6
CONTINUOUS
10
0.349251968503937
20
0.390748031496063
11
0.3551574803149606
21
0.390748031496063
0
LINE
8
BLACK
6
CONTINUOUS
10
0.3551574803149606
20
0.390748031496063
11
0.3551574803149606
21
0.3946850393700787
0
LINE
8
BLACK
6
CONTINUOUS
10
0.3551574803149606
20
0.3946850393700787
11
0.3553073228346457
21
0.3954383464566929
0
LINE
8
BLACK
6
CONTINUOUS
10
0.3553073228346457
20
0.3954383464566929
11
0.3563726771653543
21
0.3965037007874015
0
LINE
8
BLACK
6
CONTINUOUS
10
0.3563726771653543
20
0.3965037007874015
11
0.3578792913385827
21
0.3965037007874015
0
LINE
8
BLACK
6
CONTINUOUS
10
0.3578792913385827
20
0.3965037007874015
11
0.3589446456692914
21
0.3954383464566929
0
LINE
8
BLACK
6
CONTINUOUS
10
0.352930157480315
20
0.3868110236220472
11
0.3571259448818898
21
0.3805172834645669
0
LINE
8
BLACK
6
CONTINUOUS
10
0.3571259448818898
20
0.3805172834645669
11
0.361321811023622
21
0.3868110236220472
0
LINE
8
BLACK
6
CONTINUOUS
10
0.361321811023622
20
0.3868110236220472
11
0.352930157480315
21
0.3868110236220472
0
LINE
8
BLACK
6
CONTINUOUS
10
0.3755958267716535
20
0.4122517322834646
11
0.3766611811023622
21
0.4111863779527559
0
LINE
8
BLACK
6
CONTINUOUS
10
0.3766611811023622
20
0.4111863779527559
11
0.3768110236220472
21
0.4104330708661417
0
LINE
8
BLACK
6
CONTINUOUS
10
0.3768110236220472
20
0.4104330708661417
11
0.3768110236220472
21
0.359251968503937
0
LINE
8
BLACK
6
CONTINUOUS
10
0.3768110236220472
20
0.359251968503937
11
0.3766611811023622
21
0.3584986614173228
0
LINE
8
BLACK
6
CONTINUOUS
10
0.3766611811023622
20
0.3584986614173228
11
0.3755958267716535
21
0.3574333070866141
0
LINE
8
BLACK
6
CONTINUOUS
10
0.3755958267716535
20
0.3574333070866141
11
0.3748425196850393
21
0.3572834645669291
0
LINE
8
BLACK
6
CONTINUOUS
10
0.3748425196850393
20
0.3572834645669291
11
0.3394094488188976
21
0.3572834645669291
0
LINE
8
BLACK
6
CONTINUOUS
10
0.3394094488188976
20
0.3572834645669291
11
0.3386561417322835
21
0.3574333070866141
0
LINE
8
BLACK
6
CONTINUOUS
10
0.3386561417322835
20
0.3574333070866141
11
0.3375907874015748
21
0.3584986614173228
0
LINE
8
BLACK
6
CONTINUOUS
10
0.3375907874015748
20
0.3584986614173228
11
0.3374409448818897
21
0.359251968503937
0
LINE
8
BLACK
6
CONTINUOUS
10
0.3374409448818897
20
0.359251968503937
11
0.3374409448818897
21
0.4104330708661417
0
LINE
8
BLACK
6
CONTINUOUS
10
0.3374409448818897
20
0.4104330708661417
11
0.3375907874015748
21
0.4111863779527559
0
LINE
8
BLACK
6
CONTINUOUS
10
0.3375907874015748
20
0.4111863779527559
11
0.3386561417322835
21
0.4122517322834646
0
LINE
8
BLACK
6
CONTINUOUS
10
0.3386561417322835
20
0.4122517322834646
11
0.3394094488188976
21
0.4124015748031496
0
LINE
8
BLACK
6
CONTINUOUS
10
0.3394094488188976
20
0.4124015748031496
11
0.3748425196850393
21
0.4124015748031496
0
LINE
8
BLACK
6
CONTINUOUS
10
0.3748425196850393
20
0.4124015748031496
11
0.3755958267716535
21
0.4122517322834646
0
LINE
8
BLACK
6
CONTINUOUS
10
0.3413779527559055
20
0.4084645669291339
11
0.3413779527559055
21
0.3612204724409449
0
LINE
8
BLACK
6
CONTINUOUS
10
0.3413779527559055
20
0.3612204724409449
11
0.3728740157480315
21
0.3612204724409449
0
LINE
8
BLACK
6
CONTINUOUS
10
0.3728740157480315
20
0.3612204724409449
11
0.3728740157480315
21
0.4084645669291339
0
LINE
8
BLACK
6
CONTINUOUS
10
0.3728740157480315
20
0.4084645669291339
11
0.3413779527559055
21
0.4084645669291339
0
LINE
8
BLACK
6
CONTINUOUS
10
0.4180266929133858
20
0.385393779527559
11
0.4181903543307087
21
0.3845710236220473
0
LINE
8
BLACK
6
CONTINUOUS
10
0.4181903543307087
20
0.3845710236220473
11
0.4181903543307087
21
0.3771138976377953
0
LINE
8
BLACK
6
CONTINUOUS
10
0.4181903543307087
20
0.3771138976377953
11
0.4221293307086614
21
0.3805604724409449
0
LINE
8
BLACK
6
CONTINUOUS
10
0.4221293307086614
20
0.3805604724409449
11
0.4226591338582677
21
0.3808655905511811
0
LINE
8
BLACK
6
CONTINUOUS
10
0.4226591338582677
20
0.3808655905511811
11
0.4227223622047244
21
0.380928779527559
0
LINE
8
BLACK
6
CONTINUOUS
10
0.4227223622047244
20
0.380928779527559
11
0.422768937007874
21
0.380928779527559
0
LINE
8
BLACK
6
CONTINUOUS
10
0.422768937007874
20
0.380928779527559
11
0.4228562992125984
21
0.380979094488189
0
LINE
8
BLACK
6
CONTINUOUS
10
0.4228562992125984
20
0.380979094488189
11
0.4236111023622047
21
0.380928779527559
0
LINE
8
BLACK
6
CONTINUOUS
10
0.4236111023622047
20
0.380928779527559
11
0.424367874015748
21
0.380928779527559
0
LINE
8
BLACK
6
CONTINUOUS
10
0.424367874015748
20
0.380928779527559
11
0.4244218897637795
21
0.3808747637795276
0
LINE
8
BLACK
6
CONTINUOUS
10
0.4244218897637795
20
0.3808747637795276
11
0.4244981889763779
21
0.3808696456692913
0
LINE
8
BLACK
6
CONTINUOUS
10
0.4244981889763779
20
0.3808696456692913
11
0.4249964173228347
21
0.3803002362204724
0
LINE
8
BLACK
6
CONTINUOUS
10
0.4249964173228347
20
0.3803002362204724
11
0.4255314566929134
21
0.3797651968503937
0
LINE
8
BLACK
6
CONTINUOUS
10
0.4255314566929134
20
0.3797651968503937
11
0.4255511023622047
21
0.3796662992125984
0
LINE
8
BLACK
6
CONTINUOUS
10
0.4255511023622047
20
0.3796662992125984
11
0.4255817716535433
21
0.3796312598425197
0
LINE
8
BLACK
6
CONTINUOUS
10
0.4255817716535433
20
0.3796312598425197
11
0.4255758267716535
21
0.379542125984252
0
LINE
8
BLACK
6
CONTINUOUS
10
0.4255758267716535
20
0.379542125984252
11
0.4256951181102362
21
0.3789424409448819
0
LINE
8
BLACK
6
CONTINUOUS
10
0.4256951181102362
20
0.3789424409448819
11
0.4256951181102362
21
0.3766357086614173
0
LINE
8
BLACK
6
CONTINUOUS
10
0.4256951181102362
20
0.3766357086614173
11
0.4262501968503937
21
0.3755255511811024
0
LINE
8
BLACK
6
CONTINUOUS
10
0.4262501968503937
20
0.3755255511811024
11
0.426694842519685
21
0.375080905511811
0
LINE
8
BLACK
6
CONTINUOUS
10
0.426694842519685
20
0.375080905511811
11
0.4278050787401575
21
0.3745257874015748
0
LINE
8
BLACK
6
CONTINUOUS
10
0.4278050787401575
20
0.3745257874015748
11
0.4314804330708661
21
0.3745257874015748
0
LINE
8
BLACK
6
CONTINUOUS
10
0.4314804330708661
20
0.3745257874015748
11
0.4325906299212599
21
0.375080905511811
0
LINE
8
BLACK
6
CONTINUOUS
10
0.4325906299212599
20
0.375080905511811
11
0.4330352362204724
21
0.3755255118110236
0
LINE
8
BLACK
6
CONTINUOUS
10
0.4330352362204724
20
0.3755255118110236
11
0.4335903543307086
21
0.3766357086614173
0
LINE
8
BLACK
6
CONTINUOUS
10
0.4335903543307086
20
0.3766357086614173
11
0.4335903543307086
21
0.3812492125984252
0
LINE
8
BLACK
6
CONTINUOUS
10
0.4335903543307086
20
0.3812492125984252
11
0.4330352362204724
21
0.3823594094488189
0
LINE
8
BLACK
6
CONTINUOUS
10
0.4330352362204724
20
0.3823594094488189
11
0.4323438976377952
21
0.3830507480314961
0
LINE
8
BLACK
6
CONTINUOUS
10
0.4323438976377952
20
0.3830507480314961
11
0.4318778346456693
21
0.3837482283464567
0
LINE
8
BLACK
6
CONTINUOUS
10
0.4318778346456693
20
0.3837482283464567
11
0.4318778346456693
21
0.3853938188976378
0
LINE
8
BLACK
6
CONTINUOUS
10
0.4318778346456693
20
0.3853938188976378
11
0.4330413779527559
21
0.3865573622047244
0
LINE
8
BLACK
6
CONTINUOUS
10
0.4330413779527559
20
0.3865573622047244
11
0.434686968503937
21
0.3865573622047244
0
LINE
8
BLACK
6
CONTINUOUS
10
0.434686968503937
20
0.3865573622047244
11
0.4353844488188977
21
0.3860912992125984
0
LINE
8
BLACK
6
CONTINUOUS
10
0.4353844488188977
20
0.3860912992125984
11
0.4363225590551181
21
0.385153188976378
0
LINE
8
BLACK
6
CONTINUOUS
10
0.4363225590551181
20
0.385153188976378
11
0.4365138976377952
21
0.384866811023622
0
LINE
8
BLACK
6
CONTINUOUS
10
0.4365138976377952
20
0.384866811023622
11
0.4367253149606299
21
0.3845944094488189
0
LINE
8
BLACK
6
CONTINUOUS
10
0.4367253149606299
20
0.3845944094488189
11
0.4376633858267717
21
0.3827182283464567
0
LINE
8
BLACK
6
CONTINUOUS
10
0.4376633858267717
20
0.3827182283464567
11
0.437691811023622
21
0.3826143700787402
0
LINE
8
BLACK
6
CONTINUOUS
10
0.437691811023622
20
0.3826143700787402
11
0.4377266929133858
21
0.3825794881889764
0
LINE
8
BLACK
6
CONTINUOUS
10
0.4377266929133858
20
0.3825794881889764
11
0.4377938582677166
21
0.3822417322834646
0
LINE
8
BLACK
6
CONTINUOUS
10
0.4377938582677166
20
0.3822417322834646
11
0.4378849606299213
21
0.3819091338582677
0
LINE
8
BLACK
6
CONTINUOUS
10
0.4378849606299213
20
0.3819091338582677
11
0.4378693307086614
21
0.3818623228346457
0
LINE
8
BLACK
6
CONTINUOUS
10
0.4378693307086614
20
0.3818623228346457
11
0.4378903543307087
21
0.3817567322834646
0
LINE
8
BLACK
6
CONTINUOUS
10
0.4378903543307087
20
0.3817567322834646
11
0.4378903543307087
21
0.3761281496062992
0
LINE
8
BLACK
6
CONTINUOUS
10
0.4378903543307087
20
0.3761281496062992
11
0.4378693307086614
21
0.3760225984251969
0
LINE
8
BLACK
6
CONTINUOUS
10
0.4378693307086614
20
0.3760225984251969
11
0.4378849606299213
21
0.3759757480314961
0
LINE
8
BLACK
6
CONTINUOUS
10
0.4378849606299213
20
0.3759757480314961
11
0.4377938582677166
21
0.3756431889763779
0
LINE
8
BLACK
6
CONTINUOUS
10
0.4377938582677166
20
0.3756431889763779
11
0.4377266929133858
21
0.3753053937007874
0
LINE
8
BLACK
6
CONTINUOUS
10
0.4377266929133858
20
0.3753053937007874
11
0.437691811023622
21
0.3752705511811024
0
LINE
8
BLACK
6
CONTINUOUS
10
0.437691811023622
20
0.3752705511811024
11
0.4376633858267717
21
0.3751666535433071
0
LINE
8
BLACK
6
CONTINUOUS
10
0.4376633858267717
20
0.3751666535433071
11
0.4367253149606299
21
0.3732904724409449
0
LINE
8
BLACK
6
CONTINUOUS
10
0.4367253149606299
20
0.3732904724409449
11
0.4365138976377952
21
0.3730181102362204
0
LINE
8
BLACK
6
CONTINUOUS
10
0.4365138976377952
20
0.3730181102362204
11
0.4363225590551181
21
0.3727316929133858
0
LINE
8
BLACK
6
CONTINUOUS
10
0.4363225590551181
20
0.3727316929133858
11
0.4353844488188977
21
0.3717935826771653
0
LINE
8
BLACK
6
CONTINUOUS
10
0.4353844488188977
20
0.3717935826771653
11
0.4350979133858268
21
0.3716021653543307
0
LINE
8
BLACK
6
CONTINUOUS
10
0.4350979133858268
20
0.3716021653543307
11
0.4348256692913386
21
0.3713908267716535
0
LINE
8
BLACK
6
CONTINUOUS
10
0.4348256692913386
20
0.3713908267716535
11
0.4329494881889764
21
0.3704527559055118
0
LINE
8
BLACK
6
CONTINUOUS
10
0.4329494881889764
20
0.3704527559055118
11
0.4328455905511811
21
0.3704243307086614
0
LINE
8
BLACK
6
CONTINUOUS
10
0.4328455905511811
20
0.3704243307086614
11
0.4328107480314961
21
0.3703894488188976
0
LINE
8
BLACK
6
CONTINUOUS
10
0.4328107480314961
20
0.3703894488188976
11
0.4324726377952756
21
0.3703222047244095
0
LINE
8
BLACK
6
CONTINUOUS
10
0.4324726377952756
20
0.3703222047244095
11
0.4321403937007874
21
0.3702312204724409
0
LINE
8
BLACK
6
CONTINUOUS
10
0.4321403937007874
20
0.3702312204724409
11
0.4320936220472441
21
0.3702468110236221
0
LINE
8
BLACK
6
CONTINUOUS
10
0.4320936220472441
20
0.3702468110236221
11
0.4319879921259843
21
0.3702257874015748
0
LINE
8
BLACK
6
CONTINUOUS
10
0.4319879921259843
20
0.3702257874015748
11
0.4272975196850394
21
0.3702257874015748
0
LINE
8
BLACK
6
CONTINUOUS
10
0.4272975196850394
20
0.3702257874015748
11
0.4271919291338583
21
0.3702468110236221
0
LINE
8
BLACK
6
CONTINUOUS
10
0.4271919291338583
20
0.3702468110236221
11
0.427145157480315
21
0.3702311811023622
0
LINE
8
BLACK
6
CONTINUOUS
10
0.427145157480315
20
0.3702311811023622
11
0.4268126771653543
21
0.3703222440944882
0
LINE
8
BLACK
6
CONTINUOUS
10
0.4268126771653543
20
0.3703222440944882
11
0.4264747637795275
21
0.3703894488188976
0
LINE
8
BLACK
6
CONTINUOUS
10
0.4264747637795275
20
0.3703894488188976
11
0.4264398818897638
21
0.3704243307086614
0
LINE
8
BLACK
6
CONTINUOUS
10
0.4264398818897638
20
0.3704243307086614
11
0.426336062992126
21
0.3704527559055118
0
LINE
8
BLACK
6
CONTINUOUS
10
0.426336062992126
20
0.3704527559055118
11
0.4244598031496063
21
0.3713908267716535
0
LINE
8
BLACK
6
CONTINUOUS
10
0.4244598031496063
20
0.3713908267716535
11
0.4241875196850394
21
0.3716021653543307
0
LINE
8
BLACK
6
CONTINUOUS
10
0.4241875196850394
20
0.3716021653543307
11
0.4239009842519685
21
0.3717936220472441
0
LINE
8
BLACK
6
CONTINUOUS
10
0.4239009842519685
20
0.3717936220472441
11
0.4229629133858268
21
0.3727317322834646
0
LINE
8
BLACK
6
CONTINUOUS
10
0.4229629133858268
20
0.3727317322834646
11
0.4227716141732283
21
0.3730180708661417
0
LINE
8
BLACK
6
CONTINUOUS
10
0.4227716141732283
20
0.3730180708661417
11
0.4225601968503937
21
0.3732904330708661
0
LINE
8
BLACK
6
CONTINUOUS
10
0.4225601968503937
20
0.3732904330708661
11
0.4218877165354331
21
0.3746353937007874
0
LINE
8
BLACK
6
CONTINUOUS
10
0.4218877165354331
20
0.3746353937007874
11
0.4174561417322835
21
0.3707577559055118
0
LINE
8
BLACK
6
CONTINUOUS
10
0.4174561417322835
20
0.3707577559055118
11
0.4169262992125984
21
0.3704526771653543
0
LINE
8
BLACK
6
CONTINUOUS
10
0.4169262992125984
20
0.3704526771653543
11
0.4168631102362205
21
0.3703894488188976
0
LINE
8
BLACK
6
CONTINUOUS
10
0.4168631102362205
20
0.3703894488188976
11
0.4168165354330708
21
0.3703894488188976
0
LINE
8
BLACK
6
CONTINUOUS
10
0.4168165354330708
20
0.3703894488188976
11
0.4167291732283465
21
0.3703391338582677
0
LINE
8
BLACK
6
CONTINUOUS
10
0.4167291732283465
20
0.3703391338582677
11
0.4159743700787402
21
0.3703894488188976
0
LINE
8
BLACK
6
CONTINUOUS
10
0.4159743700787402
20
0.3703894488188976
11
0.4152175984251968
21
0.3703894488188976
0
LINE
8
BLACK
6
CONTINUOUS
10
0.4152175984251968
20
0.3703894488188976
11
0.4151635433070866
21
0.3704435039370079
0
LINE
8
BLACK
6
CONTINUOUS
10
0.4151635433070866
20
0.3704435039370079
11
0.4150872834645669
21
0.3704485826771654
0
LINE
8
BLACK
6
CONTINUOUS
10
0.4150872834645669
20
0.3704485826771654
11
0.4145890157480315
21
0.371018031496063
0
LINE
8
BLACK
6
CONTINUOUS
10
0.4145890157480315
20
0.371018031496063
11
0.4140540157480315
21
0.371553031496063
0
LINE
8
BLACK
6
CONTINUOUS
10
0.4140540157480315
20
0.371553031496063
11
0.4140343307086614
21
0.371651968503937
0
LINE
8
BLACK
6
CONTINUOUS
10
0.4140343307086614
20
0.371651968503937
11
0.4140037007874016
21
0.371686968503937
0
LINE
8
BLACK
6
CONTINUOUS
10
0.4140037007874016
20
0.371686968503937
11
0.4140096062992126
21
0.3717761417322835
0
LINE
8
BLACK
6
CONTINUOUS
10
0.4140096062992126
20
0.3717761417322835
11
0.4138903543307086
21
0.3723757874015748
0
LINE
8
BLACK
6
CONTINUOUS
10
0.4138903543307086
20
0.3723757874015748
11
0.4138903543307086
21
0.3845710236220473
0
LINE
8
BLACK
6
CONTINUOUS
10
0.4138903543307086
20
0.3845710236220473
11
0.4140540157480315
21
0.385393779527559
0
LINE
8
BLACK
6
CONTINUOUS
10
0.4140540157480315
20
0.385393779527559
11
0.4152175984251968
21
0.3865573622047244
0
LINE
8
BLACK
6
CONTINUOUS
10
0.4152175984251968
20
0.3865573622047244
11
0.4168631102362205
21
0.3865573622047244
0
LINE
8
BLACK
6
CONTINUOUS
10
0.4168631102362205
20
0.3865573622047244
11
0.4180266929133858
21
0.385393779527559
0
LINE
8
BLACK
6
CONTINUOUS
10
0.6113051968503936
20
0.3942753149606299
11
0.61144968503937
21
0.3942682677165354
0
LINE
8
BLACK
6
CONTINUOUS
10
0.61144968503937
20
0.3942682677165354
11
0.6144493307086614
21
0.3935183464566929
0
LINE
8
BLACK
6
CONTINUOUS
10
0.6144493307086614
20
0.3935183464566929
11
0.6145662598425197
21
0.3934631102362204
0
LINE
8
BLACK
6
CONTINUOUS
10
0.6145662598425197
20
0.3934631102362204
11
0.6146910629921259
21
0.393428937007874
0
LINE
8
BLACK
6
CONTINUOUS
10
0.6146910629921259
20
0.393428937007874
11
0.6161908661417322
21
0.3926790551181102
0
LINE
8
BLACK
6
CONTINUOUS
10
0.6161908661417322
20
0.3926790551181102
11
0.6163404724409449
21
0.3925629133858268
0
LINE
8
BLACK
6
CONTINUOUS
10
0.6163404724409449
20
0.3925629133858268
11
0.6164978346456693
21
0.3924577952755905
0
LINE
8
BLACK
6
CONTINUOUS
10
0.6164978346456693
20
0.3924577952755905
11
0.6172477559055118
21
0.391707874015748
0
LINE
8
BLACK
6
CONTINUOUS
10
0.6172477559055118
20
0.391707874015748
11
0.617352874015748
21
0.3915505511811024
0
LINE
8
BLACK
6
CONTINUOUS
10
0.617352874015748
20
0.3915505511811024
11
0.6174690157480315
21
0.391400905511811
0
LINE
8
BLACK
6
CONTINUOUS
10
0.6174690157480315
20
0.391400905511811
11
0.6182188976377953
21
0.3899011023622047
0
LINE
8
BLACK
6
CONTINUOUS
10
0.6182188976377953
20
0.3899011023622047
11
0.6182344881889764
21
0.389844094488189
0
LINE
8
BLACK
6
CONTINUOUS
10
0.6182344881889764
20
0.389844094488189
11
0.6182536614173229
21
0.3898249212598425
0
LINE
8
BLACK
6
CONTINUOUS
10
0.6182536614173229
20
0.3898249212598425
11
0.6182905905511811
21
0.3896391338582677
0
LINE
8
BLACK
6
CONTINUOUS
10
0.6182905905511811
20
0.3896391338582677
11
0.6183405905511811
21
0.3894566141732284
0
LINE
8
BLACK
6
CONTINUOUS
10
0.6183405905511811
20
0.3894566141732284
11
0.6183320078740158
21
0.3894309842519685
0
LINE
8
BLACK
6
CONTINUOUS
10
0.6183320078740158
20
0.3894309842519685
11
0.6183435826771654
21
0.3893729133858267
0
LINE
8
BLACK
6
CONTINUOUS
10
0.6183435826771654
20
0.3893729133858267
11
0.6183435826771654
21
0.3878731102362205
0
LINE
8
BLACK
6
CONTINUOUS
10
0.6183435826771654
20
0.3878731102362205
11
0.6183320078740158
21
0.3878150787401575
0
LINE
8
BLACK
6
CONTINUOUS
10
0.6183320078740158
20
0.3878150787401575
11
0.6183405905511811
21
0.3877894094488189
0
LINE
8
BLACK
6
CONTINUOUS
10
0.6183405905511811
20
0.3877894094488189
11
0.6182905905511811
21
0.3876069291338582
0
LINE
8
BLACK
6
CONTINUOUS
10
0.6182905905511811
20
0.3876069291338582
11
0.6182536614173229
21
0.3874211023622047
0
LINE
8
BLACK
6
CONTINUOUS
10
0.6182536614173229
20
0.3874211023622047
11
0.6182344881889764
21
0.387401968503937
0
LINE
8
BLACK
6
CONTINUOUS
10
0.6182344881889764
20
0.387401968503937
11
0.6182188976377953
21
0.3873449212598425
0
LINE
8
BLACK
6
CONTINUOUS
10
0.6182188976377953
20
0.3873449212598425
11
0.6174690157480315
21
0.3858450787401575
0
LINE
8
BLACK
6
CONTINUOUS
10
0.6174690157480315
20
0.3858450787401575
11
0.617352874015748
21
0.3856954724409449
0
LINE
8
BLACK
6
CONTINUOUS
10
0.617352874015748
20
0.3856954724409449
11
0.6172477165354331
21
0.3855380708661417
0
LINE
8
BLACK
6
CONTINUOUS
10
0.6172477165354331
20
0.3855380708661417
11
0.6164978346456693
21
0.384788188976378
0
LINE
8
BLACK
6
CONTINUOUS
10
0.6164978346456693
20
0.384788188976378
11
0.6163403543307087
21
0.384683031496063
0
LINE
8
BLACK
6
CONTINUOUS
10
0.6163403543307087
20
0.384683031496063
11
0.616190905511811
21
0.384566968503937
0
LINE
8
BLACK
6
CONTINUOUS
10
0.616190905511811
20
0.384566968503937
11
0.6146911023622047
21
0.3838170472440945
0
LINE
8
BLACK
6
CONTINUOUS
10
0.6146911023622047
20
0.3838170472440945
11
0.6145662204724409
21
0.383782874015748
0
LINE
8
BLACK
6
CONTINUOUS
10
0.6145662204724409
20
0.383782874015748
11
0.6144493307086614
21
0.3837276377952756
0
LINE
8
BLACK
6
CONTINUOUS
10
0.6144493307086614
20
0.3837276377952756
11
0.61144968503937
21
0.3829777559055118
0
LINE
8
BLACK
6
CONTINUOUS
10
0.61144968503937
20
0.3829777559055118
11
0.6113051968503936
21
0.3829707480314961
0
LINE
8
BLACK
6
CONTINUOUS
10
0.6113051968503936
20
0.3829707480314961
11
0.6111632283464566
21
0.3829424803149606
0
LINE
8
BLACK
6
CONTINUOUS
10
0.6111632283464566
20
0.3829424803149606
11
0.6074137007874015
21
0.3829424803149606
0
LINE
8
BLACK
6
CONTINUOUS
10
0.6074137007874015
20
0.3829424803149606
11
0.6072716929133858
21
0.3829707480314961
0
LINE
8
BLACK
6
CONTINUOUS
10
0.6072716929133858
20
0.3829707480314961
11
0.6071272440944881
21
0.3829777559055118
0
LINE
8
BLACK
6
CONTINUOUS
10
0.6071272440944881
20
0.3829777559055118
11
0.6041276377952756
21
0.3837276377952756
0
LINE
8
BLACK
6
CONTINUOUS
10
0.6041276377952756
20
0.3837276377952756
11
0.604010748031496
21
0.383782874015748
0
LINE
8
BLACK
6
CONTINUOUS
10
0.604010748031496
20
0.383782874015748
11
0.603885905511811
21
0.3838170472440945
0
LINE
8
BLACK
6
CONTINUOUS
10
0.603885905511811
20
0.3838170472440945
11
0.6023860629921259
21
0.384566968503937
0
LINE
8
BLACK
6
CONTINUOUS
10
0.6023860629921259
20
0.384566968503937
11
0.602236811023622
21
0.3846828346456693
0
LINE
8
BLACK
6
CONTINUOUS
10
0.602236811023622
20
0.3846828346456693
11
0.602079094488189
21
0.384788188976378
0
LINE
8
BLACK
6
CONTINUOUS
10
0.602079094488189
20
0.384788188976378
11
0.6013292125984252
21
0.3855381102362205
0
LINE
8
BLACK
6
CONTINUOUS
10
0.6013292125984252
20
0.3855381102362205
11
0.6012241732283464
21
0.3856953149606299
0
LINE
8
BLACK
6
CONTINUOUS
10
0.6012241732283464
20
0.3856953149606299
11
0.6011079527559055
21
0.3858450393700787
0
LINE
8
BLACK
6
CONTINUOUS
10
0.6011079527559055
20
0.3858450393700787
11
0.6003580314960629
21
0.3873449212598425
0
LINE
8
BLACK
6
CONTINUOUS
10
0.6003580314960629
20
0.3873449212598425
11
0.6003424015748031
21
0.387401968503937
0
LINE
8
BLACK
6
CONTINUOUS
10
0.6003424015748031
20
0.387401968503937
11
0.6003232677165354
21
0.3874211023622047
0
LINE
8
BLACK
6
CONTINUOUS
10
0.6003232677165354
20
0.3874211023622047
11
0.6002862992125985
21
0.3876069291338582
0
LINE
8
BLACK
6
CONTINUOUS
10
0.6002862992125985
20
0.3876069291338582
11
0.6002363385826771
21
0.3877894094488189
0
LINE
8
BLACK
6
CONTINUOUS
10
0.6002363385826771
20
0.3877894094488189
11
0.6002448818897638
21
0.3878150787401575
0
LINE
8
BLACK
6
CONTINUOUS
10
0.6002448818897638
20
0.3878150787401575
11
0.6002333464566929
21
0.3878731102362205
0
LINE
8
BLACK
6
CONTINUOUS
10
0.6002333464566929
20
0.3878731102362205
11
0.6002333464566929
21
0.3893729133858267
0
LINE
8
BLACK
6
CONTINUOUS
10
0.6002333464566929
20
0.3893729133858267
11
0.6002448818897638
21
0.3894309842519685
0
LINE
8
BLACK
6
CONTINUOUS
10
0.6002448818897638
20
0.3894309842519685
11
0.6002363385826771
21
0.3894566141732284
0
LINE
8
BLACK
6
CONTINUOUS
10
0.6002363385826771
20
0.3894566141732284
11
0.6002862992125985
21
0.3896391732283465
0
LINE
8
BLACK
6
CONTINUOUS
10
0.6002862992125985
20
0.3896391732283465
11
0.6003232677165354
21
0.3898249212598425
0
LINE
8
BLACK
6
CONTINUOUS
10
0.6003232677165354
20
0.3898249212598425
11
0.6003424015748031
21
0.389844094488189
0
LINE
8
BLACK
6
CONTINUOUS
10
0.6003424015748031
20
0.389844094488189
11
0.6003580314960629
21
0.3899011417322835
0
LINE
8
BLACK
6
CONTINUOUS
10
0.6003580314960629
20
0.3899011417322835
11
0.6011079527559055
21
0.3914009448818898
0
LINE
8
BLACK
6
CONTINUOUS
10
0.6011079527559055
20
0.3914009448818898
11
0.6012239763779528
21
0.3915504330708661
0
LINE
8
BLACK
6
CONTINUOUS
10
0.6012239763779528
20
0.3915504330708661
11
0.6013291732283464
21
0.391707874015748
0
LINE
8
BLACK
6
CONTINUOUS
10
0.6013291732283464
20
0.391707874015748
11
0.6020790551181102
21
0.3924577559055118
0
LINE
8
BLACK
6
CONTINUOUS
10
0.6020790551181102
20
0.3924577559055118
11
0.6022364173228346
21
0.3925629527559055
0
LINE
8
BLACK
6
CONTINUOUS
10
0.6022364173228346
20
0.3925629527559055
11
0.6023860629921259
21
0.3926790551181102
0
LINE
8
BLACK
6
CONTINUOUS
10
0.6023860629921259
20
0.3926790551181102
11
0.603885905511811
21
0.393428937007874
0
LINE
8
BLACK
6
CONTINUOUS
10
0.603885905511811
20
0.393428937007874
11
0.6040106692913386
21
0.3934631102362204
0
LINE
8
BLACK
6
CONTINUOUS
10
0.6040106692913386
20
0.3934631102362204
11
0.6041276377952756
21
0.3935183464566929
0
LINE
8
BLACK
6
CONTINUOUS
10
0.6041276377952756
20
0.3935183464566929
11
0.6071272440944881
21
0.3942682677165354
0
LINE
8
BLACK
6
CONTINUOUS
10
0.6071272440944881
20
0.3942682677165354
11
0.6072716929133858
21
0.3942753149606299
0
LINE
8
BLACK
6
CONTINUOUS
10
0.6072716929133858
20
0.3942753149606299
11
0.6074137007874015
21
0.3943035433070866
0
LINE
8
BLACK
6
CONTINUOUS
10
0.6074137007874015
20
0.3943035433070866
11
0.6111632283464566
21
0.3943035433070866
0
LINE
8
BLACK
6
CONTINUOUS
10
0.6111632283464566
20
0.3943035433070866
11
0.6113051968503936
21
0.3942753149606299
0
LINE
8
BLACK
6
CONTINUOUS
10
0.6048263385826772
20
0.3912581496062992
11
0.603613937007874
21
0.390651968503937
0
LINE
8
BLACK
6
CONTINUOUS
10
0.603613937007874
20
0.390651968503937
11
0.6031350393700787
21
0.3901730708661417
0
LINE
8
BLACK
6
CONTINUOUS
10
0.6031350393700787
20
0.3901730708661417
11
0.6025955511811023
21
0.3890940551181102
0
LINE
8
BLACK
6
CONTINUOUS
10
0.6025955511811023
20
0.3890940551181102
11
0.6025955511811023
21
0.3881519291338583
0
LINE
8
BLACK
6
CONTINUOUS
10
0.6025955511811023
20
0.3881519291338583
11
0.6031350393700787
21
0.3870729133858268
0
LINE
8
BLACK
6
CONTINUOUS
10
0.6031350393700787
20
0.3870729133858268
11
0.6036138976377953
21
0.386594094488189
0
LINE
8
BLACK
6
CONTINUOUS
10
0.6036138976377953
20
0.386594094488189
11
0.6048264173228346
21
0.3859878346456693
0
LINE
8
BLACK
6
CONTINUOUS
10
0.6048264173228346
20
0.3859878346456693
11
0.6075590551181103
21
0.38530468503937
0
LINE
8
BLACK
6
CONTINUOUS
10
0.6075590551181103
20
0.38530468503937
11
0.611017874015748
21
0.38530468503937
0
LINE
8
BLACK
6
CONTINUOUS
10
0.611017874015748
20
0.38530468503937
11
0.6137505118110236
21
0.3859878346456693
0
LINE
8
BLACK
6
CONTINUOUS
10
0.6137505118110236
20
0.3859878346456693
11
0.6149629921259843
21
0.386594094488189
0
LINE
8
BLACK
6
CONTINUOUS
10
0.6149629921259843
20
0.386594094488189
11
0.6154418897637796
21
0.3870729921259842
0
LINE
8
BLACK
6
CONTINUOUS
10
0.6154418897637796
20
0.3870729921259842
11
0.6159813779527559
21
0.3881519291338583
0
LINE
8
BLACK
6
CONTINUOUS
10
0.6159813779527559
20
0.3881519291338583
11
0.6159813779527559
21
0.3890941338582677
0
LINE
8
BLACK
6
CONTINUOUS
10
0.6159813779527559
20
0.3890941338582677
11
0.6154418503937008
21
0.3901731496062992
0
LINE
8
BLACK
6
CONTINUOUS
10
0.6154418503937008
20
0.3901731496062992
11
0.6149630708661418
21
0.3906519291338583
0
LINE
8
BLACK
6
CONTINUOUS
10
0.6149630708661418
20
0.3906519291338583
11
0.6137505905511811
21
0.3912581496062992
0
LINE
8
BLACK
6
CONTINUOUS
10
0.6137505905511811
20
0.3912581496062992
11
0.611017874015748
21
0.3919413385826772
0
LINE
8
BLACK
6
CONTINUOUS
10
0.611017874015748
20
0.3919413385826772
11
0.6075590551181103
21
0.3919413385826772
0
LINE
8
BLACK
6
CONTINUOUS
10
0.6075590551181103
20
0.3919413385826772
11
0.6048263385826772
21
0.3912581496062992
0
LINE
8
BLACK
6
CONTINUOUS
10
0.6068061811023622
20
0.4088943700787401
11
0.6070920472440945
21
0.4080368503937008
0
LINE
8
BLACK
6
CONTINUOUS
10
0.6070920472440945
20
0.4080368503937008
11
0.6069703149606299
21
0.4075923622047244
0
LINE
8
BLACK
6
CONTINUOUS
10
0.6069703149606299
20
0.4075923622047244
11
0.6062203937007874
21
0.4060925196850393
0
LINE
8
BLACK
6
CONTINUOUS
10
0.6062203937007874
20
0.4060925196850393
11
0.6061042519685039
21
0.4059429527559055
0
LINE
8
BLACK
6
CONTINUOUS
10
0.6061042519685039
20
0.4059429527559055
11
0.6059991338582678
21
0.4057855511811024
0
LINE
8
BLACK
6
CONTINUOUS
10
0.6059991338582678
20
0.4057855511811024
11
0.605015748031496
21
0.4048022047244094
0
LINE
8
BLACK
6
CONTINUOUS
10
0.605015748031496
20
0.4048022047244094
11
0.6159813779527559
21
0.4048022047244094
0
LINE
8
BLACK
6
CONTINUOUS
10
0.6159813779527559
20
0.4048022047244094
11
0.6159813779527559
21
0.4081205511811024
0
LINE
8
BLACK
6
CONTINUOUS
10
0.6159813779527559
20
0.4081205511811024
11
0.6160712992125984
21
0.4085725590551181
0
LINE
8
BLACK
6
CONTINUOUS
10
0.6160712992125984
20
0.4085725590551181
11
0.6167104724409449
21
0.4092117322834646
0
LINE
8
BLACK
6
CONTINUOUS
10
0.6167104724409449
20
0.4092117322834646
11
0.6176144881889764
21
0.4092117322834646
0
LINE
8
BLACK
6
CONTINUOUS
10
0.6176144881889764
20
0.4092117322834646
11
0.6182536614173229
21
0.4085725590551181
0
LINE
8
BLACK
6
CONTINUOUS
10
0.6182536614173229
20
0.4085725590551181
11
0.6183435826771654
21
0.4081205511811024
0
LINE
8
BLACK
6
CONTINUOUS
10
0.6183435826771654
20
0.4081205511811024
11
0.6183435826771654
21
0.3991216929133858
0
LINE
8
BLACK
6
CONTINUOUS
10
0.6183435826771654
20
0.3991216929133858
11
0.6182536614173229
21
0.3986696850393701
0
LINE
8
BLACK
6
CONTINUOUS
10
0.6182536614173229
20
0.3986696850393701
11
0.6176144881889764
21
0.3980305118110236
0
LINE
8
BLACK
6
CONTINUOUS
10
0.6176144881889764
20
0.3980305118110236
11
0.6167104724409449
21
0.3980305118110236
0
LINE
8
BLACK
6
CONTINUOUS
10
0.6167104724409449
20
0.3980305118110236
11
0.6160712992125984
21
0.3986696850393701
0
LINE
8
BLACK
6
CONTINUOUS
10
0.6160712992125984
20
0.3986696850393701
11
0.6159813779527559
21
0.3991216929133858
0
LINE
8
BLACK
6
CONTINUOUS
10
0.6159813779527559
20
0.3991216929133858
11
0.6159813779527559
21
0.40244
0
LINE
8
BLACK
6
CONTINUOUS
10
0.6159813779527559
20
0.40244
11
0.6014144488188976
21
0.40244
0
LINE
8
BLACK
6
CONTINUOUS
10
0.6014144488188976
20
0.40244
11
0.6009624409448818
21
0.4025299212598425
0
LINE
8
BLACK
6
CONTINUOUS
10
0.6009624409448818
20
0.4025299212598425
11
0.6008764566929133
21
0.402615905511811
0
LINE
8
BLACK
6
CONTINUOUS
10
0.6008764566929133
20
0.402615905511811
11
0.6007572834645669
21
0.4026397244094488
0
LINE
8
BLACK
6
CONTINUOUS
10
0.6007572834645669
20
0.4026397244094488
11
0.6005664960629921
21
0.4029258661417323
0
LINE
8
BLACK
6
CONTINUOUS
10
0.6005664960629921
20
0.4029258661417323
11
0.6003232677165354
21
0.403169094488189
0
LINE
8
BLACK
6
CONTINUOUS
10
0.6003232677165354
20
0.403169094488189
11
0.6003232677165354
21
0.4032907086614173
0
LINE
8
BLACK
6
CONTINUOUS
10
0.6003232677165354
20
0.4032907086614173
11
0.6002557874015748
21
0.4033918897637795
0
LINE
8
BLACK
6
CONTINUOUS
10
0.6002557874015748
20
0.4033918897637795
11
0.6003232677165354
21
0.4037292913385827
0
LINE
8
BLACK
6
CONTINUOUS
10
0.6003232677165354
20
0.4037292913385827
11
0.6003232677165354
21
0.4040731102362204
0
LINE
8
BLACK
6
CONTINUOUS
10
0.6003232677165354
20
0.4040731102362204
11
0.6004092125984252
21
0.404159094488189
0
LINE
8
BLACK
6
CONTINUOUS
10
0.6004092125984252
20
0.404159094488189
11
0.6004330708661417
21
0.4042782677165354
0
LINE
8
BLACK
6
CONTINUOUS
10
0.6004330708661417
20
0.4042782677165354
11
0.6007592913385826
21
0.4046038188976378
0
LINE
8
BLACK
6
CONTINUOUS
10
0.6007592913385826
20
0.4046038188976378
11
0.6029117716535433
21
0.4060388976377953
0
LINE
8
BLACK
6
CONTINUOUS
10
0.6029117716535433
20
0.4060388976377953
11
0.6041932677165354
21
0.4073203937007874
0
LINE
8
BLACK
6
CONTINUOUS
10
0.6041932677165354
20
0.4073203937007874
11
0.6048574803149607
21
0.4086487795275591
0
LINE
8
BLACK
6
CONTINUOUS
10
0.6048574803149607
20
0.4086487795275591
11
0.6051400787401575
21
0.4090128346456693
0
LINE
8
BLACK
6
CONTINUOUS
10
0.6051400787401575
20
0.4090128346456693
11
0.6059975984251968
21
0.4092987007874015
0
LINE
8
BLACK
6
CONTINUOUS
10
0.6059975984251968
20
0.4092987007874015
11
0.6068061811023622
21
0.4088943700787401
0
LINE
8
BLACK
6
CONTINUOUS
10
0.6176144881889764
20
0.424209842519685
11
0.6182536614173229
21
0.4235706692913386
0
LINE
8
BLACK
6
CONTINUOUS
10
0.6182536614173229
20
0.4235706692913386
11
0.6182536614173229
21
0.4226666535433071
0
LINE
8
BLACK
6
CONTINUOUS
10
0.6182536614173229
20
0.4226666535433071
11
0.6176144881889764
21
0.4220274803149606
0
LINE
8
BLACK
6
CONTINUOUS
10
0.6176144881889764
20
0.4220274803149606
11
0.6171624803149606
21
0.4219375590551181
0
LINE
8
BLACK
6
CONTINUOUS
10
0.6171624803149606
20
0.4219375590551181
11
0.6108445275590551
21
0.4219375590551181
0
LINE
8
BLACK
6
CONTINUOUS
10
0.6108445275590551
20
0.4219375590551181
11
0.6108445275590551
21
0.419984094488189
0
LINE
8
BLACK
6
CONTINUOUS
10
0.6108445275590551
20
0.419984094488189
11
0.6178397637795275
21
0.4150874015748031
0
LINE
8
BLACK
6
CONTINUOUS
10
0.6178397637795275
20
0.4150874015748031
11
0.6181585039370079
21
0.4147545275590551
0
LINE
8
BLACK
6
CONTINUOUS
10
0.6181585039370079
20
0.4147545275590551
11
0.6183155905511811
21
0.4138643700787402
0
LINE
8
BLACK
6
CONTINUOUS
10
0.6183155905511811
20
0.4138643700787402
11
0.6177972047244095
21
0.413123779527559
0
LINE
8
BLACK
6
CONTINUOUS
10
0.6177972047244095
20
0.413123779527559
11
0.6169070078740158
21
0.4129666929133858
0
LINE
8
BLACK
6
CONTINUOUS
10
0.6169070078740158
20
0.4129666929133858
11
0.616485157480315
21
0.4131522047244094
0
LINE
8
BLACK
6
CONTINUOUS
10
0.616485157480315
20
0.4131522047244094
11
0.6108412204724409
21
0.4171029527559055
0
LINE
8
BLACK
6
CONTINUOUS
10
0.6108412204724409
20
0.4171029527559055
11
0.6108329921259842
21
0.4170614566929134
0
LINE
8
BLACK
6
CONTINUOUS
10
0.6108329921259842
20
0.4170614566929134
11
0.6108415748031496
21
0.4170357086614173
0
LINE
8
BLACK
6
CONTINUOUS
10
0.6108415748031496
20
0.4170357086614173
11
0.6107914960629921
21
0.4168529133858268
0
LINE
8
BLACK
6
CONTINUOUS
10
0.6107914960629921
20
0.4168529133858268
11
0.6107546062992126
21
0.4166674015748031
0
LINE
8
BLACK
6
CONTINUOUS
10
0.6107546062992126
20
0.4166674015748031
11
0.6107354330708661
21
0.4166482677165354
0
LINE
8
BLACK
6
CONTINUOUS
10
0.6107354330708661
20
0.4166482677165354
11
0.610719842519685
21
0.416591220472441
0
LINE
8
BLACK
6
CONTINUOUS
10
0.610719842519685
20
0.416591220472441
11
0.6099699212598425
21
0.4150913779527559
0
LINE
8
BLACK
6
CONTINUOUS
10
0.6099699212598425
20
0.4150913779527559
11
0.609853937007874
21
0.4149420078740158
0
LINE
8
BLACK
6
CONTINUOUS
10
0.609853937007874
20
0.4149420078740158
11
0.6097487007874015
21
0.4147844488188976
0
LINE
8
BLACK
6
CONTINUOUS
10
0.6097487007874015
20
0.4147844488188976
11
0.608998779527559
21
0.4140345669291339
0
LINE
8
BLACK
6
CONTINUOUS
10
0.608998779527559
20
0.4140345669291339
11
0.6088415748031496
21
0.4139295669291339
0
LINE
8
BLACK
6
CONTINUOUS
10
0.6088415748031496
20
0.4139295669291339
11
0.6086918503937008
21
0.4138133070866142
0
LINE
8
BLACK
6
CONTINUOUS
10
0.6086918503937008
20
0.4138133070866142
11
0.607191968503937
21
0.4130633858267717
0
LINE
8
BLACK
6
CONTINUOUS
10
0.607191968503937
20
0.4130633858267717
11
0.6071349212598425
21
0.4130477952755905
0
LINE
8
BLACK
6
CONTINUOUS
10
0.6071349212598425
20
0.4130477952755905
11
0.6071157874015748
21
0.4130286220472441
0
LINE
8
BLACK
6
CONTINUOUS
10
0.6071157874015748
20
0.4130286220472441
11
0.6069299606299212
21
0.4129916929133858
0
LINE
8
BLACK
6
CONTINUOUS
10
0.6069299606299212
20
0.4129916929133858
11
0.6067474803149606
21
0.4129416929133858
0
LINE
8
BLACK
6
CONTINUOUS
10
0.6067474803149606
20
0.4129416929133858
11
0.606721811023622
21
0.4129502755905512
0
LINE
8
BLACK
6
CONTINUOUS
10
0.606721811023622
20
0.4129502755905512
11
0.606663779527559
21
0.4129387007874016
0
LINE
8
BLACK
6
CONTINUOUS
10
0.606663779527559
20
0.4129387007874016
11
0.6044140944881889
21
0.4129387007874016
0
LINE
8
BLACK
6
CONTINUOUS
10
0.6044140944881889
20
0.4129387007874016
11
0.6043561023622047
21
0.4129502362204724
0
LINE
8
BLACK
6
CONTINUOUS
10
0.6043561023622047
20
0.4129502362204724
11
0.6043303937007873
21
0.4129416535433071
0
LINE
8
BLACK
6
CONTINUOUS
10
0.6043303937007873
20
0.4129416535433071
11
0.6041475590551181
21
0.4129917322834645
0
LINE
8
BLACK
6
CONTINUOUS
10
0.6041475590551181
20
0.4129917322834645
11
0.6039620866141732
21
0.4130286220472441
0
LINE
8
BLACK
6
CONTINUOUS
10
0.6039620866141732
20
0.4130286220472441
11
0.6039429133858267
21
0.4130477952755905
0
LINE
8
BLACK
6
CONTINUOUS
10
0.6039429133858267
20
0.4130477952755905
11
0.603885905511811
21
0.4130633858267717
0
LINE
8
BLACK
6
CONTINUOUS
10
0.603885905511811
20
0.4130633858267717
11
0.6023860629921259
21
0.4138133070866142
0
LINE
8
BLACK
6
CONTINUOUS
10
0.6023860629921259
20
0.4138133070866142
11
0.602236811023622
21
0.4139291732283464
0
LINE
8
BLACK
6
CONTINUOUS
10
0.602236811023622
20
0.4139291732283464
11
0.602079094488189
21
0.4140345275590551
0
LINE
8
BLACK
6
CONTINUOUS
10
0.602079094488189
20
0.4140345275590551
11
0.6013292125984252
21
0.4147844488188976
0
LINE
8
BLACK
6
CONTINUOUS
10
0.6013292125984252
20
0.4147844488188976
11
0.6012241732283464
21
0.4149416535433071
0
LINE
8
BLACK
6
CONTINUOUS
10
0.6012241732283464
20
0.4149416535433071
11
0.6011079527559055
21
0.4150913779527559
0
LINE
8
BLACK
6
CONTINUOUS
10
0.6011079527559055
20
0.4150913779527559
11
0.6003580314960629
21
0.4165911811023622
0
LINE
8
BLACK
6
CONTINUOUS
10
0.6003580314960629
20
0.4165911811023622
11
0.6003424015748031
21
0.4166482677165354
0
LINE
8
BLACK
6
CONTINUOUS
10
0.6003424015748031
20
0.4166482677165354
11
0.6003232677165354
21
0.4166674015748031
0
LINE
8
BLACK
6
CONTINUOUS
10
0.6003232677165354
20
0.4166674015748031
11
0.6002862992125985
21
0.416853188976378
0
LINE
8
BLACK
6
CONTINUOUS
10
0.6002862992125985
20
0.416853188976378
11
0.6002363385826771
21
0.4170357086614173
0
LINE
8
BLACK
6
CONTINUOUS
10
0.6002363385826771
20
0.4170357086614173
11
0.6002448818897638
21
0.4170613779527559
0
LINE
8
BLACK
6
CONTINUOUS
10
0.6002448818897638
20
0.4170613779527559
11
0.6002333464566929
21
0.4171194094488189
0
LINE
8
BLACK
6
CONTINUOUS
10
0.6002333464566929
20
0.4171194094488189
11
0.6002333464566929
21
0.4231186614173228
0
LINE
8
BLACK
6
CONTINUOUS
10
0.6002333464566929
20
0.4231186614173228
11
0.6003232677165354
21
0.4235706692913386
0
LINE
8
BLACK
6
CONTINUOUS
10
0.6003232677165354
20
0.4235706692913386
11
0.6009624409448818
21
0.424209842519685
0
LINE
8
BLACK
6
CONTINUOUS
10
0.6009624409448818
20
0.424209842519685
11
0.6014144488188976
21
0.4242997637795276
0
LINE
8
BLACK
6
CONTINUOUS
10
0.6014144488188976
20
0.4242997637795276
11
0.6171624803149606
21
0.4242997637795276
0
LINE
8
BLACK
6
CONTINUOUS
10
0.6171624803149606
20
0.4242997637795276
11
0.6176144881889764
21
0.424209842519685
0
LINE
8
BLACK
6
CONTINUOUS
10
0.6025955511811023
20
0.4173982677165354
11
0.6031350393700787
21
0.4163192519685039
0
LINE
8
BLACK
6
CONTINUOUS
10
0.6031350393700787
20
0.4163192519685039
11
0.6036138976377953
21
0.4158404330708662
0
LINE
8
BLACK
6
CONTINUOUS
10
0.6036138976377953
20
0.4158404330708662
11
0.6046929527559055
21
0.415300905511811
0
LINE
8
BLACK
6
CONTINUOUS
10
0.6046929527559055
20
0.415300905511811
11
0.6063849606299212
21
0.415300905511811
0
LINE
8
BLACK
6
CONTINUOUS
10
0.6063849606299212
20
0.415300905511811
11
0.6074639763779528
21
0.4158404330708662
0
LINE
8
BLACK
6
CONTINUOUS
10
0.6074639763779528
20
0.4158404330708662
11
0.6079427559055118
21
0.4163192519685039
0
LINE
8
BLACK
6
CONTINUOUS
10
0.6079427559055118
20
0.4163192519685039
11
0.6084823228346457
21
0.4173983070866142
0
LINE
8
BLACK
6
CONTINUOUS
10
0.6084823228346457
20
0.4173983070866142
11
0.6084823228346457
21
0.4219375590551181
0
LINE
8
BLACK
6
CONTINUOUS
10
0.6084823228346457
20
0.4219375590551181
11
0.6025955511811023
21
0.4219375590551181
0
LINE
8
BLACK
6
CONTINUOUS
10
0.6025955511811023
20
0.4219375590551181
11
0.6025955511811023
21
0.4173982677165354
0
LINE
8
BLACK
6
CONTINUOUS
10
0.6265013385826772
20
0.4373107874015748
11
0.6275666929133858
21
0.4362454330708661
0
LINE
8
BLACK
6
CONTINUOUS
10
0.6275666929133858
20
0.4362454330708661
11
0.6277165354330708
21
0.435492125984252
0
LINE
8
BLACK
6
CONTINUOUS
10
0.6277165354330708
20
0.435492125984252
11
0.6277165354330708
21
0.3725
0
LINE
8
BLACK
6
CONTINUOUS
10
0.6277165354330708
20
0.3725
11
0.6275666929133858
21
0.3717466929133858
0
LINE
8
BLACK
6
CONTINUOUS
10
0.6275666929133858
20
0.3717466929133858
11
0.6265013385826772
21
0.3706813385826772
0
LINE
8
BLACK
6
CONTINUOUS
10
0.6265013385826772
20
0.3706813385826772
11
0.625748031496063
21
0.3705314960629921
0
LINE
8
BLACK
6
CONTINUOUS
10
0.625748031496063
20
0.3705314960629921
11
0.594251968503937
21
0.3705314960629921
0
LINE
8
BLACK
6
CONTINUOUS
10
0.594251968503937
20
0.3705314960629921
11
0.5934986614173228
21
0.3706813385826772
0
LINE
8
BLACK
6
CONTINUOUS
10
0.5934986614173228
20
0.3706813385826772
11
0.5924333070866141
21
0.3717466929133858
0
LINE
8
BLACK
6
CONTINUOUS
10
0.5924333070866141
20
0.3717466929133858
11
0.5922834645669292
21
0.3725
0
LINE
8
BLACK
6
CONTINUOUS
10
0.5922834645669292
20
0.3725
11
0.5922834645669292
21
0.435492125984252
0
LINE
8
BLACK
6
CONTINUOUS
10
0.5922834645669292
20
0.435492125984252
11
0.5924333070866141
21
0.4362454330708661
0
LINE
8
BLACK
6
CONTINUOUS
10
0.5924333070866141
20
0.4362454330708661
11
0.5934986614173228
21
0.4373107874015748
0
LINE
8
BLACK
6
CONTINUOUS
10
0.5934986614173228
20
0.4373107874015748
11
0.594251968503937
21
0.4374606299212598
0
LINE
8
BLACK
6
CONTINUOUS
10
0.594251968503937
20
0.4374606299212598
11
0.625748031496063
21
0.4374606299212598
0
LINE
8
BLACK
6
CONTINUOUS
10
0.625748031496063
20
0.4374606299212598
11
0.6265013385826772
21
0.4373107874015748
0
LINE
8
BLACK
6
CONTINUOUS
10
0.5962204724409449
20
0.4335236220472441
11
0.5962204724409449
21
0.3744685039370079
0
LINE
8
BLACK
6
CONTINUOUS
10
0.5962204724409449
20
0.3744685039370079
11
0.6237795275590551
21
0.3744685039370079
0
LINE
8
BLACK
6
CONTINUOUS
10
0.6237795275590551
20
0.3744685039370079
11
0.6237795275590551
21
0.4335236220472441
0
LINE
8
BLACK
6
CONTINUOUS
10
0.6237795275590551
20
0.4335236220472441
11
0.5962204724409449
21
0.4335236220472441
0
LINE
8
BLACK
6
CONTINUOUS
10
0.6925056299212599
20
0.4028273622047244
11
0.6925955511811024
21
0.4023753543307086
0
LINE
8
BLACK
6
CONTINUOUS
10
0.6925955511811024
20
0.4023753543307086
11
0.6925955511811024
21
0.3952294488188977
0
LINE
8
BLACK
6
CONTINUOUS
10
0.6925955511811024
20
0.3952294488188977
11
0.6966359448818897
21
0.3987647637795276
0
LINE
8
BLACK
6
CONTINUOUS
10
0.6966359448818897
20
0.3987647637795276
11
0.696926968503937
21
0.3989324015748031
0
LINE
8
BLACK
6
CONTINUOUS
10
0.696926968503937
20
0.3989324015748031
11
0.6969616929133858
21
0.3989670866141732
0
LINE
8
BLACK
6
CONTINUOUS
10
0.6969616929133858
20
0.3989670866141732
11
0.6969872440944882
21
0.3989670866141732
0
LINE
8
BLACK
6
CONTINUOUS
10
0.6969872440944882
20
0.3989670866141732
11
0.6970353149606299
21
0.3989947637795275
0
LINE
8
BLACK
6
CONTINUOUS
10
0.6970353149606299
20
0.3989947637795275
11
0.6974505511811023
21
0.3989670866141732
0
LINE
8
BLACK
6
CONTINUOUS
10
0.6974505511811023
20
0.3989670866141732
11
0.6978657086614173
21
0.3989670866141732
0
LINE
8
BLACK
6
CONTINUOUS
10
0.6978657086614173
20
0.3989670866141732
11
0.6978953543307086
21
0.3989374409448819
0
LINE
8
BLACK
6
CONTINUOUS
10
0.6978953543307086
20
0.3989374409448819
11
0.6979372440944882
21
0.3989346456692913
0
LINE
8
BLACK
6
CONTINUOUS
10
0.6979372440944882
20
0.3989346456692913
11
0.698210905511811
21
0.3986218897637795
0
LINE
8
BLACK
6
CONTINUOUS
10
0.698210905511811
20
0.3986218897637795
11
0.6985048818897638
21
0.3983279133858267
0
LINE
8
BLACK
6
CONTINUOUS
10
0.6985048818897638
20
0.3983279133858267
11
0.6985156692913386
21
0.3982735826771653
0
LINE
8
BLACK
6
CONTINUOUS
10
0.6985156692913386
20
0.3982735826771653
11
0.6985325590551181
21
0.3982542913385826
0
LINE
8
BLACK
6
CONTINUOUS
10
0.6985325590551181
20
0.3982542913385826
11
0.6985292519685039
21
0.3982052362204724
0
LINE
8
BLACK
6
CONTINUOUS
10
0.6985292519685039
20
0.3982052362204724
11
0.6985948031496063
21
0.397875905511811
0
LINE
8
BLACK
6
CONTINUOUS
10
0.6985948031496063
20
0.397875905511811
11
0.6985948031496063
21
0.3959050393700787
0
LINE
8
BLACK
6
CONTINUOUS
10
0.6985948031496063
20
0.3959050393700787
11
0.6991342913385826
21
0.394826062992126
0
LINE
8
BLACK
6
CONTINUOUS
10
0.6991342913385826
20
0.394826062992126
11
0.6996131889763779
21
0.3943471653543307
0
LINE
8
BLACK
6
CONTINUOUS
10
0.6996131889763779
20
0.3943471653543307
11
0.7006921653543307
21
0.3938076771653543
0
LINE
8
BLACK
6
CONTINUOUS
10
0.7006921653543307
20
0.3938076771653543
11
0.7038840551181103
21
0.3938076771653543
0
LINE
8
BLACK
6
CONTINUOUS
10
0.7038840551181103
20
0.3938076771653543
11
0.7049630708661417
21
0.3943472047244094
0
LINE
8
BLACK
6
CONTINUOUS
10
0.7049630708661417
20
0.3943472047244094
11
0.7054418503937008
21
0.3948259842519685
0
LINE
8
BLACK
6
CONTINUOUS
10
0.7054418503937008
20
0.3948259842519685
11
0.7059813779527558
21
0.395905
0
LINE
8
BLACK
6
CONTINUOUS
10
0.7059813779527558
20
0.395905
11
0.7059813779527558
21
0.3998468503937008
0
LINE
8
BLACK
6
CONTINUOUS
10
0.7059813779527558
20
0.3998468503937008
11
0.7054418503937008
21
0.4009258661417323
0
LINE
8
BLACK
6
CONTINUOUS
10
0.7054418503937008
20
0.4009258661417323
11
0.7048275196850393
21
0.4015401968503937
0
LINE
8
BLACK
6
CONTINUOUS
10
0.7048275196850393
20
0.4015401968503937
11
0.7045714960629921
21
0.4019233858267716
0
LINE
8
BLACK
6
CONTINUOUS
10
0.7045714960629921
20
0.4019233858267716
11
0.7045714960629921
21
0.4028273228346457
0
LINE
8
BLACK
6
CONTINUOUS
10
0.7045714960629921
20
0.4028273228346457
11
0.7052107086614173
21
0.4034665354330709
0
LINE
8
BLACK
6
CONTINUOUS
10
0.7052107086614173
20
0.4034665354330709
11
0.7061146456692913
21
0.4034665354330709
0
LINE
8
BLACK
6
CONTINUOUS
10
0.7061146456692913
20
0.4034665354330709
11
0.7064978346456693
21
0.4032105118110236
0
LINE
8
BLACK
6
CONTINUOUS
10
0.7064978346456693
20
0.4032105118110236
11
0.7072477559055118
21
0.4024605905511811
0
LINE
8
BLACK
6
CONTINUOUS
10
0.7072477559055118
20
0.4024605905511811
11
0.707352874015748
21
0.4023032677165354
0
LINE
8
BLACK
6
CONTINUOUS
10
0.707352874015748
20
0.4023032677165354
11
0.7074690157480314
21
0.4021536220472441
0
LINE
8
BLACK
6
CONTINUOUS
10
0.7074690157480314
20
0.4021536220472441
11
0.7082188976377952
21
0.4006538188976378
0
LINE
8
BLACK
6
CONTINUOUS
10
0.7082188976377952
20
0.4006538188976378
11
0.7082344881889764
21
0.400596811023622
0
LINE
8
BLACK
6
CONTINUOUS
10
0.7082344881889764
20
0.400596811023622
11
0.7082536614173228
21
0.4005776377952756
0
LINE
8
BLACK
6
CONTINUOUS
10
0.7082536614173228
20
0.4005776377952756
11
0.708290590551181
21
0.4003918503937008
0
LINE
8
BLACK
6
CONTINUOUS
10
0.708290590551181
20
0.4003918503937008
11
0.708340590551181
21
0.4002093307086614
0
LINE
8
BLACK
6
CONTINUOUS
10
0.708340590551181
20
0.4002093307086614
11
0.7083320078740157
21
0.4001837007874016
0
LINE
8
BLACK
6
CONTINUOUS
10
0.7083320078740157
20
0.4001837007874016
11
0.7083435826771654
21
0.4001256299212598
0
LINE
8
BLACK
6
CONTINUOUS
10
0.7083435826771654
20
0.4001256299212598
11
0.7083435826771654
21
0.3956261811023622
0
LINE
8
BLACK
6
CONTINUOUS
10
0.7083435826771654
20
0.3956261811023622
11
0.7083320078740157
21
0.3955681496062992
0
LINE
8
BLACK
6
CONTINUOUS
10
0.7083320078740157
20
0.3955681496062992
11
0.708340590551181
21
0.3955424803149606
0
LINE
8
BLACK
6
CONTINUOUS
10
0.708340590551181
20
0.3955424803149606
11
0.708290590551181
21
0.39536
0
LINE
8
BLACK
6
CONTINUOUS
10
0.708290590551181
20
0.39536
11
0.7082536614173228
21
0.3951741732283465
0
LINE
8
BLACK
6
CONTINUOUS
10
0.7082536614173228
20
0.3951741732283465
11
0.7082344881889764
21
0.3951550393700787
0
LINE
8
BLACK
6
CONTINUOUS
10
0.7082344881889764
20
0.3951550393700787
11
0.7082188976377952
21
0.3950979921259842
0
LINE
8
BLACK
6
CONTINUOUS
10
0.7082188976377952
20
0.3950979921259842
11
0.7074690157480314
21
0.3935981889763779
0
LINE
8
BLACK
6
CONTINUOUS
10
0.7074690157480314
20
0.3935981889763779
11
0.707352874015748
21
0.3934485826771654
0
LINE
8
BLACK
6
CONTINUOUS
10
0.707352874015748
20
0.3934485826771654
11
0.7072477559055118
21
0.3932912204724409
0
LINE
8
BLACK
6
CONTINUOUS
10
0.7072477559055118
20
0.3932912204724409
11
0.7064978346456693
21
0.3925412992125984
0
LINE
8
BLACK
6
CONTINUOUS
10
0.7064978346456693
20
0.3925412992125984
11
0.7063404724409449
21
0.3924362204724409
0
LINE
8
BLACK
6
CONTINUOUS
10
0.7063404724409449
20
0.3924362204724409
11
0.7061908661417323
21
0.3923200393700788
0
LINE
8
BLACK
6
CONTINUOUS
10
0.7061908661417323
20
0.3923200393700788
11
0.7046910629921259
21
0.3915701574803149
0
LINE
8
BLACK
6
CONTINUOUS
10
0.7046910629921259
20
0.3915701574803149
11
0.7046340157480315
21
0.3915545669291339
0
LINE
8
BLACK
6
CONTINUOUS
10
0.7046340157480315
20
0.3915545669291339
11
0.7046148818897637
21
0.3915353937007874
0
LINE
8
BLACK
6
CONTINUOUS
10
0.7046148818897637
20
0.3915353937007874
11
0.7044290551181103
21
0.3914984645669291
0
LINE
8
BLACK
6
CONTINUOUS
10
0.7044290551181103
20
0.3914984645669291
11
0.7042465748031496
21
0.3914484645669291
0
LINE
8
BLACK
6
CONTINUOUS
10
0.7042465748031496
20
0.3914484645669291
11
0.704220905511811
21
0.3914570472440945
0
LINE
8
BLACK
6
CONTINUOUS
10
0.704220905511811
20
0.3914570472440945
11
0.7041628740157481
21
0.3914454724409449
0
LINE
8
BLACK
6
CONTINUOUS
10
0.7041628740157481
20
0.3914454724409449
11
0.7004133464566928
21
0.3914454724409449
0
LINE
8
BLACK
6
CONTINUOUS
10
0.7004133464566928
20
0.3914454724409449
11
0.7003552755905512
21
0.3914570472440945
0
LINE
8
BLACK
6
CONTINUOUS
10
0.7003552755905512
20
0.3914570472440945
11
0.7003296456692913
21
0.3914484645669291
0
LINE
8
BLACK
6
CONTINUOUS
10
0.7003296456692913
20
0.3914484645669291
11
0.700147125984252
21
0.3914984645669291
0
LINE
8
BLACK
6
CONTINUOUS
10
0.700147125984252
20
0.3914984645669291
11
0.6999613385826772
21
0.3915353937007874
0
LINE
8
BLACK
6
CONTINUOUS
10
0.6999613385826772
20
0.3915353937007874
11
0.6999421653543307
21
0.3915545669291339
0
LINE
8
BLACK
6
CONTINUOUS
10
0.6999421653543307
20
0.3915545669291339
11
0.699885157480315
21
0.3915701574803149
0
LINE
8
BLACK
6
CONTINUOUS
10
0.699885157480315
20
0.3915701574803149
11
0.6983853149606299
21
0.3923200393700788
0
LINE
8
BLACK
6
CONTINUOUS
10
0.6983853149606299
20
0.3923200393700788
11
0.6982356692913385
21
0.3924361811023622
0
LINE
8
BLACK
6
CONTINUOUS
10
0.6982356692913385
20
0.3924361811023622
11
0.6980783070866141
21
0.3925413385826771
0
LINE
8
BLACK
6
CONTINUOUS
10
0.6980783070866141
20
0.3925413385826771
11
0.6973284251968503
21
0.3932912204724409
0
LINE
8
BLACK
6
CONTINUOUS
10
0.6973284251968503
20
0.3932912204724409
11
0.6972232283464567
21
0.3934487007874016
0
LINE
8
BLACK
6
CONTINUOUS
10
0.6972232283464567
20
0.3934487007874016
11
0.6971072047244095
21
0.3935981496062992
0
LINE
8
BLACK
6
CONTINUOUS
10
0.6971072047244095
20
0.3935981496062992
11
0.6963572834645669
21
0.3950979527559055
0
LINE
8
BLACK
6
CONTINUOUS
10
0.6963572834645669
20
0.3950979527559055
11
0.696341653543307
21
0.3951550393700787
0
LINE
8
BLACK
6
CONTINUOUS
10
0.696341653543307
20
0.3951550393700787
11
0.6963225196850393
21
0.3951741732283465
0
LINE
8
BLACK
6
CONTINUOUS
10
0.6963225196850393
20
0.3951741732283465
11
0.6962924015748031
21
0.3953254330708662
0
LINE
8
BLACK
6
CONTINUOUS
10
0.6962924015748031
20
0.3953254330708662
11
0.6921922047244095
21
0.391737716535433
0
LINE
8
BLACK
6
CONTINUOUS
10
0.6921922047244095
20
0.391737716535433
11
0.6919011417322835
21
0.3915701181102362
0
LINE
8
BLACK
6
CONTINUOUS
10
0.6919011417322835
20
0.3915701181102362
11
0.6918664566929134
21
0.3915353937007874
0
LINE
8
BLACK
6
CONTINUOUS
10
0.6918664566929134
20
0.3915353937007874
11
0.691840905511811
21
0.3915353937007874
0
LINE
8
BLACK
6
CONTINUOUS
10
0.691840905511811
20
0.3915353937007874
11
0.6917928346456693
21
0.391507716535433
0
LINE
8
BLACK
6
CONTINUOUS
10
0.6917928346456693
20
0.391507716535433
11
0.691377874015748
21
0.3915353937007874
0
LINE
8
BLACK
6
CONTINUOUS
10
0.691377874015748
20
0.3915353937007874
11
0.6909624409448819
21
0.3915353937007874
0
LINE
8
BLACK
6
CONTINUOUS
10
0.6909624409448819
20
0.3915353937007874
11
0.6909327165354331
21
0.3915651181102362
0
LINE
8
BLACK
6
CONTINUOUS
10
0.6909327165354331
20
0.3915651181102362
11
0.690890905511811
21
0.391567874015748
0
LINE
8
BLACK
6
CONTINUOUS
10
0.690890905511811
20
0.391567874015748
11
0.6906173622047244
21
0.3918804724409449
0
LINE
8
BLACK
6
CONTINUOUS
10
0.6906173622047244
20
0.3918804724409449
11
0.6903232677165354
21
0.3921745669291338
0
LINE
8
BLACK
6
CONTINUOUS
10
0.6903232677165354
20
0.3921745669291338
11
0.6903124409448819
21
0.392228937007874
0
LINE
8
BLACK
6
CONTINUOUS
10
0.6903124409448819
20
0.392228937007874
11
0.6902955905511811
21
0.3922481889763779
0
LINE
8
BLACK
6
CONTINUOUS
10
0.6902955905511811
20
0.3922481889763779
11
0.6902988582677165
21
0.3922972834645669
0
LINE
8
BLACK
6
CONTINUOUS
10
0.6902988582677165
20
0.3922972834645669
11
0.6902333464566929
21
0.3926265748031496
0
LINE
8
BLACK
6
CONTINUOUS
10
0.6902333464566929
20
0.3926265748031496
11
0.6902333464566929
21
0.4023753543307086
0
LINE
8
BLACK
6
CONTINUOUS
10
0.6902333464566929
20
0.4023753543307086
11
0.6903232677165354
21
0.4028273622047244
0
LINE
8
BLACK
6
CONTINUOUS
10
0.6903232677165354
20
0.4028273622047244
11
0.6909624409448819
21
0.4034665354330709
0
LINE
8
BLACK
6
CONTINUOUS
10
0.6909624409448819
20
0.4034665354330709
11
0.6918664566929134
21
0.4034665354330709
0
LINE
8
BLACK
6
CONTINUOUS
10
0.6918664566929134
20
0.4034665354330709
11
0.6925056299212599
21
0.4028273622047244
0
LINE
8
BLACK
6
CONTINUOUS
10
0.7076144881889763
20
0.4177147244094488
11
0.7082536614173228
21
0.4170755511811023
0
LINE
8
BLACK
6
CONTINUOUS
10
0.7082536614173228
20
0.4170755511811023
11
0.7082536614173228
21
0.4161715354330708
0
LINE
8
BLACK
6
CONTINUOUS
10
0.7082536614173228
20
0.4161715354330708
11
0.7076144881889763
21
0.4155323622047244
0
LINE
8
BLACK
6
CONTINUOUS
10
0.7076144881889763
20
0.4155323622047244
11
0.7071624803149607
21
0.4154424409448819
0
LINE
8
BLACK
6
CONTINUOUS
10
0.7071624803149607
20
0.4154424409448819
11
0.7008445275590551
21
0.4154424409448819
0
LINE
8
BLACK
6
CONTINUOUS
10
0.7008445275590551
20
0.4154424409448819
11
0.7008445275590551
21
0.4134889763779527
0
LINE
8
BLACK
6
CONTINUOUS
10
0.7008445275590551
20
0.4134889763779527
11
0.7078397637795275
21
0.4085922834645669
0
LINE
8
BLACK
6
CONTINUOUS
10
0.7078397637795275
20
0.4085922834645669
11
0.7081585039370079
21
0.4082594094488189
0
LINE
8
BLACK
6
CONTINUOUS
10
0.7081585039370079
20
0.4082594094488189
11
0.7083155905511811
21
0.4073692519685039
0
LINE
8
BLACK
6
CONTINUOUS
10
0.7083155905511811
20
0.4073692519685039
11
0.7077972047244094
21
0.4066286614173228
0
LINE
8
BLACK
6
CONTINUOUS
10
0.7077972047244094
20
0.4066286614173228
11
0.7069070078740157
21
0.4064715748031496
0
LINE
8
BLACK
6
CONTINUOUS
10
0.7069070078740157
20
0.4064715748031496
11
0.7064851574803149
21
0.4066570866141732
0
LINE
8
BLACK
6
CONTINUOUS
10
0.7064851574803149
20
0.4066570866141732
11
0.7008412204724409
21
0.4106078346456693
0
LINE
8
BLACK
6
CONTINUOUS
10
0.7008412204724409
20
0.4106078346456693
11
0.7008329921259843
21
0.4105663385826772
0
LINE
8
BLACK
6
CONTINUOUS
10
0.7008329921259843
20
0.4105663385826772
11
0.7008415748031496
21
0.4105405905511811
0
LINE
8
BLACK
6
CONTINUOUS
10
0.7008415748031496
20
0.4105405905511811
11
0.7007914960629921
21
0.4103577952755905
0
LINE
8
BLACK
6
CONTINUOUS
10
0.7007914960629921
20
0.4103577952755905
11
0.7007546062992126
21
0.4101722834645669
0
LINE
8
BLACK
6
CONTINUOUS
10
0.7007546062992126
20
0.4101722834645669
11
0.7007354330708662
21
0.4101531496062992
0
LINE
8
BLACK
6
CONTINUOUS
10
0.7007354330708662
20
0.4101531496062992
11
0.700719842519685
21
0.4100961023622047
0
LINE
8
BLACK
6
CONTINUOUS
10
0.700719842519685
20
0.4100961023622047
11
0.6999699212598425
21
0.4085962598425197
0
LINE
8
BLACK
6
CONTINUOUS
10
0.6999699212598425
20
0.4085962598425197
11
0.699853937007874
21
0.4084468897637795
0
LINE
8
BLACK
6
CONTINUOUS
10
0.699853937007874
20
0.4084468897637795
11
0.6997487007874016
21
0.4082893307086614
0
LINE
8
BLACK
6
CONTINUOUS
10
0.6997487007874016
20
0.4082893307086614
11
0.6989987795275591
21
0.4075394488188976
0
LINE
8
BLACK
6
CONTINUOUS
10
0.6989987795275591
20
0.4075394488188976
11
0.6988415748031496
21
0.4074344488188976
0
LINE
8
BLACK
6
CONTINUOUS
10
0.6988415748031496
20
0.4074344488188976
11
0.6986918503937007
21
0.4073181889763779
0
LINE
8
BLACK
6
CONTINUOUS
10
0.6986918503937007
20
0.4073181889763779
11
0.6971919685039369
21
0.4065682677165354
0
LINE
8
BLACK
6
CONTINUOUS
10
0.6971919685039369
20
0.4065682677165354
11
0.6971349212598426
21
0.4065526771653543
0
LINE
8
BLACK
6
CONTINUOUS
10
0.6971349212598426
20
0.4065526771653543
11
0.6971157874015748
21
0.4065335039370079
0
LINE
8
BLACK
6
CONTINUOUS
10
0.6971157874015748
20
0.4065335039370079
11
0.6969299606299213
21
0.4064965748031496
0
LINE
8
BLACK
6
CONTINUOUS
10
0.6969299606299213
20
0.4064965748031496
11
0.6967474803149606
21
0.4064465748031496
0
LINE
8
BLACK
6
CONTINUOUS
10
0.6967474803149606
20
0.4064465748031496
11
0.6967218110236221
21
0.406455157480315
0
LINE
8
BLACK
6
CONTINUOUS
10
0.6967218110236221
20
0.406455157480315
11
0.6966637795275591
21
0.4064435826771653
0
LINE
8
BLACK
6
CONTINUOUS
10
0.6966637795275591
20
0.4064435826771653
11
0.6944140944881889
21
0.4064435826771653
0
LINE
8
BLACK
6
CONTINUOUS
10
0.6944140944881889
20
0.4064435826771653
11
0.6943561023622047
21
0.4064551181102362
0
LINE
8
BLACK
6
CONTINUOUS
10
0.6943561023622047
20
0.4064551181102362
11
0.6943303937007874
21
0.4064465354330709
0
LINE
8
BLACK
6
CONTINUOUS
10
0.6943303937007874
20
0.4064465354330709
11
0.694147559055118
21
0.4064966141732284
0
LINE
8
BLACK
6
CONTINUOUS
10
0.694147559055118
20
0.4064966141732284
11
0.6939620866141732
21
0.4065335039370079
0
LINE
8
BLACK
6
CONTINUOUS
10
0.6939620866141732
20
0.4065335039370079
11
0.6939429133858268
21
0.4065526771653543
0
LINE
8
BLACK
6
CONTINUOUS
10
0.6939429133858268
20
0.4065526771653543
11
0.6938859055118111
21
0.4065682677165354
0
LINE
8
BLACK
6
CONTINUOUS
10
0.6938859055118111
20
0.4065682677165354
11
0.692386062992126
21
0.4073181889763779
0
LINE
8
BLACK
6
CONTINUOUS
10
0.692386062992126
20
0.4073181889763779
11
0.692236811023622
21
0.4074340551181102
0
LINE
8
BLACK
6
CONTINUOUS
10
0.692236811023622
20
0.4074340551181102
11
0.6920790944881889
21
0.4075394094488189
0
LINE
8
BLACK
6
CONTINUOUS
10
0.6920790944881889
20
0.4075394094488189
11
0.6913292125984252
21
0.4082893307086614
0
LINE
8
BLACK
6
CONTINUOUS
10
0.6913292125984252
20
0.4082893307086614
11
0.6912241732283464
21
0.4084465354330709
0
LINE
8
BLACK
6
CONTINUOUS
10
0.6912241732283464
20
0.4084465354330709
11
0.6911079527559055
21
0.4085962598425197
0
LINE
8
BLACK
6
CONTINUOUS
10
0.6911079527559055
20
0.4085962598425197
11
0.690358031496063
21
0.410096062992126
0
LINE
8
BLACK
6
CONTINUOUS
10
0.690358031496063
20
0.410096062992126
11
0.6903424015748031
21
0.4101531496062992
0
LINE
8
BLACK
6
CONTINUOUS
10
0.6903424015748031
20
0.4101531496062992
11
0.6903232677165354
21
0.4101722834645669
0
LINE
8
BLACK
6
CONTINUOUS
10
0.6903232677165354
20
0.4101722834645669
11
0.6902862992125984
21
0.4103580708661417
0
LINE
8
BLACK
6
CONTINUOUS
10
0.6902862992125984
20
0.4103580708661417
11
0.6902363385826772
21
0.4105405905511811
0
LINE
8
BLACK
6
CONTINUOUS
10
0.6902363385826772
20
0.4105405905511811
11
0.6902448818897637
21
0.4105662598425197
0
LINE
8
BLACK
6
CONTINUOUS
10
0.6902448818897637
20
0.4105662598425197
11
0.6902333464566929
21
0.4106242913385827
0
LINE
8
BLACK
6
CONTINUOUS
10
0.6902333464566929
20
0.4106242913385827
11
0.6902333464566929
21
0.4166235433070866
0
LINE
8
BLACK
6
CONTINUOUS
10
0.6902333464566929
20
0.4166235433070866
11
0.6903232677165354
21
0.4170755511811023
0
LINE
8
BLACK
6
CONTINUOUS
10
0.6903232677165354
20
0.4170755511811023
11
0.6909624409448819
21
0.4177147244094488
0
LINE
8
BLACK
6
CONTINUOUS
10
0.6909624409448819
20
0.4177147244094488
11
0.6914144488188976
21
0.4178046456692913
0
LINE
8
BLACK
6
CONTINUOUS
10
0.6914144488188976
20
0.4178046456692913
11
0.7071624803149607
21
0.4178046456692913
0
LINE
8
BLACK
6
CONTINUOUS
10
0.7071624803149607
20
0.4178046456692913
11
0.7076144881889763
21
0.4177147244094488
0
LINE
8
BLACK
6
CONTINUOUS
10
0.6925955511811024
20
0.4109031496062992
11
0.6931350393700787
21
0.4098241338582677
0
LINE
8
BLACK
6
CONTINUOUS
10
0.6931350393700787
20
0.4098241338582677
11
0.6936138976377952
21
0.4093453149606299
0
LINE
8
BLACK
6
CONTINUOUS
10
0.6936138976377952
20
0.4093453149606299
11
0.6946929527559055
21
0.4088057874015748
0
LINE
8
BLACK
6
CONTINUOUS
10
0.6946929527559055
20
0.4088057874015748
11
0.6963849606299213
21
0.4088057874015748
0
LINE
8
BLACK
6
CONTINUOUS
10
0.6963849606299213
20
0.4088057874015748
11
0.6974639763779528
21
0.4093453149606299
0
LINE
8
BLACK
6
CONTINUOUS
10
0.6974639763779528
20
0.4093453149606299
11
0.6979427559055118
21
0.4098241338582677
0
LINE
8
BLACK
6
CONTINUOUS
10
0.6979427559055118
20
0.4098241338582677
11
0.6984823228346456
21
0.410903188976378
0
LINE
8
BLACK
6
CONTINUOUS
10
0.6984823228346456
20
0.410903188976378
11
0.6984823228346456
21
0.4154424409448819
0
LINE
8
BLACK
6
CONTINUOUS
10
0.6984823228346456
20
0.4154424409448819
11
0.6925955511811024
21
0.4154424409448819
0
LINE
8
BLACK
6
CONTINUOUS
10
0.6925955511811024
20
0.4154424409448819
11
0.6925955511811024
21
0.4109031496062992
0
LINE
8
BLACK
6
CONTINUOUS
10
0.7165013385826772
20
0.4383147244094488
11
0.7175666929133858
21
0.4372493700787402
0
LINE
8
BLACK
6
CONTINUOUS
10
0.7175666929133858
20
0.4372493700787402
11
0.7177165354330709
21
0.436496062992126
0
LINE
8
BLACK
6
CONTINUOUS
10
0.7177165354330709
20
0.436496062992126
11
0.7177165354330709
21
0.373503937007874
0
LINE
8
BLACK
6
CONTINUOUS
10
0.7177165354330709
20
0.373503937007874
11
0.7175666929133858
21
0.3727506299212598
0
LINE
8
BLACK
6
CONTINUOUS
10
0.7175666929133858
20
0.3727506299212598
11
0.7165013385826772
21
0.3716852755905511
0
LINE
8
BLACK
6
CONTINUOUS
10
0.7165013385826772
20
0.3716852755905511
11
0.715748031496063
21
0.3715354330708661
0
LINE
8
BLACK
6
CONTINUOUS
10
0.715748031496063
20
0.3715354330708661
11
0.684251968503937
21
0.3715354330708661
0
LINE
8
BLACK
6
CONTINUOUS
10
0.684251968503937
20
0.3715354330708661
11
0.6834986614173229
21
0.3716852755905511
0
LINE
8
BLACK
6
CONTINUOUS
10
0.6834986614173229
20
0.3716852755905511
11
0.6824333070866142
21
0.3727506299212598
0
LINE
8
BLACK
6
CONTINUOUS
10
0.6824333070866142
20
0.3727506299212598
11
0.6822834645669291
21
0.373503937007874
0
LINE
8
BLACK
6
CONTINUOUS
10
0.6822834645669291
20
0.373503937007874
11
0.6822834645669291
21
0.436496062992126
0
LINE
8
BLACK
6
CONTINUOUS
10
0.6822834645669291
20
0.436496062992126
11
0.6824333070866142
21
0.4372493700787402
0
LINE
8
BLACK
6
CONTINUOUS
10
0.6824333070866142
20
0.4372493700787402
11
0.6834986614173229
21
0.4383147244094488
0
LINE
8
BLACK
6
CONTINUOUS
10
0.6834986614173229
20
0.4383147244094488
11
0.684251968503937
21
0.4384645669291338
0
LINE
8
BLACK
6
CONTINUOUS
10
0.684251968503937
20
0.4384645669291338
11
0.715748031496063
21
0.4384645669291338
0
LINE
8
BLACK
6
CONTINUOUS
10
0.715748031496063
20
0.4384645669291338
11
0.7165013385826772
21
0.4383147244094488
0
LINE
8
BLACK
6
CONTINUOUS
10
0.6862204724409449
20
0.4345275590551181
11
0.6862204724409449
21
0.3754724409448819
0
LINE
8
BLACK
6
CONTINUOUS
10
0.6862204724409449
20
0.3754724409448819
11
0.713779527559055
21
0.3754724409448819
0
LINE
8
BLACK
6
CONTINUOUS
10
0.713779527559055
20
0.3754724409448819
11
0.713779527559055
21
0.4345275590551181
0
LINE
8
BLACK
6
CONTINUOUS
10
0.713779527559055
20
0.4345275590551181
11
0.6862204724409449
21
0.4345275590551181
0
LINE
8
BLACK
6
CONTINUOUS
10
0.4275559448818897
20
0.4054315354330709
11
0.4278189763779527
21
0.4054187007874016
0
LINE
8
BLACK
6
CONTINUOUS
10
0.4278189763779527
20
0.4054187007874016
11
0.4315713385826772
21
0.4044806299212598
0
LINE
8
BLACK
6
CONTINUOUS
10
0.4315713385826772
20
0.4044806299212598
11
0.4317842913385826
21
0.4043800393700787
0
LINE
8
BLACK
6
CONTINUOUS
10
0.4317842913385826
20
0.4043800393700787
11
0.4320113779527559
21
0.4043178346456693
0
LINE
8
BLACK
6
CONTINUOUS
10
0.4320113779527559
20
0.4043178346456693
11
0.4338875590551181
21
0.4033797637795276
0
LINE
8
BLACK
6
CONTINUOUS
10
0.4338875590551181
20
0.4033797637795276
11
0.4341596850393701
21
0.4031685826771653
0
LINE
8
BLACK
6
CONTINUOUS
10
0.4341596850393701
20
0.4031685826771653
11
0.4344463385826772
21
0.4029770472440945
0
LINE
8
BLACK
6
CONTINUOUS
10
0.4344463385826772
20
0.4029770472440945
11
0.4363225590551181
21
0.4011008661417323
0
LINE
8
BLACK
6
CONTINUOUS
10
0.4363225590551181
20
0.4011008661417323
11
0.4363824015748031
21
0.4010112992125984
0
LINE
8
BLACK
6
CONTINUOUS
10
0.4363824015748031
20
0.4010112992125984
11
0.4364265354330709
21
0.4009892125984252
0
LINE
8
BLACK
6
CONTINUOUS
10
0.4364265354330709
20
0.4009892125984252
11
0.4365971259842519
21
0.4006899212598425
0
LINE
8
BLACK
6
CONTINUOUS
10
0.4365971259842519
20
0.4006899212598425
11
0.4367886220472441
21
0.4004033464566929
0
LINE
8
BLACK
6
CONTINUOUS
10
0.4367886220472441
20
0.4004033464566929
11
0.4367886220472441
21
0.4003540551181102
0
LINE
8
BLACK
6
CONTINUOUS
10
0.4367886220472441
20
0.4003540551181102
11
0.436841968503937
21
0.4002604330708661
0
LINE
8
BLACK
6
CONTINUOUS
10
0.436841968503937
20
0.4002604330708661
11
0.4377800393700788
21
0.3974461417322834
0
LINE
8
BLACK
6
CONTINUOUS
10
0.4377800393700788
20
0.3974461417322834
11
0.4378231102362204
21
0.3971042519685039
0
LINE
8
BLACK
6
CONTINUOUS
10
0.4378231102362204
20
0.3971042519685039
11
0.4378903543307087
21
0.3967662598425197
0
LINE
8
BLACK
6
CONTINUOUS
10
0.4378903543307087
20
0.3967662598425197
11
0.4378903543307087
21
0.3948900393700787
0
LINE
8
BLACK
6
CONTINUOUS
10
0.4378903543307087
20
0.3948900393700787
11
0.4378231496062992
21
0.3945522834645669
0
LINE
8
BLACK
6
CONTINUOUS
10
0.4378231496062992
20
0.3945522834645669
11
0.4377800393700788
21
0.394210157480315
0
LINE
8
BLACK
6
CONTINUOUS
10
0.4377800393700788
20
0.394210157480315
11
0.436841968503937
21
0.391395905511811
0
LINE
8
BLACK
6
CONTINUOUS
10
0.436841968503937
20
0.391395905511811
11
0.4367886220472441
21
0.3913023228346457
0
LINE
8
BLACK
6
CONTINUOUS
10
0.4367886220472441
20
0.3913023228346457
11
0.4367886220472441
21
0.391253031496063
0
LINE
8
BLACK
6
CONTINUOUS
10
0.4367886220472441
20
0.391253031496063
11
0.4365972834645669
21
0.3909667322834646
0
LINE
8
BLACK
6
CONTINUOUS
10
0.4365972834645669
20
0.3909667322834646
11
0.4364265354330709
21
0.390667125984252
0
LINE
8
BLACK
6
CONTINUOUS
10
0.4364265354330709
20
0.390667125984252
11
0.4363823622047244
21
0.3906450787401575
0
LINE
8
BLACK
6
CONTINUOUS
10
0.4363823622047244
20
0.3906450787401575
11
0.4363225590551181
21
0.3905555118110236
0
LINE
8
BLACK
6
CONTINUOUS
10
0.4363225590551181
20
0.3905555118110236
11
0.4353844488188977
21
0.3896174015748031
0
LINE
8
BLACK
6
CONTINUOUS
10
0.4353844488188977
20
0.3896174015748031
11
0.434686968503937
21
0.3891513385826771
0
LINE
8
BLACK
6
CONTINUOUS
10
0.434686968503937
20
0.3891513385826771
11
0.4330413779527559
21
0.3891513385826771
0
LINE
8
BLACK
6
CONTINUOUS
10
0.4330413779527559
20
0.3891513385826771
11
0.4318778346456693
21
0.3903148818897638
0
LINE
8
BLACK
6
CONTINUOUS
10
0.4318778346456693
20
0.3903148818897638
11
0.4318778346456693
21
0.3919604724409449
0
LINE
8
BLACK
6
CONTINUOUS
10
0.4318778346456693
20
0.3919604724409449
11
0.4323438976377952
21
0.3926579527559055
0
LINE
8
BLACK
6
CONTINUOUS
10
0.4323438976377952
20
0.3926579527559055
11
0.4329230708661417
21
0.3932371653543307
0
LINE
8
BLACK
6
CONTINUOUS
10
0.4329230708661417
20
0.3932371653543307
11
0.4335903543307086
21
0.3952389763779527
0
LINE
8
BLACK
6
CONTINUOUS
10
0.4335903543307086
20
0.3952389763779527
11
0.4335903543307086
21
0.3964174015748032
0
LINE
8
BLACK
6
CONTINUOUS
10
0.4335903543307086
20
0.3964174015748032
11
0.4329230708661417
21
0.3984192125984252
0
LINE
8
BLACK
6
CONTINUOUS
10
0.4329230708661417
20
0.3984192125984252
11
0.4316524409448819
21
0.3996897637795275
0
LINE
8
BLACK
6
CONTINUOUS
10
0.4316524409448819
20
0.3996897637795275
11
0.4302994094488189
21
0.4003662992125984
0
LINE
8
BLACK
6
CONTINUOUS
10
0.4302994094488189
20
0.4003662992125984
11
0.4270329133858268
21
0.4011829133858268
0
LINE
8
BLACK
6
CONTINUOUS
10
0.4270329133858268
20
0.4011829133858268
11
0.4247479921259842
21
0.4011829133858268
0
LINE
8
BLACK
6
CONTINUOUS
10
0.4247479921259842
20
0.4011829133858268
11
0.4214812992125984
21
0.4003662992125984
0
LINE
8
BLACK
6
CONTINUOUS
10
0.4214812992125984
20
0.4003662992125984
11
0.4201281496062992
21
0.3996897244094488
0
LINE
8
BLACK
6
CONTINUOUS
10
0.4201281496062992
20
0.3996897244094488
11
0.4188576377952756
21
0.3984192125984252
0
LINE
8
BLACK
6
CONTINUOUS
10
0.4188576377952756
20
0.3984192125984252
11
0.4181903543307087
21
0.3964173228346456
0
LINE
8
BLACK
6
CONTINUOUS
10
0.4181903543307087
20
0.3964173228346456
11
0.4181903543307087
21
0.395238937007874
0
LINE
8
BLACK
6
CONTINUOUS
10
0.4181903543307087
20
0.395238937007874
11
0.4188575984251968
21
0.3932372047244094
0
LINE
8
BLACK
6
CONTINUOUS
10
0.4188575984251968
20
0.3932372047244094
11
0.4194368503937008
21
0.3926579133858268
0
LINE
8
BLACK
6
CONTINUOUS
10
0.4194368503937008
20
0.3926579133858268
11
0.419902874015748
21
0.3919604330708661
0
LINE
8
BLACK
6
CONTINUOUS
10
0.419902874015748
20
0.3919604330708661
11
0.4199028346456693
21
0.3903148818897638
0
LINE
8
BLACK
6
CONTINUOUS
10
0.4199028346456693
20
0.3903148818897638
11
0.4187392519685039
21
0.3891513385826771
0
LINE
8
BLACK
6
CONTINUOUS
10
0.4187392519685039
20
0.3891513385826771
11
0.4170937007874015
21
0.3891513779527559
0
LINE
8
BLACK
6
CONTINUOUS
10
0.4170937007874015
20
0.3891513779527559
11
0.416396220472441
21
0.3896174409448819
0
LINE
8
BLACK
6
CONTINUOUS
10
0.416396220472441
20
0.3896174409448819
11
0.4154581496062992
21
0.3905555511811024
0
LINE
8
BLACK
6
CONTINUOUS
10
0.4154581496062992
20
0.3905555511811024
11
0.4153983464566929
21
0.3906450393700787
0
LINE
8
BLACK
6
CONTINUOUS
10
0.4153983464566929
20
0.3906450393700787
11
0.415354251968504
21
0.3906670866141732
0
LINE
8
BLACK
6
CONTINUOUS
10
0.415354251968504
20
0.3906670866141732
11
0.4151834645669291
21
0.3909666535433071
0
LINE
8
BLACK
6
CONTINUOUS
10
0.4151834645669291
20
0.3909666535433071
11
0.4149921259842519
21
0.3912530708661418
0
LINE
8
BLACK
6
CONTINUOUS
10
0.4149921259842519
20
0.3912530708661418
11
0.4149921259842519
21
0.3913023622047244
0
LINE
8
BLACK
6
CONTINUOUS
10
0.4149921259842519
20
0.3913023622047244
11
0.4149388188976378
21
0.3913958661417323
0
LINE
8
BLACK
6
CONTINUOUS
10
0.4149388188976378
20
0.3913958661417323
11
0.4140007086614173
21
0.3942101181102362
0
LINE
8
BLACK
6
CONTINUOUS
10
0.4140007086614173
20
0.3942101181102362
11
0.4139575984251969
21
0.3945518503937008
0
LINE
8
BLACK
6
CONTINUOUS
10
0.4139575984251969
20
0.3945518503937008
11
0.4138903543307086
21
0.3948900393700787
0
LINE
8
BLACK
6
CONTINUOUS
10
0.4138903543307086
20
0.3948900393700787
11
0.4138903543307086
21
0.3967662598425197
0
LINE
8
BLACK
6
CONTINUOUS
10
0.4138903543307086
20
0.3967662598425197
11
0.4139575590551181
21
0.3971042519685039
0
LINE
8
BLACK
6
CONTINUOUS
10
0.4139575590551181
20
0.3971042519685039
11
0.4140006692913386
21
0.3974461417322834
0
LINE
8
BLACK
6
CONTINUOUS
10
0.4140006692913386
20
0.3974461417322834
11
0.4149388188976378
21
0.4002604724409449
0
LINE
8
BLACK
6
CONTINUOUS
10
0.4149388188976378
20
0.4002604724409449
11
0.4149921259842519
21
0.4003540157480315
0
LINE
8
BLACK
6
CONTINUOUS
10
0.4149921259842519
20
0.4003540157480315
11
0.4149921259842519
21
0.4004033464566929
0
LINE
8
BLACK
6
CONTINUOUS
10
0.4149921259842519
20
0.4004033464566929
11
0.4151836220472441
21
0.4006899606299212
0
LINE
8
BLACK
6
CONTINUOUS
10
0.4151836220472441
20
0.4006899606299212
11
0.415354251968504
21
0.4009892519685039
0
LINE
8
BLACK
6
CONTINUOUS
10
0.415354251968504
20
0.4009892519685039
11
0.4153983464566929
21
0.4010113385826772
0
LINE
8
BLACK
6
CONTINUOUS
10
0.4153983464566929
20
0.4010113385826772
11
0.4154581889763779
21
0.4011008267716535
0
LINE
8
BLACK
6
CONTINUOUS
10
0.4154581889763779
20
0.4011008267716535
11
0.4173343700787401
21
0.4029770078740157
0
LINE
8
BLACK
6
CONTINUOUS
10
0.4173343700787401
20
0.4029770078740157
11
0.4176208661417323
21
0.4031684645669291
0
LINE
8
BLACK
6
CONTINUOUS
10
0.4176208661417323
20
0.4031684645669291
11
0.4178931496062992
21
0.4033797637795276
0
LINE
8
BLACK
6
CONTINUOUS
10
0.4178931496062992
20
0.4033797637795276
11
0.4197693307086614
21
0.4043178346456693
0
LINE
8
BLACK
6
CONTINUOUS
10
0.4197693307086614
20
0.4043178346456693
11
0.4199965354330709
21
0.4043800787401575
0
LINE
8
BLACK
6
CONTINUOUS
10
0.4199965354330709
20
0.4043800787401575
11
0.4202093700787402
21
0.4044805905511811
0
LINE
8
BLACK
6
CONTINUOUS
10
0.4202093700787402
20
0.4044805905511811
11
0.4239617716535433
21
0.4054187007874016
0
LINE
8
BLACK
6
CONTINUOUS
10
0.4239617716535433
20
0.4054187007874016
11
0.4242247637795276
21
0.4054315354330709
0
LINE
8
BLACK
6
CONTINUOUS
10
0.4242247637795276
20
0.4054315354330709
11
0.4244832283464567
21
0.4054829133858268
0
LINE
8
BLACK
6
CONTINUOUS
10
0.4244832283464567
20
0.4054829133858268
11
0.4272975196850394
21
0.4054829133858268
0
LINE
8
BLACK
6
CONTINUOUS
10
0.4272975196850394
20
0.4054829133858268
11
0.4275559448818897
21
0.4054315354330709
0
LINE
8
BLACK
6
CONTINUOUS
10
0.4565996850393701
20
0.4526598031496063
11
0.457664094488189
21
0.4522188976377953
0
LINE
8
BLACK
6
CONTINUOUS
10
0.457664094488189
20
0.4522188976377953
11
0.4584787401574803
21
0.4514042519685039
0
LINE
8
BLACK
6
CONTINUOUS
10
0.4584787401574803
20
0.4514042519685039
11
0.4589196456692913
21
0.450339842519685
0
LINE
8
BLACK
6
CONTINUOUS
10
0.4589196456692913
20
0.450339842519685
11
0.4589763779527559
21
0.449763779527559
0
LINE
8
BLACK
6
CONTINUOUS
10
0.4589763779527559
20
0.449763779527559
11
0.4589763779527559
21
0.409763779527559
0
LINE
8
BLACK
6
CONTINUOUS
10
0.4589763779527559
20
0.409763779527559
11
0.4589196456692913
21
0.4091877165354331
0
LINE
8
BLACK
6
CONTINUOUS
10
0.4589196456692913
20
0.4091877165354331
11
0.4584787401574803
21
0.4081233070866142
0
LINE
8
BLACK
6
CONTINUOUS
10
0.4584787401574803
20
0.4081233070866142
11
0.457664094488189
21
0.4073086614173228
0
LINE
8
BLACK
6
CONTINUOUS
10
0.457664094488189
20
0.4073086614173228
11
0.4565996850393701
21
0.4068677559055118
0
LINE
8
BLACK
6
CONTINUOUS
10
0.4565996850393701
20
0.4068677559055118
11
0.4554475590551181
21
0.4068677559055118
0
LINE
8
BLACK
6
CONTINUOUS
10
0.4554475590551181
20
0.4068677559055118
11
0.4543831496062992
21
0.4073086614173228
0
LINE
8
BLACK
6
CONTINUOUS
10
0.4543831496062992
20
0.4073086614173228
11
0.4535685039370079
21
0.4081233070866142
0
LINE
8
BLACK
6
CONTINUOUS
10
0.4535685039370079
20
0.4081233070866142
11
0.4531275984251968
21
0.4091877165354331
0
LINE
8
BLACK
6
CONTINUOUS
10
0.4531275984251968
20
0.4091877165354331
11
0.4530708661417323
21
0.409763779527559
0
LINE
8
BLACK
6
CONTINUOUS
10
0.4530708661417323
20
0.409763779527559
11
0.4530708661417323
21
0.4468110236220472
0
LINE
8
BLACK
6
CONTINUOUS
10
0.4530708661417323
20
0.4468110236220472
11
0.3989763779527559
21
0.4468110236220472
0
LINE
8
BLACK
6
CONTINUOUS
10
0.3989763779527559
20
0.4468110236220472
11
0.3989763779527559
21
0.409763779527559
0
LINE
8
BLACK
6
CONTINUOUS
10
0.3989763779527559
20
0.409763779527559
11
0.3989196456692913
21
0.4091877165354331
0
LINE
8
BLACK
6
CONTINUOUS
10
0.3989196456692913
20
0.4091877165354331
11
0.3984787401574803
21
0.4081233070866142
0
LINE
8
BLACK
6
CONTINUOUS
10
0.3984787401574803
20
0.4081233070866142
11
0.397664094488189
21
0.4073086614173228
0
LINE
8
BLACK
6
CONTINUOUS
10
0.397664094488189
20
0.4073086614173228
11
0.39659968503937
21
0.4068677559055118
0
LINE
8
BLACK
6
CONTINUOUS
10
0.39659968503937
20
0.4068677559055118
11
0.3954475590551181
21
0.4068677559055118
0
LINE
8
BLACK
6
CONTINUOUS
10
0.3954475590551181
20
0.4068677559055118
11
0.3943831496062992
21
0.4073086614173228
0
LINE
8
BLACK
6
CONTINUOUS
10
0.3943831496062992
20
0.4073086614173228
11
0.3935685039370079
21
0.4081233070866142
0
LINE
8
BLACK
6
CONTINUOUS
10
0.3935685039370079
20
0.4081233070866142
11
0.3931275984251968
21
0.4091877165354331
0
LINE
8
BLACK
6
CONTINUOUS
10
0.3931275984251968
20
0.4091877165354331
11
0.3930708661417323
21
0.409763779527559
0
LINE
8
BLACK
6
CONTINUOUS
10
0.3930708661417323
20
0.409763779527559
11
0.3930708661417323
21
0.449763779527559
0
LINE
8
BLACK
6
CONTINUOUS
10
0.3930708661417323
20
0.449763779527559
11
0.3931275984251968
21
0.450339842519685
0
LINE
8
BLACK
6
CONTINUOUS
10
0.3931275984251968
20
0.450339842519685
11
0.3935685039370079
21
0.4514042519685039
0
LINE
8
BLACK
6
CONTINUOUS
10
0.3935685039370079
20
0.4514042519685039
11
0.3943831496062992
21
0.4522188976377953
0
LINE
8
BLACK
6
CONTINUOUS
10
0.3943831496062992
20
0.4522188976377953
11
0.3954475590551181
21
0.4526598031496063
0
LINE
8
BLACK
6
CONTINUOUS
10
0.3954475590551181
20
0.4526598031496063
11
0.3960236220472441
21
0.4527165354330708
0
LINE
8
BLACK
6
CONTINUOUS
10
0.3960236220472441
20
0.4527165354330708
11
0.4560236220472441
21
0.4527165354330708
0
LINE
8
BLACK
6
CONTINUOUS
10
0.4560236220472441
20
0.4527165354330708
11
0.4565996850393701
21
0.4526598031496063
0
LINE
8
BLACK
6
CONTINUOUS
10
1.0276540944881889
20
0.4661671653543307
11
1.0277127165354329
21
0.4661729921259842
0
LINE
8
BLACK
6
CONTINUOUS
10
1.0277127165354329
20
0.4661729921259842
11
1.0277409842519685
21
0.4661498818897638
0
LINE
8
BLACK
6
CONTINUOUS
10
1.0277409842519685
20
0.4661498818897638
11
1.0278235433070866
21
0.4661334251968504
0
LINE
8
BLACK
6
CONTINUOUS
10
1.0278235433070866
20
0.4661334251968504
11
1.0281046062992125
21
0.4658523622047244
0
LINE
8
BLACK
6
CONTINUOUS
10
1.0281046062992125
20
0.4658523622047244
11
1.0284123228346456
21
0.4656005905511811
0
LINE
8
BLACK
6
CONTINUOUS
10
1.0284123228346456
20
0.4656005905511811
11
1.0284368503937007
21
0.4655201181102362
0
LINE
8
BLACK
6
CONTINUOUS
10
1.0284368503937007
20
0.4655201181102362
11
1.028462716535433
21
0.4654942519685039
0
LINE
8
BLACK
6
CONTINUOUS
10
1.028462716535433
20
0.4654942519685039
11
1.028462716535433
21
0.4654353937007874
0
LINE
8
BLACK
6
CONTINUOUS
10
1.028462716535433
20
0.4654353937007874
11
1.0285467716535432
21
0.4651597637795276
0
LINE
8
BLACK
6
CONTINUOUS
10
1.0285467716535432
20
0.4651597637795276
11
1.0292966929133858
21
0.4576607086614173
0
LINE
8
BLACK
6
CONTINUOUS
10
1.0292966929133858
20
0.4576607086614173
11
1.0292522047244095
21
0.4572020078740157
0
LINE
8
BLACK
6
CONTINUOUS
10
1.0292522047244095
20
0.4572020078740157
11
1.0292126377952755
21
0.4571537007874016
0
LINE
8
BLACK
6
CONTINUOUS
10
1.0292126377952755
20
0.4571537007874016
11
1.0292126771653543
21
0.4570912598425197
0
LINE
8
BLACK
6
CONTINUOUS
10
1.0292126771653543
20
0.4570912598425197
11
1.0289316929133858
21
0.4568103149606299
0
LINE
8
BLACK
6
CONTINUOUS
10
1.0289316929133858
20
0.4568103149606299
11
1.0286798031496063
21
0.4565024015748032
0
LINE
8
BLACK
6
CONTINUOUS
10
1.0286798031496063
20
0.4565024015748032
11
1.0286175590551181
21
0.4564961811023622
0
LINE
8
BLACK
6
CONTINUOUS
10
1.0286175590551181
20
0.4564961811023622
11
1.0285734251968504
21
0.4564520078740157
0
LINE
8
BLACK
6
CONTINUOUS
10
1.0285734251968504
20
0.4564520078740157
11
1.0281757086614174
21
0.4564520078740157
0
LINE
8
BLACK
6
CONTINUOUS
10
1.0281757086614174
20
0.4564520078740157
11
1.0277802755905512
21
0.4564124409448819
0
LINE
8
BLACK
6
CONTINUOUS
10
1.0277802755905512
20
0.4564124409448819
11
1.0277319291338582
21
0.4564520078740157
0
LINE
8
BLACK
6
CONTINUOUS
10
1.0277319291338582
20
0.4564520078740157
11
1.0276695275590551
21
0.456451968503937
0
LINE
8
BLACK
6
CONTINUOUS
10
1.0276695275590551
20
0.456451968503937
11
1.0272862992125984
21
0.4567079921259842
0
LINE
8
BLACK
6
CONTINUOUS
10
1.0272862992125984
20
0.4567079921259842
11
1.0266718503937007
21
0.4573224015748031
0
LINE
8
BLACK
6
CONTINUOUS
10
1.0266718503937007
20
0.4573224015748031
11
1.0255928740157481
21
0.4578618897637795
0
LINE
8
BLACK
6
CONTINUOUS
10
1.0255928740157481
20
0.4578618897637795
11
1.0224010629921259
21
0.4578618897637795
0
LINE
8
BLACK
6
CONTINUOUS
10
1.0224010629921259
20
0.4578618897637795
11
1.021321968503937
21
0.4573223622047244
0
LINE
8
BLACK
6
CONTINUOUS
10
1.021321968503937
20
0.4573223622047244
11
1.0208431496062993
21
0.4568435433070866
0
LINE
8
BLACK
6
CONTINUOUS
10
1.0208431496062993
20
0.4568435433070866
11
1.0203037007874016
21
0.4557645669291339
0
LINE
8
BLACK
6
CONTINUOUS
10
1.0203037007874016
20
0.4557645669291339
11
1.0203037007874016
21
0.4525726377952756
0
LINE
8
BLACK
6
CONTINUOUS
10
1.0203037007874016
20
0.4525726377952756
11
1.0208431889763778
21
0.4514936220472441
0
LINE
8
BLACK
6
CONTINUOUS
10
1.0208431889763778
20
0.4514936220472441
11
1.021321968503937
21
0.451014842519685
0
LINE
8
BLACK
6
CONTINUOUS
10
1.021321968503937
20
0.451014842519685
11
1.0224010236220473
21
0.4504753149606299
0
LINE
8
BLACK
6
CONTINUOUS
10
1.0224010236220473
20
0.4504753149606299
11
1.0255929133858268
21
0.4504753149606299
0
LINE
8
BLACK
6
CONTINUOUS
10
1.0255929133858268
20
0.4504753149606299
11
1.0266719291338582
21
0.451014842519685
0
LINE
8
BLACK
6
CONTINUOUS
10
1.0266719291338582
20
0.451014842519685
11
1.0272862992125984
21
0.4516291732283464
0
LINE
8
BLACK
6
CONTINUOUS
10
1.0272862992125984
20
0.4516291732283464
11
1.0276694881889763
21
0.4518852362204724
0
LINE
8
BLACK
6
CONTINUOUS
10
1.0276694881889763
20
0.4518852362204724
11
1.0285734251968504
21
0.4518852362204724
0
LINE
8
BLACK
6
CONTINUOUS
10
1.0285734251968504
20
0.4518852362204724
11
1.0292126771653543
21
0.4512459842519685
0
LINE
8
BLACK
6
CONTINUOUS
10
1.0292126771653543
20
0.4512459842519685
11
1.0292126771653543
21
0.4503420472440945
0
LINE
8
BLACK
6
CONTINUOUS
10
1.0292126771653543
20
0.4503420472440945
11
1.0289566141732283
21
0.4499588582677165
0
LINE
8
BLACK
6
CONTINUOUS
10
1.0289566141732283
20
0.4499588582677165
11
1.0282066929133857
21
0.449208937007874
0
LINE
8
BLACK
6
CONTINUOUS
10
1.0282066929133857
20
0.449208937007874
11
1.0280493307086613
21
0.4491038582677165
0
LINE
8
BLACK
6
CONTINUOUS
10
1.0280493307086613
20
0.4491038582677165
11
1.0278997244094488
21
0.4489876771653543
0
LINE
8
BLACK
6
CONTINUOUS
10
1.0278997244094488
20
0.4489876771653543
11
1.0263999212598425
21
0.4482377952755905
0
LINE
8
BLACK
6
CONTINUOUS
10
1.0263999212598425
20
0.4482377952755905
11
1.0263428740157481
21
0.4482222047244094
0
LINE
8
BLACK
6
CONTINUOUS
10
1.0263428740157481
20
0.4482222047244094
11
1.0263237401574803
21
0.448203031496063
0
LINE
8
BLACK
6
CONTINUOUS
10
1.0263237401574803
20
0.448203031496063
11
1.0261379133858268
21
0.4481661023622047
0
LINE
8
BLACK
6
CONTINUOUS
10
1.0261379133858268
20
0.4481661023622047
11
1.025955433070866
21
0.4481161023622047
0
LINE
8
BLACK
6
CONTINUOUS
10
1.025955433070866
20
0.4481161023622047
11
1.0259297637795275
21
0.4481246850393701
0
LINE
8
BLACK
6
CONTINUOUS
10
1.0259297637795275
20
0.4481246850393701
11
1.0258717322834645
21
0.4481131102362205
0
LINE
8
BLACK
6
CONTINUOUS
10
1.0258717322834645
20
0.4481131102362205
11
1.0221222047244094
21
0.4481131102362205
0
LINE
8
BLACK
6
CONTINUOUS
10
1.0221222047244094
20
0.4481131102362205
11
1.0220641338582677
21
0.4481246850393701
0
LINE
8
BLACK
6
CONTINUOUS
10
1.0220641338582677
20
0.4481246850393701
11
1.0220385039370079
21
0.4481161023622047
0
LINE
8
BLACK
6
CONTINUOUS
10
1.0220385039370079
20
0.4481161023622047
11
1.0218559842519686
21
0.4481661023622047
0
LINE
8
BLACK
6
CONTINUOUS
10
1.0218559842519686
20
0.4481661023622047
11
1.0216701968503936
21
0.448203031496063
0
LINE
8
BLACK
6
CONTINUOUS
10
1.0216701968503936
20
0.448203031496063
11
1.0216510236220473
21
0.4482222047244094
0
LINE
8
BLACK
6
CONTINUOUS
10
1.0216510236220473
20
0.4482222047244094
11
1.0215940157480314
21
0.4482377952755905
0
LINE
8
BLACK
6
CONTINUOUS
10
1.0215940157480314
20
0.4482377952755905
11
1.0200942125984251
21
0.4489876771653543
0
LINE
8
BLACK
6
CONTINUOUS
10
1.0200942125984251
20
0.4489876771653543
11
1.0199445669291338
21
0.4491038188976378
0
LINE
8
BLACK
6
CONTINUOUS
10
1.0199445669291338
20
0.4491038188976378
11
1.0197872440944882
21
0.449208937007874
0
LINE
8
BLACK
6
CONTINUOUS
10
1.0197872440944882
20
0.449208937007874
11
1.0190373228346457
21
0.4499588582677165
0
LINE
8
BLACK
6
CONTINUOUS
10
1.0190373228346457
20
0.4499588582677165
11
1.0189322047244094
21
0.4501162204724409
0
LINE
8
BLACK
6
CONTINUOUS
10
1.0189322047244094
20
0.4501162204724409
11
1.0188160629921259
21
0.4502658267716536
0
LINE
8
BLACK
6
CONTINUOUS
10
1.0188160629921259
20
0.4502658267716536
11
1.0180661811023621
21
0.4517656299212598
0
LINE
8
BLACK
6
CONTINUOUS
10
1.0180661811023621
20
0.4517656299212598
11
1.0180505511811024
21
0.4518226771653543
0
LINE
8
BLACK
6
CONTINUOUS
10
1.0180505511811024
20
0.4518226771653543
11
1.0180314173228346
21
0.451841811023622
0
LINE
8
BLACK
6
CONTINUOUS
10
1.0180314173228346
20
0.451841811023622
11
1.0179944488188977
21
0.4520276377952756
0
LINE
8
BLACK
6
CONTINUOUS
10
1.0179944488188977
20
0.4520276377952756
11
1.0179444881889763
21
0.4522101181102362
0
LINE
8
BLACK
6
CONTINUOUS
10
1.0179444881889763
20
0.4522101181102362
11
1.017953031496063
21
0.4522357874015748
0
LINE
8
BLACK
6
CONTINUOUS
10
1.017953031496063
20
0.4522357874015748
11
1.017941496062992
21
0.4522938188976378
0
LINE
8
BLACK
6
CONTINUOUS
10
1.017941496062992
20
0.4522938188976378
11
1.017941496062992
21
0.4560433464566929
0
LINE
8
BLACK
6
CONTINUOUS
10
1.017941496062992
20
0.4560433464566929
11
1.017953031496063
21
0.4561013779527559
0
LINE
8
BLACK
6
CONTINUOUS
10
1.017953031496063
20
0.4561013779527559
11
1.0179444881889763
21
0.4561270078740157
0
LINE
8
BLACK
6
CONTINUOUS
10
1.0179444881889763
20
0.4561270078740157
11
1.0179944094488189
21
0.4563094881889764
0
LINE
8
BLACK
6
CONTINUOUS
10
1.0179944094488189
20
0.4563094881889764
11
1.0180314173228346
21
0.4564953543307086
0
LINE
8
BLACK
6
CONTINUOUS
10
1.0180314173228346
20
0.4564953543307086
11
1.0180505511811024
21
0.4565145275590551
0
LINE
8
BLACK
6
CONTINUOUS
10
1.0180505511811024
20
0.4565145275590551
11
1.0180661811023621
21
0.4565715354330708
0
LINE
8
BLACK
6
CONTINUOUS
10
1.0180661811023621
20
0.4565715354330708
11
1.0188160629921259
21
0.4580713779527559
0
LINE
8
BLACK
6
CONTINUOUS
10
1.0188160629921259
20
0.4580713779527559
11
1.0189320078740158
21
0.4582207874015748
0
LINE
8
BLACK
6
CONTINUOUS
10
1.0189320078740158
20
0.4582207874015748
11
1.0190373228346457
21
0.4583783858267717
0
LINE
8
BLACK
6
CONTINUOUS
10
1.0190373228346457
20
0.4583783858267717
11
1.0197872440944882
21
0.4591282677165354
0
LINE
8
BLACK
6
CONTINUOUS
10
1.0197872440944882
20
0.4591282677165354
11
1.0199446850393701
21
0.4592334645669292
0
LINE
8
BLACK
6
CONTINUOUS
10
1.0199446850393701
20
0.4592334645669292
11
1.0200941732283464
21
0.4593494881889764
0
LINE
8
BLACK
6
CONTINUOUS
10
1.0200941732283464
20
0.4593494881889764
11
1.0215940157480314
21
0.4600994094488189
0
LINE
8
BLACK
6
CONTINUOUS
10
1.0215940157480314
20
0.4600994094488189
11
1.0216510236220473
21
0.4601150393700787
0
LINE
8
BLACK
6
CONTINUOUS
10
1.0216510236220473
20
0.4601150393700787
11
1.0216701968503936
21
0.4601341732283464
0
LINE
8
BLACK
6
CONTINUOUS
10
1.0216701968503936
20
0.4601341732283464
11
1.0218556692913385
21
0.4601711023622047
0
LINE
8
BLACK
6
CONTINUOUS
10
1.0218556692913385
20
0.4601711023622047
11
1.0220385039370079
21
0.4602211417322835
0
LINE
8
BLACK
6
CONTINUOUS
10
1.0220385039370079
20
0.4602211417322835
11
1.0220642125984252
21
0.4602125984251969
0
LINE
8
BLACK
6
CONTINUOUS
10
1.0220642125984252
20
0.4602125984251969
11
1.0221222047244094
21
0.460224094488189
0
LINE
8
BLACK
6
CONTINUOUS
10
1.0221222047244094
20
0.460224094488189
11
1.0258717322834645
21
0.460224094488189
0
LINE
8
BLACK
6
CONTINUOUS
10
1.0258717322834645
20
0.460224094488189
11
1.0259297637795275
21
0.4602125590551181
0
LINE
8
BLACK
6
CONTINUOUS
10
1.0259297637795275
20
0.4602125590551181
11
1.025955433070866
21
0.4602211023622047
0
LINE
8
BLACK
6
CONTINUOUS
10
1.025955433070866
20
0.4602211023622047
11
1.0261379527559056
21
0.4601711417322835
0
LINE
8
BLACK
6
CONTINUOUS
10
1.0261379527559056
20
0.4601711417322835
11
1.0263237401574803
21
0.4601341732283464
0
LINE
8
BLACK
6
CONTINUOUS
10
1.0263237401574803
20
0.4601341732283464
11
1.0263428740157481
21
0.4601150393700787
0
LINE
8
BLACK
6
CONTINUOUS
10
1.0263428740157481
20
0.4601150393700787
11
1.0263999606299212
21
0.4600994094488189
0
LINE
8
BLACK
6
CONTINUOUS
10
1.0263999606299212
20
0.4600994094488189
11
1.0266935039370078
21
0.4599526377952756
0
LINE
8
BLACK
6
CONTINUOUS
10
1.0266935039370078
20
0.4599526377952756
11
1.0263026771653543
21
0.4638611417322834
0
LINE
8
BLACK
6
CONTINUOUS
10
1.0263026771653543
20
0.4638611417322834
11
1.0198724803149606
21
0.4638611417322834
0
LINE
8
BLACK
6
CONTINUOUS
10
1.0198724803149606
20
0.4638611417322834
11
1.0194204724409448
21
0.463951062992126
0
LINE
8
BLACK
6
CONTINUOUS
10
1.0194204724409448
20
0.463951062992126
11
1.0187812992125984
21
0.4645902362204724
0
LINE
8
BLACK
6
CONTINUOUS
10
1.0187812992125984
20
0.4645902362204724
11
1.0187812992125984
21
0.4654942519685039
0
LINE
8
BLACK
6
CONTINUOUS
10
1.0187812992125984
20
0.4654942519685039
11
1.0194204724409448
21
0.4661334251968504
0
LINE
8
BLACK
6
CONTINUOUS
10
1.0194204724409448
20
0.4661334251968504
11
1.0198724803149606
21
0.4662233464566929
0
LINE
8
BLACK
6
CONTINUOUS
10
1.0198724803149606
20
0.4662233464566929
11
1.0273715354330708
21
0.4662233464566929
0
LINE
8
BLACK
6
CONTINUOUS
10
1.0273715354330708
20
0.4662233464566929
11
1.0276540944881889
21
0.4661671653543307
0
LINE
8
BLACK
6
CONTINUOUS
10
1.0388060236220473
20
0.4661863779527559
11
1.0389936614173227
21
0.4661627165354331
0
LINE
8
BLACK
6
CONTINUOUS
10
1.0389936614173227
20
0.4661627165354331
11
1.0412433858267716
21
0.4654127952755905
0
LINE
8
BLACK
6
CONTINUOUS
10
1.0412433858267716
20
0.4654127952755905
11
1.0412947637795276
21
0.4653835039370078
0
LINE
8
BLACK
6
CONTINUOUS
10
1.0412947637795276
20
0.4653835039370078
11
1.0413218503937007
21
0.4653835039370078
0
LINE
8
BLACK
6
CONTINUOUS
10
1.0413218503937007
20
0.4653835039370078
11
1.0414792519685039
21
0.4652783464566929
0
LINE
8
BLACK
6
CONTINUOUS
10
1.0414792519685039
20
0.4652783464566929
11
1.0416437401574803
21
0.4651845669291338
0
LINE
8
BLACK
6
CONTINUOUS
10
1.0416437401574803
20
0.4651845669291338
11
1.0416558267716536
21
0.4651603543307086
0
LINE
8
BLACK
6
CONTINUOUS
10
1.0416558267716536
20
0.4651603543307086
11
1.0417050393700786
21
0.4651274803149606
0
LINE
8
BLACK
6
CONTINUOUS
10
1.0417050393700786
20
0.4651274803149606
11
1.0432048425196849
21
0.4636277165354331
0
LINE
8
BLACK
6
CONTINUOUS
10
1.0432048425196849
20
0.4636277165354331
11
1.0433099606299212
21
0.4634703543307087
0
LINE
8
BLACK
6
CONTINUOUS
10
1.0433099606299212
20
0.4634703543307087
11
1.0434261023622047
21
0.4633207086614173
0
LINE
8
BLACK
6
CONTINUOUS
10
1.0434261023622047
20
0.4633207086614173
11
1.0441759842519684
21
0.461820905511811
0
LINE
8
BLACK
6
CONTINUOUS
10
1.0441759842519684
20
0.461820905511811
11
1.0442101181102361
21
0.4616961417322835
0
LINE
8
BLACK
6
CONTINUOUS
10
1.0442101181102361
20
0.4616961417322835
11
1.0442653937007873
21
0.4615791732283465
0
LINE
8
BLACK
6
CONTINUOUS
10
1.0442653937007873
20
0.4615791732283465
11
1.0450153149606298
21
0.4585795275590551
0
LINE
8
BLACK
6
CONTINUOUS
10
1.0450153149606298
20
0.4585795275590551
11
1.0450223228346456
21
0.4584350787401575
0
LINE
8
BLACK
6
CONTINUOUS
10
1.0450223228346456
20
0.4584350787401575
11
1.0450505905511811
21
0.4582930708661417
0
LINE
8
BLACK
6
CONTINUOUS
10
1.0450505905511811
20
0.4582930708661417
11
1.0450505905511811
21
0.4560433464566929
0
LINE
8
BLACK
6
CONTINUOUS
10
1.0450505905511811
20
0.4560433464566929
11
1.0450223228346456
21
0.4559013779527559
0
LINE
8
BLACK
6
CONTINUOUS
10
1.0450223228346456
20
0.4559013779527559
11
1.0450153149606298
21
0.4557568897637795
0
LINE
8
BLACK
6
CONTINUOUS
10
1.0450153149606298
20
0.4557568897637795
11
1.0442653937007873
21
0.4527572834645669
0
LINE
8
BLACK
6
CONTINUOUS
10
1.0442653937007873
20
0.4527572834645669
11
1.0442101181102361
21
0.4526403543307086
0
LINE
8
BLACK
6
CONTINUOUS
10
1.0442101181102361
20
0.4526403543307086
11
1.0441759842519684
21
0.4525155511811024
0
LINE
8
BLACK
6
CONTINUOUS
10
1.0441759842519684
20
0.4525155511811024
11
1.0434261023622047
21
0.4510157480314961
0
LINE
8
BLACK
6
CONTINUOUS
10
1.0434261023622047
20
0.4510157480314961
11
1.0433098425196849
21
0.4508660236220473
0
LINE
8
BLACK
6
CONTINUOUS
10
1.0433098425196849
20
0.4508660236220473
11
1.0432048425196849
21
0.4507087795275591
0
LINE
8
BLACK
6
CONTINUOUS
10
1.0432048425196849
20
0.4507087795275591
11
1.0417050393700786
21
0.449208937007874
0
LINE
8
BLACK
6
CONTINUOUS
10
1.0417050393700786
20
0.449208937007874
11
1.0416558267716536
21
0.4491761023622047
0
LINE
8
BLACK
6
CONTINUOUS
10
1.0416558267716536
20
0.4491761023622047
11
1.0416437401574803
21
0.4491518503937008
0
LINE
8
BLACK
6
CONTINUOUS
10
1.0416437401574803
20
0.4491518503937008
11
1.0414790944881889
21
0.4490579921259842
0
LINE
8
BLACK
6
CONTINUOUS
10
1.0414790944881889
20
0.4490579921259842
11
1.0413218503937007
21
0.4489529133858268
0
LINE
8
BLACK
6
CONTINUOUS
10
1.0413218503937007
20
0.4489529133858268
11
1.0412948031496063
21
0.4489529133858268
0
LINE
8
BLACK
6
CONTINUOUS
10
1.0412948031496063
20
0.4489529133858268
11
1.0412433858267716
21
0.4489235826771654
0
LINE
8
BLACK
6
CONTINUOUS
10
1.0412433858267716
20
0.4489235826771654
11
1.0389936614173227
21
0.4481737007874015
0
LINE
8
BLACK
6
CONTINUOUS
10
1.0389936614173227
20
0.4481737007874015
11
1.0388057480314961
21
0.4481500393700787
0
LINE
8
BLACK
6
CONTINUOUS
10
1.0388057480314961
20
0.4481500393700787
11
1.0386201574803149
21
0.4481131102362205
0
LINE
8
BLACK
6
CONTINUOUS
10
1.0386201574803149
20
0.4481131102362205
11
1.0371203149606298
21
0.4481131102362205
0
LINE
8
BLACK
6
CONTINUOUS
10
1.0371203149606298
20
0.4481131102362205
11
1.0369346850393701
21
0.4481500393700787
0
LINE
8
BLACK
6
CONTINUOUS
10
1.0369346850393701
20
0.4481500393700787
11
1.036746811023622
21
0.4481737007874015
0
LINE
8
BLACK
6
CONTINUOUS
10
1.036746811023622
20
0.4481737007874015
11
1.0344971259842519
21
0.4489235826771654
0
LINE
8
BLACK
6
CONTINUOUS
10
1.0344971259842519
20
0.4489235826771654
11
1.0344457480314961
21
0.448952874015748
0
LINE
8
BLACK
6
CONTINUOUS
10
1.0344457480314961
20
0.448952874015748
11
1.0344186614173227
21
0.448952874015748
0
LINE
8
BLACK
6
CONTINUOUS
10
1.0344186614173227
20
0.448952874015748
11
1.0342611417322833
21
0.4490581496062992
0
LINE
8
BLACK
6
CONTINUOUS
10
1.0342611417322833
20
0.4490581496062992
11
1.0340967716535432
21
0.4491518503937008
0
LINE
8
BLACK
6
CONTINUOUS
10
1.0340967716535432
20
0.4491518503937008
11
1.0340846456692914
21
0.4491761023622047
0
LINE
8
BLACK
6
CONTINUOUS
10
1.0340846456692914
20
0.4491761023622047
11
1.0340354724409448
21
0.449208937007874
0
LINE
8
BLACK
6
CONTINUOUS
10
1.0340354724409448
20
0.449208937007874
11
1.0332855511811023
21
0.4499588582677165
0
LINE
8
BLACK
6
CONTINUOUS
10
1.0332855511811023
20
0.4499588582677165
11
1.0330295275590551
21
0.4503420472440945
0
LINE
8
BLACK
6
CONTINUOUS
10
1.0330295275590551
20
0.4503420472440945
11
1.0330295275590551
21
0.4512459842519685
0
LINE
8
BLACK
6
CONTINUOUS
10
1.0330295275590551
20
0.4512459842519685
11
1.0336687401574802
21
0.4518851968503937
0
LINE
8
BLACK
6
CONTINUOUS
10
1.0336687401574802
20
0.4518851968503937
11
1.0345726771653543
21
0.4518851968503937
0
LINE
8
BLACK
6
CONTINUOUS
10
1.0345726771653543
20
0.4518851968503937
11
1.0349558661417322
21
0.4516291732283464
0
LINE
8
BLACK
6
CONTINUOUS
10
1.0349558661417322
20
0.4516291732283464
11
1.0355085433070865
21
0.4510764960629921
0
LINE
8
BLACK
6
CONTINUOUS
10
1.0355085433070865
20
0.4510764960629921
11
1.0373120472440944
21
0.4504753149606299
0
LINE
8
BLACK
6
CONTINUOUS
10
1.0373120472440944
20
0.4504753149606299
11
1.0384284251968503
21
0.4504753149606299
0
LINE
8
BLACK
6
CONTINUOUS
10
1.0384284251968503
20
0.4504753149606299
11
1.0402318897637794
21
0.4510764566929134
0
LINE
8
BLACK
6
CONTINUOUS
10
1.0402318897637794
20
0.4510764566929134
11
1.0413989763779528
21
0.4522436220472441
0
LINE
8
BLACK
6
CONTINUOUS
10
1.0413989763779528
20
0.4522436220472441
11
1.0420051968503936
21
0.4534560236220472
0
LINE
8
BLACK
6
CONTINUOUS
10
1.0420051968503936
20
0.4534560236220472
11
1.0426883858267717
21
0.4561887401574803
0
LINE
8
BLACK
6
CONTINUOUS
10
1.0426883858267717
20
0.4561887401574803
11
1.0426883858267717
21
0.4581477165354331
0
LINE
8
BLACK
6
CONTINUOUS
10
1.0426883858267717
20
0.4581477165354331
11
1.0420051574803149
21
0.4608804724409449
0
LINE
8
BLACK
6
CONTINUOUS
10
1.0420051574803149
20
0.4608804724409449
11
1.0413989763779528
21
0.462092874015748
0
LINE
8
BLACK
6
CONTINUOUS
10
1.0413989763779528
20
0.462092874015748
11
1.0402318503937007
21
0.4632600393700787
0
LINE
8
BLACK
6
CONTINUOUS
10
1.0402318503937007
20
0.4632600393700787
11
1.0384285433070866
21
0.4638611417322834
0
LINE
8
BLACK
6
CONTINUOUS
10
1.0384285433070866
20
0.4638611417322834
11
1.0373119291338582
21
0.4638611417322834
0
LINE
8
BLACK
6
CONTINUOUS
10
1.0373119291338582
20
0.4638611417322834
11
1.035508622047244
21
0.4632600393700787
0
LINE
8
BLACK
6
CONTINUOUS
10
1.035508622047244
20
0.4632600393700787
11
1.0349558661417322
21
0.4627072440944882
0
LINE
8
BLACK
6
CONTINUOUS
10
1.0349558661417322
20
0.4627072440944882
11
1.0345726377952755
21
0.4624512204724409
0
LINE
8
BLACK
6
CONTINUOUS
10
1.0345726377952755
20
0.4624512204724409
11
1.0336687007874015
21
0.4624512598425197
0
LINE
8
BLACK
6
CONTINUOUS
10
1.0336687007874015
20
0.4624512598425197
11
1.0330294881889763
21
0.4630905118110236
0
LINE
8
BLACK
6
CONTINUOUS
10
1.0330294881889763
20
0.4630905118110236
11
1.0330295275590551
21
0.4639944488188976
0
LINE
8
BLACK
6
CONTINUOUS
10
1.0330295275590551
20
0.4639944488188976
11
1.0332855511811023
21
0.4643776377952756
0
LINE
8
BLACK
6
CONTINUOUS
10
1.0332855511811023
20
0.4643776377952756
11
1.0340354724409448
21
0.4651275196850393
0
LINE
8
BLACK
6
CONTINUOUS
10
1.0340354724409448
20
0.4651275196850393
11
1.0340846062992126
21
0.4651603937007874
0
LINE
8
BLACK
6
CONTINUOUS
10
1.0340846062992126
20
0.4651603937007874
11
1.0340967322834644
21
0.4651845669291338
0
LINE
8
BLACK
6
CONTINUOUS
10
1.0340967322834644
20
0.4651845669291338
11
1.0342611023622048
21
0.4652783070866142
0
LINE
8
BLACK
6
CONTINUOUS
10
1.0342611023622048
20
0.4652783070866142
11
1.0344187007874015
21
0.4653835433070866
0
LINE
8
BLACK
6
CONTINUOUS
10
1.0344187007874015
20
0.4653835433070866
11
1.0344457874015749
21
0.4653835433070866
0
LINE
8
BLACK
6
CONTINUOUS
10
1.0344457874015749
20
0.4653835433070866
11
1.0344971259842519
21
0.4654127952755905
0
LINE
8
BLACK
6
CONTINUOUS
10
1.0344971259842519
20
0.4654127952755905
11
1.036746811023622
21
0.4661627165354331
0
LINE
8
BLACK
6
CONTINUOUS
10
1.036746811023622
20
0.4661627165354331
11
1.0369344094488189
21
0.4661863779527559
0
LINE
8
BLACK
6
CONTINUOUS
10
1.0369344094488189
20
0.4661863779527559
11
1.0371203149606298
21
0.4662233464566929
0
LINE
8
BLACK
6
CONTINUOUS
10
1.0371203149606298
20
0.4662233464566929
11
1.0386201574803149
21
0.4662233464566929
0
LINE
8
BLACK
6
CONTINUOUS
10
1.0386201574803149
20
0.4662233464566929
11
1.0388060236220473
21
0.4661863779527559
0
LINE
8
BLACK
6
CONTINUOUS
10
1.0637454330708662
20
0.4740233858267717
11
1.0648107874015749
21
0.472958031496063
0
LINE
8
BLACK
6
CONTINUOUS
10
1.0648107874015749
20
0.472958031496063
11
1.0649606299212597
21
0.4722047244094488
0
LINE
8
BLACK
6
CONTINUOUS
10
1.0649606299212597
20
0.4722047244094488
11
1.0649606299212597
21
0.4407086614173228
0
LINE
8
BLACK
6
CONTINUOUS
10
1.0649606299212597
20
0.4407086614173228
11
1.0648107874015749
21
0.4399553543307086
0
LINE
8
BLACK
6
CONTINUOUS
10
1.0648107874015749
20
0.4399553543307086
11
1.0637454330708662
21
0.43889
0
LINE
8
BLACK
6
CONTINUOUS
10
1.0637454330708662
20
0.43889
11
1.0629921259842519
21
0.438740157480315
0
LINE
8
BLACK
6
CONTINUOUS
10
1.0629921259842519
20
0.438740157480315
11
1.
21
0.438740157480315
0
LINE
8
BLACK
6
CONTINUOUS
10
1.
20
0.438740157480315
11
0.9992466929133859
21
0.43889
0
LINE
8
BLACK
6
CONTINUOUS
10
0.9992466929133859
20
0.43889
11
0.9981813385826771
21
0.4399553543307086
0
LINE
8
BLACK
6
CONTINUOUS
10
0.9981813385826771
20
0.4399553543307086
11
0.9980314960629921
21
0.4407086614173228
0
LINE
8
BLACK
6
CONTINUOUS
10
0.9980314960629921
20
0.4407086614173228
11
0.9980314960629921
21
0.4722047244094488
0
LINE
8
BLACK
6
CONTINUOUS
10
0.9980314960629921
20
0.4722047244094488
11
0.9981813385826771
21
0.472958031496063
0
LINE
8
BLACK
6
CONTINUOUS
10
0.9981813385826771
20
0.472958031496063
11
0.9992466929133859
21
0.4740233858267717
0
LINE
8
BLACK
6
CONTINUOUS
10
0.9992466929133859
20
0.4740233858267717
11
1.
21
0.4741732283464567
0
LINE
8
BLACK
6
CONTINUOUS
10
1.
20
0.4741732283464567
11
1.0629921259842519
21
0.4741732283464567
0
LINE
8
BLACK
6
CONTINUOUS
10
1.0629921259842519
20
0.4741732283464567
11
1.0637454330708662
21
0.4740233858267717
0
LINE
8
BLACK
6
CONTINUOUS
10
1.0019685039370079
20
0.470236220472441
11
1.0019685039370079
21
0.4426771653543307
0
LINE
8
BLACK
6
CONTINUOUS
10
1.0019685039370079
20
0.4426771653543307
11
1.061023622047244
21
0.4426771653543307
0
LINE
8
BLACK
6
CONTINUOUS
10
1.061023622047244
20
0.4426771653543307
11
1.061023622047244
21
0.470236220472441
0
LINE
8
BLACK
6
CONTINUOUS
10
1.061023622047244
20
0.470236220472441
11
1.0019685039370079
21
0.470236220472441
0
LINE
8
BLACK
6
CONTINUOUS
10
0.3938099212598425
20
0.5434422834645669
11
0.3942573622047244
21
0.5430750787401575
0
LINE
8
BLACK
6
CONTINUOUS
10
0.3942573622047244
20
0.5430750787401575
11
0.4177881496062992
21
0.5195443307086614
0
LINE
8
BLACK
6
CONTINUOUS
10
0.4177881496062992
20
0.5195443307086614
11
0.4177881496062992
21
0.5409871653543307
0
LINE
8
BLACK
6
CONTINUOUS
10
0.4177881496062992
20
0.5409871653543307
11
0.4178448818897638
21
0.5415632283464566
0
LINE
8
BLACK
6
CONTINUOUS
10
0.4178448818897638
20
0.5415632283464566
11
0.4182857874015748
21
0.5426276377952756
0
LINE
8
BLACK
6
CONTINUOUS
10
0.4182857874015748
20
0.5426276377952756
11
0.4191004330708661
21
0.5434422834645669
0
LINE
8
BLACK
6
CONTINUOUS
10
0.4191004330708661
20
0.5434422834645669
11
0.4201648425196851
21
0.543883188976378
0
LINE
8
BLACK
6
CONTINUOUS
10
0.4201648425196851
20
0.543883188976378
11
0.421316968503937
21
0.543883188976378
0
LINE
8
BLACK
6
CONTINUOUS
10
0.421316968503937
20
0.543883188976378
11
0.4223813779527559
21
0.5434422834645669
0
LINE
8
BLACK
6
CONTINUOUS
10
0.4223813779527559
20
0.5434422834645669
11
0.4231960236220472
21
0.5426276377952756
0
LINE
8
BLACK
6
CONTINUOUS
10
0.4231960236220472
20
0.5426276377952756
11
0.4236369291338583
21
0.5415632283464566
0
LINE
8
BLACK
6
CONTINUOUS
10
0.4236369291338583
20
0.5415632283464566
11
0.4236936614173228
21
0.5409871653543307
0
LINE
8
BLACK
6
CONTINUOUS
10
0.4236936614173228
20
0.5409871653543307
11
0.4236936614173228
21
0.4909871653543307
0
LINE
8
BLACK
6
CONTINUOUS
10
0.4236936614173228
20
0.4909871653543307
11
0.4236369291338583
21
0.4904111023622047
0
LINE
8
BLACK
6
CONTINUOUS
10
0.4236369291338583
20
0.4904111023622047
11
0.4231960236220472
21
0.4893466929133858
0
LINE
8
BLACK
6
CONTINUOUS
10
0.4231960236220472
20
0.4893466929133858
11
0.4223813779527559
21
0.4885320472440945
0
LINE
8
BLACK
6
CONTINUOUS
10
0.4223813779527559
20
0.4885320472440945
11
0.421316968503937
21
0.4880911417322835
0
LINE
8
BLACK
6
CONTINUOUS
10
0.421316968503937
20
0.4880911417322835
11
0.4201648425196851
21
0.4880911417322835
0
LINE
8
BLACK
6
CONTINUOUS
10
0.4201648425196851
20
0.4880911417322835
11
0.4191004330708661
21
0.4885320472440945
0
LINE
8
BLACK
6
CONTINUOUS
10
0.4191004330708661
20
0.4885320472440945
11
0.4182857874015748
21
0.4893466929133858
0
LINE
8
BLACK
6
CONTINUOUS
10
0.4182857874015748
20
0.4893466929133858
11
0.4178448818897638
21
0.4904111023622047
0
LINE
8
BLACK
6
CONTINUOUS
10
0.4178448818897638
20
0.4904111023622047
11
0.4177881496062992
21
0.4909871653543307
0
LINE
8
BLACK
6
CONTINUOUS
10
0.4177881496062992
20
0.4909871653543307
11
0.4177881496062992
21
0.5111926771653543
0
LINE
8
BLACK
6
CONTINUOUS
10
0.4177881496062992
20
0.5111926771653543
11
0.4139174803149606
21
0.5150633464566929
0
LINE
8
BLACK
6
CONTINUOUS
10
0.4139174803149606
20
0.5150633464566929
11
0.3945316535433071
21
0.4892155118110236
0
LINE
8
BLACK
6
CONTINUOUS
10
0.3945316535433071
20
0.4892155118110236
11
0.3941406299212598
21
0.4887887007874016
0
LINE
8
BLACK
6
CONTINUOUS
10
0.3941406299212598
20
0.4887887007874016
11
0.3931492519685039
21
0.4882017322834645
0
LINE
8
BLACK
6
CONTINUOUS
10
0.3931492519685039
20
0.4882017322834645
11
0.3920087401574803
21
0.488038779527559
0
LINE
8
BLACK
6
CONTINUOUS
10
0.3920087401574803
20
0.488038779527559
11
0.3908926771653543
21
0.4883247244094488
0
LINE
8
BLACK
6
CONTINUOUS
10
0.3908926771653543
20
0.4883247244094488
11
0.3899709842519685
21
0.4890159842519685
0
LINE
8
BLACK
6
CONTINUOUS
10
0.3899709842519685
20
0.4890159842519685
11
0.3893840157480315
21
0.4900073622047244
0
LINE
8
BLACK
6
CONTINUOUS
10
0.3893840157480315
20
0.4900073622047244
11
0.389221062992126
21
0.491147874015748
0
LINE
8
BLACK
6
CONTINUOUS
10
0.389221062992126
20
0.491147874015748
11
0.3895070078740158
21
0.492263937007874
0
LINE
8
BLACK
6
CONTINUOUS
10
0.3895070078740158
20
0.492263937007874
11
0.3898072440944882
21
0.4927588188976378
0
LINE
8
BLACK
6
CONTINUOUS
10
0.3898072440944882
20
0.4927588188976378
11
0.4096992519685039
21
0.5192815748031496
0
LINE
8
BLACK
6
CONTINUOUS
10
0.4096992519685039
20
0.5192815748031496
11
0.3900815354330708
21
0.538899251968504
0
LINE
8
BLACK
6
CONTINUOUS
10
0.3900815354330708
20
0.538899251968504
11
0.3897143307086614
21
0.5393466929133858
0
LINE
8
BLACK
6
CONTINUOUS
10
0.3897143307086614
20
0.5393466929133858
11
0.3892734251968504
21
0.5404111023622047
0
LINE
8
BLACK
6
CONTINUOUS
10
0.3892734251968504
20
0.5404111023622047
11
0.3892734251968504
21
0.5415631889763779
0
LINE
8
BLACK
6
CONTINUOUS
10
0.3892734251968504
20
0.5415631889763779
11
0.3897143307086614
21
0.5426276377952756
0
LINE
8
BLACK
6
CONTINUOUS
10
0.3897143307086614
20
0.5426276377952756
11
0.3905289763779528
21
0.5434422834645669
0
LINE
8
BLACK
6
CONTINUOUS
10
0.3905289763779528
20
0.5434422834645669
11
0.3915933858267717
21
0.543883188976378
0
LINE
8
BLACK
6
CONTINUOUS
10
0.3915933858267717
20
0.543883188976378
11
0.3927454724409449
21
0.543883188976378
0
LINE
8
BLACK
6
CONTINUOUS
10
0.3927454724409449
20
0.543883188976378
11
0.3938099212598425
21
0.5434422834645669
0
LINE
8
BLACK
6
CONTINUOUS
10
0.4336469291338583
20
0.5619511417322834
11
0.4347113385826771
21
0.5615102362204725
0
LINE
8
BLACK
6
CONTINUOUS
10
0.4347113385826771
20
0.5615102362204725
11
0.4355259842519685
21
0.5606955905511811
0
LINE
8
BLACK
6
CONTINUOUS
10
0.4355259842519685
20
0.5606955905511811
11
0.4359668897637795
21
0.5596311811023622
0
LINE
8
BLACK
6
CONTINUOUS
10
0.4359668897637795
20
0.5596311811023622
11
0.4360236220472441
21
0.5590551181102362
0
LINE
8
BLACK
6
CONTINUOUS
10
0.4360236220472441
20
0.5590551181102362
11
0.4360236220472441
21
0.4645669291338583
0
LINE
8
BLACK
6
CONTINUOUS
10
0.4360236220472441
20
0.4645669291338583
11
0.4359668897637795
21
0.4639908661417323
0
LINE
8
BLACK
6
CONTINUOUS
10
0.4359668897637795
20
0.4639908661417323
11
0.4355259842519685
21
0.4629264566929134
0
LINE
8
BLACK
6
CONTINUOUS
10
0.4355259842519685
20
0.4629264566929134
11
0.4347113385826771
21
0.462111811023622
0
LINE
8
BLACK
6
CONTINUOUS
10
0.4347113385826771
20
0.462111811023622
11
0.4336469291338583
21
0.461670905511811
0
LINE
8
BLACK
6
CONTINUOUS
10
0.4336469291338583
20
0.461670905511811
11
0.4330708661417323
21
0.4616141732283465
0
LINE
8
BLACK
6
CONTINUOUS
10
0.4330708661417323
20
0.4616141732283465
11
0.2362204724409449
21
0.4616141732283465
0
LINE
8
BLACK
6
CONTINUOUS
10
0.2362204724409449
20
0.4616141732283465
11
0.2356444094488189
21
0.461670905511811
0
LINE
8
BLACK
6
CONTINUOUS
10
0.2356444094488189
20
0.461670905511811
11
0.23458
21
0.462111811023622
0
LINE
8
BLACK
6
CONTINUOUS
10
0.23458
20
0.462111811023622
11
0.2337653543307087
21
0.4629264566929134
0
LINE
8
BLACK
6
CONTINUOUS
10
0.2337653543307087
20
0.4629264566929134
11
0.2333244488188976
21
0.4639908661417323
0
LINE
8
BLACK
6
CONTINUOUS
10
0.2333244488188976
20
0.4639908661417323
11
0.2332677165354331
21
0.4645669291338583
0
LINE
8
BLACK
6
CONTINUOUS
10
0.2332677165354331
20
0.4645669291338583
11
0.2332677165354331
21
0.5590551181102362
0
LINE
8
BLACK
6
CONTINUOUS
10
0.2332677165354331
20
0.5590551181102362
11
0.2333244488188976
21
0.5596311811023622
0
LINE
8
BLACK
6
CONTINUOUS
10
0.2333244488188976
20
0.5596311811023622
11
0.2337653543307087
21
0.5606955905511811
0
LINE
8
BLACK
6
CONTINUOUS
10
0.2337653543307087
20
0.5606955905511811
11
0.23458
21
0.5615102362204725
0
LINE
8
BLACK
6
CONTINUOUS
10
0.23458
20
0.5615102362204725
11
0.2356444094488189
21
0.5619511417322834
0
LINE
8
BLACK
6
CONTINUOUS
10
0.2356444094488189
20
0.5619511417322834
11
0.2362204724409449
21
0.562007874015748
0
LINE
8
BLACK
6
CONTINUOUS
10
0.2362204724409449
20
0.562007874015748
11
0.4330708661417323
21
0.562007874015748
0
LINE
8
BLACK
6
CONTINUOUS
10
0.4330708661417323
20
0.562007874015748
11
0.4336469291338583
21
0.5619511417322834
0
LINE
8
BLACK
6
CONTINUOUS
10
0.2391732283464567
20
0.5561023622047244
11
0.2391732283464567
21
0.4675196850393701
0
LINE
8
BLACK
6
CONTINUOUS
10
0.2391732283464567
20
0.4675196850393701
11
0.4301181102362205
21
0.4675196850393701
0
LINE
8
BLACK
6
CONTINUOUS
10
0.4301181102362205
20
0.4675196850393701
11
0.4301181102362205
21
0.5561023622047244
0
LINE
8
BLACK
6
CONTINUOUS
10
0.4301181102362205
20
0.5561023622047244
11
0.2391732283464567
21
0.5561023622047244
0
CIRCLE
8
BLACK
10
0.945
20
0.517
40
0.0068897637795276
0
CIRCLE
8
BLACK
10
0.4921259842519685
20
0.5905511811023622
40
0.0068897637795276
0
CIRCLE
8
BLACK
10
0.8533464566929133
20
0.344488188976378
40
0.0068897637795276
0
CIRCLE
8
BLACK
10
0.4921259842519685
20
0.
40
0.0068897637795276
0
CIRCLE
8
BLACK
10
0.8533464566929133
20
0.2460629921259843
40
0.0068897637795276
0
CIRCLE
8
BLACK
10
0.945
20
0.0735511811023622
40
0.0068897637795276
0
CIRCLE
8
BLACK
10
0.8533464566929133
20
0.4232283464566929
40
0.0068897637795276
0
CIRCLE
8
BLACK
10
0.0984251968503937
20
0.5905511811023622
40
0.0068897637795276
0
CIRCLE
8
BLACK
10
0.8858267716535433
20
0.
40
0.0068897637795276
0
CIRCLE
8
BLACK
10
0.8986220472440944
20
0.4735511811023622
40
0.0068897637795276
0
CIRCLE
8
BLACK
10
0.8858267716535433
20
0.5905511811023622
40
0.0068897637795276
0
CIRCLE
8
BLACK
10
0.0984251968503937
20
0.
40
0.0068897637795276
0
CIRCLE
8
BLACK
10
0.898
20
0.117
40
0.0068897637795276
0
CIRCLE
8
BLACK
10
0.8533464566929133
20
0.1673228346456693
40
0.0068897637795276
0
CIRCLE
8
BLACK
10
1.1318897637795275
20
0.1948818897637795
40
0.0068897637795276
0
CIRCLE
8
BLACK
10
1.1318897637795275
20
0.3956692913385826
40
0.0068897637795276
0
CIRCLE
8
BLACK
10
0.9311023622047244
20
0.1948818897637795
40
0.0068897637795276
0
CIRCLE
8
BLACK
10
0.9311023622047244
20
0.3956692913385826
40
0.0068897637795276
  0
ENDSEC
  0
EOF
