ISO-10303-21;
HEADER;
FILE_DESCRIPTION(('KiCad electronic assembly'),'2;1');
FILE_NAME('TFHT01.step','2025-02-01T22:00:28',('Pcbnew'),('Kicad'),
  'Open CASCADE STEP processor 7.6','KiCad to STEP converter','Unknown'
  );
FILE_SCHEMA(('AUTOMOTIVE_DESIGN { 1 0 10303 214 1 1 1 1 }'));
ENDSEC;
DATA;
#1 = APPLICATION_PROTOCOL_DEFINITION('international standard',
  'automotive_design',2000,#2);
#2 = APPLICATION_CONTEXT(
  'core data for automotive mechanical design processes');
#3 = SHAPE_DEFINITION_REPRESENTATION(#4,#10);
#4 = PRODUCT_DEFINITION_SHAPE('','',#5);
#5 = PRODUCT_DEFINITION('design','',#6,#9);
#6 = PRODUCT_DEFINITION_FORMATION('','',#7);
#7 = PRODUCT('TFHT01 1','TFHT01 1','',(#8));
#8 = PRODUCT_CONTEXT('',#2,'mechanical');
#9 = PRODUCT_DEFINITION_CONTEXT('part definition',#2,'design');
#10 = SHAPE_REPRESENTATION('',(#11,#15,#19,#23,#27,#31,#35,#39,#43,#47,
    #51,#55,#59,#63,#67,#71,#75),#79);
#11 = AXIS2_PLACEMENT_3D('',#12,#13,#14);
#12 = CARTESIAN_POINT('',(0.,0.,0.));
#13 = DIRECTION('',(0.,0.,1.));
#14 = DIRECTION('',(1.,0.,-0.));
#15 = AXIS2_PLACEMENT_3D('',#16,#17,#18);
#16 = CARTESIAN_POINT('',(8.5,13.,-0.55));
#17 = DIRECTION('',(-1.224646799147E-16,1.224646799147E-16,1.));
#18 = DIRECTION('',(-1.,-1.499759782662E-32,-1.224646799147E-16));
#19 = AXIS2_PLACEMENT_3D('',#20,#21,#22);
#20 = CARTESIAN_POINT('',(11.811,5.3595,-5.E-02));
#21 = DIRECTION('',(1.224646799147E-16,-1.359631073447E-32,-1.));
#22 = DIRECTION('',(1.110223024625E-16,1.,0.));
#23 = AXIS2_PLACEMENT_3D('',#24,#25,#26);
#24 = CARTESIAN_POINT('',(9.071,9.775,-5.E-02));
#25 = DIRECTION('',(1.224646799147E-16,-1.359631073447E-32,-1.));
#26 = DIRECTION('',(1.110223024625E-16,1.,0.));
#27 = AXIS2_PLACEMENT_3D('',#28,#29,#30);
#28 = CARTESIAN_POINT('',(8.5,2.,-0.55));
#29 = DIRECTION('',(-1.224646799147E-16,1.224646799147E-16,1.));
#30 = DIRECTION('',(-1.,-1.499759782662E-32,-1.224646799147E-16));
#31 = AXIS2_PLACEMENT_3D('',#32,#33,#34);
#32 = CARTESIAN_POINT('',(2.9972,7.5,-5.E-02));
#33 = DIRECTION('',(1.224646799147E-16,-1.359631073447E-32,-1.));
#34 = DIRECTION('',(1.110223024625E-16,1.,0.));
#35 = AXIS2_PLACEMENT_3D('',#36,#37,#38);
#36 = CARTESIAN_POINT('',(18.3895,5.334,-5.E-02));
#37 = DIRECTION('',(1.499759782662E-32,1.224646799147E-16,-1.));
#38 = DIRECTION('',(-1.,1.224646799147E-16,0.));
#39 = AXIS2_PLACEMENT_3D('',#40,#41,#42);
#40 = CARTESIAN_POINT('',(26.2,11.594,-5.E-02));
#41 = DIRECTION('',(0.,-1.224646799147E-16,-1.));
#42 = DIRECTION('',(1.,0.,0.));
#43 = AXIS2_PLACEMENT_3D('',#44,#45,#46);
#44 = CARTESIAN_POINT('',(13.3095,2.667,-5.E-02));
#45 = DIRECTION('',(1.499759782662E-32,1.224646799147E-16,-1.));
#46 = DIRECTION('',(-1.,1.224646799147E-16,0.));
#47 = AXIS2_PLACEMENT_3D('',#48,#49,#50);
#48 = CARTESIAN_POINT('',(12.896,9.75,-5.E-02));
#49 = DIRECTION('',(1.224646799147E-16,-1.359631073447E-32,-1.));
#50 = DIRECTION('',(1.110223024625E-16,1.,0.));
#51 = AXIS2_PLACEMENT_3D('',#52,#53,#54);
#52 = CARTESIAN_POINT('',(14.859,5.715,-5.E-02));
#53 = DIRECTION('',(1.499759782662E-32,1.224646799147E-16,-1.));
#54 = DIRECTION('',(-1.,1.224646799147E-16,0.));
#55 = AXIS2_PLACEMENT_3D('',#56,#57,#58);
#56 = CARTESIAN_POINT('',(10.821,9.9,-5.E-02));
#57 = DIRECTION('',(1.224646799147E-16,-1.359631073447E-32,-1.));
#58 = DIRECTION('',(1.110223024625E-16,1.,0.));
#59 = AXIS2_PLACEMENT_3D('',#60,#61,#62);
#60 = CARTESIAN_POINT('',(9.017,6.096,-5.E-02));
#61 = DIRECTION('',(1.224646799147E-16,-1.359631073447E-32,-1.));
#62 = DIRECTION('',(1.110223024625E-16,1.,0.));
#63 = AXIS2_PLACEMENT_3D('',#64,#65,#66);
#64 = CARTESIAN_POINT('',(17.78,10.287,-5.E-02));
#65 = DIRECTION('',(-1.224646799147E-16,-1.359631073447E-32,-1.));
#66 = DIRECTION('',(1.110223024625E-16,-1.,0.));
#67 = AXIS2_PLACEMENT_3D('',#68,#69,#70);
#68 = CARTESIAN_POINT('',(15.494,10.2615,-5.E-02));
#69 = DIRECTION('',(-1.224646799147E-16,-1.359631073447E-32,-1.));
#70 = DIRECTION('',(1.110223024625E-16,-1.,0.));
#71 = AXIS2_PLACEMENT_3D('',#72,#73,#74);
#72 = CARTESIAN_POINT('',(7.421,9.85,-5.E-02));
#73 = DIRECTION('',(1.224646799147E-16,-1.359631073447E-32,-1.));
#74 = DIRECTION('',(1.110223024625E-16,1.,0.));
#75 = AXIS2_PLACEMENT_3D('',#76,#77,#78);
#76 = CARTESIAN_POINT('',(0.,0.,0.));
#77 = DIRECTION('',(0.,0.,1.));
#78 = DIRECTION('',(1.,0.,-0.));
#79 = ( GEOMETRIC_REPRESENTATION_CONTEXT(3) 
GLOBAL_UNCERTAINTY_ASSIGNED_CONTEXT((#83)) GLOBAL_UNIT_ASSIGNED_CONTEXT(
(#80,#81,#82)) REPRESENTATION_CONTEXT('Context #1',
  '3D Context with UNIT and UNCERTAINTY') );
#80 = ( LENGTH_UNIT() NAMED_UNIT(*) SI_UNIT(.MILLI.,.METRE.) );
#81 = ( NAMED_UNIT(*) PLANE_ANGLE_UNIT() SI_UNIT($,.RADIAN.) );
#82 = ( NAMED_UNIT(*) SI_UNIT($,.STERADIAN.) SOLID_ANGLE_UNIT() );
#83 = UNCERTAINTY_MEASURE_WITH_UNIT(LENGTH_MEASURE(5.E-07),#80,
  'distance_accuracy_value','confusion accuracy');
#84 = PRODUCT_RELATED_PRODUCT_CATEGORY('part',$,(#7));
#85 = SHAPE_DEFINITION_REPRESENTATION(#86,#92);
#86 = PRODUCT_DEFINITION_SHAPE('','',#87);
#87 = PRODUCT_DEFINITION('design','',#88,#91);
#88 = PRODUCT_DEFINITION_FORMATION('','',#89);
#89 = PRODUCT('LED_1206_3216Metric','LED_1206_3216Metric','',(#90));
#90 = PRODUCT_CONTEXT('',#2,'mechanical');
#91 = PRODUCT_DEFINITION_CONTEXT('part definition',#2,'design');
#92 = SHAPE_REPRESENTATION('',(#11,#93),#97);
#93 = AXIS2_PLACEMENT_3D('',#94,#95,#96);
#94 = CARTESIAN_POINT('',(0.,0.,0.));
#95 = DIRECTION('',(0.,0.,1.));
#96 = DIRECTION('',(1.,0.,-0.));
#97 = ( GEOMETRIC_REPRESENTATION_CONTEXT(3) 
GLOBAL_UNCERTAINTY_ASSIGNED_CONTEXT((#101)) GLOBAL_UNIT_ASSIGNED_CONTEXT
((#98,#99,#100)) REPRESENTATION_CONTEXT('Context #1',
  '3D Context with UNIT and UNCERTAINTY') );
#98 = ( LENGTH_UNIT() NAMED_UNIT(*) SI_UNIT(.MILLI.,.METRE.) );
#99 = ( NAMED_UNIT(*) PLANE_ANGLE_UNIT() SI_UNIT($,.RADIAN.) );
#100 = ( NAMED_UNIT(*) SI_UNIT($,.STERADIAN.) SOLID_ANGLE_UNIT() );
#101 = UNCERTAINTY_MEASURE_WITH_UNIT(LENGTH_MEASURE(1.E-07),#98,
  'distance_accuracy_value','confusion accuracy');
#102 = CONTEXT_DEPENDENT_SHAPE_REPRESENTATION(#103,#105);
#103 = ( REPRESENTATION_RELATIONSHIP('','',#92,#10) 
REPRESENTATION_RELATIONSHIP_WITH_TRANSFORMATION(#104) 
SHAPE_REPRESENTATION_RELATIONSHIP() );
#104 = ITEM_DEFINED_TRANSFORMATION('','',#11,#15);
#105 = PRODUCT_DEFINITION_SHAPE('Placement','Placement of an item',#106
  );
#106 = NEXT_ASSEMBLY_USAGE_OCCURRENCE('2','D2','',#5,#87,$);
#107 = PRODUCT_RELATED_PRODUCT_CATEGORY('part',$,(#89));
#108 = SHAPE_DEFINITION_REPRESENTATION(#109,#115);
#109 = PRODUCT_DEFINITION_SHAPE('','',#110);
#110 = PRODUCT_DEFINITION('design','',#111,#114);
#111 = PRODUCT_DEFINITION_FORMATION('','',#112);
#112 = PRODUCT('LED_1206_3216Metric','LED_1206_3216Metric','',(#113));
#113 = PRODUCT_CONTEXT('',#2,'mechanical');
#114 = PRODUCT_DEFINITION_CONTEXT('part definition',#2,'design');
#115 = ADVANCED_BREP_SHAPE_REPRESENTATION('',(#11,#116),#1639);
#116 = MANIFOLD_SOLID_BREP('',#117);
#117 = CLOSED_SHELL('',(#118,#158,#205,#284,#308,#348,#379,#396,#429,
    #453,#520,#641,#708,#732,#763,#796,#852,#876,#900,#924,#957,#969,
    #1032,#1057,#1074,#1098,#1116,#1134,#1152,#1169,#1186,#1217,#1242,
    #1267,#1291,#1308,#1339,#1363,#1380,#1408,#1433,#1457,#1482,#1529,
    #1546,#1558,#1580,#1592,#1610,#1628));
#118 = ADVANCED_FACE('',(#119),#153,.F.);
#119 = FACE_BOUND('',#120,.F.);
#120 = EDGE_LOOP('',(#121,#131,#139,#147));
#121 = ORIENTED_EDGE('',*,*,#122,.T.);
#122 = EDGE_CURVE('',#123,#125,#127,.T.);
#123 = VERTEX_POINT('',#124);
#124 = CARTESIAN_POINT('',(-1.,-0.8,0.44));
#125 = VERTEX_POINT('',#126);
#126 = CARTESIAN_POINT('',(-0.9,-0.8,1.1));
#127 = LINE('',#128,#129);
#128 = CARTESIAN_POINT('',(-1.,-0.8,0.44));
#129 = VECTOR('',#130,1.);
#130 = DIRECTION('',(0.149805379428,0.,0.988715504225));
#131 = ORIENTED_EDGE('',*,*,#132,.T.);
#132 = EDGE_CURVE('',#125,#133,#135,.T.);
#133 = VERTEX_POINT('',#134);
#134 = CARTESIAN_POINT('',(0.9,-0.8,1.1));
#135 = LINE('',#136,#137);
#136 = CARTESIAN_POINT('',(-0.9,-0.8,1.1));
#137 = VECTOR('',#138,1.);
#138 = DIRECTION('',(1.,0.,0.));
#139 = ORIENTED_EDGE('',*,*,#140,.T.);
#140 = EDGE_CURVE('',#133,#141,#143,.T.);
#141 = VERTEX_POINT('',#142);
#142 = CARTESIAN_POINT('',(1.,-0.8,0.44));
#143 = LINE('',#144,#145);
#144 = CARTESIAN_POINT('',(0.9,-0.8,1.1));
#145 = VECTOR('',#146,1.);
#146 = DIRECTION('',(0.149805379428,0.,-0.988715504225));
#147 = ORIENTED_EDGE('',*,*,#148,.T.);
#148 = EDGE_CURVE('',#141,#123,#149,.T.);
#149 = LINE('',#150,#151);
#150 = CARTESIAN_POINT('',(1.,-0.8,0.44));
#151 = VECTOR('',#152,1.);
#152 = DIRECTION('',(-1.,0.,2.775557561563E-17));
#153 = PLANE('',#154);
#154 = AXIS2_PLACEMENT_3D('',#155,#156,#157);
#155 = CARTESIAN_POINT('',(0.,-0.8,0.757147194234));
#156 = DIRECTION('',(1.313075150093E-49,1.,1.103763151667E-32));
#157 = DIRECTION('',(0.,-1.103763151667E-32,1.));
#158 = ADVANCED_FACE('',(#159),#200,.T.);
#159 = FACE_BOUND('',#160,.T.);
#160 = EDGE_LOOP('',(#161,#171,#179,#185,#186,#194));
#161 = ORIENTED_EDGE('',*,*,#162,.T.);
#162 = EDGE_CURVE('',#163,#165,#167,.T.);
#163 = VERTEX_POINT('',#164);
#164 = CARTESIAN_POINT('',(-1.,0.8,0.44));
#165 = VERTEX_POINT('',#166);
#166 = CARTESIAN_POINT('',(-1.,0.6,0.44));
#167 = LINE('',#168,#169);
#168 = CARTESIAN_POINT('',(-1.,0.8,0.44));
#169 = VECTOR('',#170,1.);
#170 = DIRECTION('',(0.,-1.,0.));
#171 = ORIENTED_EDGE('',*,*,#172,.T.);
#172 = EDGE_CURVE('',#165,#173,#175,.T.);
#173 = VERTEX_POINT('',#174);
#174 = CARTESIAN_POINT('',(-1.,-0.6,0.44));
#175 = LINE('',#176,#177);
#176 = CARTESIAN_POINT('',(-1.,0.8,0.44));
#177 = VECTOR('',#178,1.);
#178 = DIRECTION('',(0.,-1.,0.));
#179 = ORIENTED_EDGE('',*,*,#180,.T.);
#180 = EDGE_CURVE('',#173,#123,#181,.T.);
#181 = LINE('',#182,#183);
#182 = CARTESIAN_POINT('',(-1.,0.8,0.44));
#183 = VECTOR('',#184,1.);
#184 = DIRECTION('',(0.,-1.,0.));
#185 = ORIENTED_EDGE('',*,*,#122,.T.);
#186 = ORIENTED_EDGE('',*,*,#187,.F.);
#187 = EDGE_CURVE('',#188,#125,#190,.T.);
#188 = VERTEX_POINT('',#189);
#189 = CARTESIAN_POINT('',(-0.9,0.8,1.1));
#190 = LINE('',#191,#192);
#191 = CARTESIAN_POINT('',(-0.9,0.8,1.1));
#192 = VECTOR('',#193,1.);
#193 = DIRECTION('',(0.,-1.,0.));
#194 = ORIENTED_EDGE('',*,*,#195,.F.);
#195 = EDGE_CURVE('',#163,#188,#196,.T.);
#196 = LINE('',#197,#198);
#197 = CARTESIAN_POINT('',(-1.,0.8,0.44));
#198 = VECTOR('',#199,1.);
#199 = DIRECTION('',(0.149805379428,0.,0.988715504225));
#200 = PLANE('',#201);
#201 = AXIS2_PLACEMENT_3D('',#202,#203,#204);
#202 = CARTESIAN_POINT('',(-1.,0.8,0.44));
#203 = DIRECTION('',(-0.988715504225,0.,0.149805379428));
#204 = DIRECTION('',(0.149805379428,0.,0.988715504225));
#205 = ADVANCED_FACE('',(#206),#279,.F.);
#206 = FACE_BOUND('',#207,.F.);
#207 = EDGE_LOOP('',(#208,#218,#226,#234,#240,#241,#249,#257,#265,#273)
  );
#208 = ORIENTED_EDGE('',*,*,#209,.F.);
#209 = EDGE_CURVE('',#210,#212,#214,.T.);
#210 = VERTEX_POINT('',#211);
#211 = CARTESIAN_POINT('',(-1.54,-0.8,6.E-02));
#212 = VERTEX_POINT('',#213);
#213 = CARTESIAN_POINT('',(-1.45,-0.8,6.E-02));
#214 = LINE('',#215,#216);
#215 = CARTESIAN_POINT('',(-1.54,-0.8,6.E-02));
#216 = VECTOR('',#217,1.);
#217 = DIRECTION('',(1.,0.,0.));
#218 = ORIENTED_EDGE('',*,*,#219,.T.);
#219 = EDGE_CURVE('',#210,#220,#222,.T.);
#220 = VERTEX_POINT('',#221);
#221 = CARTESIAN_POINT('',(-1.54,-0.8,0.44));
#222 = LINE('',#223,#224);
#223 = CARTESIAN_POINT('',(-1.54,-0.8,6.E-02));
#224 = VECTOR('',#225,1.);
#225 = DIRECTION('',(0.,0.,1.));
#226 = ORIENTED_EDGE('',*,*,#227,.T.);
#227 = EDGE_CURVE('',#220,#228,#230,.T.);
#228 = VERTEX_POINT('',#229);
#229 = CARTESIAN_POINT('',(-1.45,-0.8,0.44));
#230 = LINE('',#231,#232);
#231 = CARTESIAN_POINT('',(-1.54,-0.8,0.44));
#232 = VECTOR('',#233,1.);
#233 = DIRECTION('',(1.,0.,0.));
#234 = ORIENTED_EDGE('',*,*,#235,.T.);
#235 = EDGE_CURVE('',#228,#123,#236,.T.);
#236 = LINE('',#237,#238);
#237 = CARTESIAN_POINT('',(-1.54,-0.8,0.44));
#238 = VECTOR('',#239,1.);
#239 = DIRECTION('',(1.,0.,0.));
#240 = ORIENTED_EDGE('',*,*,#148,.F.);
#241 = ORIENTED_EDGE('',*,*,#242,.T.);
#242 = EDGE_CURVE('',#141,#243,#245,.T.);
#243 = VERTEX_POINT('',#244);
#244 = CARTESIAN_POINT('',(1.45,-0.8,0.44));
#245 = LINE('',#246,#247);
#246 = CARTESIAN_POINT('',(-1.54,-0.8,0.44));
#247 = VECTOR('',#248,1.);
#248 = DIRECTION('',(1.,0.,0.));
#249 = ORIENTED_EDGE('',*,*,#250,.T.);
#250 = EDGE_CURVE('',#243,#251,#253,.T.);
#251 = VERTEX_POINT('',#252);
#252 = CARTESIAN_POINT('',(1.54,-0.8,0.44));
#253 = LINE('',#254,#255);
#254 = CARTESIAN_POINT('',(-1.54,-0.8,0.44));
#255 = VECTOR('',#256,1.);
#256 = DIRECTION('',(1.,0.,0.));
#257 = ORIENTED_EDGE('',*,*,#258,.F.);
#258 = EDGE_CURVE('',#259,#251,#261,.T.);
#259 = VERTEX_POINT('',#260);
#260 = CARTESIAN_POINT('',(1.54,-0.8,6.E-02));
#261 = LINE('',#262,#263);
#262 = CARTESIAN_POINT('',(1.54,-0.8,6.E-02));
#263 = VECTOR('',#264,1.);
#264 = DIRECTION('',(0.,0.,1.));
#265 = ORIENTED_EDGE('',*,*,#266,.F.);
#266 = EDGE_CURVE('',#267,#259,#269,.T.);
#267 = VERTEX_POINT('',#268);
#268 = CARTESIAN_POINT('',(1.45,-0.8,6.E-02));
#269 = LINE('',#270,#271);
#270 = CARTESIAN_POINT('',(-1.54,-0.8,6.E-02));
#271 = VECTOR('',#272,1.);
#272 = DIRECTION('',(1.,0.,0.));
#273 = ORIENTED_EDGE('',*,*,#274,.F.);
#274 = EDGE_CURVE('',#212,#267,#275,.T.);
#275 = LINE('',#276,#277);
#276 = CARTESIAN_POINT('',(-1.54,-0.8,6.E-02));
#277 = VECTOR('',#278,1.);
#278 = DIRECTION('',(1.,0.,0.));
#279 = PLANE('',#280);
#280 = AXIS2_PLACEMENT_3D('',#281,#282,#283);
#281 = CARTESIAN_POINT('',(-1.54,-0.8,6.E-02));
#282 = DIRECTION('',(0.,1.,0.));
#283 = DIRECTION('',(0.,-0.,1.));
#284 = ADVANCED_FACE('',(#285),#303,.T.);
#285 = FACE_BOUND('',#286,.T.);
#286 = EDGE_LOOP('',(#287,#288,#289,#297));
#287 = ORIENTED_EDGE('',*,*,#187,.T.);
#288 = ORIENTED_EDGE('',*,*,#132,.T.);
#289 = ORIENTED_EDGE('',*,*,#290,.F.);
#290 = EDGE_CURVE('',#291,#133,#293,.T.);
#291 = VERTEX_POINT('',#292);
#292 = CARTESIAN_POINT('',(0.9,0.8,1.1));
#293 = LINE('',#294,#295);
#294 = CARTESIAN_POINT('',(0.9,0.8,1.1));
#295 = VECTOR('',#296,1.);
#296 = DIRECTION('',(0.,-1.,0.));
#297 = ORIENTED_EDGE('',*,*,#298,.F.);
#298 = EDGE_CURVE('',#188,#291,#299,.T.);
#299 = LINE('',#300,#301);
#300 = CARTESIAN_POINT('',(-0.9,0.8,1.1));
#301 = VECTOR('',#302,1.);
#302 = DIRECTION('',(1.,0.,0.));
#303 = PLANE('',#304);
#304 = AXIS2_PLACEMENT_3D('',#305,#306,#307);
#305 = CARTESIAN_POINT('',(-0.9,0.8,1.1));
#306 = DIRECTION('',(0.,0.,1.));
#307 = DIRECTION('',(1.,0.,-0.));
#308 = ADVANCED_FACE('',(#309),#343,.T.);
#309 = FACE_BOUND('',#310,.T.);
#310 = EDGE_LOOP('',(#311,#312,#313,#321,#329,#337));
#311 = ORIENTED_EDGE('',*,*,#290,.T.);
#312 = ORIENTED_EDGE('',*,*,#140,.T.);
#313 = ORIENTED_EDGE('',*,*,#314,.F.);
#314 = EDGE_CURVE('',#315,#141,#317,.T.);
#315 = VERTEX_POINT('',#316);
#316 = CARTESIAN_POINT('',(1.,-0.6,0.44));
#317 = LINE('',#318,#319);
#318 = CARTESIAN_POINT('',(1.,0.8,0.44));
#319 = VECTOR('',#320,1.);
#320 = DIRECTION('',(0.,-1.,0.));
#321 = ORIENTED_EDGE('',*,*,#322,.F.);
#322 = EDGE_CURVE('',#323,#315,#325,.T.);
#323 = VERTEX_POINT('',#324);
#324 = CARTESIAN_POINT('',(1.,0.6,0.44));
#325 = LINE('',#326,#327);
#326 = CARTESIAN_POINT('',(1.,0.8,0.44));
#327 = VECTOR('',#328,1.);
#328 = DIRECTION('',(0.,-1.,0.));
#329 = ORIENTED_EDGE('',*,*,#330,.F.);
#330 = EDGE_CURVE('',#331,#323,#333,.T.);
#331 = VERTEX_POINT('',#332);
#332 = CARTESIAN_POINT('',(1.,0.8,0.44));
#333 = LINE('',#334,#335);
#334 = CARTESIAN_POINT('',(1.,0.8,0.44));
#335 = VECTOR('',#336,1.);
#336 = DIRECTION('',(0.,-1.,0.));
#337 = ORIENTED_EDGE('',*,*,#338,.F.);
#338 = EDGE_CURVE('',#291,#331,#339,.T.);
#339 = LINE('',#340,#341);
#340 = CARTESIAN_POINT('',(0.9,0.8,1.1));
#341 = VECTOR('',#342,1.);
#342 = DIRECTION('',(0.149805379428,0.,-0.988715504225));
#343 = PLANE('',#344);
#344 = AXIS2_PLACEMENT_3D('',#345,#346,#347);
#345 = CARTESIAN_POINT('',(0.9,0.8,1.1));
#346 = DIRECTION('',(0.988715504225,0.,0.149805379428));
#347 = DIRECTION('',(0.149805379428,0.,-0.988715504225));
#348 = ADVANCED_FACE('',(#349),#374,.T.);
#349 = FACE_BOUND('',#350,.T.);
#350 = EDGE_LOOP('',(#351,#359,#367,#373));
#351 = ORIENTED_EDGE('',*,*,#352,.F.);
#352 = EDGE_CURVE('',#353,#163,#355,.T.);
#353 = VERTEX_POINT('',#354);
#354 = CARTESIAN_POINT('',(-1.45,0.8,0.44));
#355 = LINE('',#356,#357);
#356 = CARTESIAN_POINT('',(-1.54,0.8,0.44));
#357 = VECTOR('',#358,1.);
#358 = DIRECTION('',(1.,0.,0.));
#359 = ORIENTED_EDGE('',*,*,#360,.F.);
#360 = EDGE_CURVE('',#361,#353,#363,.T.);
#361 = VERTEX_POINT('',#362);
#362 = CARTESIAN_POINT('',(-1.45,0.6,0.44));
#363 = LINE('',#364,#365);
#364 = CARTESIAN_POINT('',(-1.45,0.1,0.44));
#365 = VECTOR('',#366,1.);
#366 = DIRECTION('',(0.,1.,0.));
#367 = ORIENTED_EDGE('',*,*,#368,.F.);
#368 = EDGE_CURVE('',#165,#361,#369,.T.);
#369 = LINE('',#370,#371);
#370 = CARTESIAN_POINT('',(-1.495,0.6,0.44));
#371 = VECTOR('',#372,1.);
#372 = DIRECTION('',(-1.,0.,0.));
#373 = ORIENTED_EDGE('',*,*,#162,.F.);
#374 = PLANE('',#375);
#375 = AXIS2_PLACEMENT_3D('',#376,#377,#378);
#376 = CARTESIAN_POINT('',(-1.54,-0.8,0.44));
#377 = DIRECTION('',(0.,0.,1.));
#378 = DIRECTION('',(1.,0.,-0.));
#379 = ADVANCED_FACE('',(#380),#391,.T.);
#380 = FACE_BOUND('',#381,.T.);
#381 = EDGE_LOOP('',(#382,#383,#384,#385));
#382 = ORIENTED_EDGE('',*,*,#195,.T.);
#383 = ORIENTED_EDGE('',*,*,#298,.T.);
#384 = ORIENTED_EDGE('',*,*,#338,.T.);
#385 = ORIENTED_EDGE('',*,*,#386,.T.);
#386 = EDGE_CURVE('',#331,#163,#387,.T.);
#387 = LINE('',#388,#389);
#388 = CARTESIAN_POINT('',(1.,0.8,0.44));
#389 = VECTOR('',#390,1.);
#390 = DIRECTION('',(-1.,0.,2.775557561563E-17));
#391 = PLANE('',#392);
#392 = AXIS2_PLACEMENT_3D('',#393,#394,#395);
#393 = CARTESIAN_POINT('',(0.,0.8,0.757147194234));
#394 = DIRECTION('',(1.313075150093E-49,1.,1.103763151667E-32));
#395 = DIRECTION('',(0.,-1.103763151667E-32,1.));
#396 = ADVANCED_FACE('',(#397),#424,.T.);
#397 = FACE_BOUND('',#398,.T.);
#398 = EDGE_LOOP('',(#399,#408,#416,#423));
#399 = ORIENTED_EDGE('',*,*,#400,.F.);
#400 = EDGE_CURVE('',#401,#165,#403,.T.);
#401 = VERTEX_POINT('',#402);
#402 = CARTESIAN_POINT('',(-1.06,0.6,0.5));
#403 = CIRCLE('',#404,6.E-02);
#404 = AXIS2_PLACEMENT_3D('',#405,#406,#407);
#405 = CARTESIAN_POINT('',(-1.06,0.6,0.44));
#406 = DIRECTION('',(-0.,1.,0.));
#407 = DIRECTION('',(1.,0.,0.));
#408 = ORIENTED_EDGE('',*,*,#409,.F.);
#409 = EDGE_CURVE('',#410,#401,#412,.T.);
#410 = VERTEX_POINT('',#411);
#411 = CARTESIAN_POINT('',(-1.06,-0.6,0.5));
#412 = LINE('',#413,#414);
#413 = CARTESIAN_POINT('',(-1.06,-0.8,0.5));
#414 = VECTOR('',#415,1.);
#415 = DIRECTION('',(0.,1.,0.));
#416 = ORIENTED_EDGE('',*,*,#417,.T.);
#417 = EDGE_CURVE('',#410,#173,#418,.T.);
#418 = CIRCLE('',#419,6.E-02);
#419 = AXIS2_PLACEMENT_3D('',#420,#421,#422);
#420 = CARTESIAN_POINT('',(-1.06,-0.6,0.44));
#421 = DIRECTION('',(-0.,1.,0.));
#422 = DIRECTION('',(1.,0.,0.));
#423 = ORIENTED_EDGE('',*,*,#172,.F.);
#424 = CYLINDRICAL_SURFACE('',#425,6.E-02);
#425 = AXIS2_PLACEMENT_3D('',#426,#427,#428);
#426 = CARTESIAN_POINT('',(-1.06,-0.8,0.44));
#427 = DIRECTION('',(0.,1.,0.));
#428 = DIRECTION('',(1.,0.,0.));
#429 = ADVANCED_FACE('',(#430),#448,.T.);
#430 = FACE_BOUND('',#431,.T.);
#431 = EDGE_LOOP('',(#432,#440,#441,#442));
#432 = ORIENTED_EDGE('',*,*,#433,.F.);
#433 = EDGE_CURVE('',#228,#434,#436,.T.);
#434 = VERTEX_POINT('',#435);
#435 = CARTESIAN_POINT('',(-1.45,-0.6,0.44));
#436 = LINE('',#437,#438);
#437 = CARTESIAN_POINT('',(-1.45,-0.7,0.44));
#438 = VECTOR('',#439,1.);
#439 = DIRECTION('',(0.,1.,0.));
#440 = ORIENTED_EDGE('',*,*,#235,.T.);
#441 = ORIENTED_EDGE('',*,*,#180,.F.);
#442 = ORIENTED_EDGE('',*,*,#443,.F.);
#443 = EDGE_CURVE('',#434,#173,#444,.T.);
#444 = LINE('',#445,#446);
#445 = CARTESIAN_POINT('',(-4.5E-02,-0.6,0.44));
#446 = VECTOR('',#447,1.);
#447 = DIRECTION('',(1.,0.,0.));
#448 = PLANE('',#449);
#449 = AXIS2_PLACEMENT_3D('',#450,#451,#452);
#450 = CARTESIAN_POINT('',(-1.54,-0.8,0.44));
#451 = DIRECTION('',(0.,0.,1.));
#452 = DIRECTION('',(1.,0.,-0.));
#453 = ADVANCED_FACE('',(#454),#515,.F.);
#454 = FACE_BOUND('',#455,.F.);
#455 = EDGE_LOOP('',(#456,#466,#475,#483,#492,#500,#506,#507,#508,#509)
  );
#456 = ORIENTED_EDGE('',*,*,#457,.F.);
#457 = EDGE_CURVE('',#458,#460,#462,.T.);
#458 = VERTEX_POINT('',#459);
#459 = CARTESIAN_POINT('',(-1.54,-0.8,-6.938893903907E-18));
#460 = VERTEX_POINT('',#461);
#461 = CARTESIAN_POINT('',(-1.45,-0.8,0.));
#462 = LINE('',#463,#464);
#463 = CARTESIAN_POINT('',(-1.6,-0.8,0.));
#464 = VECTOR('',#465,1.);
#465 = DIRECTION('',(1.,0.,0.));
#466 = ORIENTED_EDGE('',*,*,#467,.F.);
#467 = EDGE_CURVE('',#468,#458,#470,.T.);
#468 = VERTEX_POINT('',#469);
#469 = CARTESIAN_POINT('',(-1.6,-0.8,6.E-02));
#470 = CIRCLE('',#471,6.E-02);
#471 = AXIS2_PLACEMENT_3D('',#472,#473,#474);
#472 = CARTESIAN_POINT('',(-1.54,-0.8,6.E-02));
#473 = DIRECTION('',(0.,-1.,0.));
#474 = DIRECTION('',(0.,0.,1.));
#475 = ORIENTED_EDGE('',*,*,#476,.T.);
#476 = EDGE_CURVE('',#468,#477,#479,.T.);
#477 = VERTEX_POINT('',#478);
#478 = CARTESIAN_POINT('',(-1.6,-0.8,0.44));
#479 = LINE('',#480,#481);
#480 = CARTESIAN_POINT('',(-1.6,-0.8,0.));
#481 = VECTOR('',#482,1.);
#482 = DIRECTION('',(0.,0.,1.));
#483 = ORIENTED_EDGE('',*,*,#484,.T.);
#484 = EDGE_CURVE('',#477,#485,#487,.T.);
#485 = VERTEX_POINT('',#486);
#486 = CARTESIAN_POINT('',(-1.54,-0.8,0.5));
#487 = CIRCLE('',#488,6.E-02);
#488 = AXIS2_PLACEMENT_3D('',#489,#490,#491);
#489 = CARTESIAN_POINT('',(-1.54,-0.8,0.44));
#490 = DIRECTION('',(0.,1.,0.));
#491 = DIRECTION('',(0.,-0.,1.));
#492 = ORIENTED_EDGE('',*,*,#493,.T.);
#493 = EDGE_CURVE('',#485,#494,#496,.T.);
#494 = VERTEX_POINT('',#495);
#495 = CARTESIAN_POINT('',(-1.45,-0.8,0.5));
#496 = LINE('',#497,#498);
#497 = CARTESIAN_POINT('',(-1.6,-0.8,0.5));
#498 = VECTOR('',#499,1.);
#499 = DIRECTION('',(1.,0.,0.));
#500 = ORIENTED_EDGE('',*,*,#501,.F.);
#501 = EDGE_CURVE('',#228,#494,#502,.T.);
#502 = LINE('',#503,#504);
#503 = CARTESIAN_POINT('',(-1.45,-0.8,0.375));
#504 = VECTOR('',#505,1.);
#505 = DIRECTION('',(0.,0.,1.));
#506 = ORIENTED_EDGE('',*,*,#227,.F.);
#507 = ORIENTED_EDGE('',*,*,#219,.F.);
#508 = ORIENTED_EDGE('',*,*,#209,.T.);
#509 = ORIENTED_EDGE('',*,*,#510,.F.);
#510 = EDGE_CURVE('',#460,#212,#511,.T.);
#511 = LINE('',#512,#513);
#512 = CARTESIAN_POINT('',(-1.45,-0.8,0.375));
#513 = VECTOR('',#514,1.);
#514 = DIRECTION('',(0.,0.,1.));
#515 = PLANE('',#516);
#516 = AXIS2_PLACEMENT_3D('',#517,#518,#519);
#517 = CARTESIAN_POINT('',(-1.6,-0.8,0.));
#518 = DIRECTION('',(0.,1.,0.));
#519 = DIRECTION('',(0.,-0.,1.));
#520 = ADVANCED_FACE('',(#521,#610),#636,.F.);
#521 = FACE_BOUND('',#522,.F.);
#522 = EDGE_LOOP('',(#523,#531,#532,#540,#548,#556,#564,#572,#580,#588,
    #596,#604));
#523 = ORIENTED_EDGE('',*,*,#524,.F.);
#524 = EDGE_CURVE('',#212,#525,#527,.T.);
#525 = VERTEX_POINT('',#526);
#526 = CARTESIAN_POINT('',(-1.45,-0.6,6.E-02));
#527 = LINE('',#528,#529);
#528 = CARTESIAN_POINT('',(-1.45,-0.7,6.E-02));
#529 = VECTOR('',#530,1.);
#530 = DIRECTION('',(0.,1.,0.));
#531 = ORIENTED_EDGE('',*,*,#274,.T.);
#532 = ORIENTED_EDGE('',*,*,#533,.F.);
#533 = EDGE_CURVE('',#534,#267,#536,.T.);
#534 = VERTEX_POINT('',#535);
#535 = CARTESIAN_POINT('',(1.45,-0.6,6.E-02));
#536 = LINE('',#537,#538);
#537 = CARTESIAN_POINT('',(1.45,-0.9,6.E-02));
#538 = VECTOR('',#539,1.);
#539 = DIRECTION('',(0.,-1.,0.));
#540 = ORIENTED_EDGE('',*,*,#541,.F.);
#541 = EDGE_CURVE('',#542,#534,#544,.T.);
#542 = VERTEX_POINT('',#543);
#543 = CARTESIAN_POINT('',(1.,-0.6,6.E-02));
#544 = LINE('',#545,#546);
#545 = CARTESIAN_POINT('',(-4.5E-02,-0.6,6.E-02));
#546 = VECTOR('',#547,1.);
#547 = DIRECTION('',(1.,0.,0.));
#548 = ORIENTED_EDGE('',*,*,#549,.T.);
#549 = EDGE_CURVE('',#542,#550,#552,.T.);
#550 = VERTEX_POINT('',#551);
#551 = CARTESIAN_POINT('',(1.,0.6,6.E-02));
#552 = LINE('',#553,#554);
#553 = CARTESIAN_POINT('',(1.,-0.8,6.E-02));
#554 = VECTOR('',#555,1.);
#555 = DIRECTION('',(0.,1.,0.));
#556 = ORIENTED_EDGE('',*,*,#557,.F.);
#557 = EDGE_CURVE('',#558,#550,#560,.T.);
#558 = VERTEX_POINT('',#559);
#559 = CARTESIAN_POINT('',(1.45,0.6,6.E-02));
#560 = LINE('',#561,#562);
#561 = CARTESIAN_POINT('',(-1.495,0.6,6.E-02));
#562 = VECTOR('',#563,1.);
#563 = DIRECTION('',(-1.,0.,0.));
#564 = ORIENTED_EDGE('',*,*,#565,.F.);
#565 = EDGE_CURVE('',#566,#558,#568,.T.);
#566 = VERTEX_POINT('',#567);
#567 = CARTESIAN_POINT('',(1.45,0.8,6.E-02));
#568 = LINE('',#569,#570);
#569 = CARTESIAN_POINT('',(1.45,-0.1,6.E-02));
#570 = VECTOR('',#571,1.);
#571 = DIRECTION('',(0.,-1.,0.));
#572 = ORIENTED_EDGE('',*,*,#573,.F.);
#573 = EDGE_CURVE('',#574,#566,#576,.T.);
#574 = VERTEX_POINT('',#575);
#575 = CARTESIAN_POINT('',(-1.45,0.8,6.E-02));
#576 = LINE('',#577,#578);
#577 = CARTESIAN_POINT('',(-1.54,0.8,6.E-02));
#578 = VECTOR('',#579,1.);
#579 = DIRECTION('',(1.,0.,0.));
#580 = ORIENTED_EDGE('',*,*,#581,.F.);
#581 = EDGE_CURVE('',#582,#574,#584,.T.);
#582 = VERTEX_POINT('',#583);
#583 = CARTESIAN_POINT('',(-1.45,0.6,6.E-02));
#584 = LINE('',#585,#586);
#585 = CARTESIAN_POINT('',(-1.45,0.1,6.E-02));
#586 = VECTOR('',#587,1.);
#587 = DIRECTION('',(0.,1.,0.));
#588 = ORIENTED_EDGE('',*,*,#589,.F.);
#589 = EDGE_CURVE('',#590,#582,#592,.T.);
#590 = VERTEX_POINT('',#591);
#591 = CARTESIAN_POINT('',(-1.,0.6,6.E-02));
#592 = LINE('',#593,#594);
#593 = CARTESIAN_POINT('',(-1.495,0.6,6.E-02));
#594 = VECTOR('',#595,1.);
#595 = DIRECTION('',(-1.,0.,0.));
#596 = ORIENTED_EDGE('',*,*,#597,.F.);
#597 = EDGE_CURVE('',#598,#590,#600,.T.);
#598 = VERTEX_POINT('',#599);
#599 = CARTESIAN_POINT('',(-1.,-0.6,6.E-02));
#600 = LINE('',#601,#602);
#601 = CARTESIAN_POINT('',(-1.,-0.8,6.E-02));
#602 = VECTOR('',#603,1.);
#603 = DIRECTION('',(0.,1.,0.));
#604 = ORIENTED_EDGE('',*,*,#605,.F.);
#605 = EDGE_CURVE('',#525,#598,#606,.T.);
#606 = LINE('',#607,#608);
#607 = CARTESIAN_POINT('',(-4.5E-02,-0.6,6.E-02));
#608 = VECTOR('',#609,1.);
#609 = DIRECTION('',(1.,0.,0.));
#610 = FACE_BOUND('',#611,.F.);
#611 = EDGE_LOOP('',(#612,#622,#630));
#612 = ORIENTED_EDGE('',*,*,#613,.T.);
#613 = EDGE_CURVE('',#614,#616,#618,.T.);
#614 = VERTEX_POINT('',#615);
#615 = CARTESIAN_POINT('',(0.554256258422,0.64,6.E-02));
#616 = VERTEX_POINT('',#617);
#617 = CARTESIAN_POINT('',(0.554256258422,-0.64,6.E-02));
#618 = LINE('',#619,#620);
#619 = CARTESIAN_POINT('',(0.554256258422,0.64,6.E-02));
#620 = VECTOR('',#621,1.);
#621 = DIRECTION('',(0.,-1.,0.));
#622 = ORIENTED_EDGE('',*,*,#623,.T.);
#623 = EDGE_CURVE('',#616,#624,#626,.T.);
#624 = VERTEX_POINT('',#625);
#625 = CARTESIAN_POINT('',(-0.554256258422,0.,6.E-02));
#626 = LINE('',#627,#628);
#627 = CARTESIAN_POINT('',(0.554256258422,-0.64,6.E-02));
#628 = VECTOR('',#629,1.);
#629 = DIRECTION('',(-0.866025403784,0.5,0.));
#630 = ORIENTED_EDGE('',*,*,#631,.T.);
#631 = EDGE_CURVE('',#624,#614,#632,.T.);
#632 = LINE('',#633,#634);
#633 = CARTESIAN_POINT('',(-0.554256258422,0.,6.E-02));
#634 = VECTOR('',#635,1.);
#635 = DIRECTION('',(0.866025403784,0.5,0.));
#636 = PLANE('',#637);
#637 = AXIS2_PLACEMENT_3D('',#638,#639,#640);
#638 = CARTESIAN_POINT('',(-1.54,-0.8,6.E-02));
#639 = DIRECTION('',(0.,0.,1.));
#640 = DIRECTION('',(1.,0.,-0.));
#641 = ADVANCED_FACE('',(#642),#703,.F.);
#642 = FACE_BOUND('',#643,.F.);
#643 = EDGE_LOOP('',(#644,#654,#660,#661,#662,#663,#671,#679,#688,#696)
  );
#644 = ORIENTED_EDGE('',*,*,#645,.F.);
#645 = EDGE_CURVE('',#646,#648,#650,.T.);
#646 = VERTEX_POINT('',#647);
#647 = CARTESIAN_POINT('',(1.45,-0.8,0.));
#648 = VERTEX_POINT('',#649);
#649 = CARTESIAN_POINT('',(1.54,-0.8,-6.938893903907E-18));
#650 = LINE('',#651,#652);
#651 = CARTESIAN_POINT('',(1.,-0.8,0.));
#652 = VECTOR('',#653,1.);
#653 = DIRECTION('',(1.,0.,0.));
#654 = ORIENTED_EDGE('',*,*,#655,.F.);
#655 = EDGE_CURVE('',#267,#646,#656,.T.);
#656 = LINE('',#657,#658);
#657 = CARTESIAN_POINT('',(1.45,-0.8,0.375));
#658 = VECTOR('',#659,1.);
#659 = DIRECTION('',(0.,0.,-1.));
#660 = ORIENTED_EDGE('',*,*,#266,.T.);
#661 = ORIENTED_EDGE('',*,*,#258,.T.);
#662 = ORIENTED_EDGE('',*,*,#250,.F.);
#663 = ORIENTED_EDGE('',*,*,#664,.F.);
#664 = EDGE_CURVE('',#665,#243,#667,.T.);
#665 = VERTEX_POINT('',#666);
#666 = CARTESIAN_POINT('',(1.45,-0.8,0.5));
#667 = LINE('',#668,#669);
#668 = CARTESIAN_POINT('',(1.45,-0.8,0.375));
#669 = VECTOR('',#670,1.);
#670 = DIRECTION('',(0.,0.,-1.));
#671 = ORIENTED_EDGE('',*,*,#672,.T.);
#672 = EDGE_CURVE('',#665,#673,#675,.T.);
#673 = VERTEX_POINT('',#674);
#674 = CARTESIAN_POINT('',(1.54,-0.8,0.5));
#675 = LINE('',#676,#677);
#676 = CARTESIAN_POINT('',(1.,-0.8,0.5));
#677 = VECTOR('',#678,1.);
#678 = DIRECTION('',(1.,0.,0.));
#679 = ORIENTED_EDGE('',*,*,#680,.F.);
#680 = EDGE_CURVE('',#681,#673,#683,.T.);
#681 = VERTEX_POINT('',#682);
#682 = CARTESIAN_POINT('',(1.6,-0.8,0.44));
#683 = CIRCLE('',#684,6.E-02);
#684 = AXIS2_PLACEMENT_3D('',#685,#686,#687);
#685 = CARTESIAN_POINT('',(1.54,-0.8,0.44));
#686 = DIRECTION('',(0.,-1.,0.));
#687 = DIRECTION('',(0.,0.,1.));
#688 = ORIENTED_EDGE('',*,*,#689,.F.);
#689 = EDGE_CURVE('',#690,#681,#692,.T.);
#690 = VERTEX_POINT('',#691);
#691 = CARTESIAN_POINT('',(1.6,-0.8,6.E-02));
#692 = LINE('',#693,#694);
#693 = CARTESIAN_POINT('',(1.6,-0.8,0.));
#694 = VECTOR('',#695,1.);
#695 = DIRECTION('',(0.,0.,1.));
#696 = ORIENTED_EDGE('',*,*,#697,.T.);
#697 = EDGE_CURVE('',#690,#648,#698,.T.);
#698 = CIRCLE('',#699,6.E-02);
#699 = AXIS2_PLACEMENT_3D('',#700,#701,#702);
#700 = CARTESIAN_POINT('',(1.54,-0.8,6.E-02));
#701 = DIRECTION('',(0.,1.,0.));
#702 = DIRECTION('',(0.,-0.,1.));
#703 = PLANE('',#704);
#704 = AXIS2_PLACEMENT_3D('',#705,#706,#707);
#705 = CARTESIAN_POINT('',(1.,-0.8,0.));
#706 = DIRECTION('',(0.,1.,0.));
#707 = DIRECTION('',(0.,-0.,1.));
#708 = ADVANCED_FACE('',(#709),#727,.T.);
#709 = FACE_BOUND('',#710,.T.);
#710 = EDGE_LOOP('',(#711,#719,#720,#721));
#711 = ORIENTED_EDGE('',*,*,#712,.F.);
#712 = EDGE_CURVE('',#315,#713,#715,.T.);
#713 = VERTEX_POINT('',#714);
#714 = CARTESIAN_POINT('',(1.45,-0.6,0.44));
#715 = LINE('',#716,#717);
#716 = CARTESIAN_POINT('',(-4.5E-02,-0.6,0.44));
#717 = VECTOR('',#718,1.);
#718 = DIRECTION('',(1.,0.,0.));
#719 = ORIENTED_EDGE('',*,*,#314,.T.);
#720 = ORIENTED_EDGE('',*,*,#242,.T.);
#721 = ORIENTED_EDGE('',*,*,#722,.F.);
#722 = EDGE_CURVE('',#713,#243,#723,.T.);
#723 = LINE('',#724,#725);
#724 = CARTESIAN_POINT('',(1.45,-0.9,0.44));
#725 = VECTOR('',#726,1.);
#726 = DIRECTION('',(0.,-1.,0.));
#727 = PLANE('',#728);
#728 = AXIS2_PLACEMENT_3D('',#729,#730,#731);
#729 = CARTESIAN_POINT('',(-1.54,-0.8,0.44));
#730 = DIRECTION('',(0.,0.,1.));
#731 = DIRECTION('',(1.,0.,-0.));
#732 = ADVANCED_FACE('',(#733),#758,.T.);
#733 = FACE_BOUND('',#734,.T.);
#734 = EDGE_LOOP('',(#735,#743,#744,#752));
#735 = ORIENTED_EDGE('',*,*,#736,.F.);
#736 = EDGE_CURVE('',#331,#737,#739,.T.);
#737 = VERTEX_POINT('',#738);
#738 = CARTESIAN_POINT('',(1.45,0.8,0.44));
#739 = LINE('',#740,#741);
#740 = CARTESIAN_POINT('',(-1.54,0.8,0.44));
#741 = VECTOR('',#742,1.);
#742 = DIRECTION('',(1.,0.,0.));
#743 = ORIENTED_EDGE('',*,*,#330,.T.);
#744 = ORIENTED_EDGE('',*,*,#745,.F.);
#745 = EDGE_CURVE('',#746,#323,#748,.T.);
#746 = VERTEX_POINT('',#747);
#747 = CARTESIAN_POINT('',(1.45,0.6,0.44));
#748 = LINE('',#749,#750);
#749 = CARTESIAN_POINT('',(-1.495,0.6,0.44));
#750 = VECTOR('',#751,1.);
#751 = DIRECTION('',(-1.,0.,0.));
#752 = ORIENTED_EDGE('',*,*,#753,.F.);
#753 = EDGE_CURVE('',#737,#746,#754,.T.);
#754 = LINE('',#755,#756);
#755 = CARTESIAN_POINT('',(1.45,-0.1,0.44));
#756 = VECTOR('',#757,1.);
#757 = DIRECTION('',(0.,-1.,0.));
#758 = PLANE('',#759);
#759 = AXIS2_PLACEMENT_3D('',#760,#761,#762);
#760 = CARTESIAN_POINT('',(-1.54,-0.8,0.44));
#761 = DIRECTION('',(0.,0.,1.));
#762 = DIRECTION('',(1.,0.,-0.));
#763 = ADVANCED_FACE('',(#764),#791,.T.);
#764 = FACE_BOUND('',#765,.T.);
#765 = EDGE_LOOP('',(#766,#767,#776,#784));
#766 = ORIENTED_EDGE('',*,*,#322,.T.);
#767 = ORIENTED_EDGE('',*,*,#768,.T.);
#768 = EDGE_CURVE('',#315,#769,#771,.T.);
#769 = VERTEX_POINT('',#770);
#770 = CARTESIAN_POINT('',(1.06,-0.6,0.5));
#771 = CIRCLE('',#772,6.E-02);
#772 = AXIS2_PLACEMENT_3D('',#773,#774,#775);
#773 = CARTESIAN_POINT('',(1.06,-0.6,0.44));
#774 = DIRECTION('',(0.,1.,-0.));
#775 = DIRECTION('',(-1.,0.,0.));
#776 = ORIENTED_EDGE('',*,*,#777,.T.);
#777 = EDGE_CURVE('',#769,#778,#780,.T.);
#778 = VERTEX_POINT('',#779);
#779 = CARTESIAN_POINT('',(1.06,0.6,0.5));
#780 = LINE('',#781,#782);
#781 = CARTESIAN_POINT('',(1.06,-0.8,0.5));
#782 = VECTOR('',#783,1.);
#783 = DIRECTION('',(0.,1.,0.));
#784 = ORIENTED_EDGE('',*,*,#785,.F.);
#785 = EDGE_CURVE('',#323,#778,#786,.T.);
#786 = CIRCLE('',#787,6.E-02);
#787 = AXIS2_PLACEMENT_3D('',#788,#789,#790);
#788 = CARTESIAN_POINT('',(1.06,0.6,0.44));
#789 = DIRECTION('',(0.,1.,-0.));
#790 = DIRECTION('',(-1.,0.,0.));
#791 = CYLINDRICAL_SURFACE('',#792,6.E-02);
#792 = AXIS2_PLACEMENT_3D('',#793,#794,#795);
#793 = CARTESIAN_POINT('',(1.06,-0.8,0.44));
#794 = DIRECTION('',(0.,1.,0.));
#795 = DIRECTION('',(-1.,0.,0.));
#796 = ADVANCED_FACE('',(#797),#847,.T.);
#797 = FACE_BOUND('',#798,.T.);
#798 = EDGE_LOOP('',(#799,#807,#815,#821,#822,#823,#824,#832,#840,#846)
  );
#799 = ORIENTED_EDGE('',*,*,#800,.F.);
#800 = EDGE_CURVE('',#801,#574,#803,.T.);
#801 = VERTEX_POINT('',#802);
#802 = CARTESIAN_POINT('',(-1.54,0.8,6.E-02));
#803 = LINE('',#804,#805);
#804 = CARTESIAN_POINT('',(-1.54,0.8,6.E-02));
#805 = VECTOR('',#806,1.);
#806 = DIRECTION('',(1.,0.,0.));
#807 = ORIENTED_EDGE('',*,*,#808,.T.);
#808 = EDGE_CURVE('',#801,#809,#811,.T.);
#809 = VERTEX_POINT('',#810);
#810 = CARTESIAN_POINT('',(-1.54,0.8,0.44));
#811 = LINE('',#812,#813);
#812 = CARTESIAN_POINT('',(-1.54,0.8,6.E-02));
#813 = VECTOR('',#814,1.);
#814 = DIRECTION('',(0.,0.,1.));
#815 = ORIENTED_EDGE('',*,*,#816,.T.);
#816 = EDGE_CURVE('',#809,#353,#817,.T.);
#817 = LINE('',#818,#819);
#818 = CARTESIAN_POINT('',(-1.54,0.8,0.44));
#819 = VECTOR('',#820,1.);
#820 = DIRECTION('',(1.,0.,0.));
#821 = ORIENTED_EDGE('',*,*,#352,.T.);
#822 = ORIENTED_EDGE('',*,*,#386,.F.);
#823 = ORIENTED_EDGE('',*,*,#736,.T.);
#824 = ORIENTED_EDGE('',*,*,#825,.T.);
#825 = EDGE_CURVE('',#737,#826,#828,.T.);
#826 = VERTEX_POINT('',#827);
#827 = CARTESIAN_POINT('',(1.54,0.8,0.44));
#828 = LINE('',#829,#830);
#829 = CARTESIAN_POINT('',(-1.54,0.8,0.44));
#830 = VECTOR('',#831,1.);
#831 = DIRECTION('',(1.,0.,0.));
#832 = ORIENTED_EDGE('',*,*,#833,.F.);
#833 = EDGE_CURVE('',#834,#826,#836,.T.);
#834 = VERTEX_POINT('',#835);
#835 = CARTESIAN_POINT('',(1.54,0.8,6.E-02));
#836 = LINE('',#837,#838);
#837 = CARTESIAN_POINT('',(1.54,0.8,6.E-02));
#838 = VECTOR('',#839,1.);
#839 = DIRECTION('',(0.,0.,1.));
#840 = ORIENTED_EDGE('',*,*,#841,.F.);
#841 = EDGE_CURVE('',#566,#834,#842,.T.);
#842 = LINE('',#843,#844);
#843 = CARTESIAN_POINT('',(-1.54,0.8,6.E-02));
#844 = VECTOR('',#845,1.);
#845 = DIRECTION('',(1.,0.,0.));
#846 = ORIENTED_EDGE('',*,*,#573,.F.);
#847 = PLANE('',#848);
#848 = AXIS2_PLACEMENT_3D('',#849,#850,#851);
#849 = CARTESIAN_POINT('',(-1.54,0.8,6.E-02));
#850 = DIRECTION('',(0.,1.,0.));
#851 = DIRECTION('',(0.,-0.,1.));
#852 = ADVANCED_FACE('',(#853),#871,.F.);
#853 = FACE_BOUND('',#854,.F.);
#854 = EDGE_LOOP('',(#855,#863,#869,#870));
#855 = ORIENTED_EDGE('',*,*,#856,.F.);
#856 = EDGE_CURVE('',#857,#401,#859,.T.);
#857 = VERTEX_POINT('',#858);
#858 = CARTESIAN_POINT('',(-1.45,0.6,0.5));
#859 = LINE('',#860,#861);
#860 = CARTESIAN_POINT('',(-1.525,0.6,0.5));
#861 = VECTOR('',#862,1.);
#862 = DIRECTION('',(1.,0.,0.));
#863 = ORIENTED_EDGE('',*,*,#864,.T.);
#864 = EDGE_CURVE('',#857,#361,#865,.T.);
#865 = LINE('',#866,#867);
#866 = CARTESIAN_POINT('',(-1.45,0.6,0.75));
#867 = VECTOR('',#868,1.);
#868 = DIRECTION('',(-0.,-0.,-1.));
#869 = ORIENTED_EDGE('',*,*,#368,.F.);
#870 = ORIENTED_EDGE('',*,*,#400,.F.);
#871 = PLANE('',#872);
#872 = AXIS2_PLACEMENT_3D('',#873,#874,#875);
#873 = CARTESIAN_POINT('',(-1.45,0.6,0.75));
#874 = DIRECTION('',(0.,-1.,0.));
#875 = DIRECTION('',(1.,0.,0.));
#876 = ADVANCED_FACE('',(#877),#895,.F.);
#877 = FACE_BOUND('',#878,.F.);
#878 = EDGE_LOOP('',(#879,#880,#888,#894));
#879 = ORIENTED_EDGE('',*,*,#864,.F.);
#880 = ORIENTED_EDGE('',*,*,#881,.F.);
#881 = EDGE_CURVE('',#882,#857,#884,.T.);
#882 = VERTEX_POINT('',#883);
#883 = CARTESIAN_POINT('',(-1.45,0.8,0.5));
#884 = LINE('',#885,#886);
#885 = CARTESIAN_POINT('',(-1.45,0.1,0.5));
#886 = VECTOR('',#887,1.);
#887 = DIRECTION('',(0.,-1.,0.));
#888 = ORIENTED_EDGE('',*,*,#889,.F.);
#889 = EDGE_CURVE('',#353,#882,#890,.T.);
#890 = LINE('',#891,#892);
#891 = CARTESIAN_POINT('',(-1.45,0.8,0.375));
#892 = VECTOR('',#893,1.);
#893 = DIRECTION('',(0.,0.,1.));
#894 = ORIENTED_EDGE('',*,*,#360,.F.);
#895 = PLANE('',#896);
#896 = AXIS2_PLACEMENT_3D('',#897,#898,#899);
#897 = CARTESIAN_POINT('',(-1.45,1.,0.75));
#898 = DIRECTION('',(-1.,0.,0.));
#899 = DIRECTION('',(0.,-1.,0.));
#900 = ADVANCED_FACE('',(#901),#919,.F.);
#901 = FACE_BOUND('',#902,.F.);
#902 = EDGE_LOOP('',(#903,#911,#917,#918));
#903 = ORIENTED_EDGE('',*,*,#904,.F.);
#904 = EDGE_CURVE('',#905,#434,#907,.T.);
#905 = VERTEX_POINT('',#906);
#906 = CARTESIAN_POINT('',(-1.45,-0.6,0.5));
#907 = LINE('',#908,#909);
#908 = CARTESIAN_POINT('',(-1.45,-0.6,0.75));
#909 = VECTOR('',#910,1.);
#910 = DIRECTION('',(-0.,-0.,-1.));
#911 = ORIENTED_EDGE('',*,*,#912,.F.);
#912 = EDGE_CURVE('',#410,#905,#913,.T.);
#913 = LINE('',#914,#915);
#914 = CARTESIAN_POINT('',(-7.5E-02,-0.6,0.5));
#915 = VECTOR('',#916,1.);
#916 = DIRECTION('',(-1.,0.,0.));
#917 = ORIENTED_EDGE('',*,*,#417,.T.);
#918 = ORIENTED_EDGE('',*,*,#443,.F.);
#919 = PLANE('',#920);
#920 = AXIS2_PLACEMENT_3D('',#921,#922,#923);
#921 = CARTESIAN_POINT('',(1.45,-0.6,0.75));
#922 = DIRECTION('',(0.,1.,0.));
#923 = DIRECTION('',(-1.,0.,0.));
#924 = ADVANCED_FACE('',(#925),#952,.T.);
#925 = FACE_BOUND('',#926,.T.);
#926 = EDGE_LOOP('',(#927,#935,#941,#942,#948,#949,#950,#951));
#927 = ORIENTED_EDGE('',*,*,#928,.F.);
#928 = EDGE_CURVE('',#929,#882,#931,.T.);
#929 = VERTEX_POINT('',#930);
#930 = CARTESIAN_POINT('',(-1.54,0.8,0.5));
#931 = LINE('',#932,#933);
#932 = CARTESIAN_POINT('',(-1.6,0.8,0.5));
#933 = VECTOR('',#934,1.);
#934 = DIRECTION('',(1.,0.,0.));
#935 = ORIENTED_EDGE('',*,*,#936,.F.);
#936 = EDGE_CURVE('',#485,#929,#937,.T.);
#937 = LINE('',#938,#939);
#938 = CARTESIAN_POINT('',(-1.54,-0.8,0.5));
#939 = VECTOR('',#940,1.);
#940 = DIRECTION('',(0.,1.,0.));
#941 = ORIENTED_EDGE('',*,*,#493,.T.);
#942 = ORIENTED_EDGE('',*,*,#943,.F.);
#943 = EDGE_CURVE('',#905,#494,#944,.T.);
#944 = LINE('',#945,#946);
#945 = CARTESIAN_POINT('',(-1.45,-0.7,0.5));
#946 = VECTOR('',#947,1.);
#947 = DIRECTION('',(0.,-1.,0.));
#948 = ORIENTED_EDGE('',*,*,#912,.F.);
#949 = ORIENTED_EDGE('',*,*,#409,.T.);
#950 = ORIENTED_EDGE('',*,*,#856,.F.);
#951 = ORIENTED_EDGE('',*,*,#881,.F.);
#952 = PLANE('',#953);
#953 = AXIS2_PLACEMENT_3D('',#954,#955,#956);
#954 = CARTESIAN_POINT('',(-1.6,-0.8,0.5));
#955 = DIRECTION('',(0.,0.,1.));
#956 = DIRECTION('',(1.,0.,-0.));
#957 = ADVANCED_FACE('',(#958),#964,.F.);
#958 = FACE_BOUND('',#959,.F.);
#959 = EDGE_LOOP('',(#960,#961,#962,#963));
#960 = ORIENTED_EDGE('',*,*,#943,.F.);
#961 = ORIENTED_EDGE('',*,*,#904,.T.);
#962 = ORIENTED_EDGE('',*,*,#433,.F.);
#963 = ORIENTED_EDGE('',*,*,#501,.T.);
#964 = PLANE('',#965);
#965 = AXIS2_PLACEMENT_3D('',#966,#967,#968);
#966 = CARTESIAN_POINT('',(-1.45,-0.6,0.75));
#967 = DIRECTION('',(-1.,0.,0.));
#968 = DIRECTION('',(0.,-1.,0.));
#969 = ADVANCED_FACE('',(#970),#1027,.F.);
#970 = FACE_BOUND('',#971,.F.);
#971 = EDGE_LOOP('',(#972,#982,#988,#989,#997,#1005,#1013,#1021));
#972 = ORIENTED_EDGE('',*,*,#973,.F.);
#973 = EDGE_CURVE('',#974,#976,#978,.T.);
#974 = VERTEX_POINT('',#975);
#975 = CARTESIAN_POINT('',(-1.54,0.8,-6.938893903907E-18));
#976 = VERTEX_POINT('',#977);
#977 = CARTESIAN_POINT('',(-1.45,0.8,0.));
#978 = LINE('',#979,#980);
#979 = CARTESIAN_POINT('',(-1.6,0.8,0.));
#980 = VECTOR('',#981,1.);
#981 = DIRECTION('',(1.,0.,0.));
#982 = ORIENTED_EDGE('',*,*,#983,.F.);
#983 = EDGE_CURVE('',#458,#974,#984,.T.);
#984 = LINE('',#985,#986);
#985 = CARTESIAN_POINT('',(-1.54,-0.8,-6.938893903907E-18));
#986 = VECTOR('',#987,1.);
#987 = DIRECTION('',(0.,1.,0.));
#988 = ORIENTED_EDGE('',*,*,#457,.T.);
#989 = ORIENTED_EDGE('',*,*,#990,.F.);
#990 = EDGE_CURVE('',#991,#460,#993,.T.);
#991 = VERTEX_POINT('',#992);
#992 = CARTESIAN_POINT('',(-1.45,-0.6,0.));
#993 = LINE('',#994,#995);
#994 = CARTESIAN_POINT('',(-1.45,-0.7,0.));
#995 = VECTOR('',#996,1.);
#996 = DIRECTION('',(0.,-1.,0.));
#997 = ORIENTED_EDGE('',*,*,#998,.F.);
#998 = EDGE_CURVE('',#999,#991,#1001,.T.);
#999 = VERTEX_POINT('',#1000);
#1000 = CARTESIAN_POINT('',(-1.06,-0.6,-6.938893903907E-18));
#1001 = LINE('',#1002,#1003);
#1002 = CARTESIAN_POINT('',(-7.5E-02,-0.6,0.));
#1003 = VECTOR('',#1004,1.);
#1004 = DIRECTION('',(-1.,0.,0.));
#1005 = ORIENTED_EDGE('',*,*,#1006,.T.);
#1006 = EDGE_CURVE('',#999,#1007,#1009,.T.);
#1007 = VERTEX_POINT('',#1008);
#1008 = CARTESIAN_POINT('',(-1.06,0.6,-6.938893903907E-18));
#1009 = LINE('',#1010,#1011);
#1010 = CARTESIAN_POINT('',(-1.06,-0.8,-6.938893903907E-18));
#1011 = VECTOR('',#1012,1.);
#1012 = DIRECTION('',(0.,1.,0.));
#1013 = ORIENTED_EDGE('',*,*,#1014,.F.);
#1014 = EDGE_CURVE('',#1015,#1007,#1017,.T.);
#1015 = VERTEX_POINT('',#1016);
#1016 = CARTESIAN_POINT('',(-1.45,0.6,0.));
#1017 = LINE('',#1018,#1019);
#1018 = CARTESIAN_POINT('',(-1.525,0.6,0.));
#1019 = VECTOR('',#1020,1.);
#1020 = DIRECTION('',(1.,0.,0.));
#1021 = ORIENTED_EDGE('',*,*,#1022,.F.);
#1022 = EDGE_CURVE('',#976,#1015,#1023,.T.);
#1023 = LINE('',#1024,#1025);
#1024 = CARTESIAN_POINT('',(-1.45,0.1,0.));
#1025 = VECTOR('',#1026,1.);
#1026 = DIRECTION('',(0.,-1.,0.));
#1027 = PLANE('',#1028);
#1028 = AXIS2_PLACEMENT_3D('',#1029,#1030,#1031);
#1029 = CARTESIAN_POINT('',(-1.6,-0.8,0.));
#1030 = DIRECTION('',(0.,0.,1.));
#1031 = DIRECTION('',(1.,0.,-0.));
#1032 = ADVANCED_FACE('',(#1033),#1052,.T.);
#1033 = FACE_BOUND('',#1034,.T.);
#1034 = EDGE_LOOP('',(#1035,#1043,#1050,#1051));
#1035 = ORIENTED_EDGE('',*,*,#1036,.T.);
#1036 = EDGE_CURVE('',#468,#1037,#1039,.T.);
#1037 = VERTEX_POINT('',#1038);
#1038 = CARTESIAN_POINT('',(-1.6,0.8,6.E-02));
#1039 = LINE('',#1040,#1041);
#1040 = CARTESIAN_POINT('',(-1.6,-0.8,6.E-02));
#1041 = VECTOR('',#1042,1.);
#1042 = DIRECTION('',(0.,1.,0.));
#1043 = ORIENTED_EDGE('',*,*,#1044,.T.);
#1044 = EDGE_CURVE('',#1037,#974,#1045,.T.);
#1045 = CIRCLE('',#1046,6.E-02);
#1046 = AXIS2_PLACEMENT_3D('',#1047,#1048,#1049);
#1047 = CARTESIAN_POINT('',(-1.54,0.8,6.E-02));
#1048 = DIRECTION('',(0.,-1.,0.));
#1049 = DIRECTION('',(0.,0.,1.));
#1050 = ORIENTED_EDGE('',*,*,#983,.F.);
#1051 = ORIENTED_EDGE('',*,*,#467,.F.);
#1052 = CYLINDRICAL_SURFACE('',#1053,6.E-02);
#1053 = AXIS2_PLACEMENT_3D('',#1054,#1055,#1056);
#1054 = CARTESIAN_POINT('',(-1.54,-0.8,6.E-02));
#1055 = DIRECTION('',(0.,1.,0.));
#1056 = DIRECTION('',(-1.,0.,0.));
#1057 = ADVANCED_FACE('',(#1058),#1069,.F.);
#1058 = FACE_BOUND('',#1059,.F.);
#1059 = EDGE_LOOP('',(#1060,#1061,#1067,#1068));
#1060 = ORIENTED_EDGE('',*,*,#524,.T.);
#1061 = ORIENTED_EDGE('',*,*,#1062,.T.);
#1062 = EDGE_CURVE('',#525,#991,#1063,.T.);
#1063 = LINE('',#1064,#1065);
#1064 = CARTESIAN_POINT('',(-1.45,-0.6,0.75));
#1065 = VECTOR('',#1066,1.);
#1066 = DIRECTION('',(-0.,-0.,-1.));
#1067 = ORIENTED_EDGE('',*,*,#990,.T.);
#1068 = ORIENTED_EDGE('',*,*,#510,.T.);
#1069 = PLANE('',#1070);
#1070 = AXIS2_PLACEMENT_3D('',#1071,#1072,#1073);
#1071 = CARTESIAN_POINT('',(-1.45,-0.6,0.75));
#1072 = DIRECTION('',(-1.,0.,0.));
#1073 = DIRECTION('',(0.,-1.,0.));
#1074 = ADVANCED_FACE('',(#1075),#1093,.F.);
#1075 = FACE_BOUND('',#1076,.F.);
#1076 = EDGE_LOOP('',(#1077,#1078,#1079,#1087));
#1077 = ORIENTED_EDGE('',*,*,#476,.F.);
#1078 = ORIENTED_EDGE('',*,*,#1036,.T.);
#1079 = ORIENTED_EDGE('',*,*,#1080,.T.);
#1080 = EDGE_CURVE('',#1037,#1081,#1083,.T.);
#1081 = VERTEX_POINT('',#1082);
#1082 = CARTESIAN_POINT('',(-1.6,0.8,0.44));
#1083 = LINE('',#1084,#1085);
#1084 = CARTESIAN_POINT('',(-1.6,0.8,0.));
#1085 = VECTOR('',#1086,1.);
#1086 = DIRECTION('',(0.,0.,1.));
#1087 = ORIENTED_EDGE('',*,*,#1088,.F.);
#1088 = EDGE_CURVE('',#477,#1081,#1089,.T.);
#1089 = LINE('',#1090,#1091);
#1090 = CARTESIAN_POINT('',(-1.6,-0.8,0.44));
#1091 = VECTOR('',#1092,1.);
#1092 = DIRECTION('',(0.,1.,0.));
#1093 = PLANE('',#1094);
#1094 = AXIS2_PLACEMENT_3D('',#1095,#1096,#1097);
#1095 = CARTESIAN_POINT('',(-1.6,-0.8,0.));
#1096 = DIRECTION('',(1.,0.,0.));
#1097 = DIRECTION('',(0.,0.,1.));
#1098 = ADVANCED_FACE('',(#1099),#1111,.T.);
#1099 = FACE_BOUND('',#1100,.T.);
#1100 = EDGE_LOOP('',(#1101,#1102,#1103,#1110));
#1101 = ORIENTED_EDGE('',*,*,#484,.T.);
#1102 = ORIENTED_EDGE('',*,*,#936,.T.);
#1103 = ORIENTED_EDGE('',*,*,#1104,.F.);
#1104 = EDGE_CURVE('',#1081,#929,#1105,.T.);
#1105 = CIRCLE('',#1106,6.E-02);
#1106 = AXIS2_PLACEMENT_3D('',#1107,#1108,#1109);
#1107 = CARTESIAN_POINT('',(-1.54,0.8,0.44));
#1108 = DIRECTION('',(0.,1.,0.));
#1109 = DIRECTION('',(0.,-0.,1.));
#1110 = ORIENTED_EDGE('',*,*,#1088,.F.);
#1111 = CYLINDRICAL_SURFACE('',#1112,6.E-02);
#1112 = AXIS2_PLACEMENT_3D('',#1113,#1114,#1115);
#1113 = CARTESIAN_POINT('',(-1.54,-0.8,0.44));
#1114 = DIRECTION('',(0.,1.,0.));
#1115 = DIRECTION('',(-1.,0.,0.));
#1116 = ADVANCED_FACE('',(#1117),#1129,.F.);
#1117 = FACE_BOUND('',#1118,.F.);
#1118 = EDGE_LOOP('',(#1119,#1120,#1121,#1128));
#1119 = ORIENTED_EDGE('',*,*,#1062,.F.);
#1120 = ORIENTED_EDGE('',*,*,#605,.T.);
#1121 = ORIENTED_EDGE('',*,*,#1122,.T.);
#1122 = EDGE_CURVE('',#598,#999,#1123,.T.);
#1123 = CIRCLE('',#1124,6.E-02);
#1124 = AXIS2_PLACEMENT_3D('',#1125,#1126,#1127);
#1125 = CARTESIAN_POINT('',(-1.06,-0.6,6.E-02));
#1126 = DIRECTION('',(-0.,1.,0.));
#1127 = DIRECTION('',(1.,0.,0.));
#1128 = ORIENTED_EDGE('',*,*,#998,.T.);
#1129 = PLANE('',#1130);
#1130 = AXIS2_PLACEMENT_3D('',#1131,#1132,#1133);
#1131 = CARTESIAN_POINT('',(1.45,-0.6,0.75));
#1132 = DIRECTION('',(0.,1.,0.));
#1133 = DIRECTION('',(-1.,0.,0.));
#1134 = ADVANCED_FACE('',(#1135),#1147,.T.);
#1135 = FACE_BOUND('',#1136,.T.);
#1136 = EDGE_LOOP('',(#1137,#1138,#1139,#1140));
#1137 = ORIENTED_EDGE('',*,*,#597,.F.);
#1138 = ORIENTED_EDGE('',*,*,#1122,.T.);
#1139 = ORIENTED_EDGE('',*,*,#1006,.T.);
#1140 = ORIENTED_EDGE('',*,*,#1141,.F.);
#1141 = EDGE_CURVE('',#590,#1007,#1142,.T.);
#1142 = CIRCLE('',#1143,6.E-02);
#1143 = AXIS2_PLACEMENT_3D('',#1144,#1145,#1146);
#1144 = CARTESIAN_POINT('',(-1.06,0.6,6.E-02));
#1145 = DIRECTION('',(-0.,1.,0.));
#1146 = DIRECTION('',(1.,0.,0.));
#1147 = CYLINDRICAL_SURFACE('',#1148,6.E-02);
#1148 = AXIS2_PLACEMENT_3D('',#1149,#1150,#1151);
#1149 = CARTESIAN_POINT('',(-1.06,-0.8,6.E-02));
#1150 = DIRECTION('',(0.,1.,0.));
#1151 = DIRECTION('',(1.,0.,0.));
#1152 = ADVANCED_FACE('',(#1153),#1164,.F.);
#1153 = FACE_BOUND('',#1154,.F.);
#1154 = EDGE_LOOP('',(#1155,#1156,#1162,#1163));
#1155 = ORIENTED_EDGE('',*,*,#589,.T.);
#1156 = ORIENTED_EDGE('',*,*,#1157,.T.);
#1157 = EDGE_CURVE('',#582,#1015,#1158,.T.);
#1158 = LINE('',#1159,#1160);
#1159 = CARTESIAN_POINT('',(-1.45,0.6,0.75));
#1160 = VECTOR('',#1161,1.);
#1161 = DIRECTION('',(-0.,-0.,-1.));
#1162 = ORIENTED_EDGE('',*,*,#1014,.T.);
#1163 = ORIENTED_EDGE('',*,*,#1141,.F.);
#1164 = PLANE('',#1165);
#1165 = AXIS2_PLACEMENT_3D('',#1166,#1167,#1168);
#1166 = CARTESIAN_POINT('',(-1.45,0.6,0.75));
#1167 = DIRECTION('',(0.,-1.,0.));
#1168 = DIRECTION('',(1.,0.,0.));
#1169 = ADVANCED_FACE('',(#1170),#1181,.F.);
#1170 = FACE_BOUND('',#1171,.F.);
#1171 = EDGE_LOOP('',(#1172,#1173,#1174,#1180));
#1172 = ORIENTED_EDGE('',*,*,#1157,.F.);
#1173 = ORIENTED_EDGE('',*,*,#581,.T.);
#1174 = ORIENTED_EDGE('',*,*,#1175,.F.);
#1175 = EDGE_CURVE('',#976,#574,#1176,.T.);
#1176 = LINE('',#1177,#1178);
#1177 = CARTESIAN_POINT('',(-1.45,0.8,0.375));
#1178 = VECTOR('',#1179,1.);
#1179 = DIRECTION('',(0.,0.,1.));
#1180 = ORIENTED_EDGE('',*,*,#1022,.T.);
#1181 = PLANE('',#1182);
#1182 = AXIS2_PLACEMENT_3D('',#1183,#1184,#1185);
#1183 = CARTESIAN_POINT('',(-1.45,1.,0.75));
#1184 = DIRECTION('',(-1.,0.,0.));
#1185 = DIRECTION('',(0.,-1.,0.));
#1186 = ADVANCED_FACE('',(#1187),#1212,.F.);
#1187 = FACE_BOUND('',#1188,.F.);
#1188 = EDGE_LOOP('',(#1189,#1190,#1198,#1206));
#1189 = ORIENTED_EDGE('',*,*,#565,.T.);
#1190 = ORIENTED_EDGE('',*,*,#1191,.T.);
#1191 = EDGE_CURVE('',#558,#1192,#1194,.T.);
#1192 = VERTEX_POINT('',#1193);
#1193 = CARTESIAN_POINT('',(1.45,0.6,0.));
#1194 = LINE('',#1195,#1196);
#1195 = CARTESIAN_POINT('',(1.45,0.6,0.75));
#1196 = VECTOR('',#1197,1.);
#1197 = DIRECTION('',(-0.,-0.,-1.));
#1198 = ORIENTED_EDGE('',*,*,#1199,.T.);
#1199 = EDGE_CURVE('',#1192,#1200,#1202,.T.);
#1200 = VERTEX_POINT('',#1201);
#1201 = CARTESIAN_POINT('',(1.45,0.8,0.));
#1202 = LINE('',#1203,#1204);
#1203 = CARTESIAN_POINT('',(1.45,-0.1,0.));
#1204 = VECTOR('',#1205,1.);
#1205 = DIRECTION('',(0.,1.,0.));
#1206 = ORIENTED_EDGE('',*,*,#1207,.F.);
#1207 = EDGE_CURVE('',#566,#1200,#1208,.T.);
#1208 = LINE('',#1209,#1210);
#1209 = CARTESIAN_POINT('',(1.45,0.8,0.375));
#1210 = VECTOR('',#1211,1.);
#1211 = DIRECTION('',(0.,0.,-1.));
#1212 = PLANE('',#1213);
#1213 = AXIS2_PLACEMENT_3D('',#1214,#1215,#1216);
#1214 = CARTESIAN_POINT('',(1.45,0.6,0.75));
#1215 = DIRECTION('',(1.,0.,0.));
#1216 = DIRECTION('',(-0.,1.,0.));
#1217 = ADVANCED_FACE('',(#1218),#1237,.F.);
#1218 = FACE_BOUND('',#1219,.F.);
#1219 = EDGE_LOOP('',(#1220,#1221,#1222,#1231));
#1220 = ORIENTED_EDGE('',*,*,#1191,.F.);
#1221 = ORIENTED_EDGE('',*,*,#557,.T.);
#1222 = ORIENTED_EDGE('',*,*,#1223,.F.);
#1223 = EDGE_CURVE('',#1224,#550,#1226,.T.);
#1224 = VERTEX_POINT('',#1225);
#1225 = CARTESIAN_POINT('',(1.06,0.6,-6.938893903907E-18));
#1226 = CIRCLE('',#1227,6.E-02);
#1227 = AXIS2_PLACEMENT_3D('',#1228,#1229,#1230);
#1228 = CARTESIAN_POINT('',(1.06,0.6,6.E-02));
#1229 = DIRECTION('',(0.,1.,-0.));
#1230 = DIRECTION('',(-1.,0.,0.));
#1231 = ORIENTED_EDGE('',*,*,#1232,.T.);
#1232 = EDGE_CURVE('',#1224,#1192,#1233,.T.);
#1233 = LINE('',#1234,#1235);
#1234 = CARTESIAN_POINT('',(-0.225,0.6,0.));
#1235 = VECTOR('',#1236,1.);
#1236 = DIRECTION('',(1.,0.,0.));
#1237 = PLANE('',#1238);
#1238 = AXIS2_PLACEMENT_3D('',#1239,#1240,#1241);
#1239 = CARTESIAN_POINT('',(-1.45,0.6,0.75));
#1240 = DIRECTION('',(0.,-1.,0.));
#1241 = DIRECTION('',(1.,0.,0.));
#1242 = ADVANCED_FACE('',(#1243),#1262,.T.);
#1243 = FACE_BOUND('',#1244,.T.);
#1244 = EDGE_LOOP('',(#1245,#1246,#1254,#1261));
#1245 = ORIENTED_EDGE('',*,*,#1223,.F.);
#1246 = ORIENTED_EDGE('',*,*,#1247,.F.);
#1247 = EDGE_CURVE('',#1248,#1224,#1250,.T.);
#1248 = VERTEX_POINT('',#1249);
#1249 = CARTESIAN_POINT('',(1.06,-0.6,-6.938893903907E-18));
#1250 = LINE('',#1251,#1252);
#1251 = CARTESIAN_POINT('',(1.06,-0.8,-6.938893903907E-18));
#1252 = VECTOR('',#1253,1.);
#1253 = DIRECTION('',(0.,1.,0.));
#1254 = ORIENTED_EDGE('',*,*,#1255,.T.);
#1255 = EDGE_CURVE('',#1248,#542,#1256,.T.);
#1256 = CIRCLE('',#1257,6.E-02);
#1257 = AXIS2_PLACEMENT_3D('',#1258,#1259,#1260);
#1258 = CARTESIAN_POINT('',(1.06,-0.6,6.E-02));
#1259 = DIRECTION('',(0.,1.,-0.));
#1260 = DIRECTION('',(-1.,0.,0.));
#1261 = ORIENTED_EDGE('',*,*,#549,.T.);
#1262 = CYLINDRICAL_SURFACE('',#1263,6.E-02);
#1263 = AXIS2_PLACEMENT_3D('',#1264,#1265,#1266);
#1264 = CARTESIAN_POINT('',(1.06,-0.8,6.E-02));
#1265 = DIRECTION('',(0.,1.,0.));
#1266 = DIRECTION('',(-1.,0.,0.));
#1267 = ADVANCED_FACE('',(#1268),#1286,.F.);
#1268 = FACE_BOUND('',#1269,.F.);
#1269 = EDGE_LOOP('',(#1270,#1271,#1279,#1285));
#1270 = ORIENTED_EDGE('',*,*,#541,.T.);
#1271 = ORIENTED_EDGE('',*,*,#1272,.T.);
#1272 = EDGE_CURVE('',#534,#1273,#1275,.T.);
#1273 = VERTEX_POINT('',#1274);
#1274 = CARTESIAN_POINT('',(1.45,-0.6,0.));
#1275 = LINE('',#1276,#1277);
#1276 = CARTESIAN_POINT('',(1.45,-0.6,0.75));
#1277 = VECTOR('',#1278,1.);
#1278 = DIRECTION('',(-0.,-0.,-1.));
#1279 = ORIENTED_EDGE('',*,*,#1280,.T.);
#1280 = EDGE_CURVE('',#1273,#1248,#1281,.T.);
#1281 = LINE('',#1282,#1283);
#1282 = CARTESIAN_POINT('',(1.225,-0.6,0.));
#1283 = VECTOR('',#1284,1.);
#1284 = DIRECTION('',(-1.,0.,0.));
#1285 = ORIENTED_EDGE('',*,*,#1255,.T.);
#1286 = PLANE('',#1287);
#1287 = AXIS2_PLACEMENT_3D('',#1288,#1289,#1290);
#1288 = CARTESIAN_POINT('',(1.45,-0.6,0.75));
#1289 = DIRECTION('',(0.,1.,0.));
#1290 = DIRECTION('',(-1.,0.,0.));
#1291 = ADVANCED_FACE('',(#1292),#1303,.F.);
#1292 = FACE_BOUND('',#1293,.F.);
#1293 = EDGE_LOOP('',(#1294,#1295,#1296,#1297));
#1294 = ORIENTED_EDGE('',*,*,#1272,.F.);
#1295 = ORIENTED_EDGE('',*,*,#533,.T.);
#1296 = ORIENTED_EDGE('',*,*,#655,.T.);
#1297 = ORIENTED_EDGE('',*,*,#1298,.T.);
#1298 = EDGE_CURVE('',#646,#1273,#1299,.T.);
#1299 = LINE('',#1300,#1301);
#1300 = CARTESIAN_POINT('',(1.45,-0.9,0.));
#1301 = VECTOR('',#1302,1.);
#1302 = DIRECTION('',(0.,1.,0.));
#1303 = PLANE('',#1304);
#1304 = AXIS2_PLACEMENT_3D('',#1305,#1306,#1307);
#1305 = CARTESIAN_POINT('',(1.45,-1.,0.75));
#1306 = DIRECTION('',(1.,0.,0.));
#1307 = DIRECTION('',(-0.,1.,0.));
#1308 = ADVANCED_FACE('',(#1309),#1334,.T.);
#1309 = FACE_BOUND('',#1310,.T.);
#1310 = EDGE_LOOP('',(#1311,#1319,#1320,#1328));
#1311 = ORIENTED_EDGE('',*,*,#1312,.T.);
#1312 = EDGE_CURVE('',#1313,#614,#1315,.T.);
#1313 = VERTEX_POINT('',#1314);
#1314 = CARTESIAN_POINT('',(0.554256258422,0.64,3.E-02));
#1315 = LINE('',#1316,#1317);
#1316 = CARTESIAN_POINT('',(0.554256258422,0.64,3.E-02));
#1317 = VECTOR('',#1318,1.);
#1318 = DIRECTION('',(0.,0.,1.));
#1319 = ORIENTED_EDGE('',*,*,#613,.T.);
#1320 = ORIENTED_EDGE('',*,*,#1321,.F.);
#1321 = EDGE_CURVE('',#1322,#616,#1324,.T.);
#1322 = VERTEX_POINT('',#1323);
#1323 = CARTESIAN_POINT('',(0.554256258422,-0.64,3.E-02));
#1324 = LINE('',#1325,#1326);
#1325 = CARTESIAN_POINT('',(0.554256258422,-0.64,3.E-02));
#1326 = VECTOR('',#1327,1.);
#1327 = DIRECTION('',(0.,0.,1.));
#1328 = ORIENTED_EDGE('',*,*,#1329,.F.);
#1329 = EDGE_CURVE('',#1313,#1322,#1330,.T.);
#1330 = LINE('',#1331,#1332);
#1331 = CARTESIAN_POINT('',(0.554256258422,0.64,3.E-02));
#1332 = VECTOR('',#1333,1.);
#1333 = DIRECTION('',(0.,-1.,0.));
#1334 = PLANE('',#1335);
#1335 = AXIS2_PLACEMENT_3D('',#1336,#1337,#1338);
#1336 = CARTESIAN_POINT('',(0.554256258422,0.64,3.E-02));
#1337 = DIRECTION('',(1.,0.,0.));
#1338 = DIRECTION('',(0.,-1.,0.));
#1339 = ADVANCED_FACE('',(#1340),#1358,.T.);
#1340 = FACE_BOUND('',#1341,.T.);
#1341 = EDGE_LOOP('',(#1342,#1350,#1351,#1352));
#1342 = ORIENTED_EDGE('',*,*,#1343,.T.);
#1343 = EDGE_CURVE('',#1344,#624,#1346,.T.);
#1344 = VERTEX_POINT('',#1345);
#1345 = CARTESIAN_POINT('',(-0.554256258422,0.,3.E-02));
#1346 = LINE('',#1347,#1348);
#1347 = CARTESIAN_POINT('',(-0.554256258422,0.,3.E-02));
#1348 = VECTOR('',#1349,1.);
#1349 = DIRECTION('',(0.,0.,1.));
#1350 = ORIENTED_EDGE('',*,*,#631,.T.);
#1351 = ORIENTED_EDGE('',*,*,#1312,.F.);
#1352 = ORIENTED_EDGE('',*,*,#1353,.F.);
#1353 = EDGE_CURVE('',#1344,#1313,#1354,.T.);
#1354 = LINE('',#1355,#1356);
#1355 = CARTESIAN_POINT('',(-0.554256258422,0.,3.E-02));
#1356 = VECTOR('',#1357,1.);
#1357 = DIRECTION('',(0.866025403784,0.5,0.));
#1358 = PLANE('',#1359);
#1359 = AXIS2_PLACEMENT_3D('',#1360,#1361,#1362);
#1360 = CARTESIAN_POINT('',(-0.554256258422,0.,3.E-02));
#1361 = DIRECTION('',(-0.5,0.866025403784,0.));
#1362 = DIRECTION('',(0.866025403784,0.5,0.));
#1363 = ADVANCED_FACE('',(#1364),#1375,.T.);
#1364 = FACE_BOUND('',#1365,.T.);
#1365 = EDGE_LOOP('',(#1366,#1367,#1368,#1369));
#1366 = ORIENTED_EDGE('',*,*,#1321,.T.);
#1367 = ORIENTED_EDGE('',*,*,#623,.T.);
#1368 = ORIENTED_EDGE('',*,*,#1343,.F.);
#1369 = ORIENTED_EDGE('',*,*,#1370,.F.);
#1370 = EDGE_CURVE('',#1322,#1344,#1371,.T.);
#1371 = LINE('',#1372,#1373);
#1372 = CARTESIAN_POINT('',(0.554256258422,-0.64,3.E-02));
#1373 = VECTOR('',#1374,1.);
#1374 = DIRECTION('',(-0.866025403784,0.5,0.));
#1375 = PLANE('',#1376);
#1376 = AXIS2_PLACEMENT_3D('',#1377,#1378,#1379);
#1377 = CARTESIAN_POINT('',(0.554256258422,-0.64,3.E-02));
#1378 = DIRECTION('',(-0.5,-0.866025403784,0.));
#1379 = DIRECTION('',(-0.866025403784,0.5,0.));
#1380 = ADVANCED_FACE('',(#1381),#1403,.F.);
#1381 = FACE_BOUND('',#1382,.F.);
#1382 = EDGE_LOOP('',(#1383,#1391,#1392,#1393,#1394,#1395,#1396,#1397));
#1383 = ORIENTED_EDGE('',*,*,#1384,.F.);
#1384 = EDGE_CURVE('',#1200,#1385,#1387,.T.);
#1385 = VERTEX_POINT('',#1386);
#1386 = CARTESIAN_POINT('',(1.54,0.8,-6.938893903907E-18));
#1387 = LINE('',#1388,#1389);
#1388 = CARTESIAN_POINT('',(1.,0.8,0.));
#1389 = VECTOR('',#1390,1.);
#1390 = DIRECTION('',(1.,0.,0.));
#1391 = ORIENTED_EDGE('',*,*,#1199,.F.);
#1392 = ORIENTED_EDGE('',*,*,#1232,.F.);
#1393 = ORIENTED_EDGE('',*,*,#1247,.F.);
#1394 = ORIENTED_EDGE('',*,*,#1280,.F.);
#1395 = ORIENTED_EDGE('',*,*,#1298,.F.);
#1396 = ORIENTED_EDGE('',*,*,#645,.T.);
#1397 = ORIENTED_EDGE('',*,*,#1398,.T.);
#1398 = EDGE_CURVE('',#648,#1385,#1399,.T.);
#1399 = LINE('',#1400,#1401);
#1400 = CARTESIAN_POINT('',(1.54,-0.8,-6.938893903907E-18));
#1401 = VECTOR('',#1402,1.);
#1402 = DIRECTION('',(0.,1.,0.));
#1403 = PLANE('',#1404);
#1404 = AXIS2_PLACEMENT_3D('',#1405,#1406,#1407);
#1405 = CARTESIAN_POINT('',(1.,-0.8,0.));
#1406 = DIRECTION('',(0.,0.,1.));
#1407 = DIRECTION('',(1.,0.,-0.));
#1408 = ADVANCED_FACE('',(#1409),#1428,.T.);
#1409 = FACE_BOUND('',#1410,.T.);
#1410 = EDGE_LOOP('',(#1411,#1412,#1413,#1422));
#1411 = ORIENTED_EDGE('',*,*,#697,.T.);
#1412 = ORIENTED_EDGE('',*,*,#1398,.T.);
#1413 = ORIENTED_EDGE('',*,*,#1414,.F.);
#1414 = EDGE_CURVE('',#1415,#1385,#1417,.T.);
#1415 = VERTEX_POINT('',#1416);
#1416 = CARTESIAN_POINT('',(1.6,0.8,6.E-02));
#1417 = CIRCLE('',#1418,6.E-02);
#1418 = AXIS2_PLACEMENT_3D('',#1419,#1420,#1421);
#1419 = CARTESIAN_POINT('',(1.54,0.8,6.E-02));
#1420 = DIRECTION('',(0.,1.,0.));
#1421 = DIRECTION('',(0.,-0.,1.));
#1422 = ORIENTED_EDGE('',*,*,#1423,.F.);
#1423 = EDGE_CURVE('',#690,#1415,#1424,.T.);
#1424 = LINE('',#1425,#1426);
#1425 = CARTESIAN_POINT('',(1.6,-0.8,6.E-02));
#1426 = VECTOR('',#1427,1.);
#1427 = DIRECTION('',(0.,1.,0.));
#1428 = CYLINDRICAL_SURFACE('',#1429,6.E-02);
#1429 = AXIS2_PLACEMENT_3D('',#1430,#1431,#1432);
#1430 = CARTESIAN_POINT('',(1.54,-0.8,6.E-02));
#1431 = DIRECTION('',(0.,1.,0.));
#1432 = DIRECTION('',(1.,0.,0.));
#1433 = ADVANCED_FACE('',(#1434),#1452,.T.);
#1434 = FACE_BOUND('',#1435,.T.);
#1435 = EDGE_LOOP('',(#1436,#1437,#1438,#1446));
#1436 = ORIENTED_EDGE('',*,*,#689,.F.);
#1437 = ORIENTED_EDGE('',*,*,#1423,.T.);
#1438 = ORIENTED_EDGE('',*,*,#1439,.T.);
#1439 = EDGE_CURVE('',#1415,#1440,#1442,.T.);
#1440 = VERTEX_POINT('',#1441);
#1441 = CARTESIAN_POINT('',(1.6,0.8,0.44));
#1442 = LINE('',#1443,#1444);
#1443 = CARTESIAN_POINT('',(1.6,0.8,0.));
#1444 = VECTOR('',#1445,1.);
#1445 = DIRECTION('',(0.,0.,1.));
#1446 = ORIENTED_EDGE('',*,*,#1447,.F.);
#1447 = EDGE_CURVE('',#681,#1440,#1448,.T.);
#1448 = LINE('',#1449,#1450);
#1449 = CARTESIAN_POINT('',(1.6,-0.8,0.44));
#1450 = VECTOR('',#1451,1.);
#1451 = DIRECTION('',(0.,1.,0.));
#1452 = PLANE('',#1453);
#1453 = AXIS2_PLACEMENT_3D('',#1454,#1455,#1456);
#1454 = CARTESIAN_POINT('',(1.6,-0.8,0.));
#1455 = DIRECTION('',(1.,0.,0.));
#1456 = DIRECTION('',(0.,0.,1.));
#1457 = ADVANCED_FACE('',(#1458),#1477,.T.);
#1458 = FACE_BOUND('',#1459,.T.);
#1459 = EDGE_LOOP('',(#1460,#1461,#1470,#1476));
#1460 = ORIENTED_EDGE('',*,*,#1447,.T.);
#1461 = ORIENTED_EDGE('',*,*,#1462,.T.);
#1462 = EDGE_CURVE('',#1440,#1463,#1465,.T.);
#1463 = VERTEX_POINT('',#1464);
#1464 = CARTESIAN_POINT('',(1.54,0.8,0.5));
#1465 = CIRCLE('',#1466,6.E-02);
#1466 = AXIS2_PLACEMENT_3D('',#1467,#1468,#1469);
#1467 = CARTESIAN_POINT('',(1.54,0.8,0.44));
#1468 = DIRECTION('',(0.,-1.,0.));
#1469 = DIRECTION('',(0.,0.,1.));
#1470 = ORIENTED_EDGE('',*,*,#1471,.F.);
#1471 = EDGE_CURVE('',#673,#1463,#1472,.T.);
#1472 = LINE('',#1473,#1474);
#1473 = CARTESIAN_POINT('',(1.54,-0.8,0.5));
#1474 = VECTOR('',#1475,1.);
#1475 = DIRECTION('',(0.,1.,0.));
#1476 = ORIENTED_EDGE('',*,*,#680,.F.);
#1477 = CYLINDRICAL_SURFACE('',#1478,6.E-02);
#1478 = AXIS2_PLACEMENT_3D('',#1479,#1480,#1481);
#1479 = CARTESIAN_POINT('',(1.54,-0.8,0.44));
#1480 = DIRECTION('',(0.,1.,0.));
#1481 = DIRECTION('',(1.,0.,0.));
#1482 = ADVANCED_FACE('',(#1483),#1524,.T.);
#1483 = FACE_BOUND('',#1484,.T.);
#1484 = EDGE_LOOP('',(#1485,#1493,#1501,#1507,#1508,#1516,#1522,#1523));
#1485 = ORIENTED_EDGE('',*,*,#1486,.F.);
#1486 = EDGE_CURVE('',#1487,#1463,#1489,.T.);
#1487 = VERTEX_POINT('',#1488);
#1488 = CARTESIAN_POINT('',(1.45,0.8,0.5));
#1489 = LINE('',#1490,#1491);
#1490 = CARTESIAN_POINT('',(1.,0.8,0.5));
#1491 = VECTOR('',#1492,1.);
#1492 = DIRECTION('',(1.,0.,0.));
#1493 = ORIENTED_EDGE('',*,*,#1494,.F.);
#1494 = EDGE_CURVE('',#1495,#1487,#1497,.T.);
#1495 = VERTEX_POINT('',#1496);
#1496 = CARTESIAN_POINT('',(1.45,0.6,0.5));
#1497 = LINE('',#1498,#1499);
#1498 = CARTESIAN_POINT('',(1.45,-0.1,0.5));
#1499 = VECTOR('',#1500,1.);
#1500 = DIRECTION('',(0.,1.,0.));
#1501 = ORIENTED_EDGE('',*,*,#1502,.F.);
#1502 = EDGE_CURVE('',#778,#1495,#1503,.T.);
#1503 = LINE('',#1504,#1505);
#1504 = CARTESIAN_POINT('',(-0.225,0.6,0.5));
#1505 = VECTOR('',#1506,1.);
#1506 = DIRECTION('',(1.,0.,0.));
#1507 = ORIENTED_EDGE('',*,*,#777,.F.);
#1508 = ORIENTED_EDGE('',*,*,#1509,.F.);
#1509 = EDGE_CURVE('',#1510,#769,#1512,.T.);
#1510 = VERTEX_POINT('',#1511);
#1511 = CARTESIAN_POINT('',(1.45,-0.6,0.5));
#1512 = LINE('',#1513,#1514);
#1513 = CARTESIAN_POINT('',(1.225,-0.6,0.5));
#1514 = VECTOR('',#1515,1.);
#1515 = DIRECTION('',(-1.,0.,0.));
#1516 = ORIENTED_EDGE('',*,*,#1517,.F.);
#1517 = EDGE_CURVE('',#665,#1510,#1518,.T.);
#1518 = LINE('',#1519,#1520);
#1519 = CARTESIAN_POINT('',(1.45,-0.9,0.5));
#1520 = VECTOR('',#1521,1.);
#1521 = DIRECTION('',(0.,1.,0.));
#1522 = ORIENTED_EDGE('',*,*,#672,.T.);
#1523 = ORIENTED_EDGE('',*,*,#1471,.T.);
#1524 = PLANE('',#1525);
#1525 = AXIS2_PLACEMENT_3D('',#1526,#1527,#1528);
#1526 = CARTESIAN_POINT('',(1.,-0.8,0.5));
#1527 = DIRECTION('',(0.,0.,1.));
#1528 = DIRECTION('',(1.,0.,-0.));
#1529 = ADVANCED_FACE('',(#1530),#1541,.F.);
#1530 = FACE_BOUND('',#1531,.F.);
#1531 = EDGE_LOOP('',(#1532,#1538,#1539,#1540));
#1532 = ORIENTED_EDGE('',*,*,#1533,.F.);
#1533 = EDGE_CURVE('',#1510,#713,#1534,.T.);
#1534 = LINE('',#1535,#1536);
#1535 = CARTESIAN_POINT('',(1.45,-0.6,0.75));
#1536 = VECTOR('',#1537,1.);
#1537 = DIRECTION('',(-0.,-0.,-1.));
#1538 = ORIENTED_EDGE('',*,*,#1517,.F.);
#1539 = ORIENTED_EDGE('',*,*,#664,.T.);
#1540 = ORIENTED_EDGE('',*,*,#722,.F.);
#1541 = PLANE('',#1542);
#1542 = AXIS2_PLACEMENT_3D('',#1543,#1544,#1545);
#1543 = CARTESIAN_POINT('',(1.45,-1.,0.75));
#1544 = DIRECTION('',(1.,0.,0.));
#1545 = DIRECTION('',(-0.,1.,0.));
#1546 = ADVANCED_FACE('',(#1547),#1553,.F.);
#1547 = FACE_BOUND('',#1548,.F.);
#1548 = EDGE_LOOP('',(#1549,#1550,#1551,#1552));
#1549 = ORIENTED_EDGE('',*,*,#1509,.F.);
#1550 = ORIENTED_EDGE('',*,*,#1533,.T.);
#1551 = ORIENTED_EDGE('',*,*,#712,.F.);
#1552 = ORIENTED_EDGE('',*,*,#768,.T.);
#1553 = PLANE('',#1554);
#1554 = AXIS2_PLACEMENT_3D('',#1555,#1556,#1557);
#1555 = CARTESIAN_POINT('',(1.45,-0.6,0.75));
#1556 = DIRECTION('',(0.,1.,0.));
#1557 = DIRECTION('',(-1.,0.,0.));
#1558 = ADVANCED_FACE('',(#1559),#1575,.F.);
#1559 = FACE_BOUND('',#1560,.F.);
#1560 = EDGE_LOOP('',(#1561,#1562,#1568,#1569));
#1561 = ORIENTED_EDGE('',*,*,#1494,.F.);
#1562 = ORIENTED_EDGE('',*,*,#1563,.T.);
#1563 = EDGE_CURVE('',#1495,#746,#1564,.T.);
#1564 = LINE('',#1565,#1566);
#1565 = CARTESIAN_POINT('',(1.45,0.6,0.75));
#1566 = VECTOR('',#1567,1.);
#1567 = DIRECTION('',(-0.,-0.,-1.));
#1568 = ORIENTED_EDGE('',*,*,#753,.F.);
#1569 = ORIENTED_EDGE('',*,*,#1570,.F.);
#1570 = EDGE_CURVE('',#1487,#737,#1571,.T.);
#1571 = LINE('',#1572,#1573);
#1572 = CARTESIAN_POINT('',(1.45,0.8,0.375));
#1573 = VECTOR('',#1574,1.);
#1574 = DIRECTION('',(0.,0.,-1.));
#1575 = PLANE('',#1576);
#1576 = AXIS2_PLACEMENT_3D('',#1577,#1578,#1579);
#1577 = CARTESIAN_POINT('',(1.45,0.6,0.75));
#1578 = DIRECTION('',(1.,0.,0.));
#1579 = DIRECTION('',(-0.,1.,0.));
#1580 = ADVANCED_FACE('',(#1581),#1587,.F.);
#1581 = FACE_BOUND('',#1582,.F.);
#1582 = EDGE_LOOP('',(#1583,#1584,#1585,#1586));
#1583 = ORIENTED_EDGE('',*,*,#1563,.F.);
#1584 = ORIENTED_EDGE('',*,*,#1502,.F.);
#1585 = ORIENTED_EDGE('',*,*,#785,.F.);
#1586 = ORIENTED_EDGE('',*,*,#745,.F.);
#1587 = PLANE('',#1588);
#1588 = AXIS2_PLACEMENT_3D('',#1589,#1590,#1591);
#1589 = CARTESIAN_POINT('',(-1.45,0.6,0.75));
#1590 = DIRECTION('',(0.,-1.,0.));
#1591 = DIRECTION('',(1.,0.,0.));
#1592 = ADVANCED_FACE('',(#1593),#1605,.T.);
#1593 = FACE_BOUND('',#1594,.T.);
#1594 = EDGE_LOOP('',(#1595,#1596,#1597,#1598,#1599,#1600,#1601,#1602,
    #1603,#1604));
#1595 = ORIENTED_EDGE('',*,*,#973,.F.);
#1596 = ORIENTED_EDGE('',*,*,#1044,.F.);
#1597 = ORIENTED_EDGE('',*,*,#1080,.T.);
#1598 = ORIENTED_EDGE('',*,*,#1104,.T.);
#1599 = ORIENTED_EDGE('',*,*,#928,.T.);
#1600 = ORIENTED_EDGE('',*,*,#889,.F.);
#1601 = ORIENTED_EDGE('',*,*,#816,.F.);
#1602 = ORIENTED_EDGE('',*,*,#808,.F.);
#1603 = ORIENTED_EDGE('',*,*,#800,.T.);
#1604 = ORIENTED_EDGE('',*,*,#1175,.F.);
#1605 = PLANE('',#1606);
#1606 = AXIS2_PLACEMENT_3D('',#1607,#1608,#1609);
#1607 = CARTESIAN_POINT('',(-1.6,0.8,0.));
#1608 = DIRECTION('',(0.,1.,0.));
#1609 = DIRECTION('',(0.,-0.,1.));
#1610 = ADVANCED_FACE('',(#1611),#1623,.T.);
#1611 = FACE_BOUND('',#1612,.T.);
#1612 = EDGE_LOOP('',(#1613,#1614,#1615,#1616,#1617,#1618,#1619,#1620,
    #1621,#1622));
#1613 = ORIENTED_EDGE('',*,*,#1384,.F.);
#1614 = ORIENTED_EDGE('',*,*,#1207,.F.);
#1615 = ORIENTED_EDGE('',*,*,#841,.T.);
#1616 = ORIENTED_EDGE('',*,*,#833,.T.);
#1617 = ORIENTED_EDGE('',*,*,#825,.F.);
#1618 = ORIENTED_EDGE('',*,*,#1570,.F.);
#1619 = ORIENTED_EDGE('',*,*,#1486,.T.);
#1620 = ORIENTED_EDGE('',*,*,#1462,.F.);
#1621 = ORIENTED_EDGE('',*,*,#1439,.F.);
#1622 = ORIENTED_EDGE('',*,*,#1414,.T.);
#1623 = PLANE('',#1624);
#1624 = AXIS2_PLACEMENT_3D('',#1625,#1626,#1627);
#1625 = CARTESIAN_POINT('',(1.,0.8,0.));
#1626 = DIRECTION('',(0.,1.,0.));
#1627 = DIRECTION('',(0.,-0.,1.));
#1628 = ADVANCED_FACE('',(#1629),#1634,.T.);
#1629 = FACE_BOUND('',#1630,.T.);
#1630 = EDGE_LOOP('',(#1631,#1632,#1633));
#1631 = ORIENTED_EDGE('',*,*,#1353,.T.);
#1632 = ORIENTED_EDGE('',*,*,#1329,.T.);
#1633 = ORIENTED_EDGE('',*,*,#1370,.T.);
#1634 = PLANE('',#1635);
#1635 = AXIS2_PLACEMENT_3D('',#1636,#1637,#1638);
#1636 = CARTESIAN_POINT('',(0.184752086141,0.,3.E-02));
#1637 = DIRECTION('',(-0.,-0.,-1.));
#1638 = DIRECTION('',(-1.,0.,0.));
#1639 = ( GEOMETRIC_REPRESENTATION_CONTEXT(3) 
GLOBAL_UNCERTAINTY_ASSIGNED_CONTEXT((#1643)) 
GLOBAL_UNIT_ASSIGNED_CONTEXT((#1640,#1641,#1642)) REPRESENTATION_CONTEXT
('Context #1','3D Context with UNIT and UNCERTAINTY') );
#1640 = ( LENGTH_UNIT() NAMED_UNIT(*) SI_UNIT(.MILLI.,.METRE.) );
#1641 = ( NAMED_UNIT(*) PLANE_ANGLE_UNIT() SI_UNIT($,.RADIAN.) );
#1642 = ( NAMED_UNIT(*) SI_UNIT($,.STERADIAN.) SOLID_ANGLE_UNIT() );
#1643 = UNCERTAINTY_MEASURE_WITH_UNIT(LENGTH_MEASURE(1.E-07),#1640,
  'distance_accuracy_value','confusion accuracy');
#1644 = CONTEXT_DEPENDENT_SHAPE_REPRESENTATION(#1645,#1647);
#1645 = ( REPRESENTATION_RELATIONSHIP('','',#115,#92) 
REPRESENTATION_RELATIONSHIP_WITH_TRANSFORMATION(#1646) 
SHAPE_REPRESENTATION_RELATIONSHIP() );
#1646 = ITEM_DEFINED_TRANSFORMATION('','',#11,#93);
#1647 = PRODUCT_DEFINITION_SHAPE('Placement','Placement of an item',
  #1648);
#1648 = NEXT_ASSEMBLY_USAGE_OCCURRENCE('1','=>[0:1:1:3]','',#87,#110,$);
#1649 = PRODUCT_RELATED_PRODUCT_CATEGORY('part',$,(#112));
#1650 = SHAPE_DEFINITION_REPRESENTATION(#1651,#1657);
#1651 = PRODUCT_DEFINITION_SHAPE('','',#1652);
#1652 = PRODUCT_DEFINITION('design','',#1653,#1656);
#1653 = PRODUCT_DEFINITION_FORMATION('','',#1654);
#1654 = PRODUCT('R_0603_1608Metric','R_0603_1608Metric','',(#1655));
#1655 = PRODUCT_CONTEXT('',#2,'mechanical');
#1656 = PRODUCT_DEFINITION_CONTEXT('part definition',#2,'design');
#1657 = SHAPE_REPRESENTATION('',(#11,#1658),#1662);
#1658 = AXIS2_PLACEMENT_3D('',#1659,#1660,#1661);
#1659 = CARTESIAN_POINT('',(0.,0.,0.));
#1660 = DIRECTION('',(0.,0.,1.));
#1661 = DIRECTION('',(1.,0.,-0.));
#1662 = ( GEOMETRIC_REPRESENTATION_CONTEXT(3) 
GLOBAL_UNCERTAINTY_ASSIGNED_CONTEXT((#1666)) 
GLOBAL_UNIT_ASSIGNED_CONTEXT((#1663,#1664,#1665)) REPRESENTATION_CONTEXT
('Context #1','3D Context with UNIT and UNCERTAINTY') );
#1663 = ( LENGTH_UNIT() NAMED_UNIT(*) SI_UNIT(.MILLI.,.METRE.) );
#1664 = ( NAMED_UNIT(*) PLANE_ANGLE_UNIT() SI_UNIT($,.RADIAN.) );
#1665 = ( NAMED_UNIT(*) SI_UNIT($,.STERADIAN.) SOLID_ANGLE_UNIT() );
#1666 = UNCERTAINTY_MEASURE_WITH_UNIT(LENGTH_MEASURE(1.E-07),#1663,
  'distance_accuracy_value','confusion accuracy');
#1667 = CONTEXT_DEPENDENT_SHAPE_REPRESENTATION(#1668,#1670);
#1668 = ( REPRESENTATION_RELATIONSHIP('','',#1657,#10) 
REPRESENTATION_RELATIONSHIP_WITH_TRANSFORMATION(#1669) 
SHAPE_REPRESENTATION_RELATIONSHIP() );
#1669 = ITEM_DEFINED_TRANSFORMATION('','',#11,#19);
#1670 = PRODUCT_DEFINITION_SHAPE('Placement','Placement of an item',
  #1671);
#1671 = NEXT_ASSEMBLY_USAGE_OCCURRENCE('4','C4','',#5,#1652,$);
#1672 = PRODUCT_RELATED_PRODUCT_CATEGORY('part',$,(#1654));
#1673 = SHAPE_DEFINITION_REPRESENTATION(#1674,#1680);
#1674 = PRODUCT_DEFINITION_SHAPE('','',#1675);
#1675 = PRODUCT_DEFINITION('design','',#1676,#1679);
#1676 = PRODUCT_DEFINITION_FORMATION('','',#1677);
#1677 = PRODUCT('R_0603_1608Metric','R_0603_1608Metric','',(#1678));
#1678 = PRODUCT_CONTEXT('',#2,'mechanical');
#1679 = PRODUCT_DEFINITION_CONTEXT('part definition',#2,'design');
#1680 = ADVANCED_BREP_SHAPE_REPRESENTATION('',(#11,#1681),#2471);
#1681 = MANIFOLD_SOLID_BREP('',#1682);
#1682 = CLOSED_SHELL('',(#1683,#1723,#1806,#1831,#1856,#1923,#1940,#1957
    ,#2006,#2023,#2040,#2089,#2106,#2175,#2206,#2230,#2299,#2323,#2340,
    #2357,#2374,#2391,#2408,#2425,#2442,#2459));
#1683 = ADVANCED_FACE('',(#1684),#1718,.F.);
#1684 = FACE_BOUND('',#1685,.F.);
#1685 = EDGE_LOOP('',(#1686,#1696,#1704,#1712));
#1686 = ORIENTED_EDGE('',*,*,#1687,.F.);
#1687 = EDGE_CURVE('',#1688,#1690,#1692,.T.);
#1688 = VERTEX_POINT('',#1689);
#1689 = CARTESIAN_POINT('',(-0.8,-0.4,4.5E-02));
#1690 = VERTEX_POINT('',#1691);
#1691 = CARTESIAN_POINT('',(-0.8,-0.4,0.405));
#1692 = LINE('',#1693,#1694);
#1693 = CARTESIAN_POINT('',(-0.8,-0.4,0.));
#1694 = VECTOR('',#1695,1.);
#1695 = DIRECTION('',(0.,0.,1.));
#1696 = ORIENTED_EDGE('',*,*,#1697,.T.);
#1697 = EDGE_CURVE('',#1688,#1698,#1700,.T.);
#1698 = VERTEX_POINT('',#1699);
#1699 = CARTESIAN_POINT('',(-0.8,0.4,4.5E-02));
#1700 = LINE('',#1701,#1702);
#1701 = CARTESIAN_POINT('',(-0.8,-0.4,4.5E-02));
#1702 = VECTOR('',#1703,1.);
#1703 = DIRECTION('',(0.,1.,0.));
#1704 = ORIENTED_EDGE('',*,*,#1705,.T.);
#1705 = EDGE_CURVE('',#1698,#1706,#1708,.T.);
#1706 = VERTEX_POINT('',#1707);
#1707 = CARTESIAN_POINT('',(-0.8,0.4,0.405));
#1708 = LINE('',#1709,#1710);
#1709 = CARTESIAN_POINT('',(-0.8,0.4,0.));
#1710 = VECTOR('',#1711,1.);
#1711 = DIRECTION('',(0.,0.,1.));
#1712 = ORIENTED_EDGE('',*,*,#1713,.F.);
#1713 = EDGE_CURVE('',#1690,#1706,#1714,.T.);
#1714 = LINE('',#1715,#1716);
#1715 = CARTESIAN_POINT('',(-0.8,-0.4,0.405));
#1716 = VECTOR('',#1717,1.);
#1717 = DIRECTION('',(0.,1.,0.));
#1718 = PLANE('',#1719);
#1719 = AXIS2_PLACEMENT_3D('',#1720,#1721,#1722);
#1720 = CARTESIAN_POINT('',(-0.8,-0.4,0.));
#1721 = DIRECTION('',(1.,0.,0.));
#1722 = DIRECTION('',(0.,0.,1.));
#1723 = ADVANCED_FACE('',(#1724),#1801,.F.);
#1724 = FACE_BOUND('',#1725,.F.);
#1725 = EDGE_LOOP('',(#1726,#1736,#1743,#1744,#1753,#1761,#1770,#1778,
    #1786,#1794));
#1726 = ORIENTED_EDGE('',*,*,#1727,.F.);
#1727 = EDGE_CURVE('',#1728,#1730,#1732,.T.);
#1728 = VERTEX_POINT('',#1729);
#1729 = CARTESIAN_POINT('',(-0.755,-0.4,-2.775557561563E-17));
#1730 = VERTEX_POINT('',#1731);
#1731 = CARTESIAN_POINT('',(-0.545,-0.4,-2.775557561563E-17));
#1732 = LINE('',#1733,#1734);
#1733 = CARTESIAN_POINT('',(-0.8,-0.4,0.));
#1734 = VECTOR('',#1735,1.);
#1735 = DIRECTION('',(1.,0.,0.));
#1736 = ORIENTED_EDGE('',*,*,#1737,.F.);
#1737 = EDGE_CURVE('',#1688,#1728,#1738,.T.);
#1738 = CIRCLE('',#1739,4.5E-02);
#1739 = AXIS2_PLACEMENT_3D('',#1740,#1741,#1742);
#1740 = CARTESIAN_POINT('',(-0.755,-0.4,4.5E-02));
#1741 = DIRECTION('',(0.,-1.,0.));
#1742 = DIRECTION('',(0.,0.,1.));
#1743 = ORIENTED_EDGE('',*,*,#1687,.T.);
#1744 = ORIENTED_EDGE('',*,*,#1745,.T.);
#1745 = EDGE_CURVE('',#1690,#1746,#1748,.T.);
#1746 = VERTEX_POINT('',#1747);
#1747 = CARTESIAN_POINT('',(-0.755,-0.4,0.45));
#1748 = CIRCLE('',#1749,4.5E-02);
#1749 = AXIS2_PLACEMENT_3D('',#1750,#1751,#1752);
#1750 = CARTESIAN_POINT('',(-0.755,-0.4,0.405));
#1751 = DIRECTION('',(0.,1.,0.));
#1752 = DIRECTION('',(0.,-0.,1.));
#1753 = ORIENTED_EDGE('',*,*,#1754,.T.);
#1754 = EDGE_CURVE('',#1746,#1755,#1757,.T.);
#1755 = VERTEX_POINT('',#1756);
#1756 = CARTESIAN_POINT('',(-0.545,-0.4,0.45));
#1757 = LINE('',#1758,#1759);
#1758 = CARTESIAN_POINT('',(-0.8,-0.4,0.45));
#1759 = VECTOR('',#1760,1.);
#1760 = DIRECTION('',(1.,0.,0.));
#1761 = ORIENTED_EDGE('',*,*,#1762,.F.);
#1762 = EDGE_CURVE('',#1763,#1755,#1765,.T.);
#1763 = VERTEX_POINT('',#1764);
#1764 = CARTESIAN_POINT('',(-0.5,-0.4,0.405));
#1765 = CIRCLE('',#1766,4.5E-02);
#1766 = AXIS2_PLACEMENT_3D('',#1767,#1768,#1769);
#1767 = CARTESIAN_POINT('',(-0.545,-0.4,0.405));
#1768 = DIRECTION('',(0.,-1.,0.));
#1769 = DIRECTION('',(0.,0.,1.));
#1770 = ORIENTED_EDGE('',*,*,#1771,.F.);
#1771 = EDGE_CURVE('',#1772,#1763,#1774,.T.);
#1772 = VERTEX_POINT('',#1773);
#1773 = CARTESIAN_POINT('',(-0.755,-0.4,0.405));
#1774 = LINE('',#1775,#1776);
#1775 = CARTESIAN_POINT('',(-0.755,-0.4,0.405));
#1776 = VECTOR('',#1777,1.);
#1777 = DIRECTION('',(1.,0.,0.));
#1778 = ORIENTED_EDGE('',*,*,#1779,.F.);
#1779 = EDGE_CURVE('',#1780,#1772,#1782,.T.);
#1780 = VERTEX_POINT('',#1781);
#1781 = CARTESIAN_POINT('',(-0.755,-0.4,4.5E-02));
#1782 = LINE('',#1783,#1784);
#1783 = CARTESIAN_POINT('',(-0.755,-0.4,4.5E-02));
#1784 = VECTOR('',#1785,1.);
#1785 = DIRECTION('',(0.,0.,1.));
#1786 = ORIENTED_EDGE('',*,*,#1787,.T.);
#1787 = EDGE_CURVE('',#1780,#1788,#1790,.T.);
#1788 = VERTEX_POINT('',#1789);
#1789 = CARTESIAN_POINT('',(-0.5,-0.4,4.5E-02));
#1790 = LINE('',#1791,#1792);
#1791 = CARTESIAN_POINT('',(-0.755,-0.4,4.5E-02));
#1792 = VECTOR('',#1793,1.);
#1793 = DIRECTION('',(1.,0.,0.));
#1794 = ORIENTED_EDGE('',*,*,#1795,.T.);
#1795 = EDGE_CURVE('',#1788,#1730,#1796,.T.);
#1796 = CIRCLE('',#1797,4.5E-02);
#1797 = AXIS2_PLACEMENT_3D('',#1798,#1799,#1800);
#1798 = CARTESIAN_POINT('',(-0.545,-0.4,4.5E-02));
#1799 = DIRECTION('',(0.,1.,0.));
#1800 = DIRECTION('',(0.,-0.,1.));
#1801 = PLANE('',#1802);
#1802 = AXIS2_PLACEMENT_3D('',#1803,#1804,#1805);
#1803 = CARTESIAN_POINT('',(-0.8,-0.4,0.));
#1804 = DIRECTION('',(0.,1.,0.));
#1805 = DIRECTION('',(0.,-0.,1.));
#1806 = ADVANCED_FACE('',(#1807),#1826,.T.);
#1807 = FACE_BOUND('',#1808,.T.);
#1808 = EDGE_LOOP('',(#1809,#1810,#1819,#1825));
#1809 = ORIENTED_EDGE('',*,*,#1697,.T.);
#1810 = ORIENTED_EDGE('',*,*,#1811,.T.);
#1811 = EDGE_CURVE('',#1698,#1812,#1814,.T.);
#1812 = VERTEX_POINT('',#1813);
#1813 = CARTESIAN_POINT('',(-0.755,0.4,-2.775557561563E-17));
#1814 = CIRCLE('',#1815,4.5E-02);
#1815 = AXIS2_PLACEMENT_3D('',#1816,#1817,#1818);
#1816 = CARTESIAN_POINT('',(-0.755,0.4,4.5E-02));
#1817 = DIRECTION('',(0.,-1.,0.));
#1818 = DIRECTION('',(0.,0.,1.));
#1819 = ORIENTED_EDGE('',*,*,#1820,.F.);
#1820 = EDGE_CURVE('',#1728,#1812,#1821,.T.);
#1821 = LINE('',#1822,#1823);
#1822 = CARTESIAN_POINT('',(-0.755,-0.4,-2.775557561563E-17));
#1823 = VECTOR('',#1824,1.);
#1824 = DIRECTION('',(0.,1.,0.));
#1825 = ORIENTED_EDGE('',*,*,#1737,.F.);
#1826 = CYLINDRICAL_SURFACE('',#1827,4.5E-02);
#1827 = AXIS2_PLACEMENT_3D('',#1828,#1829,#1830);
#1828 = CARTESIAN_POINT('',(-0.755,-0.4,4.5E-02));
#1829 = DIRECTION('',(0.,1.,0.));
#1830 = DIRECTION('',(-1.,0.,0.));
#1831 = ADVANCED_FACE('',(#1832),#1851,.T.);
#1832 = FACE_BOUND('',#1833,.T.);
#1833 = EDGE_LOOP('',(#1834,#1835,#1843,#1850));
#1834 = ORIENTED_EDGE('',*,*,#1745,.T.);
#1835 = ORIENTED_EDGE('',*,*,#1836,.T.);
#1836 = EDGE_CURVE('',#1746,#1837,#1839,.T.);
#1837 = VERTEX_POINT('',#1838);
#1838 = CARTESIAN_POINT('',(-0.755,0.4,0.45));
#1839 = LINE('',#1840,#1841);
#1840 = CARTESIAN_POINT('',(-0.755,-0.4,0.45));
#1841 = VECTOR('',#1842,1.);
#1842 = DIRECTION('',(0.,1.,0.));
#1843 = ORIENTED_EDGE('',*,*,#1844,.F.);
#1844 = EDGE_CURVE('',#1706,#1837,#1845,.T.);
#1845 = CIRCLE('',#1846,4.5E-02);
#1846 = AXIS2_PLACEMENT_3D('',#1847,#1848,#1849);
#1847 = CARTESIAN_POINT('',(-0.755,0.4,0.405));
#1848 = DIRECTION('',(0.,1.,0.));
#1849 = DIRECTION('',(0.,-0.,1.));
#1850 = ORIENTED_EDGE('',*,*,#1713,.F.);
#1851 = CYLINDRICAL_SURFACE('',#1852,4.5E-02);
#1852 = AXIS2_PLACEMENT_3D('',#1853,#1854,#1855);
#1853 = CARTESIAN_POINT('',(-0.755,-0.4,0.405));
#1854 = DIRECTION('',(0.,1.,0.));
#1855 = DIRECTION('',(-1.,0.,0.));
#1856 = ADVANCED_FACE('',(#1857),#1918,.T.);
#1857 = FACE_BOUND('',#1858,.T.);
#1858 = EDGE_LOOP('',(#1859,#1867,#1868,#1869,#1870,#1878,#1887,#1895,
    #1903,#1911));
#1859 = ORIENTED_EDGE('',*,*,#1860,.F.);
#1860 = EDGE_CURVE('',#1812,#1861,#1863,.T.);
#1861 = VERTEX_POINT('',#1862);
#1862 = CARTESIAN_POINT('',(-0.545,0.4,-2.775557561563E-17));
#1863 = LINE('',#1864,#1865);
#1864 = CARTESIAN_POINT('',(-0.8,0.4,0.));
#1865 = VECTOR('',#1866,1.);
#1866 = DIRECTION('',(1.,0.,0.));
#1867 = ORIENTED_EDGE('',*,*,#1811,.F.);
#1868 = ORIENTED_EDGE('',*,*,#1705,.T.);
#1869 = ORIENTED_EDGE('',*,*,#1844,.T.);
#1870 = ORIENTED_EDGE('',*,*,#1871,.T.);
#1871 = EDGE_CURVE('',#1837,#1872,#1874,.T.);
#1872 = VERTEX_POINT('',#1873);
#1873 = CARTESIAN_POINT('',(-0.545,0.4,0.45));
#1874 = LINE('',#1875,#1876);
#1875 = CARTESIAN_POINT('',(-0.8,0.4,0.45));
#1876 = VECTOR('',#1877,1.);
#1877 = DIRECTION('',(1.,0.,0.));
#1878 = ORIENTED_EDGE('',*,*,#1879,.F.);
#1879 = EDGE_CURVE('',#1880,#1872,#1882,.T.);
#1880 = VERTEX_POINT('',#1881);
#1881 = CARTESIAN_POINT('',(-0.5,0.4,0.405));
#1882 = CIRCLE('',#1883,4.5E-02);
#1883 = AXIS2_PLACEMENT_3D('',#1884,#1885,#1886);
#1884 = CARTESIAN_POINT('',(-0.545,0.4,0.405));
#1885 = DIRECTION('',(0.,-1.,0.));
#1886 = DIRECTION('',(0.,0.,1.));
#1887 = ORIENTED_EDGE('',*,*,#1888,.F.);
#1888 = EDGE_CURVE('',#1889,#1880,#1891,.T.);
#1889 = VERTEX_POINT('',#1890);
#1890 = CARTESIAN_POINT('',(-0.755,0.4,0.405));
#1891 = LINE('',#1892,#1893);
#1892 = CARTESIAN_POINT('',(-0.755,0.4,0.405));
#1893 = VECTOR('',#1894,1.);
#1894 = DIRECTION('',(1.,0.,0.));
#1895 = ORIENTED_EDGE('',*,*,#1896,.F.);
#1896 = EDGE_CURVE('',#1897,#1889,#1899,.T.);
#1897 = VERTEX_POINT('',#1898);
#1898 = CARTESIAN_POINT('',(-0.755,0.4,4.5E-02));
#1899 = LINE('',#1900,#1901);
#1900 = CARTESIAN_POINT('',(-0.755,0.4,4.5E-02));
#1901 = VECTOR('',#1902,1.);
#1902 = DIRECTION('',(0.,0.,1.));
#1903 = ORIENTED_EDGE('',*,*,#1904,.T.);
#1904 = EDGE_CURVE('',#1897,#1905,#1907,.T.);
#1905 = VERTEX_POINT('',#1906);
#1906 = CARTESIAN_POINT('',(-0.5,0.4,4.5E-02));
#1907 = LINE('',#1908,#1909);
#1908 = CARTESIAN_POINT('',(-0.755,0.4,4.5E-02));
#1909 = VECTOR('',#1910,1.);
#1910 = DIRECTION('',(1.,0.,0.));
#1911 = ORIENTED_EDGE('',*,*,#1912,.T.);
#1912 = EDGE_CURVE('',#1905,#1861,#1913,.T.);
#1913 = CIRCLE('',#1914,4.5E-02);
#1914 = AXIS2_PLACEMENT_3D('',#1915,#1916,#1917);
#1915 = CARTESIAN_POINT('',(-0.545,0.4,4.5E-02));
#1916 = DIRECTION('',(0.,1.,0.));
#1917 = DIRECTION('',(0.,-0.,1.));
#1918 = PLANE('',#1919);
#1919 = AXIS2_PLACEMENT_3D('',#1920,#1921,#1922);
#1920 = CARTESIAN_POINT('',(-0.8,0.4,0.));
#1921 = DIRECTION('',(0.,1.,0.));
#1922 = DIRECTION('',(0.,-0.,1.));
#1923 = ADVANCED_FACE('',(#1924),#1935,.F.);
#1924 = FACE_BOUND('',#1925,.F.);
#1925 = EDGE_LOOP('',(#1926,#1927,#1928,#1929));
#1926 = ORIENTED_EDGE('',*,*,#1860,.F.);
#1927 = ORIENTED_EDGE('',*,*,#1820,.F.);
#1928 = ORIENTED_EDGE('',*,*,#1727,.T.);
#1929 = ORIENTED_EDGE('',*,*,#1930,.T.);
#1930 = EDGE_CURVE('',#1730,#1861,#1931,.T.);
#1931 = LINE('',#1932,#1933);
#1932 = CARTESIAN_POINT('',(-0.545,-0.4,-2.775557561563E-17));
#1933 = VECTOR('',#1934,1.);
#1934 = DIRECTION('',(0.,1.,0.));
#1935 = PLANE('',#1936);
#1936 = AXIS2_PLACEMENT_3D('',#1937,#1938,#1939);
#1937 = CARTESIAN_POINT('',(-0.8,-0.4,0.));
#1938 = DIRECTION('',(0.,0.,1.));
#1939 = DIRECTION('',(1.,0.,-0.));
#1940 = ADVANCED_FACE('',(#1941),#1952,.T.);
#1941 = FACE_BOUND('',#1942,.T.);
#1942 = EDGE_LOOP('',(#1943,#1944,#1945,#1946));
#1943 = ORIENTED_EDGE('',*,*,#1795,.T.);
#1944 = ORIENTED_EDGE('',*,*,#1930,.T.);
#1945 = ORIENTED_EDGE('',*,*,#1912,.F.);
#1946 = ORIENTED_EDGE('',*,*,#1947,.F.);
#1947 = EDGE_CURVE('',#1788,#1905,#1948,.T.);
#1948 = LINE('',#1949,#1950);
#1949 = CARTESIAN_POINT('',(-0.5,-0.4,4.5E-02));
#1950 = VECTOR('',#1951,1.);
#1951 = DIRECTION('',(0.,1.,0.));
#1952 = CYLINDRICAL_SURFACE('',#1953,4.5E-02);
#1953 = AXIS2_PLACEMENT_3D('',#1954,#1955,#1956);
#1954 = CARTESIAN_POINT('',(-0.545,-0.4,4.5E-02));
#1955 = DIRECTION('',(0.,1.,0.));
#1956 = DIRECTION('',(1.,0.,0.));
#1957 = ADVANCED_FACE('',(#1958),#2001,.F.);
#1958 = FACE_BOUND('',#1959,.F.);
#1959 = EDGE_LOOP('',(#1960,#1961,#1962,#1963,#1971,#1979,#1987,#1995));
#1960 = ORIENTED_EDGE('',*,*,#1787,.F.);
#1961 = ORIENTED_EDGE('',*,*,#1779,.T.);
#1962 = ORIENTED_EDGE('',*,*,#1771,.T.);
#1963 = ORIENTED_EDGE('',*,*,#1964,.T.);
#1964 = EDGE_CURVE('',#1763,#1965,#1967,.T.);
#1965 = VERTEX_POINT('',#1966);
#1966 = CARTESIAN_POINT('',(0.5,-0.4,0.405));
#1967 = LINE('',#1968,#1969);
#1968 = CARTESIAN_POINT('',(-0.5,-0.4,0.405));
#1969 = VECTOR('',#1970,1.);
#1970 = DIRECTION('',(1.,0.,0.));
#1971 = ORIENTED_EDGE('',*,*,#1972,.T.);
#1972 = EDGE_CURVE('',#1965,#1973,#1975,.T.);
#1973 = VERTEX_POINT('',#1974);
#1974 = CARTESIAN_POINT('',(0.755,-0.4,0.405));
#1975 = LINE('',#1976,#1977);
#1976 = CARTESIAN_POINT('',(-0.755,-0.4,0.405));
#1977 = VECTOR('',#1978,1.);
#1978 = DIRECTION('',(1.,0.,0.));
#1979 = ORIENTED_EDGE('',*,*,#1980,.F.);
#1980 = EDGE_CURVE('',#1981,#1973,#1983,.T.);
#1981 = VERTEX_POINT('',#1982);
#1982 = CARTESIAN_POINT('',(0.755,-0.4,4.5E-02));
#1983 = LINE('',#1984,#1985);
#1984 = CARTESIAN_POINT('',(0.755,-0.4,4.5E-02));
#1985 = VECTOR('',#1986,1.);
#1986 = DIRECTION('',(0.,0.,1.));
#1987 = ORIENTED_EDGE('',*,*,#1988,.F.);
#1988 = EDGE_CURVE('',#1989,#1981,#1991,.T.);
#1989 = VERTEX_POINT('',#1990);
#1990 = CARTESIAN_POINT('',(0.5,-0.4,4.5E-02));
#1991 = LINE('',#1992,#1993);
#1992 = CARTESIAN_POINT('',(-0.755,-0.4,4.5E-02));
#1993 = VECTOR('',#1994,1.);
#1994 = DIRECTION('',(1.,0.,0.));
#1995 = ORIENTED_EDGE('',*,*,#1996,.F.);
#1996 = EDGE_CURVE('',#1788,#1989,#1997,.T.);
#1997 = LINE('',#1998,#1999);
#1998 = CARTESIAN_POINT('',(-0.755,-0.4,4.5E-02));
#1999 = VECTOR('',#2000,1.);
#2000 = DIRECTION('',(1.,0.,0.));
#2001 = PLANE('',#2002);
#2002 = AXIS2_PLACEMENT_3D('',#2003,#2004,#2005);
#2003 = CARTESIAN_POINT('',(-0.755,-0.4,4.5E-02));
#2004 = DIRECTION('',(0.,1.,0.));
#2005 = DIRECTION('',(0.,-0.,1.));
#2006 = ADVANCED_FACE('',(#2007),#2018,.T.);
#2007 = FACE_BOUND('',#2008,.T.);
#2008 = EDGE_LOOP('',(#2009,#2010,#2011,#2012));
#2009 = ORIENTED_EDGE('',*,*,#1871,.F.);
#2010 = ORIENTED_EDGE('',*,*,#1836,.F.);
#2011 = ORIENTED_EDGE('',*,*,#1754,.T.);
#2012 = ORIENTED_EDGE('',*,*,#2013,.T.);
#2013 = EDGE_CURVE('',#1755,#1872,#2014,.T.);
#2014 = LINE('',#2015,#2016);
#2015 = CARTESIAN_POINT('',(-0.545,-0.4,0.45));
#2016 = VECTOR('',#2017,1.);
#2017 = DIRECTION('',(0.,1.,0.));
#2018 = PLANE('',#2019);
#2019 = AXIS2_PLACEMENT_3D('',#2020,#2021,#2022);
#2020 = CARTESIAN_POINT('',(-0.8,-0.4,0.45));
#2021 = DIRECTION('',(0.,0.,1.));
#2022 = DIRECTION('',(1.,0.,-0.));
#2023 = ADVANCED_FACE('',(#2024),#2035,.T.);
#2024 = FACE_BOUND('',#2025,.T.);
#2025 = EDGE_LOOP('',(#2026,#2032,#2033,#2034));
#2026 = ORIENTED_EDGE('',*,*,#2027,.T.);
#2027 = EDGE_CURVE('',#1763,#1880,#2028,.T.);
#2028 = LINE('',#2029,#2030);
#2029 = CARTESIAN_POINT('',(-0.5,-0.4,0.405));
#2030 = VECTOR('',#2031,1.);
#2031 = DIRECTION('',(0.,1.,0.));
#2032 = ORIENTED_EDGE('',*,*,#1879,.T.);
#2033 = ORIENTED_EDGE('',*,*,#2013,.F.);
#2034 = ORIENTED_EDGE('',*,*,#1762,.F.);
#2035 = CYLINDRICAL_SURFACE('',#2036,4.5E-02);
#2036 = AXIS2_PLACEMENT_3D('',#2037,#2038,#2039);
#2037 = CARTESIAN_POINT('',(-0.545,-0.4,0.405));
#2038 = DIRECTION('',(0.,1.,0.));
#2039 = DIRECTION('',(1.,0.,0.));
#2040 = ADVANCED_FACE('',(#2041),#2084,.T.);
#2041 = FACE_BOUND('',#2042,.T.);
#2042 = EDGE_LOOP('',(#2043,#2044,#2045,#2046,#2054,#2062,#2070,#2078));
#2043 = ORIENTED_EDGE('',*,*,#1904,.F.);
#2044 = ORIENTED_EDGE('',*,*,#1896,.T.);
#2045 = ORIENTED_EDGE('',*,*,#1888,.T.);
#2046 = ORIENTED_EDGE('',*,*,#2047,.T.);
#2047 = EDGE_CURVE('',#1880,#2048,#2050,.T.);
#2048 = VERTEX_POINT('',#2049);
#2049 = CARTESIAN_POINT('',(0.5,0.4,0.405));
#2050 = LINE('',#2051,#2052);
#2051 = CARTESIAN_POINT('',(-0.5,0.4,0.405));
#2052 = VECTOR('',#2053,1.);
#2053 = DIRECTION('',(1.,0.,0.));
#2054 = ORIENTED_EDGE('',*,*,#2055,.T.);
#2055 = EDGE_CURVE('',#2048,#2056,#2058,.T.);
#2056 = VERTEX_POINT('',#2057);
#2057 = CARTESIAN_POINT('',(0.755,0.4,0.405));
#2058 = LINE('',#2059,#2060);
#2059 = CARTESIAN_POINT('',(-0.755,0.4,0.405));
#2060 = VECTOR('',#2061,1.);
#2061 = DIRECTION('',(1.,0.,0.));
#2062 = ORIENTED_EDGE('',*,*,#2063,.F.);
#2063 = EDGE_CURVE('',#2064,#2056,#2066,.T.);
#2064 = VERTEX_POINT('',#2065);
#2065 = CARTESIAN_POINT('',(0.755,0.4,4.5E-02));
#2066 = LINE('',#2067,#2068);
#2067 = CARTESIAN_POINT('',(0.755,0.4,4.5E-02));
#2068 = VECTOR('',#2069,1.);
#2069 = DIRECTION('',(0.,0.,1.));
#2070 = ORIENTED_EDGE('',*,*,#2071,.F.);
#2071 = EDGE_CURVE('',#2072,#2064,#2074,.T.);
#2072 = VERTEX_POINT('',#2073);
#2073 = CARTESIAN_POINT('',(0.5,0.4,4.5E-02));
#2074 = LINE('',#2075,#2076);
#2075 = CARTESIAN_POINT('',(-0.755,0.4,4.5E-02));
#2076 = VECTOR('',#2077,1.);
#2077 = DIRECTION('',(1.,0.,0.));
#2078 = ORIENTED_EDGE('',*,*,#2079,.F.);
#2079 = EDGE_CURVE('',#1905,#2072,#2080,.T.);
#2080 = LINE('',#2081,#2082);
#2081 = CARTESIAN_POINT('',(-0.755,0.4,4.5E-02));
#2082 = VECTOR('',#2083,1.);
#2083 = DIRECTION('',(1.,0.,0.));
#2084 = PLANE('',#2085);
#2085 = AXIS2_PLACEMENT_3D('',#2086,#2087,#2088);
#2086 = CARTESIAN_POINT('',(-0.755,0.4,4.5E-02));
#2087 = DIRECTION('',(0.,1.,0.));
#2088 = DIRECTION('',(0.,-0.,1.));
#2089 = ADVANCED_FACE('',(#2090),#2101,.F.);
#2090 = FACE_BOUND('',#2091,.F.);
#2091 = EDGE_LOOP('',(#2092,#2093,#2094,#2100));
#2092 = ORIENTED_EDGE('',*,*,#1947,.F.);
#2093 = ORIENTED_EDGE('',*,*,#1996,.T.);
#2094 = ORIENTED_EDGE('',*,*,#2095,.T.);
#2095 = EDGE_CURVE('',#1989,#2072,#2096,.T.);
#2096 = LINE('',#2097,#2098);
#2097 = CARTESIAN_POINT('',(0.5,-0.4,4.5E-02));
#2098 = VECTOR('',#2099,1.);
#2099 = DIRECTION('',(0.,1.,0.));
#2100 = ORIENTED_EDGE('',*,*,#2079,.F.);
#2101 = PLANE('',#2102);
#2102 = AXIS2_PLACEMENT_3D('',#2103,#2104,#2105);
#2103 = CARTESIAN_POINT('',(-0.755,-0.4,4.5E-02));
#2104 = DIRECTION('',(0.,0.,1.));
#2105 = DIRECTION('',(1.,0.,-0.));
#2106 = ADVANCED_FACE('',(#2107),#2170,.F.);
#2107 = FACE_BOUND('',#2108,.F.);
#2108 = EDGE_LOOP('',(#2109,#2119,#2126,#2127,#2128,#2129,#2138,#2146,
    #2155,#2163));
#2109 = ORIENTED_EDGE('',*,*,#2110,.F.);
#2110 = EDGE_CURVE('',#2111,#2113,#2115,.T.);
#2111 = VERTEX_POINT('',#2112);
#2112 = CARTESIAN_POINT('',(0.545,-0.4,-2.775557561563E-17));
#2113 = VERTEX_POINT('',#2114);
#2114 = CARTESIAN_POINT('',(0.755,-0.4,-2.775557561563E-17));
#2115 = LINE('',#2116,#2117);
#2116 = CARTESIAN_POINT('',(0.5,-0.4,0.));
#2117 = VECTOR('',#2118,1.);
#2118 = DIRECTION('',(1.,0.,0.));
#2119 = ORIENTED_EDGE('',*,*,#2120,.F.);
#2120 = EDGE_CURVE('',#1989,#2111,#2121,.T.);
#2121 = CIRCLE('',#2122,4.5E-02);
#2122 = AXIS2_PLACEMENT_3D('',#2123,#2124,#2125);
#2123 = CARTESIAN_POINT('',(0.545,-0.4,4.5E-02));
#2124 = DIRECTION('',(0.,-1.,0.));
#2125 = DIRECTION('',(0.,0.,1.));
#2126 = ORIENTED_EDGE('',*,*,#1988,.T.);
#2127 = ORIENTED_EDGE('',*,*,#1980,.T.);
#2128 = ORIENTED_EDGE('',*,*,#1972,.F.);
#2129 = ORIENTED_EDGE('',*,*,#2130,.T.);
#2130 = EDGE_CURVE('',#1965,#2131,#2133,.T.);
#2131 = VERTEX_POINT('',#2132);
#2132 = CARTESIAN_POINT('',(0.545,-0.4,0.45));
#2133 = CIRCLE('',#2134,4.5E-02);
#2134 = AXIS2_PLACEMENT_3D('',#2135,#2136,#2137);
#2135 = CARTESIAN_POINT('',(0.545,-0.4,0.405));
#2136 = DIRECTION('',(0.,1.,0.));
#2137 = DIRECTION('',(0.,-0.,1.));
#2138 = ORIENTED_EDGE('',*,*,#2139,.T.);
#2139 = EDGE_CURVE('',#2131,#2140,#2142,.T.);
#2140 = VERTEX_POINT('',#2141);
#2141 = CARTESIAN_POINT('',(0.755,-0.4,0.45));
#2142 = LINE('',#2143,#2144);
#2143 = CARTESIAN_POINT('',(0.5,-0.4,0.45));
#2144 = VECTOR('',#2145,1.);
#2145 = DIRECTION('',(1.,0.,0.));
#2146 = ORIENTED_EDGE('',*,*,#2147,.F.);
#2147 = EDGE_CURVE('',#2148,#2140,#2150,.T.);
#2148 = VERTEX_POINT('',#2149);
#2149 = CARTESIAN_POINT('',(0.8,-0.4,0.405));
#2150 = CIRCLE('',#2151,4.5E-02);
#2151 = AXIS2_PLACEMENT_3D('',#2152,#2153,#2154);
#2152 = CARTESIAN_POINT('',(0.755,-0.4,0.405));
#2153 = DIRECTION('',(0.,-1.,0.));
#2154 = DIRECTION('',(0.,0.,1.));
#2155 = ORIENTED_EDGE('',*,*,#2156,.F.);
#2156 = EDGE_CURVE('',#2157,#2148,#2159,.T.);
#2157 = VERTEX_POINT('',#2158);
#2158 = CARTESIAN_POINT('',(0.8,-0.4,4.5E-02));
#2159 = LINE('',#2160,#2161);
#2160 = CARTESIAN_POINT('',(0.8,-0.4,0.));
#2161 = VECTOR('',#2162,1.);
#2162 = DIRECTION('',(0.,0.,1.));
#2163 = ORIENTED_EDGE('',*,*,#2164,.T.);
#2164 = EDGE_CURVE('',#2157,#2113,#2165,.T.);
#2165 = CIRCLE('',#2166,4.5E-02);
#2166 = AXIS2_PLACEMENT_3D('',#2167,#2168,#2169);
#2167 = CARTESIAN_POINT('',(0.755,-0.4,4.5E-02));
#2168 = DIRECTION('',(0.,1.,0.));
#2169 = DIRECTION('',(0.,-0.,1.));
#2170 = PLANE('',#2171);
#2171 = AXIS2_PLACEMENT_3D('',#2172,#2173,#2174);
#2172 = CARTESIAN_POINT('',(0.5,-0.4,0.));
#2173 = DIRECTION('',(0.,1.,0.));
#2174 = DIRECTION('',(0.,-0.,1.));
#2175 = ADVANCED_FACE('',(#2176),#2201,.F.);
#2176 = FACE_BOUND('',#2177,.F.);
#2177 = EDGE_LOOP('',(#2178,#2179,#2187,#2195));
#2178 = ORIENTED_EDGE('',*,*,#1964,.F.);
#2179 = ORIENTED_EDGE('',*,*,#2180,.T.);
#2180 = EDGE_CURVE('',#1763,#2181,#2183,.T.);
#2181 = VERTEX_POINT('',#2182);
#2182 = CARTESIAN_POINT('',(-0.5,-0.4,0.45));
#2183 = LINE('',#2184,#2185);
#2184 = CARTESIAN_POINT('',(-0.5,-0.4,0.405));
#2185 = VECTOR('',#2186,1.);
#2186 = DIRECTION('',(0.,0.,1.));
#2187 = ORIENTED_EDGE('',*,*,#2188,.T.);
#2188 = EDGE_CURVE('',#2181,#2189,#2191,.T.);
#2189 = VERTEX_POINT('',#2190);
#2190 = CARTESIAN_POINT('',(0.5,-0.4,0.45));
#2191 = LINE('',#2192,#2193);
#2192 = CARTESIAN_POINT('',(-0.5,-0.4,0.45));
#2193 = VECTOR('',#2194,1.);
#2194 = DIRECTION('',(1.,0.,0.));
#2195 = ORIENTED_EDGE('',*,*,#2196,.F.);
#2196 = EDGE_CURVE('',#1965,#2189,#2197,.T.);
#2197 = LINE('',#2198,#2199);
#2198 = CARTESIAN_POINT('',(0.5,-0.4,0.405));
#2199 = VECTOR('',#2200,1.);
#2200 = DIRECTION('',(0.,0.,1.));
#2201 = PLANE('',#2202);
#2202 = AXIS2_PLACEMENT_3D('',#2203,#2204,#2205);
#2203 = CARTESIAN_POINT('',(-0.5,-0.4,0.405));
#2204 = DIRECTION('',(0.,1.,0.));
#2205 = DIRECTION('',(0.,-0.,1.));
#2206 = ADVANCED_FACE('',(#2207),#2225,.F.);
#2207 = FACE_BOUND('',#2208,.F.);
#2208 = EDGE_LOOP('',(#2209,#2210,#2211,#2219));
#2209 = ORIENTED_EDGE('',*,*,#2180,.F.);
#2210 = ORIENTED_EDGE('',*,*,#2027,.T.);
#2211 = ORIENTED_EDGE('',*,*,#2212,.T.);
#2212 = EDGE_CURVE('',#1880,#2213,#2215,.T.);
#2213 = VERTEX_POINT('',#2214);
#2214 = CARTESIAN_POINT('',(-0.5,0.4,0.45));
#2215 = LINE('',#2216,#2217);
#2216 = CARTESIAN_POINT('',(-0.5,0.4,0.405));
#2217 = VECTOR('',#2218,1.);
#2218 = DIRECTION('',(0.,0.,1.));
#2219 = ORIENTED_EDGE('',*,*,#2220,.F.);
#2220 = EDGE_CURVE('',#2181,#2213,#2221,.T.);
#2221 = LINE('',#2222,#2223);
#2222 = CARTESIAN_POINT('',(-0.5,-0.4,0.45));
#2223 = VECTOR('',#2224,1.);
#2224 = DIRECTION('',(0.,1.,0.));
#2225 = PLANE('',#2226);
#2226 = AXIS2_PLACEMENT_3D('',#2227,#2228,#2229);
#2227 = CARTESIAN_POINT('',(-0.5,-0.4,0.405));
#2228 = DIRECTION('',(1.,0.,0.));
#2229 = DIRECTION('',(0.,0.,1.));
#2230 = ADVANCED_FACE('',(#2231),#2294,.T.);
#2231 = FACE_BOUND('',#2232,.T.);
#2232 = EDGE_LOOP('',(#2233,#2243,#2250,#2251,#2252,#2253,#2262,#2270,
    #2279,#2287));
#2233 = ORIENTED_EDGE('',*,*,#2234,.F.);
#2234 = EDGE_CURVE('',#2235,#2237,#2239,.T.);
#2235 = VERTEX_POINT('',#2236);
#2236 = CARTESIAN_POINT('',(0.545,0.4,-2.775557561563E-17));
#2237 = VERTEX_POINT('',#2238);
#2238 = CARTESIAN_POINT('',(0.755,0.4,-2.775557561563E-17));
#2239 = LINE('',#2240,#2241);
#2240 = CARTESIAN_POINT('',(0.5,0.4,0.));
#2241 = VECTOR('',#2242,1.);
#2242 = DIRECTION('',(1.,0.,0.));
#2243 = ORIENTED_EDGE('',*,*,#2244,.F.);
#2244 = EDGE_CURVE('',#2072,#2235,#2245,.T.);
#2245 = CIRCLE('',#2246,4.5E-02);
#2246 = AXIS2_PLACEMENT_3D('',#2247,#2248,#2249);
#2247 = CARTESIAN_POINT('',(0.545,0.4,4.5E-02));
#2248 = DIRECTION('',(0.,-1.,0.));
#2249 = DIRECTION('',(0.,0.,1.));
#2250 = ORIENTED_EDGE('',*,*,#2071,.T.);
#2251 = ORIENTED_EDGE('',*,*,#2063,.T.);
#2252 = ORIENTED_EDGE('',*,*,#2055,.F.);
#2253 = ORIENTED_EDGE('',*,*,#2254,.T.);
#2254 = EDGE_CURVE('',#2048,#2255,#2257,.T.);
#2255 = VERTEX_POINT('',#2256);
#2256 = CARTESIAN_POINT('',(0.545,0.4,0.45));
#2257 = CIRCLE('',#2258,4.5E-02);
#2258 = AXIS2_PLACEMENT_3D('',#2259,#2260,#2261);
#2259 = CARTESIAN_POINT('',(0.545,0.4,0.405));
#2260 = DIRECTION('',(0.,1.,0.));
#2261 = DIRECTION('',(0.,-0.,1.));
#2262 = ORIENTED_EDGE('',*,*,#2263,.T.);
#2263 = EDGE_CURVE('',#2255,#2264,#2266,.T.);
#2264 = VERTEX_POINT('',#2265);
#2265 = CARTESIAN_POINT('',(0.755,0.4,0.45));
#2266 = LINE('',#2267,#2268);
#2267 = CARTESIAN_POINT('',(0.5,0.4,0.45));
#2268 = VECTOR('',#2269,1.);
#2269 = DIRECTION('',(1.,0.,0.));
#2270 = ORIENTED_EDGE('',*,*,#2271,.F.);
#2271 = EDGE_CURVE('',#2272,#2264,#2274,.T.);
#2272 = VERTEX_POINT('',#2273);
#2273 = CARTESIAN_POINT('',(0.8,0.4,0.405));
#2274 = CIRCLE('',#2275,4.5E-02);
#2275 = AXIS2_PLACEMENT_3D('',#2276,#2277,#2278);
#2276 = CARTESIAN_POINT('',(0.755,0.4,0.405));
#2277 = DIRECTION('',(0.,-1.,0.));
#2278 = DIRECTION('',(0.,0.,1.));
#2279 = ORIENTED_EDGE('',*,*,#2280,.F.);
#2280 = EDGE_CURVE('',#2281,#2272,#2283,.T.);
#2281 = VERTEX_POINT('',#2282);
#2282 = CARTESIAN_POINT('',(0.8,0.4,4.5E-02));
#2283 = LINE('',#2284,#2285);
#2284 = CARTESIAN_POINT('',(0.8,0.4,0.));
#2285 = VECTOR('',#2286,1.);
#2286 = DIRECTION('',(0.,0.,1.));
#2287 = ORIENTED_EDGE('',*,*,#2288,.T.);
#2288 = EDGE_CURVE('',#2281,#2237,#2289,.T.);
#2289 = CIRCLE('',#2290,4.5E-02);
#2290 = AXIS2_PLACEMENT_3D('',#2291,#2292,#2293);
#2291 = CARTESIAN_POINT('',(0.755,0.4,4.5E-02));
#2292 = DIRECTION('',(0.,1.,0.));
#2293 = DIRECTION('',(0.,-0.,1.));
#2294 = PLANE('',#2295);
#2295 = AXIS2_PLACEMENT_3D('',#2296,#2297,#2298);
#2296 = CARTESIAN_POINT('',(0.5,0.4,0.));
#2297 = DIRECTION('',(0.,1.,0.));
#2298 = DIRECTION('',(0.,-0.,1.));
#2299 = ADVANCED_FACE('',(#2300),#2318,.T.);
#2300 = FACE_BOUND('',#2301,.T.);
#2301 = EDGE_LOOP('',(#2302,#2303,#2304,#2312));
#2302 = ORIENTED_EDGE('',*,*,#2047,.F.);
#2303 = ORIENTED_EDGE('',*,*,#2212,.T.);
#2304 = ORIENTED_EDGE('',*,*,#2305,.T.);
#2305 = EDGE_CURVE('',#2213,#2306,#2308,.T.);
#2306 = VERTEX_POINT('',#2307);
#2307 = CARTESIAN_POINT('',(0.5,0.4,0.45));
#2308 = LINE('',#2309,#2310);
#2309 = CARTESIAN_POINT('',(-0.5,0.4,0.45));
#2310 = VECTOR('',#2311,1.);
#2311 = DIRECTION('',(1.,0.,0.));
#2312 = ORIENTED_EDGE('',*,*,#2313,.F.);
#2313 = EDGE_CURVE('',#2048,#2306,#2314,.T.);
#2314 = LINE('',#2315,#2316);
#2315 = CARTESIAN_POINT('',(0.5,0.4,0.405));
#2316 = VECTOR('',#2317,1.);
#2317 = DIRECTION('',(0.,0.,1.));
#2318 = PLANE('',#2319);
#2319 = AXIS2_PLACEMENT_3D('',#2320,#2321,#2322);
#2320 = CARTESIAN_POINT('',(-0.5,0.4,0.405));
#2321 = DIRECTION('',(0.,1.,0.));
#2322 = DIRECTION('',(0.,-0.,1.));
#2323 = ADVANCED_FACE('',(#2324),#2335,.T.);
#2324 = FACE_BOUND('',#2325,.T.);
#2325 = EDGE_LOOP('',(#2326,#2327,#2328,#2334));
#2326 = ORIENTED_EDGE('',*,*,#2095,.T.);
#2327 = ORIENTED_EDGE('',*,*,#2244,.T.);
#2328 = ORIENTED_EDGE('',*,*,#2329,.F.);
#2329 = EDGE_CURVE('',#2111,#2235,#2330,.T.);
#2330 = LINE('',#2331,#2332);
#2331 = CARTESIAN_POINT('',(0.545,-0.4,-2.775557561563E-17));
#2332 = VECTOR('',#2333,1.);
#2333 = DIRECTION('',(0.,1.,0.));
#2334 = ORIENTED_EDGE('',*,*,#2120,.F.);
#2335 = CYLINDRICAL_SURFACE('',#2336,4.5E-02);
#2336 = AXIS2_PLACEMENT_3D('',#2337,#2338,#2339);
#2337 = CARTESIAN_POINT('',(0.545,-0.4,4.5E-02));
#2338 = DIRECTION('',(0.,1.,0.));
#2339 = DIRECTION('',(-1.,0.,0.));
#2340 = ADVANCED_FACE('',(#2341),#2352,.F.);
#2341 = FACE_BOUND('',#2342,.F.);
#2342 = EDGE_LOOP('',(#2343,#2344,#2345,#2346));
#2343 = ORIENTED_EDGE('',*,*,#2234,.F.);
#2344 = ORIENTED_EDGE('',*,*,#2329,.F.);
#2345 = ORIENTED_EDGE('',*,*,#2110,.T.);
#2346 = ORIENTED_EDGE('',*,*,#2347,.T.);
#2347 = EDGE_CURVE('',#2113,#2237,#2348,.T.);
#2348 = LINE('',#2349,#2350);
#2349 = CARTESIAN_POINT('',(0.755,-0.4,-2.775557561563E-17));
#2350 = VECTOR('',#2351,1.);
#2351 = DIRECTION('',(0.,1.,0.));
#2352 = PLANE('',#2353);
#2353 = AXIS2_PLACEMENT_3D('',#2354,#2355,#2356);
#2354 = CARTESIAN_POINT('',(0.5,-0.4,0.));
#2355 = DIRECTION('',(0.,0.,1.));
#2356 = DIRECTION('',(1.,0.,-0.));
#2357 = ADVANCED_FACE('',(#2358),#2369,.T.);
#2358 = FACE_BOUND('',#2359,.T.);
#2359 = EDGE_LOOP('',(#2360,#2361,#2362,#2363));
#2360 = ORIENTED_EDGE('',*,*,#2164,.T.);
#2361 = ORIENTED_EDGE('',*,*,#2347,.T.);
#2362 = ORIENTED_EDGE('',*,*,#2288,.F.);
#2363 = ORIENTED_EDGE('',*,*,#2364,.F.);
#2364 = EDGE_CURVE('',#2157,#2281,#2365,.T.);
#2365 = LINE('',#2366,#2367);
#2366 = CARTESIAN_POINT('',(0.8,-0.4,4.5E-02));
#2367 = VECTOR('',#2368,1.);
#2368 = DIRECTION('',(0.,1.,0.));
#2369 = CYLINDRICAL_SURFACE('',#2370,4.5E-02);
#2370 = AXIS2_PLACEMENT_3D('',#2371,#2372,#2373);
#2371 = CARTESIAN_POINT('',(0.755,-0.4,4.5E-02));
#2372 = DIRECTION('',(0.,1.,0.));
#2373 = DIRECTION('',(1.,0.,0.));
#2374 = ADVANCED_FACE('',(#2375),#2386,.T.);
#2375 = FACE_BOUND('',#2376,.T.);
#2376 = EDGE_LOOP('',(#2377,#2378,#2379,#2380));
#2377 = ORIENTED_EDGE('',*,*,#2156,.F.);
#2378 = ORIENTED_EDGE('',*,*,#2364,.T.);
#2379 = ORIENTED_EDGE('',*,*,#2280,.T.);
#2380 = ORIENTED_EDGE('',*,*,#2381,.F.);
#2381 = EDGE_CURVE('',#2148,#2272,#2382,.T.);
#2382 = LINE('',#2383,#2384);
#2383 = CARTESIAN_POINT('',(0.8,-0.4,0.405));
#2384 = VECTOR('',#2385,1.);
#2385 = DIRECTION('',(0.,1.,0.));
#2386 = PLANE('',#2387);
#2387 = AXIS2_PLACEMENT_3D('',#2388,#2389,#2390);
#2388 = CARTESIAN_POINT('',(0.8,-0.4,0.));
#2389 = DIRECTION('',(1.,0.,0.));
#2390 = DIRECTION('',(0.,0.,1.));
#2391 = ADVANCED_FACE('',(#2392),#2403,.T.);
#2392 = FACE_BOUND('',#2393,.T.);
#2393 = EDGE_LOOP('',(#2394,#2395,#2396,#2402));
#2394 = ORIENTED_EDGE('',*,*,#2381,.T.);
#2395 = ORIENTED_EDGE('',*,*,#2271,.T.);
#2396 = ORIENTED_EDGE('',*,*,#2397,.F.);
#2397 = EDGE_CURVE('',#2140,#2264,#2398,.T.);
#2398 = LINE('',#2399,#2400);
#2399 = CARTESIAN_POINT('',(0.755,-0.4,0.45));
#2400 = VECTOR('',#2401,1.);
#2401 = DIRECTION('',(0.,1.,0.));
#2402 = ORIENTED_EDGE('',*,*,#2147,.F.);
#2403 = CYLINDRICAL_SURFACE('',#2404,4.5E-02);
#2404 = AXIS2_PLACEMENT_3D('',#2405,#2406,#2407);
#2405 = CARTESIAN_POINT('',(0.755,-0.4,0.405));
#2406 = DIRECTION('',(0.,1.,0.));
#2407 = DIRECTION('',(1.,0.,0.));
#2408 = ADVANCED_FACE('',(#2409),#2420,.T.);
#2409 = FACE_BOUND('',#2410,.T.);
#2410 = EDGE_LOOP('',(#2411,#2412,#2418,#2419));
#2411 = ORIENTED_EDGE('',*,*,#2263,.F.);
#2412 = ORIENTED_EDGE('',*,*,#2413,.F.);
#2413 = EDGE_CURVE('',#2131,#2255,#2414,.T.);
#2414 = LINE('',#2415,#2416);
#2415 = CARTESIAN_POINT('',(0.545,-0.4,0.45));
#2416 = VECTOR('',#2417,1.);
#2417 = DIRECTION('',(0.,1.,0.));
#2418 = ORIENTED_EDGE('',*,*,#2139,.T.);
#2419 = ORIENTED_EDGE('',*,*,#2397,.T.);
#2420 = PLANE('',#2421);
#2421 = AXIS2_PLACEMENT_3D('',#2422,#2423,#2424);
#2422 = CARTESIAN_POINT('',(0.5,-0.4,0.45));
#2423 = DIRECTION('',(0.,0.,1.));
#2424 = DIRECTION('',(1.,0.,-0.));
#2425 = ADVANCED_FACE('',(#2426),#2437,.T.);
#2426 = FACE_BOUND('',#2427,.T.);
#2427 = EDGE_LOOP('',(#2428,#2429,#2430,#2431));
#2428 = ORIENTED_EDGE('',*,*,#2130,.T.);
#2429 = ORIENTED_EDGE('',*,*,#2413,.T.);
#2430 = ORIENTED_EDGE('',*,*,#2254,.F.);
#2431 = ORIENTED_EDGE('',*,*,#2432,.F.);
#2432 = EDGE_CURVE('',#1965,#2048,#2433,.T.);
#2433 = LINE('',#2434,#2435);
#2434 = CARTESIAN_POINT('',(0.5,-0.4,0.405));
#2435 = VECTOR('',#2436,1.);
#2436 = DIRECTION('',(0.,1.,0.));
#2437 = CYLINDRICAL_SURFACE('',#2438,4.5E-02);
#2438 = AXIS2_PLACEMENT_3D('',#2439,#2440,#2441);
#2439 = CARTESIAN_POINT('',(0.545,-0.4,0.405));
#2440 = DIRECTION('',(0.,1.,0.));
#2441 = DIRECTION('',(-1.,0.,0.));
#2442 = ADVANCED_FACE('',(#2443),#2454,.T.);
#2443 = FACE_BOUND('',#2444,.T.);
#2444 = EDGE_LOOP('',(#2445,#2446,#2447,#2448));
#2445 = ORIENTED_EDGE('',*,*,#2196,.F.);
#2446 = ORIENTED_EDGE('',*,*,#2432,.T.);
#2447 = ORIENTED_EDGE('',*,*,#2313,.T.);
#2448 = ORIENTED_EDGE('',*,*,#2449,.F.);
#2449 = EDGE_CURVE('',#2189,#2306,#2450,.T.);
#2450 = LINE('',#2451,#2452);
#2451 = CARTESIAN_POINT('',(0.5,-0.4,0.45));
#2452 = VECTOR('',#2453,1.);
#2453 = DIRECTION('',(0.,1.,0.));
#2454 = PLANE('',#2455);
#2455 = AXIS2_PLACEMENT_3D('',#2456,#2457,#2458);
#2456 = CARTESIAN_POINT('',(0.5,-0.4,0.405));
#2457 = DIRECTION('',(1.,0.,0.));
#2458 = DIRECTION('',(0.,0.,1.));
#2459 = ADVANCED_FACE('',(#2460),#2466,.T.);
#2460 = FACE_BOUND('',#2461,.T.);
#2461 = EDGE_LOOP('',(#2462,#2463,#2464,#2465));
#2462 = ORIENTED_EDGE('',*,*,#2220,.F.);
#2463 = ORIENTED_EDGE('',*,*,#2188,.T.);
#2464 = ORIENTED_EDGE('',*,*,#2449,.T.);
#2465 = ORIENTED_EDGE('',*,*,#2305,.F.);
#2466 = PLANE('',#2467);
#2467 = AXIS2_PLACEMENT_3D('',#2468,#2469,#2470);
#2468 = CARTESIAN_POINT('',(-0.5,-0.4,0.45));
#2469 = DIRECTION('',(0.,0.,1.));
#2470 = DIRECTION('',(1.,0.,-0.));
#2471 = ( GEOMETRIC_REPRESENTATION_CONTEXT(3) 
GLOBAL_UNCERTAINTY_ASSIGNED_CONTEXT((#2475)) 
GLOBAL_UNIT_ASSIGNED_CONTEXT((#2472,#2473,#2474)) REPRESENTATION_CONTEXT
('Context #1','3D Context with UNIT and UNCERTAINTY') );
#2472 = ( LENGTH_UNIT() NAMED_UNIT(*) SI_UNIT(.MILLI.,.METRE.) );
#2473 = ( NAMED_UNIT(*) PLANE_ANGLE_UNIT() SI_UNIT($,.RADIAN.) );
#2474 = ( NAMED_UNIT(*) SI_UNIT($,.STERADIAN.) SOLID_ANGLE_UNIT() );
#2475 = UNCERTAINTY_MEASURE_WITH_UNIT(LENGTH_MEASURE(1.E-07),#2472,
  'distance_accuracy_value','confusion accuracy');
#2476 = CONTEXT_DEPENDENT_SHAPE_REPRESENTATION(#2477,#2479);
#2477 = ( REPRESENTATION_RELATIONSHIP('','',#1680,#1657) 
REPRESENTATION_RELATIONSHIP_WITH_TRANSFORMATION(#2478) 
SHAPE_REPRESENTATION_RELATIONSHIP() );
#2478 = ITEM_DEFINED_TRANSFORMATION('','',#11,#1658);
#2479 = PRODUCT_DEFINITION_SHAPE('Placement','Placement of an item',
  #2480);
#2480 = NEXT_ASSEMBLY_USAGE_OCCURRENCE('3','=>[0:1:1:5]','',#1652,#1675,
  $);
#2481 = PRODUCT_RELATED_PRODUCT_CATEGORY('part',$,(#1677));
#2482 = SHAPE_DEFINITION_REPRESENTATION(#2483,#2489);
#2483 = PRODUCT_DEFINITION_SHAPE('','',#2484);
#2484 = PRODUCT_DEFINITION('design','',#2485,#2488);
#2485 = PRODUCT_DEFINITION_FORMATION('','',#2486);
#2486 = PRODUCT('D_SOD-523','D_SOD-523','',(#2487));
#2487 = PRODUCT_CONTEXT('',#2,'mechanical');
#2488 = PRODUCT_DEFINITION_CONTEXT('part definition',#2,'design');
#2489 = SHAPE_REPRESENTATION('',(#11,#2490),#2494);
#2490 = AXIS2_PLACEMENT_3D('',#2491,#2492,#2493);
#2491 = CARTESIAN_POINT('',(0.,0.,0.));
#2492 = DIRECTION('',(0.,0.,1.));
#2493 = DIRECTION('',(1.,0.,-0.));
#2494 = ( GEOMETRIC_REPRESENTATION_CONTEXT(3) 
GLOBAL_UNCERTAINTY_ASSIGNED_CONTEXT((#2498)) 
GLOBAL_UNIT_ASSIGNED_CONTEXT((#2495,#2496,#2497)) REPRESENTATION_CONTEXT
('Context #1','3D Context with UNIT and UNCERTAINTY') );
#2495 = ( LENGTH_UNIT() NAMED_UNIT(*) SI_UNIT(.MILLI.,.METRE.) );
#2496 = ( NAMED_UNIT(*) PLANE_ANGLE_UNIT() SI_UNIT($,.RADIAN.) );
#2497 = ( NAMED_UNIT(*) SI_UNIT($,.STERADIAN.) SOLID_ANGLE_UNIT() );
#2498 = UNCERTAINTY_MEASURE_WITH_UNIT(LENGTH_MEASURE(1.E-07),#2495,
  'distance_accuracy_value','confusion accuracy');
#2499 = CONTEXT_DEPENDENT_SHAPE_REPRESENTATION(#2500,#2502);
#2500 = ( REPRESENTATION_RELATIONSHIP('','',#2489,#10) 
REPRESENTATION_RELATIONSHIP_WITH_TRANSFORMATION(#2501) 
SHAPE_REPRESENTATION_RELATIONSHIP() );
#2501 = ITEM_DEFINED_TRANSFORMATION('','',#11,#23);
#2502 = PRODUCT_DEFINITION_SHAPE('Placement','Placement of an item',
  #2503);
#2503 = NEXT_ASSEMBLY_USAGE_OCCURRENCE('6','D1','',#5,#2484,$);
#2504 = PRODUCT_RELATED_PRODUCT_CATEGORY('part',$,(#2486));
#2505 = SHAPE_DEFINITION_REPRESENTATION(#2506,#2512);
#2506 = PRODUCT_DEFINITION_SHAPE('','',#2507);
#2507 = PRODUCT_DEFINITION('design','',#2508,#2511);
#2508 = PRODUCT_DEFINITION_FORMATION('','',#2509);
#2509 = PRODUCT('D_SOD_523','D_SOD_523','',(#2510));
#2510 = PRODUCT_CONTEXT('',#2,'mechanical');
#2511 = PRODUCT_DEFINITION_CONTEXT('part definition',#2,'design');
#2512 = ADVANCED_BREP_SHAPE_REPRESENTATION('',(#11,#2513),#3233);
#2513 = MANIFOLD_SOLID_BREP('',#2514);
#2514 = CLOSED_SHELL('',(#2515,#2555,#2590,#2614,#2642,#2659,#2689,#2727
    ,#2750,#2799,#2822,#2845,#2903,#2926,#2942,#2970,#3001,#3029,#3048,
    #3079,#3103,#3127,#3144,#3168,#3192,#3209,#3221));
#2515 = ADVANCED_FACE('',(#2516),#2550,.T.);
#2516 = FACE_BOUND('',#2517,.T.);
#2517 = EDGE_LOOP('',(#2518,#2528,#2536,#2544));
#2518 = ORIENTED_EDGE('',*,*,#2519,.F.);
#2519 = EDGE_CURVE('',#2520,#2522,#2524,.T.);
#2520 = VERTEX_POINT('',#2521);
#2521 = CARTESIAN_POINT('',(0.8,-0.15,0.));
#2522 = VERTEX_POINT('',#2523);
#2523 = CARTESIAN_POINT('',(0.8,-0.15,0.14));
#2524 = LINE('',#2525,#2526);
#2525 = CARTESIAN_POINT('',(0.8,-0.15,0.));
#2526 = VECTOR('',#2527,1.);
#2527 = DIRECTION('',(0.,0.,1.));
#2528 = ORIENTED_EDGE('',*,*,#2529,.T.);
#2529 = EDGE_CURVE('',#2520,#2530,#2532,.T.);
#2530 = VERTEX_POINT('',#2531);
#2531 = CARTESIAN_POINT('',(0.8,0.15,0.));
#2532 = LINE('',#2533,#2534);
#2533 = CARTESIAN_POINT('',(0.8,-0.15,0.));
#2534 = VECTOR('',#2535,1.);
#2535 = DIRECTION('',(3.330669073875E-16,1.,0.));
#2536 = ORIENTED_EDGE('',*,*,#2537,.T.);
#2537 = EDGE_CURVE('',#2530,#2538,#2540,.T.);
#2538 = VERTEX_POINT('',#2539);
#2539 = CARTESIAN_POINT('',(0.8,0.15,0.14));
#2540 = LINE('',#2541,#2542);
#2541 = CARTESIAN_POINT('',(0.8,0.15,0.));
#2542 = VECTOR('',#2543,1.);
#2543 = DIRECTION('',(0.,0.,1.));
#2544 = ORIENTED_EDGE('',*,*,#2545,.F.);
#2545 = EDGE_CURVE('',#2522,#2538,#2546,.T.);
#2546 = LINE('',#2547,#2548);
#2547 = CARTESIAN_POINT('',(0.8,-0.15,0.14));
#2548 = VECTOR('',#2549,1.);
#2549 = DIRECTION('',(3.330669073875E-16,1.,0.));
#2550 = PLANE('',#2551);
#2551 = AXIS2_PLACEMENT_3D('',#2552,#2553,#2554);
#2552 = CARTESIAN_POINT('',(0.8,-0.15,0.));
#2553 = DIRECTION('',(1.,-3.330669073875E-16,0.));
#2554 = DIRECTION('',(0.,0.,1.));
#2555 = ADVANCED_FACE('',(#2556),#2585,.F.);
#2556 = FACE_BOUND('',#2557,.F.);
#2557 = EDGE_LOOP('',(#2558,#2566,#2578,#2584));
#2558 = ORIENTED_EDGE('',*,*,#2559,.F.);
#2559 = EDGE_CURVE('',#2560,#2520,#2562,.T.);
#2560 = VERTEX_POINT('',#2561);
#2561 = CARTESIAN_POINT('',(0.590210246328,-0.15,0.));
#2562 = LINE('',#2563,#2564);
#2563 = CARTESIAN_POINT('',(0.590210246328,-0.15,0.));
#2564 = VECTOR('',#2565,1.);
#2565 = DIRECTION('',(1.,-3.330669073875E-16,0.));
#2566 = ORIENTED_EDGE('',*,*,#2567,.T.);
#2567 = EDGE_CURVE('',#2560,#2568,#2570,.T.);
#2568 = VERTEX_POINT('',#2569);
#2569 = CARTESIAN_POINT('',(0.6,-0.15,0.14));
#2570 = B_SPLINE_CURVE_WITH_KNOTS('',6,(#2571,#2572,#2573,#2574,#2575,
    #2576,#2577),.UNSPECIFIED.,.F.,.F.,(7,7),(0.,1.),
  .PIECEWISE_BEZIER_KNOTS.);
#2571 = CARTESIAN_POINT('',(0.590210246328,-0.15,0.));
#2572 = CARTESIAN_POINT('',(0.592052839095,-0.15,2.635030420451E-02));
#2573 = CARTESIAN_POINT('',(0.593440858671,-0.15,4.619990891917E-02));
#2574 = CARTESIAN_POINT('',(0.595069169764,-0.15,6.948584243309E-02));
#2575 = CARTESIAN_POINT('',(0.597095662504,-0.15,9.84660387753E-02));
#2576 = CARTESIAN_POINT('',(0.599092991412,-0.15,0.127029172887));
#2577 = CARTESIAN_POINT('',(0.6,-0.15,0.14));
#2578 = ORIENTED_EDGE('',*,*,#2579,.T.);
#2579 = EDGE_CURVE('',#2568,#2522,#2580,.T.);
#2580 = LINE('',#2581,#2582);
#2581 = CARTESIAN_POINT('',(0.590210246328,-0.15,0.14));
#2582 = VECTOR('',#2583,1.);
#2583 = DIRECTION('',(1.,-3.330669073875E-16,0.));
#2584 = ORIENTED_EDGE('',*,*,#2519,.F.);
#2585 = PLANE('',#2586);
#2586 = AXIS2_PLACEMENT_3D('',#2587,#2588,#2589);
#2587 = CARTESIAN_POINT('',(0.590210246328,-0.15,0.));
#2588 = DIRECTION('',(3.330669073875E-16,1.,0.));
#2589 = DIRECTION('',(0.,-0.,1.));
#2590 = ADVANCED_FACE('',(#2591),#2609,.T.);
#2591 = FACE_BOUND('',#2592,.T.);
#2592 = EDGE_LOOP('',(#2593,#2601,#2602,#2603));
#2593 = ORIENTED_EDGE('',*,*,#2594,.F.);
#2594 = EDGE_CURVE('',#2568,#2595,#2597,.T.);
#2595 = VERTEX_POINT('',#2596);
#2596 = CARTESIAN_POINT('',(0.6,0.15,0.14));
#2597 = LINE('',#2598,#2599);
#2598 = CARTESIAN_POINT('',(0.6,-0.4,0.14));
#2599 = VECTOR('',#2600,1.);
#2600 = DIRECTION('',(0.,1.,0.));
#2601 = ORIENTED_EDGE('',*,*,#2579,.T.);
#2602 = ORIENTED_EDGE('',*,*,#2545,.T.);
#2603 = ORIENTED_EDGE('',*,*,#2604,.F.);
#2604 = EDGE_CURVE('',#2595,#2538,#2605,.T.);
#2605 = LINE('',#2606,#2607);
#2606 = CARTESIAN_POINT('',(0.590210246328,0.15,0.14));
#2607 = VECTOR('',#2608,1.);
#2608 = DIRECTION('',(1.,-3.330669073875E-16,0.));
#2609 = PLANE('',#2610);
#2610 = AXIS2_PLACEMENT_3D('',#2611,#2612,#2613);
#2611 = CARTESIAN_POINT('',(0.590210246328,-0.15,0.14));
#2612 = DIRECTION('',(0.,0.,1.));
#2613 = DIRECTION('',(1.,-3.330669073875E-16,0.));
#2614 = ADVANCED_FACE('',(#2615),#2637,.T.);
#2615 = FACE_BOUND('',#2616,.T.);
#2616 = EDGE_LOOP('',(#2617,#2625,#2635,#2636));
#2617 = ORIENTED_EDGE('',*,*,#2618,.F.);
#2618 = EDGE_CURVE('',#2619,#2530,#2621,.T.);
#2619 = VERTEX_POINT('',#2620);
#2620 = CARTESIAN_POINT('',(0.590210246328,0.15,0.));
#2621 = LINE('',#2622,#2623);
#2622 = CARTESIAN_POINT('',(0.590210246328,0.15,0.));
#2623 = VECTOR('',#2624,1.);
#2624 = DIRECTION('',(1.,-3.330669073875E-16,0.));
#2625 = ORIENTED_EDGE('',*,*,#2626,.T.);
#2626 = EDGE_CURVE('',#2619,#2595,#2627,.T.);
#2627 = B_SPLINE_CURVE_WITH_KNOTS('',6,(#2628,#2629,#2630,#2631,#2632,
    #2633,#2634),.UNSPECIFIED.,.F.,.F.,(7,7),(0.,1.),
  .PIECEWISE_BEZIER_KNOTS.);
#2628 = CARTESIAN_POINT('',(0.590210246328,0.15,0.));
#2629 = CARTESIAN_POINT('',(0.592052839095,0.15,2.635030420451E-02));
#2630 = CARTESIAN_POINT('',(0.593440858671,0.15,4.619990891917E-02));
#2631 = CARTESIAN_POINT('',(0.595069169764,0.15,6.948584243308E-02));
#2632 = CARTESIAN_POINT('',(0.597095662504,0.15,9.84660387753E-02));
#2633 = CARTESIAN_POINT('',(0.599092991412,0.15,0.127029172887));
#2634 = CARTESIAN_POINT('',(0.6,0.15,0.14));
#2635 = ORIENTED_EDGE('',*,*,#2604,.T.);
#2636 = ORIENTED_EDGE('',*,*,#2537,.F.);
#2637 = PLANE('',#2638);
#2638 = AXIS2_PLACEMENT_3D('',#2639,#2640,#2641);
#2639 = CARTESIAN_POINT('',(0.590210246328,0.15,0.));
#2640 = DIRECTION('',(3.330669073875E-16,1.,0.));
#2641 = DIRECTION('',(0.,-0.,1.));
#2642 = ADVANCED_FACE('',(#2643),#2654,.F.);
#2643 = FACE_BOUND('',#2644,.F.);
#2644 = EDGE_LOOP('',(#2645,#2651,#2652,#2653));
#2645 = ORIENTED_EDGE('',*,*,#2646,.F.);
#2646 = EDGE_CURVE('',#2560,#2619,#2647,.T.);
#2647 = LINE('',#2648,#2649);
#2648 = CARTESIAN_POINT('',(0.590210246328,-0.15,0.));
#2649 = VECTOR('',#2650,1.);
#2650 = DIRECTION('',(3.330669073875E-16,1.,0.));
#2651 = ORIENTED_EDGE('',*,*,#2559,.T.);
#2652 = ORIENTED_EDGE('',*,*,#2529,.T.);
#2653 = ORIENTED_EDGE('',*,*,#2618,.F.);
#2654 = PLANE('',#2655);
#2655 = AXIS2_PLACEMENT_3D('',#2656,#2657,#2658);
#2656 = CARTESIAN_POINT('',(0.590210246328,-0.15,0.));
#2657 = DIRECTION('',(0.,0.,1.));
#2658 = DIRECTION('',(1.,-3.330669073875E-16,0.));
#2659 = ADVANCED_FACE('',(#2660),#2684,.T.);
#2660 = FACE_BOUND('',#2661,.T.);
#2661 = EDGE_LOOP('',(#2662,#2671,#2677,#2678));
#2662 = ORIENTED_EDGE('',*,*,#2663,.F.);
#2663 = EDGE_CURVE('',#2664,#2666,#2668,.T.);
#2664 = VERTEX_POINT('',#2665);
#2665 = CARTESIAN_POINT('',(0.590210246328,-0.390210246328,0.));
#2666 = VERTEX_POINT('',#2667);
#2667 = CARTESIAN_POINT('',(0.6,-0.4,0.14));
#2668 = B_SPLINE_CURVE_WITH_KNOTS('',1,(#2669,#2670),.UNSPECIFIED.,.F.,
  .F.,(2,2),(0.,1.),.PIECEWISE_BEZIER_KNOTS.);
#2669 = CARTESIAN_POINT('',(0.590210246328,-0.390210246328,0.));
#2670 = CARTESIAN_POINT('',(0.6,-0.4,0.14));
#2671 = ORIENTED_EDGE('',*,*,#2672,.T.);
#2672 = EDGE_CURVE('',#2664,#2560,#2673,.T.);
#2673 = LINE('',#2674,#2675);
#2674 = CARTESIAN_POINT('',(0.590210246328,-0.390210246328,0.));
#2675 = VECTOR('',#2676,1.);
#2676 = DIRECTION('',(0.,1.,0.));
#2677 = ORIENTED_EDGE('',*,*,#2567,.T.);
#2678 = ORIENTED_EDGE('',*,*,#2679,.F.);
#2679 = EDGE_CURVE('',#2666,#2568,#2680,.T.);
#2680 = LINE('',#2681,#2682);
#2681 = CARTESIAN_POINT('',(0.6,-0.4,0.14));
#2682 = VECTOR('',#2683,1.);
#2683 = DIRECTION('',(0.,1.,0.));
#2684 = B_SPLINE_SURFACE_WITH_KNOTS('',1,1,(
    (#2685,#2686)
    ,(#2687,#2688
    )),.UNSPECIFIED.,.F.,.F.,.F.,(2,2),(2,2),(0.,0.8),(0.,1.),
  .PIECEWISE_BEZIER_KNOTS.);
#2685 = CARTESIAN_POINT('',(0.590210246328,-0.390210246328,0.));
#2686 = CARTESIAN_POINT('',(0.6,-0.4,0.14));
#2687 = CARTESIAN_POINT('',(0.590210246328,0.390210246328,0.));
#2688 = CARTESIAN_POINT('',(0.6,0.4,0.14));
#2689 = ADVANCED_FACE('',(#2690),#2722,.T.);
#2690 = FACE_BOUND('',#2691,.T.);
#2691 = EDGE_LOOP('',(#2692,#2693,#2694,#2702,#2709,#2717));
#2692 = ORIENTED_EDGE('',*,*,#2679,.T.);
#2693 = ORIENTED_EDGE('',*,*,#2594,.T.);
#2694 = ORIENTED_EDGE('',*,*,#2695,.T.);
#2695 = EDGE_CURVE('',#2595,#2696,#2698,.T.);
#2696 = VERTEX_POINT('',#2697);
#2697 = CARTESIAN_POINT('',(0.6,0.4,0.14));
#2698 = LINE('',#2699,#2700);
#2699 = CARTESIAN_POINT('',(0.6,-0.4,0.14));
#2700 = VECTOR('',#2701,1.);
#2701 = DIRECTION('',(0.,1.,0.));
#2702 = ORIENTED_EDGE('',*,*,#2703,.T.);
#2703 = EDGE_CURVE('',#2696,#2704,#2706,.T.);
#2704 = VERTEX_POINT('',#2705);
#2705 = CARTESIAN_POINT('',(0.565735862148,0.365735862148,0.63));
#2706 = B_SPLINE_CURVE_WITH_KNOTS('',1,(#2707,#2708),.UNSPECIFIED.,.F.,
  .F.,(2,2),(0.,1.),.PIECEWISE_BEZIER_KNOTS.);
#2707 = CARTESIAN_POINT('',(0.6,0.4,0.14));
#2708 = CARTESIAN_POINT('',(0.565735862148,0.365735862148,0.63));
#2709 = ORIENTED_EDGE('',*,*,#2710,.F.);
#2710 = EDGE_CURVE('',#2711,#2704,#2713,.T.);
#2711 = VERTEX_POINT('',#2712);
#2712 = CARTESIAN_POINT('',(0.565735862148,-0.365735862148,0.63));
#2713 = LINE('',#2714,#2715);
#2714 = CARTESIAN_POINT('',(0.565735862148,-0.365735862148,0.63));
#2715 = VECTOR('',#2716,1.);
#2716 = DIRECTION('',(0.,1.,0.));
#2717 = ORIENTED_EDGE('',*,*,#2718,.F.);
#2718 = EDGE_CURVE('',#2666,#2711,#2719,.T.);
#2719 = B_SPLINE_CURVE_WITH_KNOTS('',1,(#2720,#2721),.UNSPECIFIED.,.F.,
  .F.,(2,2),(0.,1.),.PIECEWISE_BEZIER_KNOTS.);
#2720 = CARTESIAN_POINT('',(0.6,-0.4,0.14));
#2721 = CARTESIAN_POINT('',(0.565735862148,-0.365735862148,0.63));
#2722 = B_SPLINE_SURFACE_WITH_KNOTS('',1,1,(
    (#2723,#2724)
    ,(#2725,#2726
    )),.UNSPECIFIED.,.F.,.F.,.F.,(2,2),(2,2),(0.,0.8),(0.,1.),
  .PIECEWISE_BEZIER_KNOTS.);
#2723 = CARTESIAN_POINT('',(0.6,-0.4,0.14));
#2724 = CARTESIAN_POINT('',(0.565735862148,-0.365735862148,0.63));
#2725 = CARTESIAN_POINT('',(0.6,0.4,0.14));
#2726 = CARTESIAN_POINT('',(0.565735862148,0.365735862148,0.63));
#2727 = ADVANCED_FACE('',(#2728),#2745,.T.);
#2728 = FACE_BOUND('',#2729,.T.);
#2729 = EDGE_LOOP('',(#2730,#2731,#2739,#2744));
#2730 = ORIENTED_EDGE('',*,*,#2626,.F.);
#2731 = ORIENTED_EDGE('',*,*,#2732,.T.);
#2732 = EDGE_CURVE('',#2619,#2733,#2735,.T.);
#2733 = VERTEX_POINT('',#2734);
#2734 = CARTESIAN_POINT('',(0.590210246328,0.390210246328,0.));
#2735 = LINE('',#2736,#2737);
#2736 = CARTESIAN_POINT('',(0.590210246328,-0.390210246328,0.));
#2737 = VECTOR('',#2738,1.);
#2738 = DIRECTION('',(0.,1.,0.));
#2739 = ORIENTED_EDGE('',*,*,#2740,.T.);
#2740 = EDGE_CURVE('',#2733,#2696,#2741,.T.);
#2741 = B_SPLINE_CURVE_WITH_KNOTS('',1,(#2742,#2743),.UNSPECIFIED.,.F.,
  .F.,(2,2),(0.,1.),.PIECEWISE_BEZIER_KNOTS.);
#2742 = CARTESIAN_POINT('',(0.590210246328,0.390210246328,0.));
#2743 = CARTESIAN_POINT('',(0.6,0.4,0.14));
#2744 = ORIENTED_EDGE('',*,*,#2695,.F.);
#2745 = B_SPLINE_SURFACE_WITH_KNOTS('',1,1,(
    (#2746,#2747)
    ,(#2748,#2749
    )),.UNSPECIFIED.,.F.,.F.,.F.,(2,2),(2,2),(0.,0.8),(0.,1.),
  .PIECEWISE_BEZIER_KNOTS.);
#2746 = CARTESIAN_POINT('',(0.590210246328,-0.390210246328,0.));
#2747 = CARTESIAN_POINT('',(0.6,-0.4,0.14));
#2748 = CARTESIAN_POINT('',(0.590210246328,0.390210246328,0.));
#2749 = CARTESIAN_POINT('',(0.6,0.4,0.14));
#2750 = ADVANCED_FACE('',(#2751),#2794,.T.);
#2751 = FACE_BOUND('',#2752,.T.);
#2752 = EDGE_LOOP('',(#2753,#2761,#2769,#2777,#2785,#2791,#2792,#2793));
#2753 = ORIENTED_EDGE('',*,*,#2754,.F.);
#2754 = EDGE_CURVE('',#2755,#2664,#2757,.T.);
#2755 = VERTEX_POINT('',#2756);
#2756 = CARTESIAN_POINT('',(-0.590210246328,-0.390210246328,0.));
#2757 = LINE('',#2758,#2759);
#2758 = CARTESIAN_POINT('',(-0.590210246328,-0.390210246328,0.));
#2759 = VECTOR('',#2760,1.);
#2760 = DIRECTION('',(1.,0.,0.));
#2761 = ORIENTED_EDGE('',*,*,#2762,.F.);
#2762 = EDGE_CURVE('',#2763,#2755,#2765,.T.);
#2763 = VERTEX_POINT('',#2764);
#2764 = CARTESIAN_POINT('',(-0.590210246328,-0.15,0.));
#2765 = LINE('',#2766,#2767);
#2766 = CARTESIAN_POINT('',(-0.590210246328,0.390210246328,0.));
#2767 = VECTOR('',#2768,1.);
#2768 = DIRECTION('',(0.,-1.,0.));
#2769 = ORIENTED_EDGE('',*,*,#2770,.F.);
#2770 = EDGE_CURVE('',#2771,#2763,#2773,.T.);
#2771 = VERTEX_POINT('',#2772);
#2772 = CARTESIAN_POINT('',(-0.590210246328,0.15,0.));
#2773 = LINE('',#2774,#2775);
#2774 = CARTESIAN_POINT('',(-0.590210246328,0.15,0.));
#2775 = VECTOR('',#2776,1.);
#2776 = DIRECTION('',(-2.22044604925E-16,-1.,0.));
#2777 = ORIENTED_EDGE('',*,*,#2778,.F.);
#2778 = EDGE_CURVE('',#2779,#2771,#2781,.T.);
#2779 = VERTEX_POINT('',#2780);
#2780 = CARTESIAN_POINT('',(-0.590210246328,0.390210246328,0.));
#2781 = LINE('',#2782,#2783);
#2782 = CARTESIAN_POINT('',(-0.590210246328,0.390210246328,0.));
#2783 = VECTOR('',#2784,1.);
#2784 = DIRECTION('',(0.,-1.,0.));
#2785 = ORIENTED_EDGE('',*,*,#2786,.F.);
#2786 = EDGE_CURVE('',#2733,#2779,#2787,.T.);
#2787 = LINE('',#2788,#2789);
#2788 = CARTESIAN_POINT('',(0.590210246328,0.390210246328,0.));
#2789 = VECTOR('',#2790,1.);
#2790 = DIRECTION('',(-1.,0.,0.));
#2791 = ORIENTED_EDGE('',*,*,#2732,.F.);
#2792 = ORIENTED_EDGE('',*,*,#2646,.F.);
#2793 = ORIENTED_EDGE('',*,*,#2672,.F.);
#2794 = PLANE('',#2795);
#2795 = AXIS2_PLACEMENT_3D('',#2796,#2797,#2798);
#2796 = CARTESIAN_POINT('',(-0.590210246328,-0.390210246328,0.));
#2797 = DIRECTION('',(0.,0.,-1.));
#2798 = DIRECTION('',(0.834172834624,0.551503111483,0.));
#2799 = ADVANCED_FACE('',(#2800),#2817,.T.);
#2800 = FACE_BOUND('',#2801,.T.);
#2801 = EDGE_LOOP('',(#2802,#2803,#2804,#2812));
#2802 = ORIENTED_EDGE('',*,*,#2754,.T.);
#2803 = ORIENTED_EDGE('',*,*,#2663,.T.);
#2804 = ORIENTED_EDGE('',*,*,#2805,.F.);
#2805 = EDGE_CURVE('',#2806,#2666,#2808,.T.);
#2806 = VERTEX_POINT('',#2807);
#2807 = CARTESIAN_POINT('',(-0.6,-0.4,0.14));
#2808 = LINE('',#2809,#2810);
#2809 = CARTESIAN_POINT('',(-0.6,-0.4,0.14));
#2810 = VECTOR('',#2811,1.);
#2811 = DIRECTION('',(1.,0.,0.));
#2812 = ORIENTED_EDGE('',*,*,#2813,.F.);
#2813 = EDGE_CURVE('',#2755,#2806,#2814,.T.);
#2814 = B_SPLINE_CURVE_WITH_KNOTS('',1,(#2815,#2816),.UNSPECIFIED.,.F.,
  .F.,(2,2),(0.,1.),.PIECEWISE_BEZIER_KNOTS.);
#2815 = CARTESIAN_POINT('',(-0.590210246328,-0.390210246328,0.));
#2816 = CARTESIAN_POINT('',(-0.6,-0.4,0.14));
#2817 = B_SPLINE_SURFACE_WITH_KNOTS('',1,1,(
    (#2818,#2819)
    ,(#2820,#2821
    )),.UNSPECIFIED.,.F.,.F.,.F.,(2,2),(2,2),(0.,1.2),(0.,1.),
  .PIECEWISE_BEZIER_KNOTS.);
#2818 = CARTESIAN_POINT('',(-0.590210246328,-0.390210246328,0.));
#2819 = CARTESIAN_POINT('',(-0.6,-0.4,0.14));
#2820 = CARTESIAN_POINT('',(0.590210246328,-0.390210246328,0.));
#2821 = CARTESIAN_POINT('',(0.6,-0.4,0.14));
#2822 = ADVANCED_FACE('',(#2823),#2840,.T.);
#2823 = FACE_BOUND('',#2824,.T.);
#2824 = EDGE_LOOP('',(#2825,#2826,#2827,#2835));
#2825 = ORIENTED_EDGE('',*,*,#2805,.T.);
#2826 = ORIENTED_EDGE('',*,*,#2718,.T.);
#2827 = ORIENTED_EDGE('',*,*,#2828,.F.);
#2828 = EDGE_CURVE('',#2829,#2711,#2831,.T.);
#2829 = VERTEX_POINT('',#2830);
#2830 = CARTESIAN_POINT('',(-0.565735862148,-0.365735862148,0.63));
#2831 = LINE('',#2832,#2833);
#2832 = CARTESIAN_POINT('',(-0.565735862148,-0.365735862148,0.63));
#2833 = VECTOR('',#2834,1.);
#2834 = DIRECTION('',(1.,0.,0.));
#2835 = ORIENTED_EDGE('',*,*,#2836,.F.);
#2836 = EDGE_CURVE('',#2806,#2829,#2837,.T.);
#2837 = B_SPLINE_CURVE_WITH_KNOTS('',1,(#2838,#2839),.UNSPECIFIED.,.F.,
  .F.,(2,2),(0.,1.),.PIECEWISE_BEZIER_KNOTS.);
#2838 = CARTESIAN_POINT('',(-0.6,-0.4,0.14));
#2839 = CARTESIAN_POINT('',(-0.565735862148,-0.365735862148,0.63));
#2840 = B_SPLINE_SURFACE_WITH_KNOTS('',1,1,(
    (#2841,#2842)
    ,(#2843,#2844
    )),.UNSPECIFIED.,.F.,.F.,.F.,(2,2),(2,2),(0.,1.2),(0.,1.),
  .PIECEWISE_BEZIER_KNOTS.);
#2841 = CARTESIAN_POINT('',(-0.6,-0.4,0.14));
#2842 = CARTESIAN_POINT('',(-0.565735862148,-0.365735862148,0.63));
#2843 = CARTESIAN_POINT('',(0.6,-0.4,0.14));
#2844 = CARTESIAN_POINT('',(0.565735862148,-0.365735862148,0.63));
#2845 = ADVANCED_FACE('',(#2846,#2864),#2898,.F.);
#2846 = FACE_BOUND('',#2847,.F.);
#2847 = EDGE_LOOP('',(#2848,#2849,#2857,#2863));
#2848 = ORIENTED_EDGE('',*,*,#2828,.F.);
#2849 = ORIENTED_EDGE('',*,*,#2850,.F.);
#2850 = EDGE_CURVE('',#2851,#2829,#2853,.T.);
#2851 = VERTEX_POINT('',#2852);
#2852 = CARTESIAN_POINT('',(-0.565735862148,0.365735862148,0.63));
#2853 = LINE('',#2854,#2855);
#2854 = CARTESIAN_POINT('',(-0.565735862148,0.365735862148,0.63));
#2855 = VECTOR('',#2856,1.);
#2856 = DIRECTION('',(0.,-1.,0.));
#2857 = ORIENTED_EDGE('',*,*,#2858,.F.);
#2858 = EDGE_CURVE('',#2704,#2851,#2859,.T.);
#2859 = LINE('',#2860,#2861);
#2860 = CARTESIAN_POINT('',(0.565735862148,0.365735862148,0.63));
#2861 = VECTOR('',#2862,1.);
#2862 = DIRECTION('',(-1.,0.,0.));
#2863 = ORIENTED_EDGE('',*,*,#2710,.F.);
#2864 = FACE_BOUND('',#2865,.F.);
#2865 = EDGE_LOOP('',(#2866,#2876,#2884,#2892));
#2866 = ORIENTED_EDGE('',*,*,#2867,.F.);
#2867 = EDGE_CURVE('',#2868,#2870,#2872,.T.);
#2868 = VERTEX_POINT('',#2869);
#2869 = CARTESIAN_POINT('',(-0.265735862148,0.315735862148,0.63));
#2870 = VERTEX_POINT('',#2871);
#2871 = CARTESIAN_POINT('',(-0.265735862148,-0.315735862148,0.63));
#2872 = LINE('',#2873,#2874);
#2873 = CARTESIAN_POINT('',(-0.265735862148,-0.340735862148,0.63));
#2874 = VECTOR('',#2875,1.);
#2875 = DIRECTION('',(0.,-1.,0.));
#2876 = ORIENTED_EDGE('',*,*,#2877,.F.);
#2877 = EDGE_CURVE('',#2878,#2868,#2880,.T.);
#2878 = VERTEX_POINT('',#2879);
#2879 = CARTESIAN_POINT('',(-0.515735862148,0.315735862148,0.63));
#2880 = LINE('',#2881,#2882);
#2881 = CARTESIAN_POINT('',(-0.540735862148,0.315735862148,0.63));
#2882 = VECTOR('',#2883,1.);
#2883 = DIRECTION('',(1.,0.,0.));
#2884 = ORIENTED_EDGE('',*,*,#2885,.T.);
#2885 = EDGE_CURVE('',#2878,#2886,#2888,.T.);
#2886 = VERTEX_POINT('',#2887);
#2887 = CARTESIAN_POINT('',(-0.515735862148,-0.315735862148,0.63));
#2888 = LINE('',#2889,#2890);
#2889 = CARTESIAN_POINT('',(-0.515735862148,-0.340735862148,0.63));
#2890 = VECTOR('',#2891,1.);
#2891 = DIRECTION('',(0.,-1.,0.));
#2892 = ORIENTED_EDGE('',*,*,#2893,.T.);
#2893 = EDGE_CURVE('',#2886,#2870,#2894,.T.);
#2894 = LINE('',#2895,#2896);
#2895 = CARTESIAN_POINT('',(-0.540735862148,-0.315735862148,0.63));
#2896 = VECTOR('',#2897,1.);
#2897 = DIRECTION('',(1.,0.,0.));
#2898 = PLANE('',#2899);
#2899 = AXIS2_PLACEMENT_3D('',#2900,#2901,#2902);
#2900 = CARTESIAN_POINT('',(-0.565735862148,-0.365735862148,0.63));
#2901 = DIRECTION('',(0.,0.,-1.));
#2902 = DIRECTION('',(0.839792508326,0.542907490241,0.));
#2903 = ADVANCED_FACE('',(#2904),#2921,.T.);
#2904 = FACE_BOUND('',#2905,.T.);
#2905 = EDGE_LOOP('',(#2906,#2914,#2919,#2920));
#2906 = ORIENTED_EDGE('',*,*,#2907,.T.);
#2907 = EDGE_CURVE('',#2696,#2908,#2910,.T.);
#2908 = VERTEX_POINT('',#2909);
#2909 = CARTESIAN_POINT('',(-0.6,0.4,0.14));
#2910 = LINE('',#2911,#2912);
#2911 = CARTESIAN_POINT('',(0.6,0.4,0.14));
#2912 = VECTOR('',#2913,1.);
#2913 = DIRECTION('',(-1.,0.,0.));
#2914 = ORIENTED_EDGE('',*,*,#2915,.T.);
#2915 = EDGE_CURVE('',#2908,#2851,#2916,.T.);
#2916 = B_SPLINE_CURVE_WITH_KNOTS('',1,(#2917,#2918),.UNSPECIFIED.,.F.,
  .F.,(2,2),(0.,1.),.PIECEWISE_BEZIER_KNOTS.);
#2917 = CARTESIAN_POINT('',(-0.6,0.4,0.14));
#2918 = CARTESIAN_POINT('',(-0.565735862148,0.365735862148,0.63));
#2919 = ORIENTED_EDGE('',*,*,#2858,.F.);
#2920 = ORIENTED_EDGE('',*,*,#2703,.F.);
#2921 = B_SPLINE_SURFACE_WITH_KNOTS('',1,1,(
    (#2922,#2923)
    ,(#2924,#2925
    )),.UNSPECIFIED.,.F.,.F.,.F.,(2,2),(2,2),(0.,1.2),(0.,1.),
  .PIECEWISE_BEZIER_KNOTS.);
#2922 = CARTESIAN_POINT('',(0.6,0.4,0.14));
#2923 = CARTESIAN_POINT('',(0.565735862148,0.365735862148,0.63));
#2924 = CARTESIAN_POINT('',(-0.6,0.4,0.14));
#2925 = CARTESIAN_POINT('',(-0.565735862148,0.365735862148,0.63));
#2926 = ADVANCED_FACE('',(#2927),#2937,.T.);
#2927 = FACE_BOUND('',#2928,.T.);
#2928 = EDGE_LOOP('',(#2929,#2930,#2935,#2936));
#2929 = ORIENTED_EDGE('',*,*,#2786,.T.);
#2930 = ORIENTED_EDGE('',*,*,#2931,.T.);
#2931 = EDGE_CURVE('',#2779,#2908,#2932,.T.);
#2932 = B_SPLINE_CURVE_WITH_KNOTS('',1,(#2933,#2934),.UNSPECIFIED.,.F.,
  .F.,(2,2),(0.,1.),.PIECEWISE_BEZIER_KNOTS.);
#2933 = CARTESIAN_POINT('',(-0.590210246328,0.390210246328,0.));
#2934 = CARTESIAN_POINT('',(-0.6,0.4,0.14));
#2935 = ORIENTED_EDGE('',*,*,#2907,.F.);
#2936 = ORIENTED_EDGE('',*,*,#2740,.F.);
#2937 = B_SPLINE_SURFACE_WITH_KNOTS('',1,1,(
    (#2938,#2939)
    ,(#2940,#2941
    )),.UNSPECIFIED.,.F.,.F.,.F.,(2,2),(2,2),(0.,1.2),(0.,1.),
  .PIECEWISE_BEZIER_KNOTS.);
#2938 = CARTESIAN_POINT('',(0.590210246328,0.390210246328,0.));
#2939 = CARTESIAN_POINT('',(0.6,0.4,0.14));
#2940 = CARTESIAN_POINT('',(-0.590210246328,0.390210246328,0.));
#2941 = CARTESIAN_POINT('',(-0.6,0.4,0.14));
#2942 = ADVANCED_FACE('',(#2943),#2965,.T.);
#2943 = FACE_BOUND('',#2944,.T.);
#2944 = EDGE_LOOP('',(#2945,#2957,#2958,#2959));
#2945 = ORIENTED_EDGE('',*,*,#2946,.F.);
#2946 = EDGE_CURVE('',#2763,#2947,#2949,.T.);
#2947 = VERTEX_POINT('',#2948);
#2948 = CARTESIAN_POINT('',(-0.6,-0.15,0.14));
#2949 = B_SPLINE_CURVE_WITH_KNOTS('',6,(#2950,#2951,#2952,#2953,#2954,
    #2955,#2956),.UNSPECIFIED.,.F.,.F.,(7,7),(0.,1.),
  .PIECEWISE_BEZIER_KNOTS.);
#2950 = CARTESIAN_POINT('',(-0.590210246328,-0.15,0.));
#2951 = CARTESIAN_POINT('',(-0.592052839095,-0.15,2.635030420451E-02));
#2952 = CARTESIAN_POINT('',(-0.593440858671,-0.15,4.619990891917E-02));
#2953 = CARTESIAN_POINT('',(-0.595069169764,-0.15,6.948584243309E-02));
#2954 = CARTESIAN_POINT('',(-0.597095662504,-0.15,9.84660387753E-02));
#2955 = CARTESIAN_POINT('',(-0.599092991412,-0.15,0.127029172887));
#2956 = CARTESIAN_POINT('',(-0.6,-0.15,0.14));
#2957 = ORIENTED_EDGE('',*,*,#2762,.T.);
#2958 = ORIENTED_EDGE('',*,*,#2813,.T.);
#2959 = ORIENTED_EDGE('',*,*,#2960,.F.);
#2960 = EDGE_CURVE('',#2947,#2806,#2961,.T.);
#2961 = LINE('',#2962,#2963);
#2962 = CARTESIAN_POINT('',(-0.6,0.4,0.14));
#2963 = VECTOR('',#2964,1.);
#2964 = DIRECTION('',(0.,-1.,0.));
#2965 = B_SPLINE_SURFACE_WITH_KNOTS('',1,1,(
    (#2966,#2967)
    ,(#2968,#2969
    )),.UNSPECIFIED.,.F.,.F.,.F.,(2,2),(2,2),(0.,0.8),(0.,1.),
  .PIECEWISE_BEZIER_KNOTS.);
#2966 = CARTESIAN_POINT('',(-0.590210246328,0.390210246328,0.));
#2967 = CARTESIAN_POINT('',(-0.6,0.4,0.14));
#2968 = CARTESIAN_POINT('',(-0.590210246328,-0.390210246328,0.));
#2969 = CARTESIAN_POINT('',(-0.6,-0.4,0.14));
#2970 = ADVANCED_FACE('',(#2971),#2996,.F.);
#2971 = FACE_BOUND('',#2972,.F.);
#2972 = EDGE_LOOP('',(#2973,#2974,#2982,#2990));
#2973 = ORIENTED_EDGE('',*,*,#2770,.F.);
#2974 = ORIENTED_EDGE('',*,*,#2975,.T.);
#2975 = EDGE_CURVE('',#2771,#2976,#2978,.T.);
#2976 = VERTEX_POINT('',#2977);
#2977 = CARTESIAN_POINT('',(-0.8,0.15,0.));
#2978 = LINE('',#2979,#2980);
#2979 = CARTESIAN_POINT('',(-0.590210246328,0.15,0.));
#2980 = VECTOR('',#2981,1.);
#2981 = DIRECTION('',(-1.,2.22044604925E-16,0.));
#2982 = ORIENTED_EDGE('',*,*,#2983,.T.);
#2983 = EDGE_CURVE('',#2976,#2984,#2986,.T.);
#2984 = VERTEX_POINT('',#2985);
#2985 = CARTESIAN_POINT('',(-0.8,-0.15,0.));
#2986 = LINE('',#2987,#2988);
#2987 = CARTESIAN_POINT('',(-0.8,0.15,0.));
#2988 = VECTOR('',#2989,1.);
#2989 = DIRECTION('',(-2.22044604925E-16,-1.,0.));
#2990 = ORIENTED_EDGE('',*,*,#2991,.F.);
#2991 = EDGE_CURVE('',#2763,#2984,#2992,.T.);
#2992 = LINE('',#2993,#2994);
#2993 = CARTESIAN_POINT('',(-0.590210246328,-0.15,0.));
#2994 = VECTOR('',#2995,1.);
#2995 = DIRECTION('',(-1.,2.22044604925E-16,0.));
#2996 = PLANE('',#2997);
#2997 = AXIS2_PLACEMENT_3D('',#2998,#2999,#3000);
#2998 = CARTESIAN_POINT('',(-0.590210246328,0.15,0.));
#2999 = DIRECTION('',(0.,0.,1.));
#3000 = DIRECTION('',(-1.,2.22044604925E-16,0.));
#3001 = ADVANCED_FACE('',(#3002),#3024,.T.);
#3002 = FACE_BOUND('',#3003,.T.);
#3003 = EDGE_LOOP('',(#3004,#3005,#3006,#3018));
#3004 = ORIENTED_EDGE('',*,*,#2931,.F.);
#3005 = ORIENTED_EDGE('',*,*,#2778,.T.);
#3006 = ORIENTED_EDGE('',*,*,#3007,.T.);
#3007 = EDGE_CURVE('',#2771,#3008,#3010,.T.);
#3008 = VERTEX_POINT('',#3009);
#3009 = CARTESIAN_POINT('',(-0.6,0.15,0.14));
#3010 = B_SPLINE_CURVE_WITH_KNOTS('',6,(#3011,#3012,#3013,#3014,#3015,
    #3016,#3017),.UNSPECIFIED.,.F.,.F.,(7,7),(0.,1.),
  .PIECEWISE_BEZIER_KNOTS.);
#3011 = CARTESIAN_POINT('',(-0.590210246328,0.15,0.));
#3012 = CARTESIAN_POINT('',(-0.592052839095,0.15,2.635030420451E-02));
#3013 = CARTESIAN_POINT('',(-0.593440858671,0.15,4.619990891917E-02));
#3014 = CARTESIAN_POINT('',(-0.595069169764,0.15,6.948584243309E-02));
#3015 = CARTESIAN_POINT('',(-0.597095662504,0.15,9.84660387753E-02));
#3016 = CARTESIAN_POINT('',(-0.599092991412,0.15,0.127029172887));
#3017 = CARTESIAN_POINT('',(-0.6,0.15,0.14));
#3018 = ORIENTED_EDGE('',*,*,#3019,.F.);
#3019 = EDGE_CURVE('',#2908,#3008,#3020,.T.);
#3020 = LINE('',#3021,#3022);
#3021 = CARTESIAN_POINT('',(-0.6,0.4,0.14));
#3022 = VECTOR('',#3023,1.);
#3023 = DIRECTION('',(0.,-1.,0.));
#3024 = B_SPLINE_SURFACE_WITH_KNOTS('',1,1,(
    (#3025,#3026)
    ,(#3027,#3028
    )),.UNSPECIFIED.,.F.,.F.,.F.,(2,2),(2,2),(0.,0.8),(0.,1.),
  .PIECEWISE_BEZIER_KNOTS.);
#3025 = CARTESIAN_POINT('',(-0.590210246328,0.390210246328,0.));
#3026 = CARTESIAN_POINT('',(-0.6,0.4,0.14));
#3027 = CARTESIAN_POINT('',(-0.590210246328,-0.390210246328,0.));
#3028 = CARTESIAN_POINT('',(-0.6,-0.4,0.14));
#3029 = ADVANCED_FACE('',(#3030),#3043,.T.);
#3030 = FACE_BOUND('',#3031,.T.);
#3031 = EDGE_LOOP('',(#3032,#3033,#3039,#3040,#3041,#3042));
#3032 = ORIENTED_EDGE('',*,*,#3019,.T.);
#3033 = ORIENTED_EDGE('',*,*,#3034,.T.);
#3034 = EDGE_CURVE('',#3008,#2947,#3035,.T.);
#3035 = LINE('',#3036,#3037);
#3036 = CARTESIAN_POINT('',(-0.6,0.4,0.14));
#3037 = VECTOR('',#3038,1.);
#3038 = DIRECTION('',(0.,-1.,0.));
#3039 = ORIENTED_EDGE('',*,*,#2960,.T.);
#3040 = ORIENTED_EDGE('',*,*,#2836,.T.);
#3041 = ORIENTED_EDGE('',*,*,#2850,.F.);
#3042 = ORIENTED_EDGE('',*,*,#2915,.F.);
#3043 = B_SPLINE_SURFACE_WITH_KNOTS('',1,1,(
    (#3044,#3045)
    ,(#3046,#3047
    )),.UNSPECIFIED.,.F.,.F.,.F.,(2,2),(2,2),(0.,0.8),(0.,1.),
  .PIECEWISE_BEZIER_KNOTS.);
#3044 = CARTESIAN_POINT('',(-0.6,0.4,0.14));
#3045 = CARTESIAN_POINT('',(-0.565735862148,0.365735862148,0.63));
#3046 = CARTESIAN_POINT('',(-0.6,-0.4,0.14));
#3047 = CARTESIAN_POINT('',(-0.565735862148,-0.365735862148,0.63));
#3048 = ADVANCED_FACE('',(#3049),#3074,.F.);
#3049 = FACE_BOUND('',#3050,.F.);
#3050 = EDGE_LOOP('',(#3051,#3059,#3067,#3073));
#3051 = ORIENTED_EDGE('',*,*,#3052,.F.);
#3052 = EDGE_CURVE('',#3053,#2870,#3055,.T.);
#3053 = VERTEX_POINT('',#3054);
#3054 = CARTESIAN_POINT('',(-0.265735862148,-0.315735862148,0.62));
#3055 = LINE('',#3056,#3057);
#3056 = CARTESIAN_POINT('',(-0.265735862148,-0.315735862148,0.62));
#3057 = VECTOR('',#3058,1.);
#3058 = DIRECTION('',(0.,0.,1.));
#3059 = ORIENTED_EDGE('',*,*,#3060,.T.);
#3060 = EDGE_CURVE('',#3053,#3061,#3063,.T.);
#3061 = VERTEX_POINT('',#3062);
#3062 = CARTESIAN_POINT('',(-0.265735862148,0.315735862148,0.62));
#3063 = LINE('',#3064,#3065);
#3064 = CARTESIAN_POINT('',(-0.265735862148,-0.315735862148,0.62));
#3065 = VECTOR('',#3066,1.);
#3066 = DIRECTION('',(0.,1.,0.));
#3067 = ORIENTED_EDGE('',*,*,#3068,.T.);
#3068 = EDGE_CURVE('',#3061,#2868,#3069,.T.);
#3069 = LINE('',#3070,#3071);
#3070 = CARTESIAN_POINT('',(-0.265735862148,0.315735862148,0.62));
#3071 = VECTOR('',#3072,1.);
#3072 = DIRECTION('',(0.,0.,1.));
#3073 = ORIENTED_EDGE('',*,*,#2867,.T.);
#3074 = PLANE('',#3075);
#3075 = AXIS2_PLACEMENT_3D('',#3076,#3077,#3078);
#3076 = CARTESIAN_POINT('',(-0.265735862148,-0.315735862148,0.62));
#3077 = DIRECTION('',(1.,0.,0.));
#3078 = DIRECTION('',(0.,0.,1.));
#3079 = ADVANCED_FACE('',(#3080),#3098,.T.);
#3080 = FACE_BOUND('',#3081,.T.);
#3081 = EDGE_LOOP('',(#3082,#3083,#3091,#3097));
#3082 = ORIENTED_EDGE('',*,*,#3052,.F.);
#3083 = ORIENTED_EDGE('',*,*,#3084,.F.);
#3084 = EDGE_CURVE('',#3085,#3053,#3087,.T.);
#3085 = VERTEX_POINT('',#3086);
#3086 = CARTESIAN_POINT('',(-0.515735862148,-0.315735862148,0.62));
#3087 = LINE('',#3088,#3089);
#3088 = CARTESIAN_POINT('',(-0.515735862148,-0.315735862148,0.62));
#3089 = VECTOR('',#3090,1.);
#3090 = DIRECTION('',(1.,0.,0.));
#3091 = ORIENTED_EDGE('',*,*,#3092,.T.);
#3092 = EDGE_CURVE('',#3085,#2886,#3093,.T.);
#3093 = LINE('',#3094,#3095);
#3094 = CARTESIAN_POINT('',(-0.515735862148,-0.315735862148,0.62));
#3095 = VECTOR('',#3096,1.);
#3096 = DIRECTION('',(0.,0.,1.));
#3097 = ORIENTED_EDGE('',*,*,#2893,.T.);
#3098 = PLANE('',#3099);
#3099 = AXIS2_PLACEMENT_3D('',#3100,#3101,#3102);
#3100 = CARTESIAN_POINT('',(-0.515735862148,-0.315735862148,0.62));
#3101 = DIRECTION('',(0.,1.,0.));
#3102 = DIRECTION('',(0.,-0.,1.));
#3103 = ADVANCED_FACE('',(#3104),#3122,.T.);
#3104 = FACE_BOUND('',#3105,.T.);
#3105 = EDGE_LOOP('',(#3106,#3107,#3115,#3121));
#3106 = ORIENTED_EDGE('',*,*,#3092,.F.);
#3107 = ORIENTED_EDGE('',*,*,#3108,.T.);
#3108 = EDGE_CURVE('',#3085,#3109,#3111,.T.);
#3109 = VERTEX_POINT('',#3110);
#3110 = CARTESIAN_POINT('',(-0.515735862148,0.315735862148,0.62));
#3111 = LINE('',#3112,#3113);
#3112 = CARTESIAN_POINT('',(-0.515735862148,-0.315735862148,0.62));
#3113 = VECTOR('',#3114,1.);
#3114 = DIRECTION('',(0.,1.,0.));
#3115 = ORIENTED_EDGE('',*,*,#3116,.T.);
#3116 = EDGE_CURVE('',#3109,#2878,#3117,.T.);
#3117 = LINE('',#3118,#3119);
#3118 = CARTESIAN_POINT('',(-0.515735862148,0.315735862148,0.62));
#3119 = VECTOR('',#3120,1.);
#3120 = DIRECTION('',(0.,0.,1.));
#3121 = ORIENTED_EDGE('',*,*,#2885,.T.);
#3122 = PLANE('',#3123);
#3123 = AXIS2_PLACEMENT_3D('',#3124,#3125,#3126);
#3124 = CARTESIAN_POINT('',(-0.515735862148,-0.315735862148,0.62));
#3125 = DIRECTION('',(1.,0.,0.));
#3126 = DIRECTION('',(0.,0.,1.));
#3127 = ADVANCED_FACE('',(#3128),#3139,.F.);
#3128 = FACE_BOUND('',#3129,.F.);
#3129 = EDGE_LOOP('',(#3130,#3131,#3137,#3138));
#3130 = ORIENTED_EDGE('',*,*,#3068,.F.);
#3131 = ORIENTED_EDGE('',*,*,#3132,.F.);
#3132 = EDGE_CURVE('',#3109,#3061,#3133,.T.);
#3133 = LINE('',#3134,#3135);
#3134 = CARTESIAN_POINT('',(-0.515735862148,0.315735862148,0.62));
#3135 = VECTOR('',#3136,1.);
#3136 = DIRECTION('',(1.,0.,0.));
#3137 = ORIENTED_EDGE('',*,*,#3116,.T.);
#3138 = ORIENTED_EDGE('',*,*,#2877,.T.);
#3139 = PLANE('',#3140);
#3140 = AXIS2_PLACEMENT_3D('',#3141,#3142,#3143);
#3141 = CARTESIAN_POINT('',(-0.515735862148,0.315735862148,0.62));
#3142 = DIRECTION('',(0.,1.,0.));
#3143 = DIRECTION('',(0.,-0.,1.));
#3144 = ADVANCED_FACE('',(#3145),#3163,.T.);
#3145 = FACE_BOUND('',#3146,.T.);
#3146 = EDGE_LOOP('',(#3147,#3148,#3149,#3157));
#3147 = ORIENTED_EDGE('',*,*,#2991,.F.);
#3148 = ORIENTED_EDGE('',*,*,#2946,.T.);
#3149 = ORIENTED_EDGE('',*,*,#3150,.T.);
#3150 = EDGE_CURVE('',#2947,#3151,#3153,.T.);
#3151 = VERTEX_POINT('',#3152);
#3152 = CARTESIAN_POINT('',(-0.8,-0.15,0.14));
#3153 = LINE('',#3154,#3155);
#3154 = CARTESIAN_POINT('',(-0.590210246328,-0.15,0.14));
#3155 = VECTOR('',#3156,1.);
#3156 = DIRECTION('',(-1.,2.22044604925E-16,0.));
#3157 = ORIENTED_EDGE('',*,*,#3158,.F.);
#3158 = EDGE_CURVE('',#2984,#3151,#3159,.T.);
#3159 = LINE('',#3160,#3161);
#3160 = CARTESIAN_POINT('',(-0.8,-0.15,0.));
#3161 = VECTOR('',#3162,1.);
#3162 = DIRECTION('',(0.,0.,1.));
#3163 = PLANE('',#3164);
#3164 = AXIS2_PLACEMENT_3D('',#3165,#3166,#3167);
#3165 = CARTESIAN_POINT('',(-0.590210246328,-0.15,0.));
#3166 = DIRECTION('',(-2.22044604925E-16,-1.,0.));
#3167 = DIRECTION('',(0.,0.,1.));
#3168 = ADVANCED_FACE('',(#3169),#3187,.F.);
#3169 = FACE_BOUND('',#3170,.F.);
#3170 = EDGE_LOOP('',(#3171,#3172,#3173,#3181));
#3171 = ORIENTED_EDGE('',*,*,#2975,.F.);
#3172 = ORIENTED_EDGE('',*,*,#3007,.T.);
#3173 = ORIENTED_EDGE('',*,*,#3174,.T.);
#3174 = EDGE_CURVE('',#3008,#3175,#3177,.T.);
#3175 = VERTEX_POINT('',#3176);
#3176 = CARTESIAN_POINT('',(-0.8,0.15,0.14));
#3177 = LINE('',#3178,#3179);
#3178 = CARTESIAN_POINT('',(-0.590210246328,0.15,0.14));
#3179 = VECTOR('',#3180,1.);
#3180 = DIRECTION('',(-1.,2.22044604925E-16,0.));
#3181 = ORIENTED_EDGE('',*,*,#3182,.F.);
#3182 = EDGE_CURVE('',#2976,#3175,#3183,.T.);
#3183 = LINE('',#3184,#3185);
#3184 = CARTESIAN_POINT('',(-0.8,0.15,0.));
#3185 = VECTOR('',#3186,1.);
#3186 = DIRECTION('',(0.,0.,1.));
#3187 = PLANE('',#3188);
#3188 = AXIS2_PLACEMENT_3D('',#3189,#3190,#3191);
#3189 = CARTESIAN_POINT('',(-0.590210246328,0.15,0.));
#3190 = DIRECTION('',(-2.22044604925E-16,-1.,0.));
#3191 = DIRECTION('',(0.,0.,1.));
#3192 = ADVANCED_FACE('',(#3193),#3204,.T.);
#3193 = FACE_BOUND('',#3194,.T.);
#3194 = EDGE_LOOP('',(#3195,#3196,#3197,#3198));
#3195 = ORIENTED_EDGE('',*,*,#3182,.F.);
#3196 = ORIENTED_EDGE('',*,*,#2983,.T.);
#3197 = ORIENTED_EDGE('',*,*,#3158,.T.);
#3198 = ORIENTED_EDGE('',*,*,#3199,.F.);
#3199 = EDGE_CURVE('',#3175,#3151,#3200,.T.);
#3200 = LINE('',#3201,#3202);
#3201 = CARTESIAN_POINT('',(-0.8,0.15,0.14));
#3202 = VECTOR('',#3203,1.);
#3203 = DIRECTION('',(-2.22044604925E-16,-1.,0.));
#3204 = PLANE('',#3205);
#3205 = AXIS2_PLACEMENT_3D('',#3206,#3207,#3208);
#3206 = CARTESIAN_POINT('',(-0.8,0.15,0.));
#3207 = DIRECTION('',(-1.,2.22044604925E-16,0.));
#3208 = DIRECTION('',(0.,0.,1.));
#3209 = ADVANCED_FACE('',(#3210),#3216,.T.);
#3210 = FACE_BOUND('',#3211,.T.);
#3211 = EDGE_LOOP('',(#3212,#3213,#3214,#3215));
#3212 = ORIENTED_EDGE('',*,*,#3034,.F.);
#3213 = ORIENTED_EDGE('',*,*,#3174,.T.);
#3214 = ORIENTED_EDGE('',*,*,#3199,.T.);
#3215 = ORIENTED_EDGE('',*,*,#3150,.F.);
#3216 = PLANE('',#3217);
#3217 = AXIS2_PLACEMENT_3D('',#3218,#3219,#3220);
#3218 = CARTESIAN_POINT('',(-0.590210246328,0.15,0.14));
#3219 = DIRECTION('',(0.,0.,1.));
#3220 = DIRECTION('',(-1.,2.22044604925E-16,0.));
#3221 = ADVANCED_FACE('',(#3222),#3228,.T.);
#3222 = FACE_BOUND('',#3223,.T.);
#3223 = EDGE_LOOP('',(#3224,#3225,#3226,#3227));
#3224 = ORIENTED_EDGE('',*,*,#3108,.F.);
#3225 = ORIENTED_EDGE('',*,*,#3084,.T.);
#3226 = ORIENTED_EDGE('',*,*,#3060,.T.);
#3227 = ORIENTED_EDGE('',*,*,#3132,.F.);
#3228 = PLANE('',#3229);
#3229 = AXIS2_PLACEMENT_3D('',#3230,#3231,#3232);
#3230 = CARTESIAN_POINT('',(-0.515735862148,-0.315735862148,0.62));
#3231 = DIRECTION('',(0.,0.,1.));
#3232 = DIRECTION('',(1.,0.,-0.));
#3233 = ( GEOMETRIC_REPRESENTATION_CONTEXT(3) 
GLOBAL_UNCERTAINTY_ASSIGNED_CONTEXT((#3237)) 
GLOBAL_UNIT_ASSIGNED_CONTEXT((#3234,#3235,#3236)) REPRESENTATION_CONTEXT
('Context #1','3D Context with UNIT and UNCERTAINTY') );
#3234 = ( LENGTH_UNIT() NAMED_UNIT(*) SI_UNIT(.MILLI.,.METRE.) );
#3235 = ( NAMED_UNIT(*) PLANE_ANGLE_UNIT() SI_UNIT($,.RADIAN.) );
#3236 = ( NAMED_UNIT(*) SI_UNIT($,.STERADIAN.) SOLID_ANGLE_UNIT() );
#3237 = UNCERTAINTY_MEASURE_WITH_UNIT(LENGTH_MEASURE(1.E-07),#3234,
  'distance_accuracy_value','confusion accuracy');
#3238 = CONTEXT_DEPENDENT_SHAPE_REPRESENTATION(#3239,#3241);
#3239 = ( REPRESENTATION_RELATIONSHIP('','',#2512,#2489) 
REPRESENTATION_RELATIONSHIP_WITH_TRANSFORMATION(#3240) 
SHAPE_REPRESENTATION_RELATIONSHIP() );
#3240 = ITEM_DEFINED_TRANSFORMATION('','',#11,#2490);
#3241 = PRODUCT_DEFINITION_SHAPE('Placement','Placement of an item',
  #3242);
#3242 = NEXT_ASSEMBLY_USAGE_OCCURRENCE('5','=>[0:1:1:7]','',#2484,#2507,
  $);
#3243 = PRODUCT_RELATED_PRODUCT_CATEGORY('part',$,(#2509));
#3244 = CONTEXT_DEPENDENT_SHAPE_REPRESENTATION(#3245,#3247);
#3245 = ( REPRESENTATION_RELATIONSHIP('','',#92,#10) 
REPRESENTATION_RELATIONSHIP_WITH_TRANSFORMATION(#3246) 
SHAPE_REPRESENTATION_RELATIONSHIP() );
#3246 = ITEM_DEFINED_TRANSFORMATION('','',#11,#27);
#3247 = PRODUCT_DEFINITION_SHAPE('Placement','Placement of an item',
  #3248);
#3248 = NEXT_ASSEMBLY_USAGE_OCCURRENCE('7','D3','',#5,#87,$);
#3249 = SHAPE_DEFINITION_REPRESENTATION(#3250,#3256);
#3250 = PRODUCT_DEFINITION_SHAPE('','',#3251);
#3251 = PRODUCT_DEFINITION('design','',#3252,#3255);
#3252 = PRODUCT_DEFINITION_FORMATION('','',#3253);
#3253 = PRODUCT('JST_GH_SM04B-GHS-TB_1x04-1MP_P1.25mm_Horizontal',
  'JST_GH_SM04B-GHS-TB_1x04-1MP_P1.25mm_Horizontal','',(#3254));
#3254 = PRODUCT_CONTEXT('',#2,'mechanical');
#3255 = PRODUCT_DEFINITION_CONTEXT('part definition',#2,'design');
#3256 = SHAPE_REPRESENTATION('',(#11,#3257),#3261);
#3257 = AXIS2_PLACEMENT_3D('',#3258,#3259,#3260);
#3258 = CARTESIAN_POINT('',(0.,0.,0.));
#3259 = DIRECTION('',(0.,0.,1.));
#3260 = DIRECTION('',(1.,0.,-0.));
#3261 = ( GEOMETRIC_REPRESENTATION_CONTEXT(3) 
GLOBAL_UNCERTAINTY_ASSIGNED_CONTEXT((#3265)) 
GLOBAL_UNIT_ASSIGNED_CONTEXT((#3262,#3263,#3264)) REPRESENTATION_CONTEXT
('Context #1','3D Context with UNIT and UNCERTAINTY') );
#3262 = ( LENGTH_UNIT() NAMED_UNIT(*) SI_UNIT(.MILLI.,.METRE.) );
#3263 = ( NAMED_UNIT(*) PLANE_ANGLE_UNIT() SI_UNIT($,.RADIAN.) );
#3264 = ( NAMED_UNIT(*) SI_UNIT($,.STERADIAN.) SOLID_ANGLE_UNIT() );
#3265 = UNCERTAINTY_MEASURE_WITH_UNIT(LENGTH_MEASURE(1.E-07),#3262,
  'distance_accuracy_value','confusion accuracy');
#3266 = CONTEXT_DEPENDENT_SHAPE_REPRESENTATION(#3267,#3269);
#3267 = ( REPRESENTATION_RELATIONSHIP('','',#3256,#10) 
REPRESENTATION_RELATIONSHIP_WITH_TRANSFORMATION(#3268) 
SHAPE_REPRESENTATION_RELATIONSHIP() );
#3268 = ITEM_DEFINED_TRANSFORMATION('','',#11,#31);
#3269 = PRODUCT_DEFINITION_SHAPE('Placement','Placement of an item',
  #3270);
#3270 = NEXT_ASSEMBLY_USAGE_OCCURRENCE('9','J1','',#5,#3251,$);
#3271 = PRODUCT_RELATED_PRODUCT_CATEGORY('part',$,(#3253));
#3272 = SHAPE_DEFINITION_REPRESENTATION(#3273,#3279);
#3273 = PRODUCT_DEFINITION_SHAPE('','',#3274);
#3274 = PRODUCT_DEFINITION('design','',#3275,#3278);
#3275 = PRODUCT_DEFINITION_FORMATION('','',#3276);
#3276 = PRODUCT('JST_SM04B_GHS_TB','JST_SM04B_GHS_TB','',(#3277));
#3277 = PRODUCT_CONTEXT('',#2,'mechanical');
#3278 = PRODUCT_DEFINITION_CONTEXT('part definition',#2,'design');
#3279 = ADVANCED_BREP_SHAPE_REPRESENTATION('',(#11,#3280),#9679);
#3280 = MANIFOLD_SOLID_BREP('',#3281);
#3281 = CLOSED_SHELL('',(#3282,#3418,#3481,#3521,#3545,#3601,#3625,#4160
    ,#4216,#4240,#4264,#4288,#4312,#4393,#4545,#4569,#4593,#4738,#4826,
    #4866,#4899,#4932,#4956,#5023,#5047,#5071,#5088,#5112,#5207,#5231,
    #5256,#5288,#5305,#5327,#5344,#5395,#5407,#5438,#5462,#5486,#5510,
    #5534,#5558,#5582,#5606,#5630,#5654,#5686,#5710,#5750,#5782,#5806,
    #5846,#5886,#5910,#5942,#5982,#6006,#6038,#6062,#6086,#6110,#6134,
    #6166,#6190,#6230,#6262,#6286,#6326,#6366,#6390,#6422,#6462,#6486,
    #6518,#6542,#6559,#6590,#6614,#6638,#6655,#6686,#6710,#6734,#6751,
    #6791,#6808,#6822,#6839,#6897,#6921,#6984,#7008,#7071,#7095,#7158,
    #7182,#7245,#7269,#7332,#7356,#7419,#7443,#7506,#7523,#7535,#7552,
    #7564,#7581,#7593,#7610,#7622,#7639,#7656,#7691,#7708,#7720,#7737,
    #7754,#7772,#7789,#7807,#7819,#7831,#7855,#7879,#7896,#7908,#7931,
    #7955,#7971,#7983,#8243,#8275,#8292,#8309,#8335,#8367,#8398,#8415,
    #8427,#8452,#8477,#8509,#8526,#8543,#8569,#8601,#8632,#8649,#8661,
    #8686,#8711,#8723,#8735,#8752,#8769,#8786,#8798,#8815,#8832,#8849,
    #8861,#8878,#8895,#8912,#8924,#8941,#8958,#8975,#8987,#8999,#9016,
    #9033,#9050,#9067,#9106,#9130,#9162,#9179,#9218,#9242,#9274,#9291,
    #9330,#9354,#9386,#9403,#9434,#9466,#9490,#9515,#9527,#9539,#9551,
    #9563,#9580,#9592,#9609,#9621,#9638,#9650,#9667));
#3282 = ADVANCED_FACE('',(#3283),#3413,.F.);
#3283 = FACE_BOUND('',#3284,.F.);
#3284 = EDGE_LOOP('',(#3285,#3295,#3303,#3311,#3319,#3327,#3335,#3343,
    #3351,#3359,#3367,#3375,#3383,#3391,#3399,#3407));
#3285 = ORIENTED_EDGE('',*,*,#3286,.F.);
#3286 = EDGE_CURVE('',#3287,#3289,#3291,.T.);
#3287 = VERTEX_POINT('',#3288);
#3288 = CARTESIAN_POINT('',(-4.125,0.93,-5.E-03));
#3289 = VERTEX_POINT('',#3290);
#3290 = CARTESIAN_POINT('',(-4.125,-0.22,-4.999999999999E-03));
#3291 = LINE('',#3292,#3293);
#3292 = CARTESIAN_POINT('',(-4.125,1.58,-5.E-03));
#3293 = VECTOR('',#3294,1.);
#3294 = DIRECTION('',(0.,-1.,2.22044604925E-16));
#3295 = ORIENTED_EDGE('',*,*,#3296,.F.);
#3296 = EDGE_CURVE('',#3297,#3287,#3299,.T.);
#3297 = VERTEX_POINT('',#3298);
#3298 = CARTESIAN_POINT('',(-4.125,0.93,0.195));
#3299 = LINE('',#3300,#3301);
#3300 = CARTESIAN_POINT('',(-4.125,0.93,0.195));
#3301 = VECTOR('',#3302,1.);
#3302 = DIRECTION('',(0.,-2.22044604925E-16,-1.));
#3303 = ORIENTED_EDGE('',*,*,#3304,.F.);
#3304 = EDGE_CURVE('',#3305,#3297,#3307,.T.);
#3305 = VERTEX_POINT('',#3306);
#3306 = CARTESIAN_POINT('',(-4.125,1.08,0.195));
#3307 = LINE('',#3308,#3309);
#3308 = CARTESIAN_POINT('',(-4.125,1.08,0.195));
#3309 = VECTOR('',#3310,1.);
#3310 = DIRECTION('',(0.,-1.,2.22044604925E-16));
#3311 = ORIENTED_EDGE('',*,*,#3312,.F.);
#3312 = EDGE_CURVE('',#3313,#3305,#3315,.T.);
#3313 = VERTEX_POINT('',#3314);
#3314 = CARTESIAN_POINT('',(-4.125,1.08,0.945));
#3315 = LINE('',#3316,#3317);
#3316 = CARTESIAN_POINT('',(-4.125,1.08,0.945));
#3317 = VECTOR('',#3318,1.);
#3318 = DIRECTION('',(0.,-2.22044604925E-16,-1.));
#3319 = ORIENTED_EDGE('',*,*,#3320,.F.);
#3320 = EDGE_CURVE('',#3321,#3313,#3323,.T.);
#3321 = VERTEX_POINT('',#3322);
#3322 = CARTESIAN_POINT('',(-4.125,1.58,0.945));
#3323 = LINE('',#3324,#3325);
#3324 = CARTESIAN_POINT('',(-4.125,1.58,0.945));
#3325 = VECTOR('',#3326,1.);
#3326 = DIRECTION('',(0.,-1.,2.22044604925E-16));
#3327 = ORIENTED_EDGE('',*,*,#3328,.T.);
#3328 = EDGE_CURVE('',#3321,#3329,#3331,.T.);
#3329 = VERTEX_POINT('',#3330);
#3330 = CARTESIAN_POINT('',(-4.125,1.58,1.995));
#3331 = LINE('',#3332,#3333);
#3332 = CARTESIAN_POINT('',(-4.125,1.58,-5.E-03));
#3333 = VECTOR('',#3334,1.);
#3334 = DIRECTION('',(0.,2.22044604925E-16,1.));
#3335 = ORIENTED_EDGE('',*,*,#3336,.T.);
#3336 = EDGE_CURVE('',#3329,#3337,#3339,.T.);
#3337 = VERTEX_POINT('',#3338);
#3338 = CARTESIAN_POINT('',(-4.125,0.98,1.995));
#3339 = LINE('',#3340,#3341);
#3340 = CARTESIAN_POINT('',(-4.125,1.58,1.995));
#3341 = VECTOR('',#3342,1.);
#3342 = DIRECTION('',(0.,-1.,2.22044604925E-16));
#3343 = ORIENTED_EDGE('',*,*,#3344,.T.);
#3344 = EDGE_CURVE('',#3337,#3345,#3347,.T.);
#3345 = VERTEX_POINT('',#3346);
#3346 = CARTESIAN_POINT('',(-4.125,0.98,3.595));
#3347 = LINE('',#3348,#3349);
#3348 = CARTESIAN_POINT('',(-4.125,0.98,1.995));
#3349 = VECTOR('',#3350,1.);
#3350 = DIRECTION('',(0.,2.22044604925E-16,1.));
#3351 = ORIENTED_EDGE('',*,*,#3352,.T.);
#3352 = EDGE_CURVE('',#3345,#3353,#3355,.T.);
#3353 = VERTEX_POINT('',#3354);
#3354 = CARTESIAN_POINT('',(-4.125,-0.32,3.595));
#3355 = LINE('',#3356,#3357);
#3356 = CARTESIAN_POINT('',(-4.125,0.98,3.595));
#3357 = VECTOR('',#3358,1.);
#3358 = DIRECTION('',(0.,-1.,2.22044604925E-16));
#3359 = ORIENTED_EDGE('',*,*,#3360,.T.);
#3360 = EDGE_CURVE('',#3353,#3361,#3363,.T.);
#3361 = VERTEX_POINT('',#3362);
#3362 = CARTESIAN_POINT('',(-4.125,-0.32,4.245));
#3363 = LINE('',#3364,#3365);
#3364 = CARTESIAN_POINT('',(-4.125,-0.32,3.595));
#3365 = VECTOR('',#3366,1.);
#3366 = DIRECTION('',(0.,2.22044604925E-16,1.));
#3367 = ORIENTED_EDGE('',*,*,#3368,.T.);
#3368 = EDGE_CURVE('',#3361,#3369,#3371,.T.);
#3369 = VERTEX_POINT('',#3370);
#3370 = CARTESIAN_POINT('',(-4.125,-2.47,4.245));
#3371 = LINE('',#3372,#3373);
#3372 = CARTESIAN_POINT('',(-4.125,1.58,4.245));
#3373 = VECTOR('',#3374,1.);
#3374 = DIRECTION('',(0.,-1.,2.22044604925E-16));
#3375 = ORIENTED_EDGE('',*,*,#3376,.F.);
#3376 = EDGE_CURVE('',#3377,#3369,#3379,.T.);
#3377 = VERTEX_POINT('',#3378);
#3378 = CARTESIAN_POINT('',(-4.125,-2.47,1.945));
#3379 = LINE('',#3380,#3381);
#3380 = CARTESIAN_POINT('',(-4.125,-2.47,-4.999999999999E-03));
#3381 = VECTOR('',#3382,1.);
#3382 = DIRECTION('',(0.,2.22044604925E-16,1.));
#3383 = ORIENTED_EDGE('',*,*,#3384,.T.);
#3384 = EDGE_CURVE('',#3377,#3385,#3387,.T.);
#3385 = VERTEX_POINT('',#3386);
#3386 = CARTESIAN_POINT('',(-4.125,-1.82,1.945));
#3387 = LINE('',#3388,#3389);
#3388 = CARTESIAN_POINT('',(-4.125,-2.47,1.945));
#3389 = VECTOR('',#3390,1.);
#3390 = DIRECTION('',(0.,1.,-2.22044604925E-16));
#3391 = ORIENTED_EDGE('',*,*,#3392,.T.);
#3392 = EDGE_CURVE('',#3385,#3393,#3395,.T.);
#3393 = VERTEX_POINT('',#3394);
#3394 = CARTESIAN_POINT('',(-4.125,-1.82,0.595));
#3395 = LINE('',#3396,#3397);
#3396 = CARTESIAN_POINT('',(-4.125,-1.82,1.945));
#3397 = VECTOR('',#3398,1.);
#3398 = DIRECTION('',(0.,-2.22044604925E-16,-1.));
#3399 = ORIENTED_EDGE('',*,*,#3400,.T.);
#3400 = EDGE_CURVE('',#3393,#3401,#3403,.T.);
#3401 = VERTEX_POINT('',#3402);
#3402 = CARTESIAN_POINT('',(-4.125,-0.22,0.595));
#3403 = LINE('',#3404,#3405);
#3404 = CARTESIAN_POINT('',(-4.125,-1.82,0.595));
#3405 = VECTOR('',#3406,1.);
#3406 = DIRECTION('',(0.,1.,-2.22044604925E-16));
#3407 = ORIENTED_EDGE('',*,*,#3408,.T.);
#3408 = EDGE_CURVE('',#3401,#3289,#3409,.T.);
#3409 = LINE('',#3410,#3411);
#3410 = CARTESIAN_POINT('',(-4.125,-0.22,0.595));
#3411 = VECTOR('',#3412,1.);
#3412 = DIRECTION('',(0.,-2.22044604925E-16,-1.));
#3413 = PLANE('',#3414);
#3414 = AXIS2_PLACEMENT_3D('',#3415,#3416,#3417);
#3415 = CARTESIAN_POINT('',(-4.125,1.58,-5.E-03));
#3416 = DIRECTION('',(1.,0.,0.));
#3417 = DIRECTION('',(0.,-1.,2.22044604925E-16));
#3418 = ADVANCED_FACE('',(#3419),#3476,.F.);
#3419 = FACE_BOUND('',#3420,.F.);
#3420 = EDGE_LOOP('',(#3421,#3429,#3430,#3438,#3446,#3454,#3462,#3470));
#3421 = ORIENTED_EDGE('',*,*,#3422,.F.);
#3422 = EDGE_CURVE('',#3287,#3423,#3425,.T.);
#3423 = VERTEX_POINT('',#3424);
#3424 = CARTESIAN_POINT('',(4.125,0.93,-5.E-03));
#3425 = LINE('',#3426,#3427);
#3426 = CARTESIAN_POINT('',(-4.125,0.93,-5.E-03));
#3427 = VECTOR('',#3428,1.);
#3428 = DIRECTION('',(1.,0.,0.));
#3429 = ORIENTED_EDGE('',*,*,#3286,.T.);
#3430 = ORIENTED_EDGE('',*,*,#3431,.T.);
#3431 = EDGE_CURVE('',#3289,#3432,#3434,.T.);
#3432 = VERTEX_POINT('',#3433);
#3433 = CARTESIAN_POINT('',(-3.625,-0.22,-4.999999999999E-03));
#3434 = LINE('',#3435,#3436);
#3435 = CARTESIAN_POINT('',(-4.125,-0.22,-4.999999999999E-03));
#3436 = VECTOR('',#3437,1.);
#3437 = DIRECTION('',(1.,0.,0.));
#3438 = ORIENTED_EDGE('',*,*,#3439,.T.);
#3439 = EDGE_CURVE('',#3432,#3440,#3442,.T.);
#3440 = VERTEX_POINT('',#3441);
#3441 = CARTESIAN_POINT('',(-3.625,-2.47,-4.999999999999E-03));
#3442 = LINE('',#3443,#3444);
#3443 = CARTESIAN_POINT('',(-3.625,-0.22,-4.999999999999E-03));
#3444 = VECTOR('',#3445,1.);
#3445 = DIRECTION('',(0.,-1.,2.22044604925E-16));
#3446 = ORIENTED_EDGE('',*,*,#3447,.T.);
#3447 = EDGE_CURVE('',#3440,#3448,#3450,.T.);
#3448 = VERTEX_POINT('',#3449);
#3449 = CARTESIAN_POINT('',(3.625,-2.47,-4.999999999999E-03));
#3450 = LINE('',#3451,#3452);
#3451 = CARTESIAN_POINT('',(-4.125,-2.47,-4.999999999999E-03));
#3452 = VECTOR('',#3453,1.);
#3453 = DIRECTION('',(1.,0.,0.));
#3454 = ORIENTED_EDGE('',*,*,#3455,.F.);
#3455 = EDGE_CURVE('',#3456,#3448,#3458,.T.);
#3456 = VERTEX_POINT('',#3457);
#3457 = CARTESIAN_POINT('',(3.625,-0.22,-4.999999999999E-03));
#3458 = LINE('',#3459,#3460);
#3459 = CARTESIAN_POINT('',(3.625,-0.22,-4.999999999999E-03));
#3460 = VECTOR('',#3461,1.);
#3461 = DIRECTION('',(0.,-1.,2.22044604925E-16));
#3462 = ORIENTED_EDGE('',*,*,#3463,.T.);
#3463 = EDGE_CURVE('',#3456,#3464,#3466,.T.);
#3464 = VERTEX_POINT('',#3465);
#3465 = CARTESIAN_POINT('',(4.125,-0.22,-4.999999999999E-03));
#3466 = LINE('',#3467,#3468);
#3467 = CARTESIAN_POINT('',(3.625,-0.22,-4.999999999999E-03));
#3468 = VECTOR('',#3469,1.);
#3469 = DIRECTION('',(1.,0.,0.));
#3470 = ORIENTED_EDGE('',*,*,#3471,.F.);
#3471 = EDGE_CURVE('',#3423,#3464,#3472,.T.);
#3472 = LINE('',#3473,#3474);
#3473 = CARTESIAN_POINT('',(4.125,1.58,-5.E-03));
#3474 = VECTOR('',#3475,1.);
#3475 = DIRECTION('',(0.,-1.,2.22044604925E-16));
#3476 = PLANE('',#3477);
#3477 = AXIS2_PLACEMENT_3D('',#3478,#3479,#3480);
#3478 = CARTESIAN_POINT('',(-4.125,1.58,-5.E-03));
#3479 = DIRECTION('',(0.,2.22044604925E-16,1.));
#3480 = DIRECTION('',(0.,-1.,2.22044604925E-16));
#3481 = ADVANCED_FACE('',(#3482),#3516,.F.);
#3482 = FACE_BOUND('',#3483,.F.);
#3483 = EDGE_LOOP('',(#3484,#3485,#3493,#3501,#3509,#3515));
#3484 = ORIENTED_EDGE('',*,*,#3408,.F.);
#3485 = ORIENTED_EDGE('',*,*,#3486,.T.);
#3486 = EDGE_CURVE('',#3401,#3487,#3489,.T.);
#3487 = VERTEX_POINT('',#3488);
#3488 = CARTESIAN_POINT('',(-3.825,-0.22,0.595));
#3489 = LINE('',#3490,#3491);
#3490 = CARTESIAN_POINT('',(-4.125,-0.22,0.595));
#3491 = VECTOR('',#3492,1.);
#3492 = DIRECTION('',(1.,0.,0.));
#3493 = ORIENTED_EDGE('',*,*,#3494,.F.);
#3494 = EDGE_CURVE('',#3495,#3487,#3497,.T.);
#3495 = VERTEX_POINT('',#3496);
#3496 = CARTESIAN_POINT('',(-3.825,-0.22,0.37));
#3497 = LINE('',#3498,#3499);
#3498 = CARTESIAN_POINT('',(-3.825,-0.22,0.807892234548));
#3499 = VECTOR('',#3500,1.);
#3500 = DIRECTION('',(0.,2.22044604925E-16,1.));
#3501 = ORIENTED_EDGE('',*,*,#3502,.F.);
#3502 = EDGE_CURVE('',#3503,#3495,#3505,.T.);
#3503 = VERTEX_POINT('',#3504);
#3504 = CARTESIAN_POINT('',(-3.625,-0.22,0.37));
#3505 = LINE('',#3506,#3507);
#3506 = CARTESIAN_POINT('',(-3.975,-0.22,0.37));
#3507 = VECTOR('',#3508,1.);
#3508 = DIRECTION('',(-1.,0.,0.));
#3509 = ORIENTED_EDGE('',*,*,#3510,.T.);
#3510 = EDGE_CURVE('',#3503,#3432,#3511,.T.);
#3511 = LINE('',#3512,#3513);
#3512 = CARTESIAN_POINT('',(-3.625,-0.22,0.595));
#3513 = VECTOR('',#3514,1.);
#3514 = DIRECTION('',(0.,-2.22044604925E-16,-1.));
#3515 = ORIENTED_EDGE('',*,*,#3431,.F.);
#3516 = PLANE('',#3517);
#3517 = AXIS2_PLACEMENT_3D('',#3518,#3519,#3520);
#3518 = CARTESIAN_POINT('',(-4.125,-0.22,0.595));
#3519 = DIRECTION('',(0.,1.,-2.22044604925E-16));
#3520 = DIRECTION('',(0.,-2.22044604925E-16,-1.));
#3521 = ADVANCED_FACE('',(#3522),#3540,.F.);
#3522 = FACE_BOUND('',#3523,.F.);
#3523 = EDGE_LOOP('',(#3524,#3525,#3533,#3539));
#3524 = ORIENTED_EDGE('',*,*,#3400,.F.);
#3525 = ORIENTED_EDGE('',*,*,#3526,.T.);
#3526 = EDGE_CURVE('',#3393,#3527,#3529,.T.);
#3527 = VERTEX_POINT('',#3528);
#3528 = CARTESIAN_POINT('',(-3.825,-1.82,0.595));
#3529 = LINE('',#3530,#3531);
#3530 = CARTESIAN_POINT('',(-4.125,-1.82,0.595));
#3531 = VECTOR('',#3532,1.);
#3532 = DIRECTION('',(1.,0.,0.));
#3533 = ORIENTED_EDGE('',*,*,#3534,.F.);
#3534 = EDGE_CURVE('',#3487,#3527,#3535,.T.);
#3535 = LINE('',#3536,#3537);
#3536 = CARTESIAN_POINT('',(-3.825,-1.537444532488,0.595));
#3537 = VECTOR('',#3538,1.);
#3538 = DIRECTION('',(0.,-1.,2.22044604925E-16));
#3539 = ORIENTED_EDGE('',*,*,#3486,.F.);
#3540 = PLANE('',#3541);
#3541 = AXIS2_PLACEMENT_3D('',#3542,#3543,#3544);
#3542 = CARTESIAN_POINT('',(-4.125,-1.82,0.595));
#3543 = DIRECTION('',(0.,2.22044604925E-16,1.));
#3544 = DIRECTION('',(0.,1.,-2.22044604925E-16));
#3545 = ADVANCED_FACE('',(#3546),#3596,.F.);
#3546 = FACE_BOUND('',#3547,.F.);
#3547 = EDGE_LOOP('',(#3548,#3549,#3557,#3565,#3573,#3581,#3589,#3595));
#3548 = ORIENTED_EDGE('',*,*,#3392,.F.);
#3549 = ORIENTED_EDGE('',*,*,#3550,.T.);
#3550 = EDGE_CURVE('',#3385,#3551,#3553,.T.);
#3551 = VERTEX_POINT('',#3552);
#3552 = CARTESIAN_POINT('',(-3.825,-1.82,1.945));
#3553 = LINE('',#3554,#3555);
#3554 = CARTESIAN_POINT('',(-4.125,-1.82,1.945));
#3555 = VECTOR('',#3556,1.);
#3556 = DIRECTION('',(1.,0.,0.));
#3557 = ORIENTED_EDGE('',*,*,#3558,.F.);
#3558 = EDGE_CURVE('',#3559,#3551,#3561,.T.);
#3559 = VERTEX_POINT('',#3560);
#3560 = CARTESIAN_POINT('',(-3.825,-1.82,1.51));
#3561 = LINE('',#3562,#3563);
#3562 = CARTESIAN_POINT('',(-3.825,-1.82,1.482892234548));
#3563 = VECTOR('',#3564,1.);
#3564 = DIRECTION('',(0.,2.22044604925E-16,1.));
#3565 = ORIENTED_EDGE('',*,*,#3566,.F.);
#3566 = EDGE_CURVE('',#3567,#3559,#3569,.T.);
#3567 = VERTEX_POINT('',#3568);
#3568 = CARTESIAN_POINT('',(-3.625,-1.82,1.51));
#3569 = LINE('',#3570,#3571);
#3570 = CARTESIAN_POINT('',(-3.975,-1.82,1.51));
#3571 = VECTOR('',#3572,1.);
#3572 = DIRECTION('',(-1.,0.,0.));
#3573 = ORIENTED_EDGE('',*,*,#3574,.T.);
#3574 = EDGE_CURVE('',#3567,#3575,#3577,.T.);
#3575 = VERTEX_POINT('',#3576);
#3576 = CARTESIAN_POINT('',(-3.625,-1.82,0.8));
#3577 = LINE('',#3578,#3579);
#3578 = CARTESIAN_POINT('',(-3.625,-1.82,1.945));
#3579 = VECTOR('',#3580,1.);
#3580 = DIRECTION('',(0.,-2.22044604925E-16,-1.));
#3581 = ORIENTED_EDGE('',*,*,#3582,.F.);
#3582 = EDGE_CURVE('',#3583,#3575,#3585,.T.);
#3583 = VERTEX_POINT('',#3584);
#3584 = CARTESIAN_POINT('',(-3.825,-1.82,0.8));
#3585 = LINE('',#3586,#3587);
#3586 = CARTESIAN_POINT('',(-3.975,-1.82,0.8));
#3587 = VECTOR('',#3588,1.);
#3588 = DIRECTION('',(1.,0.,0.));
#3589 = ORIENTED_EDGE('',*,*,#3590,.F.);
#3590 = EDGE_CURVE('',#3527,#3583,#3591,.T.);
#3591 = LINE('',#3592,#3593);
#3592 = CARTESIAN_POINT('',(-3.825,-1.82,1.482892234548));
#3593 = VECTOR('',#3594,1.);
#3594 = DIRECTION('',(0.,2.22044604925E-16,1.));
#3595 = ORIENTED_EDGE('',*,*,#3526,.F.);
#3596 = PLANE('',#3597);
#3597 = AXIS2_PLACEMENT_3D('',#3598,#3599,#3600);
#3598 = CARTESIAN_POINT('',(-4.125,-1.82,1.945));
#3599 = DIRECTION('',(0.,1.,-2.22044604925E-16));
#3600 = DIRECTION('',(0.,-2.22044604925E-16,-1.));
#3601 = ADVANCED_FACE('',(#3602),#3620,.F.);
#3602 = FACE_BOUND('',#3603,.F.);
#3603 = EDGE_LOOP('',(#3604,#3605,#3613,#3619));
#3604 = ORIENTED_EDGE('',*,*,#3384,.F.);
#3605 = ORIENTED_EDGE('',*,*,#3606,.T.);
#3606 = EDGE_CURVE('',#3377,#3607,#3609,.T.);
#3607 = VERTEX_POINT('',#3608);
#3608 = CARTESIAN_POINT('',(-3.825,-2.47,1.945));
#3609 = LINE('',#3610,#3611);
#3610 = CARTESIAN_POINT('',(-4.125,-2.47,1.945));
#3611 = VECTOR('',#3612,1.);
#3612 = DIRECTION('',(1.,0.,0.));
#3613 = ORIENTED_EDGE('',*,*,#3614,.F.);
#3614 = EDGE_CURVE('',#3551,#3607,#3615,.T.);
#3615 = LINE('',#3616,#3617);
#3616 = CARTESIAN_POINT('',(-3.825,-1.862444532488,1.945));
#3617 = VECTOR('',#3618,1.);
#3618 = DIRECTION('',(0.,-1.,2.22044604925E-16));
#3619 = ORIENTED_EDGE('',*,*,#3550,.F.);
#3620 = PLANE('',#3621);
#3621 = AXIS2_PLACEMENT_3D('',#3622,#3623,#3624);
#3622 = CARTESIAN_POINT('',(-4.125,-2.47,1.945));
#3623 = DIRECTION('',(0.,2.22044604925E-16,1.));
#3624 = DIRECTION('',(0.,1.,-2.22044604925E-16));
#3625 = ADVANCED_FACE('',(#3626,#3731,#3765,#4087,#4121),#4155,.T.);
#3626 = FACE_BOUND('',#3627,.T.);
#3627 = EDGE_LOOP('',(#3628,#3629,#3630,#3638,#3646,#3654,#3662,#3668,
    #3669,#3677,#3685,#3693,#3701,#3709,#3717,#3725));
#3628 = ORIENTED_EDGE('',*,*,#3376,.F.);
#3629 = ORIENTED_EDGE('',*,*,#3606,.T.);
#3630 = ORIENTED_EDGE('',*,*,#3631,.F.);
#3631 = EDGE_CURVE('',#3632,#3607,#3634,.T.);
#3632 = VERTEX_POINT('',#3633);
#3633 = CARTESIAN_POINT('',(-3.825,-2.47,2.05));
#3634 = LINE('',#3635,#3636);
#3635 = CARTESIAN_POINT('',(-3.825,-2.47,0.507892234548));
#3636 = VECTOR('',#3637,1.);
#3637 = DIRECTION('',(0.,-2.22044604925E-16,-1.));
#3638 = ORIENTED_EDGE('',*,*,#3639,.F.);
#3639 = EDGE_CURVE('',#3640,#3632,#3642,.T.);
#3640 = VERTEX_POINT('',#3641);
#3641 = CARTESIAN_POINT('',(-3.625,-2.47,2.05));
#3642 = LINE('',#3643,#3644);
#3643 = CARTESIAN_POINT('',(-3.975,-2.47,2.05));
#3644 = VECTOR('',#3645,1.);
#3645 = DIRECTION('',(-1.,0.,0.));
#3646 = ORIENTED_EDGE('',*,*,#3647,.T.);
#3647 = EDGE_CURVE('',#3640,#3648,#3650,.T.);
#3648 = VERTEX_POINT('',#3649);
#3649 = CARTESIAN_POINT('',(-3.625,-2.47,1.945));
#3650 = LINE('',#3651,#3652);
#3651 = CARTESIAN_POINT('',(-3.625,-2.47,0.507892234548));
#3652 = VECTOR('',#3653,1.);
#3653 = DIRECTION('',(0.,-2.22044604925E-16,-1.));
#3654 = ORIENTED_EDGE('',*,*,#3655,.F.);
#3655 = EDGE_CURVE('',#3656,#3648,#3658,.T.);
#3656 = VERTEX_POINT('',#3657);
#3657 = CARTESIAN_POINT('',(-3.625,-2.47,-1.875376730785E-19));
#3658 = LINE('',#3659,#3660);
#3659 = CARTESIAN_POINT('',(-3.625,-2.47,-4.999999999999E-03));
#3660 = VECTOR('',#3661,1.);
#3661 = DIRECTION('',(0.,2.22044604925E-16,1.));
#3662 = ORIENTED_EDGE('',*,*,#3663,.F.);
#3663 = EDGE_CURVE('',#3440,#3656,#3664,.T.);
#3664 = LINE('',#3665,#3666);
#3665 = CARTESIAN_POINT('',(-3.625,-2.47,-4.999999999999E-03));
#3666 = VECTOR('',#3667,1.);
#3667 = DIRECTION('',(0.,2.22044604925E-16,1.));
#3668 = ORIENTED_EDGE('',*,*,#3447,.T.);
#3669 = ORIENTED_EDGE('',*,*,#3670,.T.);
#3670 = EDGE_CURVE('',#3448,#3671,#3673,.T.);
#3671 = VERTEX_POINT('',#3672);
#3672 = CARTESIAN_POINT('',(3.625,-2.47,-1.875376730785E-19));
#3673 = LINE('',#3674,#3675);
#3674 = CARTESIAN_POINT('',(3.625,-2.47,-4.999999999999E-03));
#3675 = VECTOR('',#3676,1.);
#3676 = DIRECTION('',(0.,2.22044604925E-16,1.));
#3677 = ORIENTED_EDGE('',*,*,#3678,.T.);
#3678 = EDGE_CURVE('',#3671,#3679,#3681,.T.);
#3679 = VERTEX_POINT('',#3680);
#3680 = CARTESIAN_POINT('',(3.625,-2.47,1.945));
#3681 = LINE('',#3682,#3683);
#3682 = CARTESIAN_POINT('',(3.625,-2.47,-4.999999999999E-03));
#3683 = VECTOR('',#3684,1.);
#3684 = DIRECTION('',(0.,2.22044604925E-16,1.));
#3685 = ORIENTED_EDGE('',*,*,#3686,.F.);
#3686 = EDGE_CURVE('',#3687,#3679,#3689,.T.);
#3687 = VERTEX_POINT('',#3688);
#3688 = CARTESIAN_POINT('',(3.625,-2.47,2.05));
#3689 = LINE('',#3690,#3691);
#3690 = CARTESIAN_POINT('',(3.625,-2.47,0.507892234548));
#3691 = VECTOR('',#3692,1.);
#3692 = DIRECTION('',(0.,-2.22044604925E-16,-1.));
#3693 = ORIENTED_EDGE('',*,*,#3694,.F.);
#3694 = EDGE_CURVE('',#3695,#3687,#3697,.T.);
#3695 = VERTEX_POINT('',#3696);
#3696 = CARTESIAN_POINT('',(3.825,-2.47,2.05));
#3697 = LINE('',#3698,#3699);
#3698 = CARTESIAN_POINT('',(-0.25,-2.47,2.05));
#3699 = VECTOR('',#3700,1.);
#3700 = DIRECTION('',(-1.,0.,0.));
#3701 = ORIENTED_EDGE('',*,*,#3702,.T.);
#3702 = EDGE_CURVE('',#3695,#3703,#3705,.T.);
#3703 = VERTEX_POINT('',#3704);
#3704 = CARTESIAN_POINT('',(3.825,-2.47,1.945));
#3705 = LINE('',#3706,#3707);
#3706 = CARTESIAN_POINT('',(3.825,-2.47,0.507892234548));
#3707 = VECTOR('',#3708,1.);
#3708 = DIRECTION('',(0.,-2.22044604925E-16,-1.));
#3709 = ORIENTED_EDGE('',*,*,#3710,.T.);
#3710 = EDGE_CURVE('',#3703,#3711,#3713,.T.);
#3711 = VERTEX_POINT('',#3712);
#3712 = CARTESIAN_POINT('',(4.125,-2.47,1.945));
#3713 = LINE('',#3714,#3715);
#3714 = CARTESIAN_POINT('',(3.625,-2.47,1.945));
#3715 = VECTOR('',#3716,1.);
#3716 = DIRECTION('',(1.,0.,0.));
#3717 = ORIENTED_EDGE('',*,*,#3718,.T.);
#3718 = EDGE_CURVE('',#3711,#3719,#3721,.T.);
#3719 = VERTEX_POINT('',#3720);
#3720 = CARTESIAN_POINT('',(4.125,-2.47,4.245));
#3721 = LINE('',#3722,#3723);
#3722 = CARTESIAN_POINT('',(4.125,-2.47,-4.999999999999E-03));
#3723 = VECTOR('',#3724,1.);
#3724 = DIRECTION('',(0.,2.22044604925E-16,1.));
#3725 = ORIENTED_EDGE('',*,*,#3726,.F.);
#3726 = EDGE_CURVE('',#3369,#3719,#3727,.T.);
#3727 = LINE('',#3728,#3729);
#3728 = CARTESIAN_POINT('',(-4.125,-2.47,4.245));
#3729 = VECTOR('',#3730,1.);
#3730 = DIRECTION('',(1.,0.,0.));
#3731 = FACE_BOUND('',#3732,.T.);
#3732 = EDGE_LOOP('',(#3733,#3743,#3751,#3759));
#3733 = ORIENTED_EDGE('',*,*,#3734,.T.);
#3734 = EDGE_CURVE('',#3735,#3737,#3739,.T.);
#3735 = VERTEX_POINT('',#3736);
#3736 = CARTESIAN_POINT('',(-2.225,-2.47,2.44));
#3737 = VERTEX_POINT('',#3738);
#3738 = CARTESIAN_POINT('',(-2.225,-2.47,3.84));
#3739 = LINE('',#3740,#3741);
#3740 = CARTESIAN_POINT('',(-2.225,-2.47,2.44));
#3741 = VECTOR('',#3742,1.);
#3742 = DIRECTION('',(0.,2.22044604925E-16,1.));
#3743 = ORIENTED_EDGE('',*,*,#3744,.T.);
#3744 = EDGE_CURVE('',#3737,#3745,#3747,.T.);
#3745 = VERTEX_POINT('',#3746);
#3746 = CARTESIAN_POINT('',(2.225,-2.47,3.84));
#3747 = LINE('',#3748,#3749);
#3748 = CARTESIAN_POINT('',(-2.225,-2.47,3.84));
#3749 = VECTOR('',#3750,1.);
#3750 = DIRECTION('',(1.,0.,0.));
#3751 = ORIENTED_EDGE('',*,*,#3752,.F.);
#3752 = EDGE_CURVE('',#3753,#3745,#3755,.T.);
#3753 = VERTEX_POINT('',#3754);
#3754 = CARTESIAN_POINT('',(2.225,-2.47,2.44));
#3755 = LINE('',#3756,#3757);
#3756 = CARTESIAN_POINT('',(2.225,-2.47,2.44));
#3757 = VECTOR('',#3758,1.);
#3758 = DIRECTION('',(0.,2.22044604925E-16,1.));
#3759 = ORIENTED_EDGE('',*,*,#3760,.F.);
#3760 = EDGE_CURVE('',#3735,#3753,#3761,.T.);
#3761 = LINE('',#3762,#3763);
#3762 = CARTESIAN_POINT('',(-2.225,-2.47,2.44));
#3763 = VECTOR('',#3764,1.);
#3764 = DIRECTION('',(1.,0.,0.));
#3765 = FACE_BOUND('',#3766,.T.);
#3766 = EDGE_LOOP('',(#3767,#3777,#3785,#3793,#3801,#3809,#3817,#3825,
    #3833,#3841,#3849,#3857,#3865,#3873,#3881,#3889,#3897,#3905,#3913,
    #3921,#3929,#3937,#3945,#3953,#3961,#3969,#3977,#3985,#3993,#4001,
    #4009,#4017,#4025,#4033,#4041,#4049,#4057,#4065,#4073,#4081));
#3767 = ORIENTED_EDGE('',*,*,#3768,.F.);
#3768 = EDGE_CURVE('',#3769,#3771,#3773,.T.);
#3769 = VERTEX_POINT('',#3770);
#3770 = CARTESIAN_POINT('',(3.125,-2.47,0.595));
#3771 = VERTEX_POINT('',#3772);
#3772 = CARTESIAN_POINT('',(3.125,-2.47,2.645));
#3773 = LINE('',#3774,#3775);
#3774 = CARTESIAN_POINT('',(3.125,-2.47,0.595));
#3775 = VECTOR('',#3776,1.);
#3776 = DIRECTION('',(0.,2.22044604925E-16,1.));
#3777 = ORIENTED_EDGE('',*,*,#3778,.F.);
#3778 = EDGE_CURVE('',#3779,#3769,#3781,.T.);
#3779 = VERTEX_POINT('',#3780);
#3780 = CARTESIAN_POINT('',(-3.125,-2.47,0.595));
#3781 = LINE('',#3782,#3783);
#3782 = CARTESIAN_POINT('',(-3.125,-2.47,0.595));
#3783 = VECTOR('',#3784,1.);
#3784 = DIRECTION('',(1.,0.,0.));
#3785 = ORIENTED_EDGE('',*,*,#3786,.F.);
#3786 = EDGE_CURVE('',#3787,#3779,#3789,.T.);
#3787 = VERTEX_POINT('',#3788);
#3788 = CARTESIAN_POINT('',(-3.125,-2.47,2.645));
#3789 = LINE('',#3790,#3791);
#3790 = CARTESIAN_POINT('',(-3.125,-2.47,2.645));
#3791 = VECTOR('',#3792,1.);
#3792 = DIRECTION('',(0.,-2.22044604925E-16,-1.));
#3793 = ORIENTED_EDGE('',*,*,#3794,.F.);
#3794 = EDGE_CURVE('',#3795,#3787,#3797,.T.);
#3795 = VERTEX_POINT('',#3796);
#3796 = CARTESIAN_POINT('',(-2.625,-2.47,2.645));
#3797 = LINE('',#3798,#3799);
#3798 = CARTESIAN_POINT('',(-2.625,-2.47,2.645));
#3799 = VECTOR('',#3800,1.);
#3800 = DIRECTION('',(-1.,0.,0.));
#3801 = ORIENTED_EDGE('',*,*,#3802,.F.);
#3802 = EDGE_CURVE('',#3803,#3795,#3805,.T.);
#3803 = VERTEX_POINT('',#3804);
#3804 = CARTESIAN_POINT('',(-2.625,-2.47,2.145));
#3805 = LINE('',#3806,#3807);
#3806 = CARTESIAN_POINT('',(-2.625,-2.47,2.145));
#3807 = VECTOR('',#3808,1.);
#3808 = DIRECTION('',(0.,2.22044604925E-16,1.));
#3809 = ORIENTED_EDGE('',*,*,#3810,.F.);
#3810 = EDGE_CURVE('',#3811,#3803,#3813,.T.);
#3811 = VERTEX_POINT('',#3812);
#3812 = CARTESIAN_POINT('',(-2.125,-2.47,2.145));
#3813 = LINE('',#3814,#3815);
#3814 = CARTESIAN_POINT('',(-2.125,-2.47,2.145));
#3815 = VECTOR('',#3816,1.);
#3816 = DIRECTION('',(-1.,0.,0.));
#3817 = ORIENTED_EDGE('',*,*,#3818,.F.);
#3818 = EDGE_CURVE('',#3819,#3811,#3821,.T.);
#3819 = VERTEX_POINT('',#3820);
#3820 = CARTESIAN_POINT('',(-2.125,-2.47,1.945));
#3821 = LINE('',#3822,#3823);
#3822 = CARTESIAN_POINT('',(-2.125,-2.47,1.945));
#3823 = VECTOR('',#3824,1.);
#3824 = DIRECTION('',(0.,2.22044604925E-16,1.));
#3825 = ORIENTED_EDGE('',*,*,#3826,.F.);
#3826 = EDGE_CURVE('',#3827,#3819,#3829,.T.);
#3827 = VERTEX_POINT('',#3828);
#3828 = CARTESIAN_POINT('',(-1.975,-2.47,1.945));
#3829 = LINE('',#3830,#3831);
#3830 = CARTESIAN_POINT('',(-1.975,-2.47,1.945));
#3831 = VECTOR('',#3832,1.);
#3832 = DIRECTION('',(-1.,0.,0.));
#3833 = ORIENTED_EDGE('',*,*,#3834,.F.);
#3834 = EDGE_CURVE('',#3835,#3827,#3837,.T.);
#3835 = VERTEX_POINT('',#3836);
#3836 = CARTESIAN_POINT('',(-1.975,-2.47,2.145));
#3837 = LINE('',#3838,#3839);
#3838 = CARTESIAN_POINT('',(-1.975,-2.47,2.145));
#3839 = VECTOR('',#3840,1.);
#3840 = DIRECTION('',(0.,-2.22044604925E-16,-1.));
#3841 = ORIENTED_EDGE('',*,*,#3842,.F.);
#3842 = EDGE_CURVE('',#3843,#3835,#3845,.T.);
#3843 = VERTEX_POINT('',#3844);
#3844 = CARTESIAN_POINT('',(-1.775,-2.47,2.145));
#3845 = LINE('',#3846,#3847);
#3846 = CARTESIAN_POINT('',(-1.775,-2.47,2.145));
#3847 = VECTOR('',#3848,1.);
#3848 = DIRECTION('',(-1.,0.,0.));
#3849 = ORIENTED_EDGE('',*,*,#3850,.F.);
#3850 = EDGE_CURVE('',#3851,#3843,#3853,.T.);
#3851 = VERTEX_POINT('',#3852);
#3852 = CARTESIAN_POINT('',(-1.775,-2.47,1.945));
#3853 = LINE('',#3854,#3855);
#3854 = CARTESIAN_POINT('',(-1.775,-2.47,1.945));
#3855 = VECTOR('',#3856,1.);
#3856 = DIRECTION('',(0.,2.22044604925E-16,1.));
#3857 = ORIENTED_EDGE('',*,*,#3858,.F.);
#3858 = EDGE_CURVE('',#3859,#3851,#3861,.T.);
#3859 = VERTEX_POINT('',#3860);
#3860 = CARTESIAN_POINT('',(-1.625,-2.47,1.945));
#3861 = LINE('',#3862,#3863);
#3862 = CARTESIAN_POINT('',(-1.625,-2.47,1.945));
#3863 = VECTOR('',#3864,1.);
#3864 = DIRECTION('',(-1.,0.,0.));
#3865 = ORIENTED_EDGE('',*,*,#3866,.F.);
#3866 = EDGE_CURVE('',#3867,#3859,#3869,.T.);
#3867 = VERTEX_POINT('',#3868);
#3868 = CARTESIAN_POINT('',(-1.625,-2.47,2.145));
#3869 = LINE('',#3870,#3871);
#3870 = CARTESIAN_POINT('',(-1.625,-2.47,2.145));
#3871 = VECTOR('',#3872,1.);
#3872 = DIRECTION('',(0.,-2.22044604925E-16,-1.));
#3873 = ORIENTED_EDGE('',*,*,#3874,.F.);
#3874 = EDGE_CURVE('',#3875,#3867,#3877,.T.);
#3875 = VERTEX_POINT('',#3876);
#3876 = CARTESIAN_POINT('',(-0.875,-2.47,2.145));
#3877 = LINE('',#3878,#3879);
#3878 = CARTESIAN_POINT('',(-0.875,-2.47,2.145));
#3879 = VECTOR('',#3880,1.);
#3880 = DIRECTION('',(-1.,0.,0.));
#3881 = ORIENTED_EDGE('',*,*,#3882,.F.);
#3882 = EDGE_CURVE('',#3883,#3875,#3885,.T.);
#3883 = VERTEX_POINT('',#3884);
#3884 = CARTESIAN_POINT('',(-0.875,-2.47,1.945));
#3885 = LINE('',#3886,#3887);
#3886 = CARTESIAN_POINT('',(-0.875,-2.47,1.945));
#3887 = VECTOR('',#3888,1.);
#3888 = DIRECTION('',(0.,2.22044604925E-16,1.));
#3889 = ORIENTED_EDGE('',*,*,#3890,.F.);
#3890 = EDGE_CURVE('',#3891,#3883,#3893,.T.);
#3891 = VERTEX_POINT('',#3892);
#3892 = CARTESIAN_POINT('',(-0.725,-2.47,1.945));
#3893 = LINE('',#3894,#3895);
#3894 = CARTESIAN_POINT('',(-0.725,-2.47,1.945));
#3895 = VECTOR('',#3896,1.);
#3896 = DIRECTION('',(-1.,0.,0.));
#3897 = ORIENTED_EDGE('',*,*,#3898,.F.);
#3898 = EDGE_CURVE('',#3899,#3891,#3901,.T.);
#3899 = VERTEX_POINT('',#3900);
#3900 = CARTESIAN_POINT('',(-0.725,-2.47,2.145));
#3901 = LINE('',#3902,#3903);
#3902 = CARTESIAN_POINT('',(-0.725,-2.47,2.145));
#3903 = VECTOR('',#3904,1.);
#3904 = DIRECTION('',(0.,-2.22044604925E-16,-1.));
#3905 = ORIENTED_EDGE('',*,*,#3906,.F.);
#3906 = EDGE_CURVE('',#3907,#3899,#3909,.T.);
#3907 = VERTEX_POINT('',#3908);
#3908 = CARTESIAN_POINT('',(-0.525,-2.47,2.145));
#3909 = LINE('',#3910,#3911);
#3910 = CARTESIAN_POINT('',(-0.525,-2.47,2.145));
#3911 = VECTOR('',#3912,1.);
#3912 = DIRECTION('',(-1.,0.,0.));
#3913 = ORIENTED_EDGE('',*,*,#3914,.F.);
#3914 = EDGE_CURVE('',#3915,#3907,#3917,.T.);
#3915 = VERTEX_POINT('',#3916);
#3916 = CARTESIAN_POINT('',(-0.525,-2.47,1.945));
#3917 = LINE('',#3918,#3919);
#3918 = CARTESIAN_POINT('',(-0.525,-2.47,1.945));
#3919 = VECTOR('',#3920,1.);
#3920 = DIRECTION('',(0.,2.22044604925E-16,1.));
#3921 = ORIENTED_EDGE('',*,*,#3922,.F.);
#3922 = EDGE_CURVE('',#3923,#3915,#3925,.T.);
#3923 = VERTEX_POINT('',#3924);
#3924 = CARTESIAN_POINT('',(-0.375,-2.47,1.945));
#3925 = LINE('',#3926,#3927);
#3926 = CARTESIAN_POINT('',(-0.375,-2.47,1.945));
#3927 = VECTOR('',#3928,1.);
#3928 = DIRECTION('',(-1.,0.,0.));
#3929 = ORIENTED_EDGE('',*,*,#3930,.F.);
#3930 = EDGE_CURVE('',#3931,#3923,#3933,.T.);
#3931 = VERTEX_POINT('',#3932);
#3932 = CARTESIAN_POINT('',(-0.375,-2.47,2.145));
#3933 = LINE('',#3934,#3935);
#3934 = CARTESIAN_POINT('',(-0.375,-2.47,2.145));
#3935 = VECTOR('',#3936,1.);
#3936 = DIRECTION('',(0.,-2.22044604925E-16,-1.));
#3937 = ORIENTED_EDGE('',*,*,#3938,.F.);
#3938 = EDGE_CURVE('',#3939,#3931,#3941,.T.);
#3939 = VERTEX_POINT('',#3940);
#3940 = CARTESIAN_POINT('',(0.375,-2.47,2.145));
#3941 = LINE('',#3942,#3943);
#3942 = CARTESIAN_POINT('',(0.375,-2.47,2.145));
#3943 = VECTOR('',#3944,1.);
#3944 = DIRECTION('',(-1.,0.,0.));
#3945 = ORIENTED_EDGE('',*,*,#3946,.F.);
#3946 = EDGE_CURVE('',#3947,#3939,#3949,.T.);
#3947 = VERTEX_POINT('',#3948);
#3948 = CARTESIAN_POINT('',(0.375,-2.47,1.945));
#3949 = LINE('',#3950,#3951);
#3950 = CARTESIAN_POINT('',(0.375,-2.47,1.945));
#3951 = VECTOR('',#3952,1.);
#3952 = DIRECTION('',(0.,2.22044604925E-16,1.));
#3953 = ORIENTED_EDGE('',*,*,#3954,.F.);
#3954 = EDGE_CURVE('',#3955,#3947,#3957,.T.);
#3955 = VERTEX_POINT('',#3956);
#3956 = CARTESIAN_POINT('',(0.525,-2.47,1.945));
#3957 = LINE('',#3958,#3959);
#3958 = CARTESIAN_POINT('',(0.525,-2.47,1.945));
#3959 = VECTOR('',#3960,1.);
#3960 = DIRECTION('',(-1.,0.,0.));
#3961 = ORIENTED_EDGE('',*,*,#3962,.F.);
#3962 = EDGE_CURVE('',#3963,#3955,#3965,.T.);
#3963 = VERTEX_POINT('',#3964);
#3964 = CARTESIAN_POINT('',(0.525,-2.47,2.145));
#3965 = LINE('',#3966,#3967);
#3966 = CARTESIAN_POINT('',(0.525,-2.47,2.145));
#3967 = VECTOR('',#3968,1.);
#3968 = DIRECTION('',(0.,-2.22044604925E-16,-1.));
#3969 = ORIENTED_EDGE('',*,*,#3970,.F.);
#3970 = EDGE_CURVE('',#3971,#3963,#3973,.T.);
#3971 = VERTEX_POINT('',#3972);
#3972 = CARTESIAN_POINT('',(0.725,-2.47,2.145));
#3973 = LINE('',#3974,#3975);
#3974 = CARTESIAN_POINT('',(0.725,-2.47,2.145));
#3975 = VECTOR('',#3976,1.);
#3976 = DIRECTION('',(-1.,0.,0.));
#3977 = ORIENTED_EDGE('',*,*,#3978,.F.);
#3978 = EDGE_CURVE('',#3979,#3971,#3981,.T.);
#3979 = VERTEX_POINT('',#3980);
#3980 = CARTESIAN_POINT('',(0.725,-2.47,1.945));
#3981 = LINE('',#3982,#3983);
#3982 = CARTESIAN_POINT('',(0.725,-2.47,1.945));
#3983 = VECTOR('',#3984,1.);
#3984 = DIRECTION('',(0.,2.22044604925E-16,1.));
#3985 = ORIENTED_EDGE('',*,*,#3986,.F.);
#3986 = EDGE_CURVE('',#3987,#3979,#3989,.T.);
#3987 = VERTEX_POINT('',#3988);
#3988 = CARTESIAN_POINT('',(0.875,-2.47,1.945));
#3989 = LINE('',#3990,#3991);
#3990 = CARTESIAN_POINT('',(0.875,-2.47,1.945));
#3991 = VECTOR('',#3992,1.);
#3992 = DIRECTION('',(-1.,0.,0.));
#3993 = ORIENTED_EDGE('',*,*,#3994,.F.);
#3994 = EDGE_CURVE('',#3995,#3987,#3997,.T.);
#3995 = VERTEX_POINT('',#3996);
#3996 = CARTESIAN_POINT('',(0.875,-2.47,2.145));
#3997 = LINE('',#3998,#3999);
#3998 = CARTESIAN_POINT('',(0.875,-2.47,2.145));
#3999 = VECTOR('',#4000,1.);
#4000 = DIRECTION('',(0.,-2.22044604925E-16,-1.));
#4001 = ORIENTED_EDGE('',*,*,#4002,.F.);
#4002 = EDGE_CURVE('',#4003,#3995,#4005,.T.);
#4003 = VERTEX_POINT('',#4004);
#4004 = CARTESIAN_POINT('',(1.625,-2.47,2.145));
#4005 = LINE('',#4006,#4007);
#4006 = CARTESIAN_POINT('',(1.625,-2.47,2.145));
#4007 = VECTOR('',#4008,1.);
#4008 = DIRECTION('',(-1.,0.,0.));
#4009 = ORIENTED_EDGE('',*,*,#4010,.F.);
#4010 = EDGE_CURVE('',#4011,#4003,#4013,.T.);
#4011 = VERTEX_POINT('',#4012);
#4012 = CARTESIAN_POINT('',(1.625,-2.47,1.945));
#4013 = LINE('',#4014,#4015);
#4014 = CARTESIAN_POINT('',(1.625,-2.47,1.945));
#4015 = VECTOR('',#4016,1.);
#4016 = DIRECTION('',(0.,2.22044604925E-16,1.));
#4017 = ORIENTED_EDGE('',*,*,#4018,.F.);
#4018 = EDGE_CURVE('',#4019,#4011,#4021,.T.);
#4019 = VERTEX_POINT('',#4020);
#4020 = CARTESIAN_POINT('',(1.775,-2.47,1.945));
#4021 = LINE('',#4022,#4023);
#4022 = CARTESIAN_POINT('',(1.775,-2.47,1.945));
#4023 = VECTOR('',#4024,1.);
#4024 = DIRECTION('',(-1.,0.,0.));
#4025 = ORIENTED_EDGE('',*,*,#4026,.F.);
#4026 = EDGE_CURVE('',#4027,#4019,#4029,.T.);
#4027 = VERTEX_POINT('',#4028);
#4028 = CARTESIAN_POINT('',(1.775,-2.47,2.145));
#4029 = LINE('',#4030,#4031);
#4030 = CARTESIAN_POINT('',(1.775,-2.47,2.145));
#4031 = VECTOR('',#4032,1.);
#4032 = DIRECTION('',(0.,-2.22044604925E-16,-1.));
#4033 = ORIENTED_EDGE('',*,*,#4034,.F.);
#4034 = EDGE_CURVE('',#4035,#4027,#4037,.T.);
#4035 = VERTEX_POINT('',#4036);
#4036 = CARTESIAN_POINT('',(1.975,-2.47,2.145));
#4037 = LINE('',#4038,#4039);
#4038 = CARTESIAN_POINT('',(1.975,-2.47,2.145));
#4039 = VECTOR('',#4040,1.);
#4040 = DIRECTION('',(-1.,0.,0.));
#4041 = ORIENTED_EDGE('',*,*,#4042,.F.);
#4042 = EDGE_CURVE('',#4043,#4035,#4045,.T.);
#4043 = VERTEX_POINT('',#4044);
#4044 = CARTESIAN_POINT('',(1.975,-2.47,1.945));
#4045 = LINE('',#4046,#4047);
#4046 = CARTESIAN_POINT('',(1.975,-2.47,1.945));
#4047 = VECTOR('',#4048,1.);
#4048 = DIRECTION('',(0.,2.22044604925E-16,1.));
#4049 = ORIENTED_EDGE('',*,*,#4050,.F.);
#4050 = EDGE_CURVE('',#4051,#4043,#4053,.T.);
#4051 = VERTEX_POINT('',#4052);
#4052 = CARTESIAN_POINT('',(2.125,-2.47,1.945));
#4053 = LINE('',#4054,#4055);
#4054 = CARTESIAN_POINT('',(2.125,-2.47,1.945));
#4055 = VECTOR('',#4056,1.);
#4056 = DIRECTION('',(-1.,0.,0.));
#4057 = ORIENTED_EDGE('',*,*,#4058,.F.);
#4058 = EDGE_CURVE('',#4059,#4051,#4061,.T.);
#4059 = VERTEX_POINT('',#4060);
#4060 = CARTESIAN_POINT('',(2.125,-2.47,2.145));
#4061 = LINE('',#4062,#4063);
#4062 = CARTESIAN_POINT('',(2.125,-2.47,2.145));
#4063 = VECTOR('',#4064,1.);
#4064 = DIRECTION('',(0.,-2.22044604925E-16,-1.));
#4065 = ORIENTED_EDGE('',*,*,#4066,.F.);
#4066 = EDGE_CURVE('',#4067,#4059,#4069,.T.);
#4067 = VERTEX_POINT('',#4068);
#4068 = CARTESIAN_POINT('',(2.625,-2.47,2.145));
#4069 = LINE('',#4070,#4071);
#4070 = CARTESIAN_POINT('',(2.625,-2.47,2.145));
#4071 = VECTOR('',#4072,1.);
#4072 = DIRECTION('',(-1.,0.,0.));
#4073 = ORIENTED_EDGE('',*,*,#4074,.F.);
#4074 = EDGE_CURVE('',#4075,#4067,#4077,.T.);
#4075 = VERTEX_POINT('',#4076);
#4076 = CARTESIAN_POINT('',(2.625,-2.47,2.645));
#4077 = LINE('',#4078,#4079);
#4078 = CARTESIAN_POINT('',(2.625,-2.47,2.645));
#4079 = VECTOR('',#4080,1.);
#4080 = DIRECTION('',(0.,-2.22044604925E-16,-1.));
#4081 = ORIENTED_EDGE('',*,*,#4082,.F.);
#4082 = EDGE_CURVE('',#3771,#4075,#4083,.T.);
#4083 = LINE('',#4084,#4085);
#4084 = CARTESIAN_POINT('',(3.125,-2.47,2.645));
#4085 = VECTOR('',#4086,1.);
#4086 = DIRECTION('',(-1.,0.,0.));
#4087 = FACE_BOUND('',#4088,.T.);
#4088 = EDGE_LOOP('',(#4089,#4099,#4107,#4115));
#4089 = ORIENTED_EDGE('',*,*,#4090,.T.);
#4090 = EDGE_CURVE('',#4091,#4093,#4095,.T.);
#4091 = VERTEX_POINT('',#4092);
#4092 = CARTESIAN_POINT('',(-3.775,-2.47,3.295));
#4093 = VERTEX_POINT('',#4094);
#4094 = CARTESIAN_POINT('',(-3.775,-2.47,3.895));
#4095 = LINE('',#4096,#4097);
#4096 = CARTESIAN_POINT('',(-3.775,-2.47,3.295));
#4097 = VECTOR('',#4098,1.);
#4098 = DIRECTION('',(0.,2.22044604925E-16,1.));
#4099 = ORIENTED_EDGE('',*,*,#4100,.T.);
#4100 = EDGE_CURVE('',#4093,#4101,#4103,.T.);
#4101 = VERTEX_POINT('',#4102);
#4102 = CARTESIAN_POINT('',(-2.675,-2.47,3.895));
#4103 = LINE('',#4104,#4105);
#4104 = CARTESIAN_POINT('',(-3.775,-2.47,3.895));
#4105 = VECTOR('',#4106,1.);
#4106 = DIRECTION('',(1.,0.,0.));
#4107 = ORIENTED_EDGE('',*,*,#4108,.F.);
#4108 = EDGE_CURVE('',#4109,#4101,#4111,.T.);
#4109 = VERTEX_POINT('',#4110);
#4110 = CARTESIAN_POINT('',(-2.675,-2.47,3.295));
#4111 = LINE('',#4112,#4113);
#4112 = CARTESIAN_POINT('',(-2.675,-2.47,3.295));
#4113 = VECTOR('',#4114,1.);
#4114 = DIRECTION('',(0.,2.22044604925E-16,1.));
#4115 = ORIENTED_EDGE('',*,*,#4116,.F.);
#4116 = EDGE_CURVE('',#4091,#4109,#4117,.T.);
#4117 = LINE('',#4118,#4119);
#4118 = CARTESIAN_POINT('',(-3.775,-2.47,3.295));
#4119 = VECTOR('',#4120,1.);
#4120 = DIRECTION('',(1.,0.,0.));
#4121 = FACE_BOUND('',#4122,.T.);
#4122 = EDGE_LOOP('',(#4123,#4133,#4141,#4149));
#4123 = ORIENTED_EDGE('',*,*,#4124,.T.);
#4124 = EDGE_CURVE('',#4125,#4127,#4129,.T.);
#4125 = VERTEX_POINT('',#4126);
#4126 = CARTESIAN_POINT('',(2.675,-2.47,3.295));
#4127 = VERTEX_POINT('',#4128);
#4128 = CARTESIAN_POINT('',(2.675,-2.47,3.895));
#4129 = LINE('',#4130,#4131);
#4130 = CARTESIAN_POINT('',(2.675,-2.47,3.295));
#4131 = VECTOR('',#4132,1.);
#4132 = DIRECTION('',(0.,2.22044604925E-16,1.));
#4133 = ORIENTED_EDGE('',*,*,#4134,.T.);
#4134 = EDGE_CURVE('',#4127,#4135,#4137,.T.);
#4135 = VERTEX_POINT('',#4136);
#4136 = CARTESIAN_POINT('',(3.775,-2.47,3.895));
#4137 = LINE('',#4138,#4139);
#4138 = CARTESIAN_POINT('',(2.675,-2.47,3.895));
#4139 = VECTOR('',#4140,1.);
#4140 = DIRECTION('',(1.,0.,0.));
#4141 = ORIENTED_EDGE('',*,*,#4142,.F.);
#4142 = EDGE_CURVE('',#4143,#4135,#4145,.T.);
#4143 = VERTEX_POINT('',#4144);
#4144 = CARTESIAN_POINT('',(3.775,-2.47,3.295));
#4145 = LINE('',#4146,#4147);
#4146 = CARTESIAN_POINT('',(3.775,-2.47,3.295));
#4147 = VECTOR('',#4148,1.);
#4148 = DIRECTION('',(0.,2.22044604925E-16,1.));
#4149 = ORIENTED_EDGE('',*,*,#4150,.F.);
#4150 = EDGE_CURVE('',#4125,#4143,#4151,.T.);
#4151 = LINE('',#4152,#4153);
#4152 = CARTESIAN_POINT('',(2.675,-2.47,3.295));
#4153 = VECTOR('',#4154,1.);
#4154 = DIRECTION('',(1.,0.,0.));
#4155 = PLANE('',#4156);
#4156 = AXIS2_PLACEMENT_3D('',#4157,#4158,#4159);
#4157 = CARTESIAN_POINT('',(-4.125,-2.47,-4.999999999999E-03));
#4158 = DIRECTION('',(0.,-1.,2.22044604925E-16));
#4159 = DIRECTION('',(1.,0.,0.));
#4160 = ADVANCED_FACE('',(#4161),#4211,.T.);
#4161 = FACE_BOUND('',#4162,.T.);
#4162 = EDGE_LOOP('',(#4163,#4173,#4181,#4187,#4188,#4189,#4197,#4205));
#4163 = ORIENTED_EDGE('',*,*,#4164,.F.);
#4164 = EDGE_CURVE('',#4165,#4167,#4169,.T.);
#4165 = VERTEX_POINT('',#4166);
#4166 = CARTESIAN_POINT('',(-3.625,1.58,4.245));
#4167 = VERTEX_POINT('',#4168);
#4168 = CARTESIAN_POINT('',(3.625,1.58,4.245));
#4169 = LINE('',#4170,#4171);
#4170 = CARTESIAN_POINT('',(-4.125,1.58,4.245));
#4171 = VECTOR('',#4172,1.);
#4172 = DIRECTION('',(1.,0.,0.));
#4173 = ORIENTED_EDGE('',*,*,#4174,.F.);
#4174 = EDGE_CURVE('',#4175,#4165,#4177,.T.);
#4175 = VERTEX_POINT('',#4176);
#4176 = CARTESIAN_POINT('',(-3.625,-0.32,4.245));
#4177 = LINE('',#4178,#4179);
#4178 = CARTESIAN_POINT('',(-3.625,-0.32,4.245));
#4179 = VECTOR('',#4180,1.);
#4180 = DIRECTION('',(0.,1.,-2.22044604925E-16));
#4181 = ORIENTED_EDGE('',*,*,#4182,.F.);
#4182 = EDGE_CURVE('',#3361,#4175,#4183,.T.);
#4183 = LINE('',#4184,#4185);
#4184 = CARTESIAN_POINT('',(-4.125,-0.32,4.245));
#4185 = VECTOR('',#4186,1.);
#4186 = DIRECTION('',(1.,0.,0.));
#4187 = ORIENTED_EDGE('',*,*,#3368,.T.);
#4188 = ORIENTED_EDGE('',*,*,#3726,.T.);
#4189 = ORIENTED_EDGE('',*,*,#4190,.F.);
#4190 = EDGE_CURVE('',#4191,#3719,#4193,.T.);
#4191 = VERTEX_POINT('',#4192);
#4192 = CARTESIAN_POINT('',(4.125,-0.32,4.245));
#4193 = LINE('',#4194,#4195);
#4194 = CARTESIAN_POINT('',(4.125,1.58,4.245));
#4195 = VECTOR('',#4196,1.);
#4196 = DIRECTION('',(0.,-1.,2.22044604925E-16));
#4197 = ORIENTED_EDGE('',*,*,#4198,.F.);
#4198 = EDGE_CURVE('',#4199,#4191,#4201,.T.);
#4199 = VERTEX_POINT('',#4200);
#4200 = CARTESIAN_POINT('',(3.625,-0.32,4.245));
#4201 = LINE('',#4202,#4203);
#4202 = CARTESIAN_POINT('',(3.625,-0.32,4.245));
#4203 = VECTOR('',#4204,1.);
#4204 = DIRECTION('',(1.,0.,0.));
#4205 = ORIENTED_EDGE('',*,*,#4206,.T.);
#4206 = EDGE_CURVE('',#4199,#4167,#4207,.T.);
#4207 = LINE('',#4208,#4209);
#4208 = CARTESIAN_POINT('',(3.625,-0.32,4.245));
#4209 = VECTOR('',#4210,1.);
#4210 = DIRECTION('',(0.,1.,-2.22044604925E-16));
#4211 = PLANE('',#4212);
#4212 = AXIS2_PLACEMENT_3D('',#4213,#4214,#4215);
#4213 = CARTESIAN_POINT('',(-4.125,1.58,4.245));
#4214 = DIRECTION('',(0.,2.22044604925E-16,1.));
#4215 = DIRECTION('',(0.,-1.,2.22044604925E-16));
#4216 = ADVANCED_FACE('',(#4217),#4235,.F.);
#4217 = FACE_BOUND('',#4218,.F.);
#4218 = EDGE_LOOP('',(#4219,#4227,#4233,#4234));
#4219 = ORIENTED_EDGE('',*,*,#4220,.T.);
#4220 = EDGE_CURVE('',#3353,#4221,#4223,.T.);
#4221 = VERTEX_POINT('',#4222);
#4222 = CARTESIAN_POINT('',(-3.625,-0.32,3.595));
#4223 = LINE('',#4224,#4225);
#4224 = CARTESIAN_POINT('',(-4.125,-0.32,3.595));
#4225 = VECTOR('',#4226,1.);
#4226 = DIRECTION('',(1.,0.,0.));
#4227 = ORIENTED_EDGE('',*,*,#4228,.T.);
#4228 = EDGE_CURVE('',#4221,#4175,#4229,.T.);
#4229 = LINE('',#4230,#4231);
#4230 = CARTESIAN_POINT('',(-3.625,-0.32,3.595));
#4231 = VECTOR('',#4232,1.);
#4232 = DIRECTION('',(0.,2.22044604925E-16,1.));
#4233 = ORIENTED_EDGE('',*,*,#4182,.F.);
#4234 = ORIENTED_EDGE('',*,*,#3360,.F.);
#4235 = PLANE('',#4236);
#4236 = AXIS2_PLACEMENT_3D('',#4237,#4238,#4239);
#4237 = CARTESIAN_POINT('',(-4.125,-0.32,3.595));
#4238 = DIRECTION('',(0.,-1.,2.22044604925E-16));
#4239 = DIRECTION('',(0.,2.22044604925E-16,1.));
#4240 = ADVANCED_FACE('',(#4241),#4259,.F.);
#4241 = FACE_BOUND('',#4242,.F.);
#4242 = EDGE_LOOP('',(#4243,#4251,#4257,#4258));
#4243 = ORIENTED_EDGE('',*,*,#4244,.T.);
#4244 = EDGE_CURVE('',#3345,#4245,#4247,.T.);
#4245 = VERTEX_POINT('',#4246);
#4246 = CARTESIAN_POINT('',(-3.625,0.98,3.595));
#4247 = LINE('',#4248,#4249);
#4248 = CARTESIAN_POINT('',(-4.125,0.98,3.595));
#4249 = VECTOR('',#4250,1.);
#4250 = DIRECTION('',(1.,0.,0.));
#4251 = ORIENTED_EDGE('',*,*,#4252,.T.);
#4252 = EDGE_CURVE('',#4245,#4221,#4253,.T.);
#4253 = LINE('',#4254,#4255);
#4254 = CARTESIAN_POINT('',(-3.625,0.98,3.595));
#4255 = VECTOR('',#4256,1.);
#4256 = DIRECTION('',(0.,-1.,2.22044604925E-16));
#4257 = ORIENTED_EDGE('',*,*,#4220,.F.);
#4258 = ORIENTED_EDGE('',*,*,#3352,.F.);
#4259 = PLANE('',#4260);
#4260 = AXIS2_PLACEMENT_3D('',#4261,#4262,#4263);
#4261 = CARTESIAN_POINT('',(-4.125,0.98,3.595));
#4262 = DIRECTION('',(0.,-2.22044604925E-16,-1.));
#4263 = DIRECTION('',(0.,-1.,2.22044604925E-16));
#4264 = ADVANCED_FACE('',(#4265),#4283,.F.);
#4265 = FACE_BOUND('',#4266,.F.);
#4266 = EDGE_LOOP('',(#4267,#4275,#4281,#4282));
#4267 = ORIENTED_EDGE('',*,*,#4268,.T.);
#4268 = EDGE_CURVE('',#3337,#4269,#4271,.T.);
#4269 = VERTEX_POINT('',#4270);
#4270 = CARTESIAN_POINT('',(-3.625,0.98,1.995));
#4271 = LINE('',#4272,#4273);
#4272 = CARTESIAN_POINT('',(-4.125,0.98,1.995));
#4273 = VECTOR('',#4274,1.);
#4274 = DIRECTION('',(1.,0.,0.));
#4275 = ORIENTED_EDGE('',*,*,#4276,.T.);
#4276 = EDGE_CURVE('',#4269,#4245,#4277,.T.);
#4277 = LINE('',#4278,#4279);
#4278 = CARTESIAN_POINT('',(-3.625,0.98,1.995));
#4279 = VECTOR('',#4280,1.);
#4280 = DIRECTION('',(0.,2.22044604925E-16,1.));
#4281 = ORIENTED_EDGE('',*,*,#4244,.F.);
#4282 = ORIENTED_EDGE('',*,*,#3344,.F.);
#4283 = PLANE('',#4284);
#4284 = AXIS2_PLACEMENT_3D('',#4285,#4286,#4287);
#4285 = CARTESIAN_POINT('',(-4.125,0.98,1.995));
#4286 = DIRECTION('',(0.,-1.,2.22044604925E-16));
#4287 = DIRECTION('',(0.,2.22044604925E-16,1.));
#4288 = ADVANCED_FACE('',(#4289),#4307,.F.);
#4289 = FACE_BOUND('',#4290,.F.);
#4290 = EDGE_LOOP('',(#4291,#4299,#4305,#4306));
#4291 = ORIENTED_EDGE('',*,*,#4292,.T.);
#4292 = EDGE_CURVE('',#3329,#4293,#4295,.T.);
#4293 = VERTEX_POINT('',#4294);
#4294 = CARTESIAN_POINT('',(-3.625,1.58,1.995));
#4295 = LINE('',#4296,#4297);
#4296 = CARTESIAN_POINT('',(-4.125,1.58,1.995));
#4297 = VECTOR('',#4298,1.);
#4298 = DIRECTION('',(1.,0.,0.));
#4299 = ORIENTED_EDGE('',*,*,#4300,.T.);
#4300 = EDGE_CURVE('',#4293,#4269,#4301,.T.);
#4301 = LINE('',#4302,#4303);
#4302 = CARTESIAN_POINT('',(-3.625,1.58,1.995));
#4303 = VECTOR('',#4304,1.);
#4304 = DIRECTION('',(0.,-1.,2.22044604925E-16));
#4305 = ORIENTED_EDGE('',*,*,#4268,.F.);
#4306 = ORIENTED_EDGE('',*,*,#3336,.F.);
#4307 = PLANE('',#4308);
#4308 = AXIS2_PLACEMENT_3D('',#4309,#4310,#4311);
#4309 = CARTESIAN_POINT('',(-4.125,1.58,1.995));
#4310 = DIRECTION('',(0.,-2.22044604925E-16,-1.));
#4311 = DIRECTION('',(0.,-1.,2.22044604925E-16));
#4312 = ADVANCED_FACE('',(#4313,#4354),#4388,.F.);
#4313 = FACE_BOUND('',#4314,.F.);
#4314 = EDGE_LOOP('',(#4315,#4316,#4324,#4332,#4340,#4346,#4347,#4353));
#4315 = ORIENTED_EDGE('',*,*,#3328,.F.);
#4316 = ORIENTED_EDGE('',*,*,#4317,.T.);
#4317 = EDGE_CURVE('',#3321,#4318,#4320,.T.);
#4318 = VERTEX_POINT('',#4319);
#4319 = CARTESIAN_POINT('',(4.125,1.58,0.945));
#4320 = LINE('',#4321,#4322);
#4321 = CARTESIAN_POINT('',(-4.125,1.58,0.945));
#4322 = VECTOR('',#4323,1.);
#4323 = DIRECTION('',(1.,0.,0.));
#4324 = ORIENTED_EDGE('',*,*,#4325,.T.);
#4325 = EDGE_CURVE('',#4318,#4326,#4328,.T.);
#4326 = VERTEX_POINT('',#4327);
#4327 = CARTESIAN_POINT('',(4.125,1.58,1.995));
#4328 = LINE('',#4329,#4330);
#4329 = CARTESIAN_POINT('',(4.125,1.58,-5.E-03));
#4330 = VECTOR('',#4331,1.);
#4331 = DIRECTION('',(0.,2.22044604925E-16,1.));
#4332 = ORIENTED_EDGE('',*,*,#4333,.F.);
#4333 = EDGE_CURVE('',#4334,#4326,#4336,.T.);
#4334 = VERTEX_POINT('',#4335);
#4335 = CARTESIAN_POINT('',(3.625,1.58,1.995));
#4336 = LINE('',#4337,#4338);
#4337 = CARTESIAN_POINT('',(3.625,1.58,1.995));
#4338 = VECTOR('',#4339,1.);
#4339 = DIRECTION('',(1.,0.,0.));
#4340 = ORIENTED_EDGE('',*,*,#4341,.F.);
#4341 = EDGE_CURVE('',#4167,#4334,#4342,.T.);
#4342 = LINE('',#4343,#4344);
#4343 = CARTESIAN_POINT('',(3.625,1.58,4.245));
#4344 = VECTOR('',#4345,1.);
#4345 = DIRECTION('',(0.,-2.22044604925E-16,-1.));
#4346 = ORIENTED_EDGE('',*,*,#4164,.F.);
#4347 = ORIENTED_EDGE('',*,*,#4348,.T.);
#4348 = EDGE_CURVE('',#4165,#4293,#4349,.T.);
#4349 = LINE('',#4350,#4351);
#4350 = CARTESIAN_POINT('',(-3.625,1.58,4.245));
#4351 = VECTOR('',#4352,1.);
#4352 = DIRECTION('',(0.,-2.22044604925E-16,-1.));
#4353 = ORIENTED_EDGE('',*,*,#4292,.F.);
#4354 = FACE_BOUND('',#4355,.F.);
#4355 = EDGE_LOOP('',(#4356,#4366,#4374,#4382));
#4356 = ORIENTED_EDGE('',*,*,#4357,.T.);
#4357 = EDGE_CURVE('',#4358,#4360,#4362,.T.);
#4358 = VERTEX_POINT('',#4359);
#4359 = CARTESIAN_POINT('',(-2.225,1.58,2.44));
#4360 = VERTEX_POINT('',#4361);
#4361 = CARTESIAN_POINT('',(-2.225,1.58,3.84));
#4362 = LINE('',#4363,#4364);
#4363 = CARTESIAN_POINT('',(-2.225,1.58,2.44));
#4364 = VECTOR('',#4365,1.);
#4365 = DIRECTION('',(0.,2.22044604925E-16,1.));
#4366 = ORIENTED_EDGE('',*,*,#4367,.T.);
#4367 = EDGE_CURVE('',#4360,#4368,#4370,.T.);
#4368 = VERTEX_POINT('',#4369);
#4369 = CARTESIAN_POINT('',(2.225,1.58,3.84));
#4370 = LINE('',#4371,#4372);
#4371 = CARTESIAN_POINT('',(-2.225,1.58,3.84));
#4372 = VECTOR('',#4373,1.);
#4373 = DIRECTION('',(1.,0.,0.));
#4374 = ORIENTED_EDGE('',*,*,#4375,.F.);
#4375 = EDGE_CURVE('',#4376,#4368,#4378,.T.);
#4376 = VERTEX_POINT('',#4377);
#4377 = CARTESIAN_POINT('',(2.225,1.58,2.44));
#4378 = LINE('',#4379,#4380);
#4379 = CARTESIAN_POINT('',(2.225,1.58,2.44));
#4380 = VECTOR('',#4381,1.);
#4381 = DIRECTION('',(0.,2.22044604925E-16,1.));
#4382 = ORIENTED_EDGE('',*,*,#4383,.F.);
#4383 = EDGE_CURVE('',#4358,#4376,#4384,.T.);
#4384 = LINE('',#4385,#4386);
#4385 = CARTESIAN_POINT('',(-2.225,1.58,2.44));
#4386 = VECTOR('',#4387,1.);
#4387 = DIRECTION('',(1.,0.,0.));
#4388 = PLANE('',#4389);
#4389 = AXIS2_PLACEMENT_3D('',#4390,#4391,#4392);
#4390 = CARTESIAN_POINT('',(-4.125,1.58,-5.E-03));
#4391 = DIRECTION('',(0.,-1.,2.22044604925E-16));
#4392 = DIRECTION('',(1.,0.,0.));
#4393 = ADVANCED_FACE('',(#4394),#4540,.T.);
#4394 = FACE_BOUND('',#4395,.T.);
#4395 = EDGE_LOOP('',(#4396,#4397,#4398,#4406,#4414,#4422,#4430,#4438,
    #4446,#4454,#4462,#4470,#4478,#4486,#4494,#4502,#4510,#4518,#4526,
    #4534));
#4396 = ORIENTED_EDGE('',*,*,#3320,.F.);
#4397 = ORIENTED_EDGE('',*,*,#4317,.T.);
#4398 = ORIENTED_EDGE('',*,*,#4399,.T.);
#4399 = EDGE_CURVE('',#4318,#4400,#4402,.T.);
#4400 = VERTEX_POINT('',#4401);
#4401 = CARTESIAN_POINT('',(4.125,1.08,0.945));
#4402 = LINE('',#4403,#4404);
#4403 = CARTESIAN_POINT('',(4.125,1.58,0.945));
#4404 = VECTOR('',#4405,1.);
#4405 = DIRECTION('',(0.,-1.,2.22044604925E-16));
#4406 = ORIENTED_EDGE('',*,*,#4407,.F.);
#4407 = EDGE_CURVE('',#4408,#4400,#4410,.T.);
#4408 = VERTEX_POINT('',#4409);
#4409 = CARTESIAN_POINT('',(1.975,1.08,0.945));
#4410 = LINE('',#4411,#4412);
#4411 = CARTESIAN_POINT('',(-4.125,1.08,0.945));
#4412 = VECTOR('',#4413,1.);
#4413 = DIRECTION('',(1.,0.,0.));
#4414 = ORIENTED_EDGE('',*,*,#4415,.F.);
#4415 = EDGE_CURVE('',#4416,#4408,#4418,.T.);
#4416 = VERTEX_POINT('',#4417);
#4417 = CARTESIAN_POINT('',(1.975,1.1054,0.945));
#4418 = LINE('',#4419,#4420);
#4419 = CARTESIAN_POINT('',(1.975,0.796465540115,0.945));
#4420 = VECTOR('',#4421,1.);
#4421 = DIRECTION('',(-1.250603656852E-18,-1.,2.22044604925E-16));
#4422 = ORIENTED_EDGE('',*,*,#4423,.T.);
#4423 = EDGE_CURVE('',#4416,#4424,#4426,.T.);
#4424 = VERTEX_POINT('',#4425);
#4425 = CARTESIAN_POINT('',(1.775,1.1054,0.945));
#4426 = LINE('',#4427,#4428);
#4427 = CARTESIAN_POINT('',(-1.175,1.1054,0.945));
#4428 = VECTOR('',#4429,1.);
#4429 = DIRECTION('',(-1.,0.,0.));
#4430 = ORIENTED_EDGE('',*,*,#4431,.T.);
#4431 = EDGE_CURVE('',#4424,#4432,#4434,.T.);
#4432 = VERTEX_POINT('',#4433);
#4433 = CARTESIAN_POINT('',(1.775,1.08,0.945));
#4434 = LINE('',#4435,#4436);
#4435 = CARTESIAN_POINT('',(1.775,0.796465540115,0.945));
#4436 = VECTOR('',#4437,1.);
#4437 = DIRECTION('',(-1.250603656852E-18,-1.,2.22044604925E-16));
#4438 = ORIENTED_EDGE('',*,*,#4439,.F.);
#4439 = EDGE_CURVE('',#4440,#4432,#4442,.T.);
#4440 = VERTEX_POINT('',#4441);
#4441 = CARTESIAN_POINT('',(0.725,1.08,0.945));
#4442 = LINE('',#4443,#4444);
#4443 = CARTESIAN_POINT('',(-4.125,1.08,0.945));
#4444 = VECTOR('',#4445,1.);
#4445 = DIRECTION('',(1.,0.,0.));
#4446 = ORIENTED_EDGE('',*,*,#4447,.F.);
#4447 = EDGE_CURVE('',#4448,#4440,#4450,.T.);
#4448 = VERTEX_POINT('',#4449);
#4449 = CARTESIAN_POINT('',(0.725,1.1054,0.945));
#4450 = LINE('',#4451,#4452);
#4451 = CARTESIAN_POINT('',(0.725,0.796465540115,0.945));
#4452 = VECTOR('',#4453,1.);
#4453 = DIRECTION('',(-1.250603656852E-18,-1.,2.22044604925E-16));
#4454 = ORIENTED_EDGE('',*,*,#4455,.T.);
#4455 = EDGE_CURVE('',#4448,#4456,#4458,.T.);
#4456 = VERTEX_POINT('',#4457);
#4457 = CARTESIAN_POINT('',(0.525,1.1054,0.945));
#4458 = LINE('',#4459,#4460);
#4459 = CARTESIAN_POINT('',(-1.8,1.1054,0.945));
#4460 = VECTOR('',#4461,1.);
#4461 = DIRECTION('',(-1.,0.,0.));
#4462 = ORIENTED_EDGE('',*,*,#4463,.T.);
#4463 = EDGE_CURVE('',#4456,#4464,#4466,.T.);
#4464 = VERTEX_POINT('',#4465);
#4465 = CARTESIAN_POINT('',(0.525,1.08,0.945));
#4466 = LINE('',#4467,#4468);
#4467 = CARTESIAN_POINT('',(0.525,0.796465540115,0.945));
#4468 = VECTOR('',#4469,1.);
#4469 = DIRECTION('',(-1.250603656852E-18,-1.,2.22044604925E-16));
#4470 = ORIENTED_EDGE('',*,*,#4471,.F.);
#4471 = EDGE_CURVE('',#4472,#4464,#4474,.T.);
#4472 = VERTEX_POINT('',#4473);
#4473 = CARTESIAN_POINT('',(-0.525,1.08,0.945));
#4474 = LINE('',#4475,#4476);
#4475 = CARTESIAN_POINT('',(-4.125,1.08,0.945));
#4476 = VECTOR('',#4477,1.);
#4477 = DIRECTION('',(1.,0.,0.));
#4478 = ORIENTED_EDGE('',*,*,#4479,.F.);
#4479 = EDGE_CURVE('',#4480,#4472,#4482,.T.);
#4480 = VERTEX_POINT('',#4481);
#4481 = CARTESIAN_POINT('',(-0.525,1.1054,0.945));
#4482 = LINE('',#4483,#4484);
#4483 = CARTESIAN_POINT('',(-0.525,0.796465540115,0.945));
#4484 = VECTOR('',#4485,1.);
#4485 = DIRECTION('',(-1.250603656852E-18,-1.,2.22044604925E-16));
#4486 = ORIENTED_EDGE('',*,*,#4487,.T.);
#4487 = EDGE_CURVE('',#4480,#4488,#4490,.T.);
#4488 = VERTEX_POINT('',#4489);
#4489 = CARTESIAN_POINT('',(-0.725,1.1054,0.945));
#4490 = LINE('',#4491,#4492);
#4491 = CARTESIAN_POINT('',(-2.425,1.1054,0.945));
#4492 = VECTOR('',#4493,1.);
#4493 = DIRECTION('',(-1.,0.,0.));
#4494 = ORIENTED_EDGE('',*,*,#4495,.T.);
#4495 = EDGE_CURVE('',#4488,#4496,#4498,.T.);
#4496 = VERTEX_POINT('',#4497);
#4497 = CARTESIAN_POINT('',(-0.725,1.08,0.945));
#4498 = LINE('',#4499,#4500);
#4499 = CARTESIAN_POINT('',(-0.725,0.796465540115,0.945));
#4500 = VECTOR('',#4501,1.);
#4501 = DIRECTION('',(-1.250603656852E-18,-1.,2.22044604925E-16));
#4502 = ORIENTED_EDGE('',*,*,#4503,.F.);
#4503 = EDGE_CURVE('',#4504,#4496,#4506,.T.);
#4504 = VERTEX_POINT('',#4505);
#4505 = CARTESIAN_POINT('',(-1.775,1.08,0.945));
#4506 = LINE('',#4507,#4508);
#4507 = CARTESIAN_POINT('',(-4.125,1.08,0.945));
#4508 = VECTOR('',#4509,1.);
#4509 = DIRECTION('',(1.,0.,0.));
#4510 = ORIENTED_EDGE('',*,*,#4511,.F.);
#4511 = EDGE_CURVE('',#4512,#4504,#4514,.T.);
#4512 = VERTEX_POINT('',#4513);
#4513 = CARTESIAN_POINT('',(-1.775,1.1054,0.945));
#4514 = LINE('',#4515,#4516);
#4515 = CARTESIAN_POINT('',(-1.775,0.796465540115,0.945));
#4516 = VECTOR('',#4517,1.);
#4517 = DIRECTION('',(-1.250603656852E-18,-1.,2.22044604925E-16));
#4518 = ORIENTED_EDGE('',*,*,#4519,.T.);
#4519 = EDGE_CURVE('',#4512,#4520,#4522,.T.);
#4520 = VERTEX_POINT('',#4521);
#4521 = CARTESIAN_POINT('',(-1.975,1.1054,0.945));
#4522 = LINE('',#4523,#4524);
#4523 = CARTESIAN_POINT('',(-3.05,1.1054,0.945));
#4524 = VECTOR('',#4525,1.);
#4525 = DIRECTION('',(-1.,0.,0.));
#4526 = ORIENTED_EDGE('',*,*,#4527,.T.);
#4527 = EDGE_CURVE('',#4520,#4528,#4530,.T.);
#4528 = VERTEX_POINT('',#4529);
#4529 = CARTESIAN_POINT('',(-1.975,1.08,0.945));
#4530 = LINE('',#4531,#4532);
#4531 = CARTESIAN_POINT('',(-1.975,0.796465540115,0.945));
#4532 = VECTOR('',#4533,1.);
#4533 = DIRECTION('',(-1.250603656852E-18,-1.,2.22044604925E-16));
#4534 = ORIENTED_EDGE('',*,*,#4535,.F.);
#4535 = EDGE_CURVE('',#3313,#4528,#4536,.T.);
#4536 = LINE('',#4537,#4538);
#4537 = CARTESIAN_POINT('',(-4.125,1.08,0.945));
#4538 = VECTOR('',#4539,1.);
#4539 = DIRECTION('',(1.,0.,0.));
#4540 = PLANE('',#4541);
#4541 = AXIS2_PLACEMENT_3D('',#4542,#4543,#4544);
#4542 = CARTESIAN_POINT('',(-4.125,1.58,0.945));
#4543 = DIRECTION('',(0.,-2.22044604925E-16,-1.));
#4544 = DIRECTION('',(0.,-1.,2.22044604925E-16));
#4545 = ADVANCED_FACE('',(#4546),#4564,.T.);
#4546 = FACE_BOUND('',#4547,.T.);
#4547 = EDGE_LOOP('',(#4548,#4549,#4550,#4558));
#4548 = ORIENTED_EDGE('',*,*,#3312,.F.);
#4549 = ORIENTED_EDGE('',*,*,#4535,.T.);
#4550 = ORIENTED_EDGE('',*,*,#4551,.T.);
#4551 = EDGE_CURVE('',#4528,#4552,#4554,.T.);
#4552 = VERTEX_POINT('',#4553);
#4553 = CARTESIAN_POINT('',(-1.975,1.08,0.195));
#4554 = LINE('',#4555,#4556);
#4555 = CARTESIAN_POINT('',(-1.975,1.08,1.036141805844));
#4556 = VECTOR('',#4557,1.);
#4557 = DIRECTION('',(2.809082092746E-18,-2.22044604925E-16,-1.));
#4558 = ORIENTED_EDGE('',*,*,#4559,.F.);
#4559 = EDGE_CURVE('',#3305,#4552,#4560,.T.);
#4560 = LINE('',#4561,#4562);
#4561 = CARTESIAN_POINT('',(-4.125,1.08,0.195));
#4562 = VECTOR('',#4563,1.);
#4563 = DIRECTION('',(1.,0.,0.));
#4564 = PLANE('',#4565);
#4565 = AXIS2_PLACEMENT_3D('',#4566,#4567,#4568);
#4566 = CARTESIAN_POINT('',(-4.125,1.08,0.945));
#4567 = DIRECTION('',(0.,1.,-2.22044604925E-16));
#4568 = DIRECTION('',(0.,-2.22044604925E-16,-1.));
#4569 = ADVANCED_FACE('',(#4570),#4588,.T.);
#4570 = FACE_BOUND('',#4571,.T.);
#4571 = EDGE_LOOP('',(#4572,#4573,#4574,#4582));
#4572 = ORIENTED_EDGE('',*,*,#3304,.F.);
#4573 = ORIENTED_EDGE('',*,*,#4559,.T.);
#4574 = ORIENTED_EDGE('',*,*,#4575,.T.);
#4575 = EDGE_CURVE('',#4552,#4576,#4578,.T.);
#4576 = VERTEX_POINT('',#4577);
#4577 = CARTESIAN_POINT('',(-1.975,0.93,0.195));
#4578 = LINE('',#4579,#4580);
#4579 = CARTESIAN_POINT('',(-1.975,0.546465540115,0.195));
#4580 = VECTOR('',#4581,1.);
#4581 = DIRECTION('',(-1.250603656852E-18,-1.,2.22044604925E-16));
#4582 = ORIENTED_EDGE('',*,*,#4583,.F.);
#4583 = EDGE_CURVE('',#3297,#4576,#4584,.T.);
#4584 = LINE('',#4585,#4586);
#4585 = CARTESIAN_POINT('',(-4.125,0.93,0.195));
#4586 = VECTOR('',#4587,1.);
#4587 = DIRECTION('',(1.,0.,0.));
#4588 = PLANE('',#4589);
#4589 = AXIS2_PLACEMENT_3D('',#4590,#4591,#4592);
#4590 = CARTESIAN_POINT('',(-4.125,1.08,0.195));
#4591 = DIRECTION('',(0.,-2.22044604925E-16,-1.));
#4592 = DIRECTION('',(0.,-1.,2.22044604925E-16));
#4593 = ADVANCED_FACE('',(#4594),#4733,.T.);
#4594 = FACE_BOUND('',#4595,.T.);
#4595 = EDGE_LOOP('',(#4596,#4597,#4598,#4606,#4614,#4622,#4630,#4638,
    #4646,#4654,#4662,#4670,#4678,#4686,#4694,#4702,#4710,#4718,#4726,
    #4732));
#4596 = ORIENTED_EDGE('',*,*,#3296,.F.);
#4597 = ORIENTED_EDGE('',*,*,#4583,.T.);
#4598 = ORIENTED_EDGE('',*,*,#4599,.T.);
#4599 = EDGE_CURVE('',#4576,#4600,#4602,.T.);
#4600 = VERTEX_POINT('',#4601);
#4601 = CARTESIAN_POINT('',(-1.975,0.93,-3.492429378532E-04));
#4602 = LINE('',#4603,#4604);
#4603 = CARTESIAN_POINT('',(-1.975,0.93,0.661141805844));
#4604 = VECTOR('',#4605,1.);
#4605 = DIRECTION('',(2.809082092746E-18,-2.22044604925E-16,-1.));
#4606 = ORIENTED_EDGE('',*,*,#4607,.T.);
#4607 = EDGE_CURVE('',#4600,#4608,#4610,.T.);
#4608 = VERTEX_POINT('',#4609);
#4609 = CARTESIAN_POINT('',(-1.775,0.93,-3.492429378532E-04));
#4610 = LINE('',#4611,#4612);
#4611 = CARTESIAN_POINT('',(-3.05,0.93,-3.492429378532E-04));
#4612 = VECTOR('',#4613,1.);
#4613 = DIRECTION('',(1.,0.,0.));
#4614 = ORIENTED_EDGE('',*,*,#4615,.F.);
#4615 = EDGE_CURVE('',#4616,#4608,#4618,.T.);
#4616 = VERTEX_POINT('',#4617);
#4617 = CARTESIAN_POINT('',(-1.775,0.93,0.195));
#4618 = LINE('',#4619,#4620);
#4619 = CARTESIAN_POINT('',(-1.775,0.93,0.661141805844));
#4620 = VECTOR('',#4621,1.);
#4621 = DIRECTION('',(2.809082092746E-18,-2.22044604925E-16,-1.));
#4622 = ORIENTED_EDGE('',*,*,#4623,.T.);
#4623 = EDGE_CURVE('',#4616,#4624,#4626,.T.);
#4624 = VERTEX_POINT('',#4625);
#4625 = CARTESIAN_POINT('',(-0.725,0.93,0.195));
#4626 = LINE('',#4627,#4628);
#4627 = CARTESIAN_POINT('',(-4.125,0.93,0.195));
#4628 = VECTOR('',#4629,1.);
#4629 = DIRECTION('',(1.,0.,0.));
#4630 = ORIENTED_EDGE('',*,*,#4631,.T.);
#4631 = EDGE_CURVE('',#4624,#4632,#4634,.T.);
#4632 = VERTEX_POINT('',#4633);
#4633 = CARTESIAN_POINT('',(-0.725,0.93,-3.492429378532E-04));
#4634 = LINE('',#4635,#4636);
#4635 = CARTESIAN_POINT('',(-0.725,0.93,0.661141805844));
#4636 = VECTOR('',#4637,1.);
#4637 = DIRECTION('',(2.809082092746E-18,-2.22044604925E-16,-1.));
#4638 = ORIENTED_EDGE('',*,*,#4639,.T.);
#4639 = EDGE_CURVE('',#4632,#4640,#4642,.T.);
#4640 = VERTEX_POINT('',#4641);
#4641 = CARTESIAN_POINT('',(-0.525,0.93,-3.492429378532E-04));
#4642 = LINE('',#4643,#4644);
#4643 = CARTESIAN_POINT('',(-2.425,0.93,-3.492429378532E-04));
#4644 = VECTOR('',#4645,1.);
#4645 = DIRECTION('',(1.,0.,0.));
#4646 = ORIENTED_EDGE('',*,*,#4647,.F.);
#4647 = EDGE_CURVE('',#4648,#4640,#4650,.T.);
#4648 = VERTEX_POINT('',#4649);
#4649 = CARTESIAN_POINT('',(-0.525,0.93,0.195));
#4650 = LINE('',#4651,#4652);
#4651 = CARTESIAN_POINT('',(-0.525,0.93,0.661141805844));
#4652 = VECTOR('',#4653,1.);
#4653 = DIRECTION('',(2.809082092746E-18,-2.22044604925E-16,-1.));
#4654 = ORIENTED_EDGE('',*,*,#4655,.T.);
#4655 = EDGE_CURVE('',#4648,#4656,#4658,.T.);
#4656 = VERTEX_POINT('',#4657);
#4657 = CARTESIAN_POINT('',(0.525,0.93,0.195));
#4658 = LINE('',#4659,#4660);
#4659 = CARTESIAN_POINT('',(-4.125,0.93,0.195));
#4660 = VECTOR('',#4661,1.);
#4661 = DIRECTION('',(1.,0.,0.));
#4662 = ORIENTED_EDGE('',*,*,#4663,.T.);
#4663 = EDGE_CURVE('',#4656,#4664,#4666,.T.);
#4664 = VERTEX_POINT('',#4665);
#4665 = CARTESIAN_POINT('',(0.525,0.93,-3.492429378532E-04));
#4666 = LINE('',#4667,#4668);
#4667 = CARTESIAN_POINT('',(0.525,0.93,0.661141805844));
#4668 = VECTOR('',#4669,1.);
#4669 = DIRECTION('',(2.809082092746E-18,-2.22044604925E-16,-1.));
#4670 = ORIENTED_EDGE('',*,*,#4671,.T.);
#4671 = EDGE_CURVE('',#4664,#4672,#4674,.T.);
#4672 = VERTEX_POINT('',#4673);
#4673 = CARTESIAN_POINT('',(0.725,0.93,-3.492429378532E-04));
#4674 = LINE('',#4675,#4676);
#4675 = CARTESIAN_POINT('',(-1.8,0.93,-3.492429378532E-04));
#4676 = VECTOR('',#4677,1.);
#4677 = DIRECTION('',(1.,0.,0.));
#4678 = ORIENTED_EDGE('',*,*,#4679,.F.);
#4679 = EDGE_CURVE('',#4680,#4672,#4682,.T.);
#4680 = VERTEX_POINT('',#4681);
#4681 = CARTESIAN_POINT('',(0.725,0.93,0.195));
#4682 = LINE('',#4683,#4684);
#4683 = CARTESIAN_POINT('',(0.725,0.93,0.661141805844));
#4684 = VECTOR('',#4685,1.);
#4685 = DIRECTION('',(2.809082092746E-18,-2.22044604925E-16,-1.));
#4686 = ORIENTED_EDGE('',*,*,#4687,.T.);
#4687 = EDGE_CURVE('',#4680,#4688,#4690,.T.);
#4688 = VERTEX_POINT('',#4689);
#4689 = CARTESIAN_POINT('',(1.775,0.93,0.195));
#4690 = LINE('',#4691,#4692);
#4691 = CARTESIAN_POINT('',(-4.125,0.93,0.195));
#4692 = VECTOR('',#4693,1.);
#4693 = DIRECTION('',(1.,0.,0.));
#4694 = ORIENTED_EDGE('',*,*,#4695,.T.);
#4695 = EDGE_CURVE('',#4688,#4696,#4698,.T.);
#4696 = VERTEX_POINT('',#4697);
#4697 = CARTESIAN_POINT('',(1.775,0.93,-3.492429378532E-04));
#4698 = LINE('',#4699,#4700);
#4699 = CARTESIAN_POINT('',(1.775,0.93,0.661141805844));
#4700 = VECTOR('',#4701,1.);
#4701 = DIRECTION('',(2.809082092746E-18,-2.22044604925E-16,-1.));
#4702 = ORIENTED_EDGE('',*,*,#4703,.T.);
#4703 = EDGE_CURVE('',#4696,#4704,#4706,.T.);
#4704 = VERTEX_POINT('',#4705);
#4705 = CARTESIAN_POINT('',(1.975,0.93,-3.492429378532E-04));
#4706 = LINE('',#4707,#4708);
#4707 = CARTESIAN_POINT('',(-1.175,0.93,-3.492429378532E-04));
#4708 = VECTOR('',#4709,1.);
#4709 = DIRECTION('',(1.,0.,0.));
#4710 = ORIENTED_EDGE('',*,*,#4711,.F.);
#4711 = EDGE_CURVE('',#4712,#4704,#4714,.T.);
#4712 = VERTEX_POINT('',#4713);
#4713 = CARTESIAN_POINT('',(1.975,0.93,0.195));
#4714 = LINE('',#4715,#4716);
#4715 = CARTESIAN_POINT('',(1.975,0.93,0.661141805844));
#4716 = VECTOR('',#4717,1.);
#4717 = DIRECTION('',(2.809082092746E-18,-2.22044604925E-16,-1.));
#4718 = ORIENTED_EDGE('',*,*,#4719,.T.);
#4719 = EDGE_CURVE('',#4712,#4720,#4722,.T.);
#4720 = VERTEX_POINT('',#4721);
#4721 = CARTESIAN_POINT('',(4.125,0.93,0.195));
#4722 = LINE('',#4723,#4724);
#4723 = CARTESIAN_POINT('',(-4.125,0.93,0.195));
#4724 = VECTOR('',#4725,1.);
#4725 = DIRECTION('',(1.,0.,0.));
#4726 = ORIENTED_EDGE('',*,*,#4727,.T.);
#4727 = EDGE_CURVE('',#4720,#3423,#4728,.T.);
#4728 = LINE('',#4729,#4730);
#4729 = CARTESIAN_POINT('',(4.125,0.93,0.195));
#4730 = VECTOR('',#4731,1.);
#4731 = DIRECTION('',(0.,-2.22044604925E-16,-1.));
#4732 = ORIENTED_EDGE('',*,*,#3422,.F.);
#4733 = PLANE('',#4734);
#4734 = AXIS2_PLACEMENT_3D('',#4735,#4736,#4737);
#4735 = CARTESIAN_POINT('',(-4.125,0.93,0.195));
#4736 = DIRECTION('',(0.,1.,-2.22044604925E-16));
#4737 = DIRECTION('',(0.,-2.22044604925E-16,-1.));
#4738 = ADVANCED_FACE('',(#4739),#4821,.T.);
#4739 = FACE_BOUND('',#4740,.T.);
#4740 = EDGE_LOOP('',(#4741,#4742,#4743,#4751,#4757,#4758,#4759,#4767,
    #4775,#4783,#4789,#4790,#4791,#4799,#4807,#4815));
#4741 = ORIENTED_EDGE('',*,*,#3471,.F.);
#4742 = ORIENTED_EDGE('',*,*,#4727,.F.);
#4743 = ORIENTED_EDGE('',*,*,#4744,.F.);
#4744 = EDGE_CURVE('',#4745,#4720,#4747,.T.);
#4745 = VERTEX_POINT('',#4746);
#4746 = CARTESIAN_POINT('',(4.125,1.08,0.195));
#4747 = LINE('',#4748,#4749);
#4748 = CARTESIAN_POINT('',(4.125,1.08,0.195));
#4749 = VECTOR('',#4750,1.);
#4750 = DIRECTION('',(0.,-1.,2.22044604925E-16));
#4751 = ORIENTED_EDGE('',*,*,#4752,.F.);
#4752 = EDGE_CURVE('',#4400,#4745,#4753,.T.);
#4753 = LINE('',#4754,#4755);
#4754 = CARTESIAN_POINT('',(4.125,1.08,0.945));
#4755 = VECTOR('',#4756,1.);
#4756 = DIRECTION('',(0.,-2.22044604925E-16,-1.));
#4757 = ORIENTED_EDGE('',*,*,#4399,.F.);
#4758 = ORIENTED_EDGE('',*,*,#4325,.T.);
#4759 = ORIENTED_EDGE('',*,*,#4760,.T.);
#4760 = EDGE_CURVE('',#4326,#4761,#4763,.T.);
#4761 = VERTEX_POINT('',#4762);
#4762 = CARTESIAN_POINT('',(4.125,0.98,1.995));
#4763 = LINE('',#4764,#4765);
#4764 = CARTESIAN_POINT('',(4.125,1.58,1.995));
#4765 = VECTOR('',#4766,1.);
#4766 = DIRECTION('',(0.,-1.,2.22044604925E-16));
#4767 = ORIENTED_EDGE('',*,*,#4768,.T.);
#4768 = EDGE_CURVE('',#4761,#4769,#4771,.T.);
#4769 = VERTEX_POINT('',#4770);
#4770 = CARTESIAN_POINT('',(4.125,0.98,3.595));
#4771 = LINE('',#4772,#4773);
#4772 = CARTESIAN_POINT('',(4.125,0.98,1.995));
#4773 = VECTOR('',#4774,1.);
#4774 = DIRECTION('',(0.,2.22044604925E-16,1.));
#4775 = ORIENTED_EDGE('',*,*,#4776,.T.);
#4776 = EDGE_CURVE('',#4769,#4777,#4779,.T.);
#4777 = VERTEX_POINT('',#4778);
#4778 = CARTESIAN_POINT('',(4.125,-0.32,3.595));
#4779 = LINE('',#4780,#4781);
#4780 = CARTESIAN_POINT('',(4.125,0.98,3.595));
#4781 = VECTOR('',#4782,1.);
#4782 = DIRECTION('',(0.,-1.,2.22044604925E-16));
#4783 = ORIENTED_EDGE('',*,*,#4784,.T.);
#4784 = EDGE_CURVE('',#4777,#4191,#4785,.T.);
#4785 = LINE('',#4786,#4787);
#4786 = CARTESIAN_POINT('',(4.125,-0.32,3.595));
#4787 = VECTOR('',#4788,1.);
#4788 = DIRECTION('',(0.,2.22044604925E-16,1.));
#4789 = ORIENTED_EDGE('',*,*,#4190,.T.);
#4790 = ORIENTED_EDGE('',*,*,#3718,.F.);
#4791 = ORIENTED_EDGE('',*,*,#4792,.T.);
#4792 = EDGE_CURVE('',#3711,#4793,#4795,.T.);
#4793 = VERTEX_POINT('',#4794);
#4794 = CARTESIAN_POINT('',(4.125,-1.82,1.945));
#4795 = LINE('',#4796,#4797);
#4796 = CARTESIAN_POINT('',(4.125,-2.47,1.945));
#4797 = VECTOR('',#4798,1.);
#4798 = DIRECTION('',(0.,1.,-2.22044604925E-16));
#4799 = ORIENTED_EDGE('',*,*,#4800,.T.);
#4800 = EDGE_CURVE('',#4793,#4801,#4803,.T.);
#4801 = VERTEX_POINT('',#4802);
#4802 = CARTESIAN_POINT('',(4.125,-1.82,0.595));
#4803 = LINE('',#4804,#4805);
#4804 = CARTESIAN_POINT('',(4.125,-1.82,1.945));
#4805 = VECTOR('',#4806,1.);
#4806 = DIRECTION('',(0.,-2.22044604925E-16,-1.));
#4807 = ORIENTED_EDGE('',*,*,#4808,.T.);
#4808 = EDGE_CURVE('',#4801,#4809,#4811,.T.);
#4809 = VERTEX_POINT('',#4810);
#4810 = CARTESIAN_POINT('',(4.125,-0.22,0.595));
#4811 = LINE('',#4812,#4813);
#4812 = CARTESIAN_POINT('',(4.125,-1.82,0.595));
#4813 = VECTOR('',#4814,1.);
#4814 = DIRECTION('',(0.,1.,-2.22044604925E-16));
#4815 = ORIENTED_EDGE('',*,*,#4816,.T.);
#4816 = EDGE_CURVE('',#4809,#3464,#4817,.T.);
#4817 = LINE('',#4818,#4819);
#4818 = CARTESIAN_POINT('',(4.125,-0.22,0.595));
#4819 = VECTOR('',#4820,1.);
#4820 = DIRECTION('',(0.,-2.22044604925E-16,-1.));
#4821 = PLANE('',#4822);
#4822 = AXIS2_PLACEMENT_3D('',#4823,#4824,#4825);
#4823 = CARTESIAN_POINT('',(4.125,1.58,-5.E-03));
#4824 = DIRECTION('',(1.,0.,0.));
#4825 = DIRECTION('',(0.,-1.,2.22044604925E-16));
#4826 = ADVANCED_FACE('',(#4827),#4861,.F.);
#4827 = FACE_BOUND('',#4828,.F.);
#4828 = EDGE_LOOP('',(#4829,#4839,#4845,#4846,#4847,#4855));
#4829 = ORIENTED_EDGE('',*,*,#4830,.T.);
#4830 = EDGE_CURVE('',#4831,#4833,#4835,.T.);
#4831 = VERTEX_POINT('',#4832);
#4832 = CARTESIAN_POINT('',(3.825,-0.22,0.37));
#4833 = VERTEX_POINT('',#4834);
#4834 = CARTESIAN_POINT('',(3.825,-0.22,0.595));
#4835 = LINE('',#4836,#4837);
#4836 = CARTESIAN_POINT('',(3.825,-0.22,0.807892234548));
#4837 = VECTOR('',#4838,1.);
#4838 = DIRECTION('',(0.,2.22044604925E-16,1.));
#4839 = ORIENTED_EDGE('',*,*,#4840,.T.);
#4840 = EDGE_CURVE('',#4833,#4809,#4841,.T.);
#4841 = LINE('',#4842,#4843);
#4842 = CARTESIAN_POINT('',(3.625,-0.22,0.595));
#4843 = VECTOR('',#4844,1.);
#4844 = DIRECTION('',(1.,0.,0.));
#4845 = ORIENTED_EDGE('',*,*,#4816,.T.);
#4846 = ORIENTED_EDGE('',*,*,#3463,.F.);
#4847 = ORIENTED_EDGE('',*,*,#4848,.F.);
#4848 = EDGE_CURVE('',#4849,#3456,#4851,.T.);
#4849 = VERTEX_POINT('',#4850);
#4850 = CARTESIAN_POINT('',(3.625,-0.22,0.37));
#4851 = LINE('',#4852,#4853);
#4852 = CARTESIAN_POINT('',(3.625,-0.22,0.595));
#4853 = VECTOR('',#4854,1.);
#4854 = DIRECTION('',(0.,-2.22044604925E-16,-1.));
#4855 = ORIENTED_EDGE('',*,*,#4856,.F.);
#4856 = EDGE_CURVE('',#4831,#4849,#4857,.T.);
#4857 = LINE('',#4858,#4859);
#4858 = CARTESIAN_POINT('',(3.625,-0.22,0.37));
#4859 = VECTOR('',#4860,1.);
#4860 = DIRECTION('',(-1.,0.,0.));
#4861 = PLANE('',#4862);
#4862 = AXIS2_PLACEMENT_3D('',#4863,#4864,#4865);
#4863 = CARTESIAN_POINT('',(3.625,-0.22,0.595));
#4864 = DIRECTION('',(0.,1.,-2.22044604925E-16));
#4865 = DIRECTION('',(0.,-2.22044604925E-16,-1.));
#4866 = ADVANCED_FACE('',(#4867),#4894,.F.);
#4867 = FACE_BOUND('',#4868,.F.);
#4868 = EDGE_LOOP('',(#4869,#4870,#4871,#4879,#4887,#4893));
#4869 = ORIENTED_EDGE('',*,*,#3455,.T.);
#4870 = ORIENTED_EDGE('',*,*,#3670,.T.);
#4871 = ORIENTED_EDGE('',*,*,#4872,.F.);
#4872 = EDGE_CURVE('',#4873,#3671,#4875,.T.);
#4873 = VERTEX_POINT('',#4874);
#4874 = CARTESIAN_POINT('',(3.625,-0.255,-1.665334536938E-16));
#4875 = LINE('',#4876,#4877);
#4876 = CARTESIAN_POINT('',(3.625,-0.255,-1.665334536938E-16));
#4877 = VECTOR('',#4878,1.);
#4878 = DIRECTION('',(0.,-1.,7.501506923143E-17));
#4879 = ORIENTED_EDGE('',*,*,#4880,.F.);
#4880 = EDGE_CURVE('',#4881,#4873,#4883,.T.);
#4881 = VERTEX_POINT('',#4882);
#4882 = CARTESIAN_POINT('',(3.625,-0.255,0.37));
#4883 = LINE('',#4884,#4885);
#4884 = CARTESIAN_POINT('',(3.625,-0.255,0.37));
#4885 = VECTOR('',#4886,1.);
#4886 = DIRECTION('',(0.,0.,-1.));
#4887 = ORIENTED_EDGE('',*,*,#4888,.F.);
#4888 = EDGE_CURVE('',#4849,#4881,#4889,.T.);
#4889 = LINE('',#4890,#4891);
#4890 = CARTESIAN_POINT('',(3.625,0.235,0.37));
#4891 = VECTOR('',#4892,1.);
#4892 = DIRECTION('',(0.,-1.,0.));
#4893 = ORIENTED_EDGE('',*,*,#4848,.T.);
#4894 = PLANE('',#4895);
#4895 = AXIS2_PLACEMENT_3D('',#4896,#4897,#4898);
#4896 = CARTESIAN_POINT('',(3.625,-1.602142857143,0.712857142857));
#4897 = DIRECTION('',(-1.,1.11927691467E-30,1.146375123746E-30));
#4898 = DIRECTION('',(-1.146375123746E-30,-2.22044604925E-16,-1.));
#4899 = ADVANCED_FACE('',(#4900),#4927,.T.);
#4900 = FACE_BOUND('',#4901,.T.);
#4901 = EDGE_LOOP('',(#4902,#4903,#4904,#4912,#4920,#4926));
#4902 = ORIENTED_EDGE('',*,*,#3439,.T.);
#4903 = ORIENTED_EDGE('',*,*,#3663,.T.);
#4904 = ORIENTED_EDGE('',*,*,#4905,.F.);
#4905 = EDGE_CURVE('',#4906,#3656,#4908,.T.);
#4906 = VERTEX_POINT('',#4907);
#4907 = CARTESIAN_POINT('',(-3.625,-0.255,-1.665334536938E-16));
#4908 = LINE('',#4909,#4910);
#4909 = CARTESIAN_POINT('',(-3.625,-0.255,-1.665334536938E-16));
#4910 = VECTOR('',#4911,1.);
#4911 = DIRECTION('',(0.,-1.,7.501506923143E-17));
#4912 = ORIENTED_EDGE('',*,*,#4913,.F.);
#4913 = EDGE_CURVE('',#4914,#4906,#4916,.T.);
#4914 = VERTEX_POINT('',#4915);
#4915 = CARTESIAN_POINT('',(-3.625,-0.255,0.37));
#4916 = LINE('',#4917,#4918);
#4917 = CARTESIAN_POINT('',(-3.625,-0.255,0.37));
#4918 = VECTOR('',#4919,1.);
#4919 = DIRECTION('',(0.,0.,-1.));
#4920 = ORIENTED_EDGE('',*,*,#4921,.F.);
#4921 = EDGE_CURVE('',#3503,#4914,#4922,.T.);
#4922 = LINE('',#4923,#4924);
#4923 = CARTESIAN_POINT('',(-3.625,0.235,0.37));
#4924 = VECTOR('',#4925,1.);
#4925 = DIRECTION('',(0.,-1.,0.));
#4926 = ORIENTED_EDGE('',*,*,#3510,.T.);
#4927 = PLANE('',#4928);
#4928 = AXIS2_PLACEMENT_3D('',#4929,#4930,#4931);
#4929 = CARTESIAN_POINT('',(-3.625,-1.602142857143,0.712857142857));
#4930 = DIRECTION('',(-1.,1.11927691467E-30,1.146375123746E-30));
#4931 = DIRECTION('',(-1.146375123746E-30,-2.22044604925E-16,-1.));
#4932 = ADVANCED_FACE('',(#4933),#4951,.T.);
#4933 = FACE_BOUND('',#4934,.T.);
#4934 = EDGE_LOOP('',(#4935,#4943,#4944,#4945));
#4935 = ORIENTED_EDGE('',*,*,#4936,.F.);
#4936 = EDGE_CURVE('',#3495,#4937,#4939,.T.);
#4937 = VERTEX_POINT('',#4938);
#4938 = CARTESIAN_POINT('',(-3.825,-0.255,0.37));
#4939 = LINE('',#4940,#4941);
#4940 = CARTESIAN_POINT('',(-3.825,0.235,0.37));
#4941 = VECTOR('',#4942,1.);
#4942 = DIRECTION('',(0.,-1.,0.));
#4943 = ORIENTED_EDGE('',*,*,#3502,.F.);
#4944 = ORIENTED_EDGE('',*,*,#4921,.T.);
#4945 = ORIENTED_EDGE('',*,*,#4946,.F.);
#4946 = EDGE_CURVE('',#4937,#4914,#4947,.T.);
#4947 = LINE('',#4948,#4949);
#4948 = CARTESIAN_POINT('',(-3.825,-0.255,0.37));
#4949 = VECTOR('',#4950,1.);
#4950 = DIRECTION('',(1.,0.,0.));
#4951 = PLANE('',#4952);
#4952 = AXIS2_PLACEMENT_3D('',#4953,#4954,#4955);
#4953 = CARTESIAN_POINT('',(-3.825,0.235,0.37));
#4954 = DIRECTION('',(0.,0.,-1.));
#4955 = DIRECTION('',(0.,-1.,0.));
#4956 = ADVANCED_FACE('',(#4957),#5018,.T.);
#4957 = FACE_BOUND('',#4958,.T.);
#4958 = EDGE_LOOP('',(#4959,#4969,#4977,#4983,#4984,#4985,#4986,#4994,
    #5002,#5008,#5009,#5010,#5011,#5012));
#4959 = ORIENTED_EDGE('',*,*,#4960,.T.);
#4960 = EDGE_CURVE('',#4961,#4963,#4965,.T.);
#4961 = VERTEX_POINT('',#4962);
#4962 = CARTESIAN_POINT('',(-3.825,-0.255,-1.665334536938E-16));
#4963 = VERTEX_POINT('',#4964);
#4964 = CARTESIAN_POINT('',(-3.825,-2.475,0.));
#4965 = LINE('',#4966,#4967);
#4966 = CARTESIAN_POINT('',(-3.825,-0.255,-1.665334536938E-16));
#4967 = VECTOR('',#4968,1.);
#4968 = DIRECTION('',(0.,-1.,7.501506923143E-17));
#4969 = ORIENTED_EDGE('',*,*,#4970,.T.);
#4970 = EDGE_CURVE('',#4963,#4971,#4973,.T.);
#4971 = VERTEX_POINT('',#4972);
#4972 = CARTESIAN_POINT('',(-3.825,-2.475,2.05));
#4973 = LINE('',#4974,#4975);
#4974 = CARTESIAN_POINT('',(-3.825,-2.475,0.));
#4975 = VECTOR('',#4976,1.);
#4976 = DIRECTION('',(0.,0.,1.));
#4977 = ORIENTED_EDGE('',*,*,#4978,.T.);
#4978 = EDGE_CURVE('',#4971,#3632,#4979,.T.);
#4979 = LINE('',#4980,#4981);
#4980 = CARTESIAN_POINT('',(-3.825,-2.475,2.05));
#4981 = VECTOR('',#4982,1.);
#4982 = DIRECTION('',(0.,1.,0.));
#4983 = ORIENTED_EDGE('',*,*,#3631,.T.);
#4984 = ORIENTED_EDGE('',*,*,#3614,.F.);
#4985 = ORIENTED_EDGE('',*,*,#3558,.F.);
#4986 = ORIENTED_EDGE('',*,*,#4987,.T.);
#4987 = EDGE_CURVE('',#3559,#4988,#4990,.T.);
#4988 = VERTEX_POINT('',#4989);
#4989 = CARTESIAN_POINT('',(-3.825,-1.825,1.51));
#4990 = LINE('',#4991,#4992);
#4991 = CARTESIAN_POINT('',(-3.825,-0.275,1.51));
#4992 = VECTOR('',#4993,1.);
#4993 = DIRECTION('',(0.,-1.,0.));
#4994 = ORIENTED_EDGE('',*,*,#4995,.T.);
#4995 = EDGE_CURVE('',#4988,#4996,#4998,.T.);
#4996 = VERTEX_POINT('',#4997);
#4997 = CARTESIAN_POINT('',(-3.825,-1.825,0.8));
#4998 = LINE('',#4999,#5000);
#4999 = CARTESIAN_POINT('',(-3.825,-1.825,1.51));
#5000 = VECTOR('',#5001,1.);
#5001 = DIRECTION('',(0.,0.,-1.));
#5002 = ORIENTED_EDGE('',*,*,#5003,.T.);
#5003 = EDGE_CURVE('',#4996,#3583,#5004,.T.);
#5004 = LINE('',#5005,#5006);
#5005 = CARTESIAN_POINT('',(-3.825,-1.825,0.8));
#5006 = VECTOR('',#5007,1.);
#5007 = DIRECTION('',(0.,1.,0.));
#5008 = ORIENTED_EDGE('',*,*,#3590,.F.);
#5009 = ORIENTED_EDGE('',*,*,#3534,.F.);
#5010 = ORIENTED_EDGE('',*,*,#3494,.F.);
#5011 = ORIENTED_EDGE('',*,*,#4936,.T.);
#5012 = ORIENTED_EDGE('',*,*,#5013,.T.);
#5013 = EDGE_CURVE('',#4937,#4961,#5014,.T.);
#5014 = LINE('',#5015,#5016);
#5015 = CARTESIAN_POINT('',(-3.825,-0.255,0.37));
#5016 = VECTOR('',#5017,1.);
#5017 = DIRECTION('',(0.,0.,-1.));
#5018 = PLANE('',#5019);
#5019 = AXIS2_PLACEMENT_3D('',#5020,#5021,#5022);
#5020 = CARTESIAN_POINT('',(-3.825,-1.254889064976,1.020784469097));
#5021 = DIRECTION('',(-1.,-0.,-0.));
#5022 = DIRECTION('',(0.,0.,-1.));
#5023 = ADVANCED_FACE('',(#5024),#5042,.T.);
#5024 = FACE_BOUND('',#5025,.T.);
#5025 = EDGE_LOOP('',(#5026,#5027,#5035,#5041));
#5026 = ORIENTED_EDGE('',*,*,#5003,.F.);
#5027 = ORIENTED_EDGE('',*,*,#5028,.T.);
#5028 = EDGE_CURVE('',#4996,#5029,#5031,.T.);
#5029 = VERTEX_POINT('',#5030);
#5030 = CARTESIAN_POINT('',(-3.625,-1.825,0.8));
#5031 = LINE('',#5032,#5033);
#5032 = CARTESIAN_POINT('',(-3.825,-1.825,0.8));
#5033 = VECTOR('',#5034,1.);
#5034 = DIRECTION('',(1.,0.,0.));
#5035 = ORIENTED_EDGE('',*,*,#5036,.T.);
#5036 = EDGE_CURVE('',#5029,#3575,#5037,.T.);
#5037 = LINE('',#5038,#5039);
#5038 = CARTESIAN_POINT('',(-3.625,-1.825,0.8));
#5039 = VECTOR('',#5040,1.);
#5040 = DIRECTION('',(0.,1.,0.));
#5041 = ORIENTED_EDGE('',*,*,#3582,.F.);
#5042 = PLANE('',#5043);
#5043 = AXIS2_PLACEMENT_3D('',#5044,#5045,#5046);
#5044 = CARTESIAN_POINT('',(-3.825,-1.825,0.8));
#5045 = DIRECTION('',(0.,0.,1.));
#5046 = DIRECTION('',(0.,1.,0.));
#5047 = ADVANCED_FACE('',(#5048),#5066,.T.);
#5048 = FACE_BOUND('',#5049,.T.);
#5049 = EDGE_LOOP('',(#5050,#5058,#5059,#5060));
#5050 = ORIENTED_EDGE('',*,*,#5051,.F.);
#5051 = EDGE_CURVE('',#3567,#5052,#5054,.T.);
#5052 = VERTEX_POINT('',#5053);
#5053 = CARTESIAN_POINT('',(-3.625,-1.825,1.51));
#5054 = LINE('',#5055,#5056);
#5055 = CARTESIAN_POINT('',(-3.625,-0.275,1.51));
#5056 = VECTOR('',#5057,1.);
#5057 = DIRECTION('',(0.,-1.,0.));
#5058 = ORIENTED_EDGE('',*,*,#3574,.T.);
#5059 = ORIENTED_EDGE('',*,*,#5036,.F.);
#5060 = ORIENTED_EDGE('',*,*,#5061,.F.);
#5061 = EDGE_CURVE('',#5052,#5029,#5062,.T.);
#5062 = LINE('',#5063,#5064);
#5063 = CARTESIAN_POINT('',(-3.625,-1.825,1.51));
#5064 = VECTOR('',#5065,1.);
#5065 = DIRECTION('',(0.,0.,-1.));
#5066 = PLANE('',#5067);
#5067 = AXIS2_PLACEMENT_3D('',#5068,#5069,#5070);
#5068 = CARTESIAN_POINT('',(-3.625,-1.602142857143,0.712857142857));
#5069 = DIRECTION('',(-1.,1.11927691467E-30,1.146375123746E-30));
#5070 = DIRECTION('',(-1.146375123746E-30,-2.22044604925E-16,-1.));
#5071 = ADVANCED_FACE('',(#5072),#5083,.T.);
#5072 = FACE_BOUND('',#5073,.T.);
#5073 = EDGE_LOOP('',(#5074,#5075,#5076,#5077));
#5074 = ORIENTED_EDGE('',*,*,#4987,.F.);
#5075 = ORIENTED_EDGE('',*,*,#3566,.F.);
#5076 = ORIENTED_EDGE('',*,*,#5051,.T.);
#5077 = ORIENTED_EDGE('',*,*,#5078,.F.);
#5078 = EDGE_CURVE('',#4988,#5052,#5079,.T.);
#5079 = LINE('',#5080,#5081);
#5080 = CARTESIAN_POINT('',(-3.825,-1.825,1.51));
#5081 = VECTOR('',#5082,1.);
#5082 = DIRECTION('',(1.,0.,0.));
#5083 = PLANE('',#5084);
#5084 = AXIS2_PLACEMENT_3D('',#5085,#5086,#5087);
#5085 = CARTESIAN_POINT('',(-3.825,-0.275,1.51));
#5086 = DIRECTION('',(0.,0.,-1.));
#5087 = DIRECTION('',(0.,-1.,0.));
#5088 = ADVANCED_FACE('',(#5089),#5107,.F.);
#5089 = FACE_BOUND('',#5090,.F.);
#5090 = EDGE_LOOP('',(#5091,#5099,#5100,#5101));
#5091 = ORIENTED_EDGE('',*,*,#5092,.T.);
#5092 = EDGE_CURVE('',#5093,#3703,#5095,.T.);
#5093 = VERTEX_POINT('',#5094);
#5094 = CARTESIAN_POINT('',(3.825,-1.82,1.945));
#5095 = LINE('',#5096,#5097);
#5096 = CARTESIAN_POINT('',(3.825,-1.862444532488,1.945));
#5097 = VECTOR('',#5098,1.);
#5098 = DIRECTION('',(0.,-1.,2.22044604925E-16));
#5099 = ORIENTED_EDGE('',*,*,#3710,.T.);
#5100 = ORIENTED_EDGE('',*,*,#4792,.T.);
#5101 = ORIENTED_EDGE('',*,*,#5102,.F.);
#5102 = EDGE_CURVE('',#5093,#4793,#5103,.T.);
#5103 = LINE('',#5104,#5105);
#5104 = CARTESIAN_POINT('',(3.625,-1.82,1.945));
#5105 = VECTOR('',#5106,1.);
#5106 = DIRECTION('',(1.,0.,0.));
#5107 = PLANE('',#5108);
#5108 = AXIS2_PLACEMENT_3D('',#5109,#5110,#5111);
#5109 = CARTESIAN_POINT('',(3.625,-2.47,1.945));
#5110 = DIRECTION('',(0.,2.22044604925E-16,1.));
#5111 = DIRECTION('',(0.,1.,-2.22044604925E-16));
#5112 = ADVANCED_FACE('',(#5113),#5202,.F.);
#5113 = FACE_BOUND('',#5114,.F.);
#5114 = EDGE_LOOP('',(#5115,#5125,#5133,#5139,#5140,#5141,#5149,#5157,
    #5165,#5173,#5181,#5187,#5188,#5196));
#5115 = ORIENTED_EDGE('',*,*,#5116,.T.);
#5116 = EDGE_CURVE('',#5117,#5119,#5121,.T.);
#5117 = VERTEX_POINT('',#5118);
#5118 = CARTESIAN_POINT('',(3.825,-0.255,-1.665334536938E-16));
#5119 = VERTEX_POINT('',#5120);
#5120 = CARTESIAN_POINT('',(3.825,-2.475,0.));
#5121 = LINE('',#5122,#5123);
#5122 = CARTESIAN_POINT('',(3.825,-0.255,-1.665334536938E-16));
#5123 = VECTOR('',#5124,1.);
#5124 = DIRECTION('',(0.,-1.,7.501506923143E-17));
#5125 = ORIENTED_EDGE('',*,*,#5126,.T.);
#5126 = EDGE_CURVE('',#5119,#5127,#5129,.T.);
#5127 = VERTEX_POINT('',#5128);
#5128 = CARTESIAN_POINT('',(3.825,-2.475,2.05));
#5129 = LINE('',#5130,#5131);
#5130 = CARTESIAN_POINT('',(3.825,-2.475,0.));
#5131 = VECTOR('',#5132,1.);
#5132 = DIRECTION('',(0.,0.,1.));
#5133 = ORIENTED_EDGE('',*,*,#5134,.T.);
#5134 = EDGE_CURVE('',#5127,#3695,#5135,.T.);
#5135 = LINE('',#5136,#5137);
#5136 = CARTESIAN_POINT('',(3.825,-2.475,2.05));
#5137 = VECTOR('',#5138,1.);
#5138 = DIRECTION('',(0.,1.,0.));
#5139 = ORIENTED_EDGE('',*,*,#3702,.T.);
#5140 = ORIENTED_EDGE('',*,*,#5092,.F.);
#5141 = ORIENTED_EDGE('',*,*,#5142,.F.);
#5142 = EDGE_CURVE('',#5143,#5093,#5145,.T.);
#5143 = VERTEX_POINT('',#5144);
#5144 = CARTESIAN_POINT('',(3.825,-1.82,1.51));
#5145 = LINE('',#5146,#5147);
#5146 = CARTESIAN_POINT('',(3.825,-1.82,1.482892234548));
#5147 = VECTOR('',#5148,1.);
#5148 = DIRECTION('',(0.,2.22044604925E-16,1.));
#5149 = ORIENTED_EDGE('',*,*,#5150,.T.);
#5150 = EDGE_CURVE('',#5143,#5151,#5153,.T.);
#5151 = VERTEX_POINT('',#5152);
#5152 = CARTESIAN_POINT('',(3.825,-1.825,1.51));
#5153 = LINE('',#5154,#5155);
#5154 = CARTESIAN_POINT('',(3.825,-0.275,1.51));
#5155 = VECTOR('',#5156,1.);
#5156 = DIRECTION('',(0.,-1.,0.));
#5157 = ORIENTED_EDGE('',*,*,#5158,.T.);
#5158 = EDGE_CURVE('',#5151,#5159,#5161,.T.);
#5159 = VERTEX_POINT('',#5160);
#5160 = CARTESIAN_POINT('',(3.825,-1.825,0.8));
#5161 = LINE('',#5162,#5163);
#5162 = CARTESIAN_POINT('',(3.825,-1.825,1.51));
#5163 = VECTOR('',#5164,1.);
#5164 = DIRECTION('',(0.,0.,-1.));
#5165 = ORIENTED_EDGE('',*,*,#5166,.T.);
#5166 = EDGE_CURVE('',#5159,#5167,#5169,.T.);
#5167 = VERTEX_POINT('',#5168);
#5168 = CARTESIAN_POINT('',(3.825,-1.82,0.8));
#5169 = LINE('',#5170,#5171);
#5170 = CARTESIAN_POINT('',(3.825,-1.825,0.8));
#5171 = VECTOR('',#5172,1.);
#5172 = DIRECTION('',(0.,1.,0.));
#5173 = ORIENTED_EDGE('',*,*,#5174,.F.);
#5174 = EDGE_CURVE('',#5175,#5167,#5177,.T.);
#5175 = VERTEX_POINT('',#5176);
#5176 = CARTESIAN_POINT('',(3.825,-1.82,0.595));
#5177 = LINE('',#5178,#5179);
#5178 = CARTESIAN_POINT('',(3.825,-1.82,1.482892234548));
#5179 = VECTOR('',#5180,1.);
#5180 = DIRECTION('',(0.,2.22044604925E-16,1.));
#5181 = ORIENTED_EDGE('',*,*,#5182,.F.);
#5182 = EDGE_CURVE('',#4833,#5175,#5183,.T.);
#5183 = LINE('',#5184,#5185);
#5184 = CARTESIAN_POINT('',(3.825,-1.537444532488,0.595));
#5185 = VECTOR('',#5186,1.);
#5186 = DIRECTION('',(0.,-1.,2.22044604925E-16));
#5187 = ORIENTED_EDGE('',*,*,#4830,.F.);
#5188 = ORIENTED_EDGE('',*,*,#5189,.T.);
#5189 = EDGE_CURVE('',#4831,#5190,#5192,.T.);
#5190 = VERTEX_POINT('',#5191);
#5191 = CARTESIAN_POINT('',(3.825,-0.255,0.37));
#5192 = LINE('',#5193,#5194);
#5193 = CARTESIAN_POINT('',(3.825,0.235,0.37));
#5194 = VECTOR('',#5195,1.);
#5195 = DIRECTION('',(0.,-1.,0.));
#5196 = ORIENTED_EDGE('',*,*,#5197,.T.);
#5197 = EDGE_CURVE('',#5190,#5117,#5198,.T.);
#5198 = LINE('',#5199,#5200);
#5199 = CARTESIAN_POINT('',(3.825,-0.255,0.37));
#5200 = VECTOR('',#5201,1.);
#5201 = DIRECTION('',(0.,0.,-1.));
#5202 = PLANE('',#5203);
#5203 = AXIS2_PLACEMENT_3D('',#5204,#5205,#5206);
#5204 = CARTESIAN_POINT('',(3.825,-1.254889064976,1.020784469097));
#5205 = DIRECTION('',(-1.,-0.,-0.));
#5206 = DIRECTION('',(0.,0.,-1.));
#5207 = ADVANCED_FACE('',(#5208),#5226,.T.);
#5208 = FACE_BOUND('',#5209,.T.);
#5209 = EDGE_LOOP('',(#5210,#5218,#5224,#5225));
#5210 = ORIENTED_EDGE('',*,*,#5211,.F.);
#5211 = EDGE_CURVE('',#5212,#3687,#5214,.T.);
#5212 = VERTEX_POINT('',#5213);
#5213 = CARTESIAN_POINT('',(3.625,-2.475,2.05));
#5214 = LINE('',#5215,#5216);
#5215 = CARTESIAN_POINT('',(3.625,-2.475,2.05));
#5216 = VECTOR('',#5217,1.);
#5217 = DIRECTION('',(0.,1.,0.));
#5218 = ORIENTED_EDGE('',*,*,#5219,.T.);
#5219 = EDGE_CURVE('',#5212,#5127,#5220,.T.);
#5220 = LINE('',#5221,#5222);
#5221 = CARTESIAN_POINT('',(3.625,-2.475,2.05));
#5222 = VECTOR('',#5223,1.);
#5223 = DIRECTION('',(1.,0.,0.));
#5224 = ORIENTED_EDGE('',*,*,#5134,.T.);
#5225 = ORIENTED_EDGE('',*,*,#3694,.T.);
#5226 = PLANE('',#5227);
#5227 = AXIS2_PLACEMENT_3D('',#5228,#5229,#5230);
#5228 = CARTESIAN_POINT('',(3.625,-2.475,2.05));
#5229 = DIRECTION('',(0.,0.,1.));
#5230 = DIRECTION('',(0.,1.,0.));
#5231 = ADVANCED_FACE('',(#5232),#5251,.T.);
#5232 = FACE_BOUND('',#5233,.T.);
#5233 = EDGE_LOOP('',(#5234,#5242,#5248,#5249,#5250));
#5234 = ORIENTED_EDGE('',*,*,#5235,.T.);
#5235 = EDGE_CURVE('',#3671,#5236,#5238,.T.);
#5236 = VERTEX_POINT('',#5237);
#5237 = CARTESIAN_POINT('',(3.625,-2.475,0.));
#5238 = LINE('',#5239,#5240);
#5239 = CARTESIAN_POINT('',(3.625,-0.255,-1.665334536938E-16));
#5240 = VECTOR('',#5241,1.);
#5241 = DIRECTION('',(0.,-1.,7.501506923143E-17));
#5242 = ORIENTED_EDGE('',*,*,#5243,.T.);
#5243 = EDGE_CURVE('',#5236,#5212,#5244,.T.);
#5244 = LINE('',#5245,#5246);
#5245 = CARTESIAN_POINT('',(3.625,-2.475,0.));
#5246 = VECTOR('',#5247,1.);
#5247 = DIRECTION('',(0.,0.,1.));
#5248 = ORIENTED_EDGE('',*,*,#5211,.T.);
#5249 = ORIENTED_EDGE('',*,*,#3686,.T.);
#5250 = ORIENTED_EDGE('',*,*,#3678,.F.);
#5251 = PLANE('',#5252);
#5252 = AXIS2_PLACEMENT_3D('',#5253,#5254,#5255);
#5253 = CARTESIAN_POINT('',(3.625,-1.254889064976,1.020784469097));
#5254 = DIRECTION('',(-1.,-0.,-0.));
#5255 = DIRECTION('',(0.,0.,-1.));
#5256 = ADVANCED_FACE('',(#5257),#5283,.F.);
#5257 = FACE_BOUND('',#5258,.F.);
#5258 = EDGE_LOOP('',(#5259,#5267,#5275,#5281,#5282));
#5259 = ORIENTED_EDGE('',*,*,#5260,.T.);
#5260 = EDGE_CURVE('',#3656,#5261,#5263,.T.);
#5261 = VERTEX_POINT('',#5262);
#5262 = CARTESIAN_POINT('',(-3.625,-2.475,0.));
#5263 = LINE('',#5264,#5265);
#5264 = CARTESIAN_POINT('',(-3.625,-0.255,-1.665334536938E-16));
#5265 = VECTOR('',#5266,1.);
#5266 = DIRECTION('',(0.,-1.,7.501506923143E-17));
#5267 = ORIENTED_EDGE('',*,*,#5268,.T.);
#5268 = EDGE_CURVE('',#5261,#5269,#5271,.T.);
#5269 = VERTEX_POINT('',#5270);
#5270 = CARTESIAN_POINT('',(-3.625,-2.475,2.05));
#5271 = LINE('',#5272,#5273);
#5272 = CARTESIAN_POINT('',(-3.625,-2.475,0.));
#5273 = VECTOR('',#5274,1.);
#5274 = DIRECTION('',(0.,0.,1.));
#5275 = ORIENTED_EDGE('',*,*,#5276,.T.);
#5276 = EDGE_CURVE('',#5269,#3640,#5277,.T.);
#5277 = LINE('',#5278,#5279);
#5278 = CARTESIAN_POINT('',(-3.625,-2.475,2.05));
#5279 = VECTOR('',#5280,1.);
#5280 = DIRECTION('',(0.,1.,0.));
#5281 = ORIENTED_EDGE('',*,*,#3647,.T.);
#5282 = ORIENTED_EDGE('',*,*,#3655,.F.);
#5283 = PLANE('',#5284);
#5284 = AXIS2_PLACEMENT_3D('',#5285,#5286,#5287);
#5285 = CARTESIAN_POINT('',(-3.625,-1.254889064976,1.020784469097));
#5286 = DIRECTION('',(-1.,-0.,-0.));
#5287 = DIRECTION('',(0.,0.,-1.));
#5288 = ADVANCED_FACE('',(#5289),#5300,.T.);
#5289 = FACE_BOUND('',#5290,.T.);
#5290 = EDGE_LOOP('',(#5291,#5292,#5298,#5299));
#5291 = ORIENTED_EDGE('',*,*,#4978,.F.);
#5292 = ORIENTED_EDGE('',*,*,#5293,.T.);
#5293 = EDGE_CURVE('',#4971,#5269,#5294,.T.);
#5294 = LINE('',#5295,#5296);
#5295 = CARTESIAN_POINT('',(-3.825,-2.475,2.05));
#5296 = VECTOR('',#5297,1.);
#5297 = DIRECTION('',(1.,0.,0.));
#5298 = ORIENTED_EDGE('',*,*,#5276,.T.);
#5299 = ORIENTED_EDGE('',*,*,#3639,.T.);
#5300 = PLANE('',#5301);
#5301 = AXIS2_PLACEMENT_3D('',#5302,#5303,#5304);
#5302 = CARTESIAN_POINT('',(-3.825,-2.475,2.05));
#5303 = DIRECTION('',(0.,0.,1.));
#5304 = DIRECTION('',(0.,1.,0.));
#5305 = ADVANCED_FACE('',(#5306),#5322,.T.);
#5306 = FACE_BOUND('',#5307,.T.);
#5307 = EDGE_LOOP('',(#5308,#5314,#5315,#5321));
#5308 = ORIENTED_EDGE('',*,*,#5309,.F.);
#5309 = EDGE_CURVE('',#4358,#3735,#5310,.T.);
#5310 = LINE('',#5311,#5312);
#5311 = CARTESIAN_POINT('',(-2.225,1.58,2.44));
#5312 = VECTOR('',#5313,1.);
#5313 = DIRECTION('',(0.,-1.,2.22044604925E-16));
#5314 = ORIENTED_EDGE('',*,*,#4357,.T.);
#5315 = ORIENTED_EDGE('',*,*,#5316,.T.);
#5316 = EDGE_CURVE('',#4360,#3737,#5317,.T.);
#5317 = LINE('',#5318,#5319);
#5318 = CARTESIAN_POINT('',(-2.225,1.58,3.84));
#5319 = VECTOR('',#5320,1.);
#5320 = DIRECTION('',(0.,-1.,2.22044604925E-16));
#5321 = ORIENTED_EDGE('',*,*,#3734,.F.);
#5322 = PLANE('',#5323);
#5323 = AXIS2_PLACEMENT_3D('',#5324,#5325,#5326);
#5324 = CARTESIAN_POINT('',(-2.225,1.58,2.44));
#5325 = DIRECTION('',(1.,0.,0.));
#5326 = DIRECTION('',(0.,-1.,2.22044604925E-16));
#5327 = ADVANCED_FACE('',(#5328),#5339,.F.);
#5328 = FACE_BOUND('',#5329,.F.);
#5329 = EDGE_LOOP('',(#5330,#5331,#5332,#5333));
#5330 = ORIENTED_EDGE('',*,*,#4367,.F.);
#5331 = ORIENTED_EDGE('',*,*,#5316,.T.);
#5332 = ORIENTED_EDGE('',*,*,#3744,.T.);
#5333 = ORIENTED_EDGE('',*,*,#5334,.F.);
#5334 = EDGE_CURVE('',#4368,#3745,#5335,.T.);
#5335 = LINE('',#5336,#5337);
#5336 = CARTESIAN_POINT('',(2.225,1.58,3.84));
#5337 = VECTOR('',#5338,1.);
#5338 = DIRECTION('',(0.,-1.,2.22044604925E-16));
#5339 = PLANE('',#5340);
#5340 = AXIS2_PLACEMENT_3D('',#5341,#5342,#5343);
#5341 = CARTESIAN_POINT('',(-2.225,1.58,3.84));
#5342 = DIRECTION('',(0.,2.22044604925E-16,1.));
#5343 = DIRECTION('',(0.,-1.,2.22044604925E-16));
#5344 = ADVANCED_FACE('',(#5345,#5356),#5390,.T.);
#5345 = FACE_BOUND('',#5346,.T.);
#5346 = EDGE_LOOP('',(#5347,#5348,#5349,#5350));
#5347 = ORIENTED_EDGE('',*,*,#4383,.F.);
#5348 = ORIENTED_EDGE('',*,*,#5309,.T.);
#5349 = ORIENTED_EDGE('',*,*,#3760,.T.);
#5350 = ORIENTED_EDGE('',*,*,#5351,.F.);
#5351 = EDGE_CURVE('',#4376,#3753,#5352,.T.);
#5352 = LINE('',#5353,#5354);
#5353 = CARTESIAN_POINT('',(2.225,1.58,2.44));
#5354 = VECTOR('',#5355,1.);
#5355 = DIRECTION('',(0.,-1.,2.22044604925E-16));
#5356 = FACE_BOUND('',#5357,.T.);
#5357 = EDGE_LOOP('',(#5358,#5368,#5376,#5384));
#5358 = ORIENTED_EDGE('',*,*,#5359,.T.);
#5359 = EDGE_CURVE('',#5360,#5362,#5364,.T.);
#5360 = VERTEX_POINT('',#5361);
#5361 = CARTESIAN_POINT('',(-1.225,-1.67,2.44));
#5362 = VERTEX_POINT('',#5363);
#5363 = CARTESIAN_POINT('',(-1.225,-0.67,2.44));
#5364 = LINE('',#5365,#5366);
#5365 = CARTESIAN_POINT('',(-1.225,-1.67,2.44));
#5366 = VECTOR('',#5367,1.);
#5367 = DIRECTION('',(0.,1.,-1.665334536938E-16));
#5368 = ORIENTED_EDGE('',*,*,#5369,.T.);
#5369 = EDGE_CURVE('',#5362,#5370,#5372,.T.);
#5370 = VERTEX_POINT('',#5371);
#5371 = CARTESIAN_POINT('',(1.225,-0.67,2.44));
#5372 = LINE('',#5373,#5374);
#5373 = CARTESIAN_POINT('',(-1.225,-0.67,2.44));
#5374 = VECTOR('',#5375,1.);
#5375 = DIRECTION('',(1.,0.,0.));
#5376 = ORIENTED_EDGE('',*,*,#5377,.F.);
#5377 = EDGE_CURVE('',#5378,#5370,#5380,.T.);
#5378 = VERTEX_POINT('',#5379);
#5379 = CARTESIAN_POINT('',(1.225,-1.67,2.44));
#5380 = LINE('',#5381,#5382);
#5381 = CARTESIAN_POINT('',(1.225,-1.67,2.44));
#5382 = VECTOR('',#5383,1.);
#5383 = DIRECTION('',(0.,1.,-1.665334536938E-16));
#5384 = ORIENTED_EDGE('',*,*,#5385,.F.);
#5385 = EDGE_CURVE('',#5360,#5378,#5386,.T.);
#5386 = LINE('',#5387,#5388);
#5387 = CARTESIAN_POINT('',(-1.225,-1.67,2.44));
#5388 = VECTOR('',#5389,1.);
#5389 = DIRECTION('',(1.,0.,0.));
#5390 = PLANE('',#5391);
#5391 = AXIS2_PLACEMENT_3D('',#5392,#5393,#5394);
#5392 = CARTESIAN_POINT('',(-2.225,1.58,2.44));
#5393 = DIRECTION('',(0.,2.22044604925E-16,1.));
#5394 = DIRECTION('',(0.,-1.,2.22044604925E-16));
#5395 = ADVANCED_FACE('',(#5396),#5402,.F.);
#5396 = FACE_BOUND('',#5397,.F.);
#5397 = EDGE_LOOP('',(#5398,#5399,#5400,#5401));
#5398 = ORIENTED_EDGE('',*,*,#5351,.F.);
#5399 = ORIENTED_EDGE('',*,*,#4375,.T.);
#5400 = ORIENTED_EDGE('',*,*,#5334,.T.);
#5401 = ORIENTED_EDGE('',*,*,#3752,.F.);
#5402 = PLANE('',#5403);
#5403 = AXIS2_PLACEMENT_3D('',#5404,#5405,#5406);
#5404 = CARTESIAN_POINT('',(2.225,1.58,2.44));
#5405 = DIRECTION('',(1.,0.,0.));
#5406 = DIRECTION('',(0.,-1.,2.22044604925E-16));
#5407 = ADVANCED_FACE('',(#5408),#5433,.F.);
#5408 = FACE_BOUND('',#5409,.F.);
#5409 = EDGE_LOOP('',(#5410,#5418,#5426,#5432));
#5410 = ORIENTED_EDGE('',*,*,#5411,.T.);
#5411 = EDGE_CURVE('',#3769,#5412,#5414,.T.);
#5412 = VERTEX_POINT('',#5413);
#5413 = CARTESIAN_POINT('',(3.125,0.13,0.595));
#5414 = LINE('',#5415,#5416);
#5415 = CARTESIAN_POINT('',(3.125,-2.47,0.595));
#5416 = VECTOR('',#5417,1.);
#5417 = DIRECTION('',(-0.,1.,-2.22044604925E-16));
#5418 = ORIENTED_EDGE('',*,*,#5419,.T.);
#5419 = EDGE_CURVE('',#5412,#5420,#5422,.T.);
#5420 = VERTEX_POINT('',#5421);
#5421 = CARTESIAN_POINT('',(3.125,0.13,2.645));
#5422 = LINE('',#5423,#5424);
#5423 = CARTESIAN_POINT('',(3.125,0.13,0.595));
#5424 = VECTOR('',#5425,1.);
#5425 = DIRECTION('',(0.,2.22044604925E-16,1.));
#5426 = ORIENTED_EDGE('',*,*,#5427,.F.);
#5427 = EDGE_CURVE('',#3771,#5420,#5428,.T.);
#5428 = LINE('',#5429,#5430);
#5429 = CARTESIAN_POINT('',(3.125,-2.47,2.645));
#5430 = VECTOR('',#5431,1.);
#5431 = DIRECTION('',(-0.,1.,-2.22044604925E-16));
#5432 = ORIENTED_EDGE('',*,*,#3768,.F.);
#5433 = PLANE('',#5434);
#5434 = AXIS2_PLACEMENT_3D('',#5435,#5436,#5437);
#5435 = CARTESIAN_POINT('',(3.125,-2.47,0.595));
#5436 = DIRECTION('',(1.,0.,0.));
#5437 = DIRECTION('',(-0.,2.22044604925E-16,1.));
#5438 = ADVANCED_FACE('',(#5439),#5457,.F.);
#5439 = FACE_BOUND('',#5440,.F.);
#5440 = EDGE_LOOP('',(#5441,#5449,#5455,#5456));
#5441 = ORIENTED_EDGE('',*,*,#5442,.T.);
#5442 = EDGE_CURVE('',#3779,#5443,#5445,.T.);
#5443 = VERTEX_POINT('',#5444);
#5444 = CARTESIAN_POINT('',(-3.125,0.13,0.595));
#5445 = LINE('',#5446,#5447);
#5446 = CARTESIAN_POINT('',(-3.125,-2.47,0.595));
#5447 = VECTOR('',#5448,1.);
#5448 = DIRECTION('',(-0.,1.,-2.22044604925E-16));
#5449 = ORIENTED_EDGE('',*,*,#5450,.T.);
#5450 = EDGE_CURVE('',#5443,#5412,#5451,.T.);
#5451 = LINE('',#5452,#5453);
#5452 = CARTESIAN_POINT('',(-3.125,0.13,0.595));
#5453 = VECTOR('',#5454,1.);
#5454 = DIRECTION('',(1.,0.,0.));
#5455 = ORIENTED_EDGE('',*,*,#5411,.F.);
#5456 = ORIENTED_EDGE('',*,*,#3778,.F.);
#5457 = PLANE('',#5458);
#5458 = AXIS2_PLACEMENT_3D('',#5459,#5460,#5461);
#5459 = CARTESIAN_POINT('',(-3.125,-2.47,0.595));
#5460 = DIRECTION('',(0.,-2.22044604925E-16,-1.));
#5461 = DIRECTION('',(1.,0.,0.));
#5462 = ADVANCED_FACE('',(#5463),#5481,.F.);
#5463 = FACE_BOUND('',#5464,.F.);
#5464 = EDGE_LOOP('',(#5465,#5466,#5474,#5480));
#5465 = ORIENTED_EDGE('',*,*,#5427,.T.);
#5466 = ORIENTED_EDGE('',*,*,#5467,.T.);
#5467 = EDGE_CURVE('',#5420,#5468,#5470,.T.);
#5468 = VERTEX_POINT('',#5469);
#5469 = CARTESIAN_POINT('',(2.625,0.13,2.645));
#5470 = LINE('',#5471,#5472);
#5471 = CARTESIAN_POINT('',(3.125,0.13,2.645));
#5472 = VECTOR('',#5473,1.);
#5473 = DIRECTION('',(-1.,0.,0.));
#5474 = ORIENTED_EDGE('',*,*,#5475,.F.);
#5475 = EDGE_CURVE('',#4075,#5468,#5476,.T.);
#5476 = LINE('',#5477,#5478);
#5477 = CARTESIAN_POINT('',(2.625,-2.47,2.645));
#5478 = VECTOR('',#5479,1.);
#5479 = DIRECTION('',(-0.,1.,-2.22044604925E-16));
#5480 = ORIENTED_EDGE('',*,*,#4082,.F.);
#5481 = PLANE('',#5482);
#5482 = AXIS2_PLACEMENT_3D('',#5483,#5484,#5485);
#5483 = CARTESIAN_POINT('',(3.125,-2.47,2.645));
#5484 = DIRECTION('',(0.,2.22044604925E-16,1.));
#5485 = DIRECTION('',(-1.,0.,0.));
#5486 = ADVANCED_FACE('',(#5487),#5505,.F.);
#5487 = FACE_BOUND('',#5488,.F.);
#5488 = EDGE_LOOP('',(#5489,#5497,#5503,#5504));
#5489 = ORIENTED_EDGE('',*,*,#5490,.T.);
#5490 = EDGE_CURVE('',#3787,#5491,#5493,.T.);
#5491 = VERTEX_POINT('',#5492);
#5492 = CARTESIAN_POINT('',(-3.125,0.13,2.645));
#5493 = LINE('',#5494,#5495);
#5494 = CARTESIAN_POINT('',(-3.125,-2.47,2.645));
#5495 = VECTOR('',#5496,1.);
#5496 = DIRECTION('',(-0.,1.,-2.22044604925E-16));
#5497 = ORIENTED_EDGE('',*,*,#5498,.T.);
#5498 = EDGE_CURVE('',#5491,#5443,#5499,.T.);
#5499 = LINE('',#5500,#5501);
#5500 = CARTESIAN_POINT('',(-3.125,0.13,2.645));
#5501 = VECTOR('',#5502,1.);
#5502 = DIRECTION('',(0.,-2.22044604925E-16,-1.));
#5503 = ORIENTED_EDGE('',*,*,#5442,.F.);
#5504 = ORIENTED_EDGE('',*,*,#3786,.F.);
#5505 = PLANE('',#5506);
#5506 = AXIS2_PLACEMENT_3D('',#5507,#5508,#5509);
#5507 = CARTESIAN_POINT('',(-3.125,-2.47,2.645));
#5508 = DIRECTION('',(-1.,0.,0.));
#5509 = DIRECTION('',(-0.,-2.22044604925E-16,-1.));
#5510 = ADVANCED_FACE('',(#5511),#5529,.F.);
#5511 = FACE_BOUND('',#5512,.F.);
#5512 = EDGE_LOOP('',(#5513,#5514,#5522,#5528));
#5513 = ORIENTED_EDGE('',*,*,#5475,.T.);
#5514 = ORIENTED_EDGE('',*,*,#5515,.T.);
#5515 = EDGE_CURVE('',#5468,#5516,#5518,.T.);
#5516 = VERTEX_POINT('',#5517);
#5517 = CARTESIAN_POINT('',(2.625,0.13,2.145));
#5518 = LINE('',#5519,#5520);
#5519 = CARTESIAN_POINT('',(2.625,0.13,2.645));
#5520 = VECTOR('',#5521,1.);
#5521 = DIRECTION('',(0.,-2.22044604925E-16,-1.));
#5522 = ORIENTED_EDGE('',*,*,#5523,.F.);
#5523 = EDGE_CURVE('',#4067,#5516,#5524,.T.);
#5524 = LINE('',#5525,#5526);
#5525 = CARTESIAN_POINT('',(2.625,-2.47,2.145));
#5526 = VECTOR('',#5527,1.);
#5527 = DIRECTION('',(-0.,1.,-2.22044604925E-16));
#5528 = ORIENTED_EDGE('',*,*,#4074,.F.);
#5529 = PLANE('',#5530);
#5530 = AXIS2_PLACEMENT_3D('',#5531,#5532,#5533);
#5531 = CARTESIAN_POINT('',(2.625,-2.47,2.645));
#5532 = DIRECTION('',(-1.,0.,0.));
#5533 = DIRECTION('',(-0.,-2.22044604925E-16,-1.));
#5534 = ADVANCED_FACE('',(#5535),#5553,.F.);
#5535 = FACE_BOUND('',#5536,.F.);
#5536 = EDGE_LOOP('',(#5537,#5545,#5551,#5552));
#5537 = ORIENTED_EDGE('',*,*,#5538,.T.);
#5538 = EDGE_CURVE('',#3795,#5539,#5541,.T.);
#5539 = VERTEX_POINT('',#5540);
#5540 = CARTESIAN_POINT('',(-2.625,0.13,2.645));
#5541 = LINE('',#5542,#5543);
#5542 = CARTESIAN_POINT('',(-2.625,-2.47,2.645));
#5543 = VECTOR('',#5544,1.);
#5544 = DIRECTION('',(-0.,1.,-2.22044604925E-16));
#5545 = ORIENTED_EDGE('',*,*,#5546,.T.);
#5546 = EDGE_CURVE('',#5539,#5491,#5547,.T.);
#5547 = LINE('',#5548,#5549);
#5548 = CARTESIAN_POINT('',(-2.625,0.13,2.645));
#5549 = VECTOR('',#5550,1.);
#5550 = DIRECTION('',(-1.,0.,0.));
#5551 = ORIENTED_EDGE('',*,*,#5490,.F.);
#5552 = ORIENTED_EDGE('',*,*,#3794,.F.);
#5553 = PLANE('',#5554);
#5554 = AXIS2_PLACEMENT_3D('',#5555,#5556,#5557);
#5555 = CARTESIAN_POINT('',(-2.625,-2.47,2.645));
#5556 = DIRECTION('',(0.,2.22044604925E-16,1.));
#5557 = DIRECTION('',(-1.,0.,0.));
#5558 = ADVANCED_FACE('',(#5559),#5577,.F.);
#5559 = FACE_BOUND('',#5560,.F.);
#5560 = EDGE_LOOP('',(#5561,#5562,#5570,#5576));
#5561 = ORIENTED_EDGE('',*,*,#5523,.T.);
#5562 = ORIENTED_EDGE('',*,*,#5563,.T.);
#5563 = EDGE_CURVE('',#5516,#5564,#5566,.T.);
#5564 = VERTEX_POINT('',#5565);
#5565 = CARTESIAN_POINT('',(2.125,0.13,2.145));
#5566 = LINE('',#5567,#5568);
#5567 = CARTESIAN_POINT('',(2.625,0.13,2.145));
#5568 = VECTOR('',#5569,1.);
#5569 = DIRECTION('',(-1.,0.,0.));
#5570 = ORIENTED_EDGE('',*,*,#5571,.F.);
#5571 = EDGE_CURVE('',#4059,#5564,#5572,.T.);
#5572 = LINE('',#5573,#5574);
#5573 = CARTESIAN_POINT('',(2.125,-2.47,2.145));
#5574 = VECTOR('',#5575,1.);
#5575 = DIRECTION('',(-0.,1.,-2.22044604925E-16));
#5576 = ORIENTED_EDGE('',*,*,#4066,.F.);
#5577 = PLANE('',#5578);
#5578 = AXIS2_PLACEMENT_3D('',#5579,#5580,#5581);
#5579 = CARTESIAN_POINT('',(2.625,-2.47,2.145));
#5580 = DIRECTION('',(0.,2.22044604925E-16,1.));
#5581 = DIRECTION('',(-1.,0.,0.));
#5582 = ADVANCED_FACE('',(#5583),#5601,.F.);
#5583 = FACE_BOUND('',#5584,.F.);
#5584 = EDGE_LOOP('',(#5585,#5593,#5599,#5600));
#5585 = ORIENTED_EDGE('',*,*,#5586,.T.);
#5586 = EDGE_CURVE('',#3803,#5587,#5589,.T.);
#5587 = VERTEX_POINT('',#5588);
#5588 = CARTESIAN_POINT('',(-2.625,0.13,2.145));
#5589 = LINE('',#5590,#5591);
#5590 = CARTESIAN_POINT('',(-2.625,-2.47,2.145));
#5591 = VECTOR('',#5592,1.);
#5592 = DIRECTION('',(-0.,1.,-2.22044604925E-16));
#5593 = ORIENTED_EDGE('',*,*,#5594,.T.);
#5594 = EDGE_CURVE('',#5587,#5539,#5595,.T.);
#5595 = LINE('',#5596,#5597);
#5596 = CARTESIAN_POINT('',(-2.625,0.13,2.145));
#5597 = VECTOR('',#5598,1.);
#5598 = DIRECTION('',(0.,2.22044604925E-16,1.));
#5599 = ORIENTED_EDGE('',*,*,#5538,.F.);
#5600 = ORIENTED_EDGE('',*,*,#3802,.F.);
#5601 = PLANE('',#5602);
#5602 = AXIS2_PLACEMENT_3D('',#5603,#5604,#5605);
#5603 = CARTESIAN_POINT('',(-2.625,-2.47,2.145));
#5604 = DIRECTION('',(1.,0.,0.));
#5605 = DIRECTION('',(-0.,2.22044604925E-16,1.));
#5606 = ADVANCED_FACE('',(#5607),#5625,.F.);
#5607 = FACE_BOUND('',#5608,.F.);
#5608 = EDGE_LOOP('',(#5609,#5610,#5618,#5624));
#5609 = ORIENTED_EDGE('',*,*,#5571,.T.);
#5610 = ORIENTED_EDGE('',*,*,#5611,.T.);
#5611 = EDGE_CURVE('',#5564,#5612,#5614,.T.);
#5612 = VERTEX_POINT('',#5613);
#5613 = CARTESIAN_POINT('',(2.125,0.13,1.945));
#5614 = LINE('',#5615,#5616);
#5615 = CARTESIAN_POINT('',(2.125,0.13,2.145));
#5616 = VECTOR('',#5617,1.);
#5617 = DIRECTION('',(0.,-2.22044604925E-16,-1.));
#5618 = ORIENTED_EDGE('',*,*,#5619,.F.);
#5619 = EDGE_CURVE('',#4051,#5612,#5620,.T.);
#5620 = LINE('',#5621,#5622);
#5621 = CARTESIAN_POINT('',(2.125,-2.47,1.945));
#5622 = VECTOR('',#5623,1.);
#5623 = DIRECTION('',(-0.,1.,-2.22044604925E-16));
#5624 = ORIENTED_EDGE('',*,*,#4058,.F.);
#5625 = PLANE('',#5626);
#5626 = AXIS2_PLACEMENT_3D('',#5627,#5628,#5629);
#5627 = CARTESIAN_POINT('',(2.125,-2.47,2.145));
#5628 = DIRECTION('',(-1.,0.,0.));
#5629 = DIRECTION('',(-0.,-2.22044604925E-16,-1.));
#5630 = ADVANCED_FACE('',(#5631),#5649,.F.);
#5631 = FACE_BOUND('',#5632,.F.);
#5632 = EDGE_LOOP('',(#5633,#5641,#5647,#5648));
#5633 = ORIENTED_EDGE('',*,*,#5634,.T.);
#5634 = EDGE_CURVE('',#3811,#5635,#5637,.T.);
#5635 = VERTEX_POINT('',#5636);
#5636 = CARTESIAN_POINT('',(-2.125,0.13,2.145));
#5637 = LINE('',#5638,#5639);
#5638 = CARTESIAN_POINT('',(-2.125,-2.47,2.145));
#5639 = VECTOR('',#5640,1.);
#5640 = DIRECTION('',(-0.,1.,-2.22044604925E-16));
#5641 = ORIENTED_EDGE('',*,*,#5642,.T.);
#5642 = EDGE_CURVE('',#5635,#5587,#5643,.T.);
#5643 = LINE('',#5644,#5645);
#5644 = CARTESIAN_POINT('',(-2.125,0.13,2.145));
#5645 = VECTOR('',#5646,1.);
#5646 = DIRECTION('',(-1.,0.,0.));
#5647 = ORIENTED_EDGE('',*,*,#5586,.F.);
#5648 = ORIENTED_EDGE('',*,*,#3810,.F.);
#5649 = PLANE('',#5650);
#5650 = AXIS2_PLACEMENT_3D('',#5651,#5652,#5653);
#5651 = CARTESIAN_POINT('',(-2.125,-2.47,2.145));
#5652 = DIRECTION('',(0.,2.22044604925E-16,1.));
#5653 = DIRECTION('',(-1.,0.,0.));
#5654 = ADVANCED_FACE('',(#5655),#5681,.F.);
#5655 = FACE_BOUND('',#5656,.F.);
#5656 = EDGE_LOOP('',(#5657,#5658,#5666,#5674,#5680));
#5657 = ORIENTED_EDGE('',*,*,#5619,.T.);
#5658 = ORIENTED_EDGE('',*,*,#5659,.T.);
#5659 = EDGE_CURVE('',#5612,#5660,#5662,.T.);
#5660 = VERTEX_POINT('',#5661);
#5661 = CARTESIAN_POINT('',(1.975,0.13,1.945));
#5662 = LINE('',#5663,#5664);
#5663 = CARTESIAN_POINT('',(2.125,0.13,1.945));
#5664 = VECTOR('',#5665,1.);
#5665 = DIRECTION('',(-1.,0.,0.));
#5666 = ORIENTED_EDGE('',*,*,#5667,.F.);
#5667 = EDGE_CURVE('',#5668,#5660,#5670,.T.);
#5668 = VERTEX_POINT('',#5669);
#5669 = CARTESIAN_POINT('',(1.975,-2.12,1.945));
#5670 = LINE('',#5671,#5672);
#5671 = CARTESIAN_POINT('',(1.975,-2.47,1.945));
#5672 = VECTOR('',#5673,1.);
#5673 = DIRECTION('',(-0.,1.,-2.22044604925E-16));
#5674 = ORIENTED_EDGE('',*,*,#5675,.F.);
#5675 = EDGE_CURVE('',#4043,#5668,#5676,.T.);
#5676 = LINE('',#5677,#5678);
#5677 = CARTESIAN_POINT('',(1.975,-2.47,1.945));
#5678 = VECTOR('',#5679,1.);
#5679 = DIRECTION('',(-0.,1.,-2.22044604925E-16));
#5680 = ORIENTED_EDGE('',*,*,#4050,.F.);
#5681 = PLANE('',#5682);
#5682 = AXIS2_PLACEMENT_3D('',#5683,#5684,#5685);
#5683 = CARTESIAN_POINT('',(2.125,-2.47,1.945));
#5684 = DIRECTION('',(0.,2.22044604925E-16,1.));
#5685 = DIRECTION('',(-1.,0.,0.));
#5686 = ADVANCED_FACE('',(#5687),#5705,.F.);
#5687 = FACE_BOUND('',#5688,.F.);
#5688 = EDGE_LOOP('',(#5689,#5697,#5703,#5704));
#5689 = ORIENTED_EDGE('',*,*,#5690,.T.);
#5690 = EDGE_CURVE('',#3819,#5691,#5693,.T.);
#5691 = VERTEX_POINT('',#5692);
#5692 = CARTESIAN_POINT('',(-2.125,0.13,1.945));
#5693 = LINE('',#5694,#5695);
#5694 = CARTESIAN_POINT('',(-2.125,-2.47,1.945));
#5695 = VECTOR('',#5696,1.);
#5696 = DIRECTION('',(-0.,1.,-2.22044604925E-16));
#5697 = ORIENTED_EDGE('',*,*,#5698,.T.);
#5698 = EDGE_CURVE('',#5691,#5635,#5699,.T.);
#5699 = LINE('',#5700,#5701);
#5700 = CARTESIAN_POINT('',(-2.125,0.13,1.945));
#5701 = VECTOR('',#5702,1.);
#5702 = DIRECTION('',(0.,2.22044604925E-16,1.));
#5703 = ORIENTED_EDGE('',*,*,#5634,.F.);
#5704 = ORIENTED_EDGE('',*,*,#3818,.F.);
#5705 = PLANE('',#5706);
#5706 = AXIS2_PLACEMENT_3D('',#5707,#5708,#5709);
#5707 = CARTESIAN_POINT('',(-2.125,-2.47,1.945));
#5708 = DIRECTION('',(1.,0.,0.));
#5709 = DIRECTION('',(-0.,2.22044604925E-16,1.));
#5710 = ADVANCED_FACE('',(#5711),#5745,.F.);
#5711 = FACE_BOUND('',#5712,.F.);
#5712 = EDGE_LOOP('',(#5713,#5714,#5715,#5723,#5731,#5739));
#5713 = ORIENTED_EDGE('',*,*,#4042,.F.);
#5714 = ORIENTED_EDGE('',*,*,#5675,.T.);
#5715 = ORIENTED_EDGE('',*,*,#5716,.F.);
#5716 = EDGE_CURVE('',#5717,#5668,#5719,.T.);
#5717 = VERTEX_POINT('',#5718);
#5718 = CARTESIAN_POINT('',(1.975,-2.2446,2.0696));
#5719 = LINE('',#5720,#5721);
#5720 = CARTESIAN_POINT('',(1.975,-2.2446,2.0696));
#5721 = VECTOR('',#5722,1.);
#5722 = DIRECTION('',(0.,0.707106781187,-0.707106781187));
#5723 = ORIENTED_EDGE('',*,*,#5724,.F.);
#5724 = EDGE_CURVE('',#5725,#5717,#5727,.T.);
#5725 = VERTEX_POINT('',#5726);
#5726 = CARTESIAN_POINT('',(1.975,0.13,2.0696));
#5727 = LINE('',#5728,#5729);
#5728 = CARTESIAN_POINT('',(1.975,1.1054,2.0696));
#5729 = VECTOR('',#5730,1.);
#5730 = DIRECTION('',(0.,-1.,0.));
#5731 = ORIENTED_EDGE('',*,*,#5732,.T.);
#5732 = EDGE_CURVE('',#5725,#5733,#5735,.T.);
#5733 = VERTEX_POINT('',#5734);
#5734 = CARTESIAN_POINT('',(1.975,0.13,2.145));
#5735 = LINE('',#5736,#5737);
#5736 = CARTESIAN_POINT('',(1.975,0.13,1.945));
#5737 = VECTOR('',#5738,1.);
#5738 = DIRECTION('',(0.,2.22044604925E-16,1.));
#5739 = ORIENTED_EDGE('',*,*,#5740,.F.);
#5740 = EDGE_CURVE('',#4035,#5733,#5741,.T.);
#5741 = LINE('',#5742,#5743);
#5742 = CARTESIAN_POINT('',(1.975,-2.47,2.145));
#5743 = VECTOR('',#5744,1.);
#5744 = DIRECTION('',(-0.,1.,-2.22044604925E-16));
#5745 = PLANE('',#5746);
#5746 = AXIS2_PLACEMENT_3D('',#5747,#5748,#5749);
#5747 = CARTESIAN_POINT('',(1.975,-2.47,1.945));
#5748 = DIRECTION('',(1.,0.,0.));
#5749 = DIRECTION('',(-0.,2.22044604925E-16,1.));
#5750 = ADVANCED_FACE('',(#5751),#5777,.F.);
#5751 = FACE_BOUND('',#5752,.F.);
#5752 = EDGE_LOOP('',(#5753,#5761,#5769,#5775,#5776));
#5753 = ORIENTED_EDGE('',*,*,#5754,.T.);
#5754 = EDGE_CURVE('',#3827,#5755,#5757,.T.);
#5755 = VERTEX_POINT('',#5756);
#5756 = CARTESIAN_POINT('',(-1.975,-2.12,1.945));
#5757 = LINE('',#5758,#5759);
#5758 = CARTESIAN_POINT('',(-1.975,-2.47,1.945));
#5759 = VECTOR('',#5760,1.);
#5760 = DIRECTION('',(-0.,1.,-2.22044604925E-16));
#5761 = ORIENTED_EDGE('',*,*,#5762,.T.);
#5762 = EDGE_CURVE('',#5755,#5763,#5765,.T.);
#5763 = VERTEX_POINT('',#5764);
#5764 = CARTESIAN_POINT('',(-1.975,0.13,1.945));
#5765 = LINE('',#5766,#5767);
#5766 = CARTESIAN_POINT('',(-1.975,-2.47,1.945));
#5767 = VECTOR('',#5768,1.);
#5768 = DIRECTION('',(-0.,1.,-2.22044604925E-16));
#5769 = ORIENTED_EDGE('',*,*,#5770,.T.);
#5770 = EDGE_CURVE('',#5763,#5691,#5771,.T.);
#5771 = LINE('',#5772,#5773);
#5772 = CARTESIAN_POINT('',(-1.975,0.13,1.945));
#5773 = VECTOR('',#5774,1.);
#5774 = DIRECTION('',(-1.,0.,0.));
#5775 = ORIENTED_EDGE('',*,*,#5690,.F.);
#5776 = ORIENTED_EDGE('',*,*,#3826,.F.);
#5777 = PLANE('',#5778);
#5778 = AXIS2_PLACEMENT_3D('',#5779,#5780,#5781);
#5779 = CARTESIAN_POINT('',(-1.975,-2.47,1.945));
#5780 = DIRECTION('',(0.,2.22044604925E-16,1.));
#5781 = DIRECTION('',(-1.,0.,0.));
#5782 = ADVANCED_FACE('',(#5783),#5801,.F.);
#5783 = FACE_BOUND('',#5784,.F.);
#5784 = EDGE_LOOP('',(#5785,#5786,#5794,#5800));
#5785 = ORIENTED_EDGE('',*,*,#5740,.T.);
#5786 = ORIENTED_EDGE('',*,*,#5787,.T.);
#5787 = EDGE_CURVE('',#5733,#5788,#5790,.T.);
#5788 = VERTEX_POINT('',#5789);
#5789 = CARTESIAN_POINT('',(1.775,0.13,2.145));
#5790 = LINE('',#5791,#5792);
#5791 = CARTESIAN_POINT('',(1.975,0.13,2.145));
#5792 = VECTOR('',#5793,1.);
#5793 = DIRECTION('',(-1.,0.,0.));
#5794 = ORIENTED_EDGE('',*,*,#5795,.F.);
#5795 = EDGE_CURVE('',#4027,#5788,#5796,.T.);
#5796 = LINE('',#5797,#5798);
#5797 = CARTESIAN_POINT('',(1.775,-2.47,2.145));
#5798 = VECTOR('',#5799,1.);
#5799 = DIRECTION('',(-0.,1.,-2.22044604925E-16));
#5800 = ORIENTED_EDGE('',*,*,#4034,.F.);
#5801 = PLANE('',#5802);
#5802 = AXIS2_PLACEMENT_3D('',#5803,#5804,#5805);
#5803 = CARTESIAN_POINT('',(1.975,-2.47,2.145));
#5804 = DIRECTION('',(0.,2.22044604925E-16,1.));
#5805 = DIRECTION('',(-1.,0.,0.));
#5806 = ADVANCED_FACE('',(#5807),#5841,.F.);
#5807 = FACE_BOUND('',#5808,.F.);
#5808 = EDGE_LOOP('',(#5809,#5810,#5818,#5826,#5834,#5840));
#5809 = ORIENTED_EDGE('',*,*,#3834,.F.);
#5810 = ORIENTED_EDGE('',*,*,#5811,.T.);
#5811 = EDGE_CURVE('',#3835,#5812,#5814,.T.);
#5812 = VERTEX_POINT('',#5813);
#5813 = CARTESIAN_POINT('',(-1.975,0.13,2.145));
#5814 = LINE('',#5815,#5816);
#5815 = CARTESIAN_POINT('',(-1.975,-2.47,2.145));
#5816 = VECTOR('',#5817,1.);
#5817 = DIRECTION('',(-0.,1.,-2.22044604925E-16));
#5818 = ORIENTED_EDGE('',*,*,#5819,.T.);
#5819 = EDGE_CURVE('',#5812,#5820,#5822,.T.);
#5820 = VERTEX_POINT('',#5821);
#5821 = CARTESIAN_POINT('',(-1.975,0.13,2.0696));
#5822 = LINE('',#5823,#5824);
#5823 = CARTESIAN_POINT('',(-1.975,0.13,2.145));
#5824 = VECTOR('',#5825,1.);
#5825 = DIRECTION('',(0.,-2.22044604925E-16,-1.));
#5826 = ORIENTED_EDGE('',*,*,#5827,.T.);
#5827 = EDGE_CURVE('',#5820,#5828,#5830,.T.);
#5828 = VERTEX_POINT('',#5829);
#5829 = CARTESIAN_POINT('',(-1.975,-2.2446,2.0696));
#5830 = LINE('',#5831,#5832);
#5831 = CARTESIAN_POINT('',(-1.975,1.1054,2.0696));
#5832 = VECTOR('',#5833,1.);
#5833 = DIRECTION('',(0.,-1.,0.));
#5834 = ORIENTED_EDGE('',*,*,#5835,.T.);
#5835 = EDGE_CURVE('',#5828,#5755,#5836,.T.);
#5836 = LINE('',#5837,#5838);
#5837 = CARTESIAN_POINT('',(-1.975,-2.2446,2.0696));
#5838 = VECTOR('',#5839,1.);
#5839 = DIRECTION('',(0.,0.707106781187,-0.707106781187));
#5840 = ORIENTED_EDGE('',*,*,#5754,.F.);
#5841 = PLANE('',#5842);
#5842 = AXIS2_PLACEMENT_3D('',#5843,#5844,#5845);
#5843 = CARTESIAN_POINT('',(-1.975,-2.47,2.145));
#5844 = DIRECTION('',(-1.,0.,0.));
#5845 = DIRECTION('',(-0.,-2.22044604925E-16,-1.));
#5846 = ADVANCED_FACE('',(#5847),#5881,.F.);
#5847 = FACE_BOUND('',#5848,.F.);
#5848 = EDGE_LOOP('',(#5849,#5850,#5851,#5859,#5867,#5875));
#5849 = ORIENTED_EDGE('',*,*,#4026,.F.);
#5850 = ORIENTED_EDGE('',*,*,#5795,.T.);
#5851 = ORIENTED_EDGE('',*,*,#5852,.T.);
#5852 = EDGE_CURVE('',#5788,#5853,#5855,.T.);
#5853 = VERTEX_POINT('',#5854);
#5854 = CARTESIAN_POINT('',(1.775,0.13,2.0696));
#5855 = LINE('',#5856,#5857);
#5856 = CARTESIAN_POINT('',(1.775,0.13,2.145));
#5857 = VECTOR('',#5858,1.);
#5858 = DIRECTION('',(0.,-2.22044604925E-16,-1.));
#5859 = ORIENTED_EDGE('',*,*,#5860,.T.);
#5860 = EDGE_CURVE('',#5853,#5861,#5863,.T.);
#5861 = VERTEX_POINT('',#5862);
#5862 = CARTESIAN_POINT('',(1.775,-2.2446,2.0696));
#5863 = LINE('',#5864,#5865);
#5864 = CARTESIAN_POINT('',(1.775,1.1054,2.0696));
#5865 = VECTOR('',#5866,1.);
#5866 = DIRECTION('',(0.,-1.,0.));
#5867 = ORIENTED_EDGE('',*,*,#5868,.T.);
#5868 = EDGE_CURVE('',#5861,#5869,#5871,.T.);
#5869 = VERTEX_POINT('',#5870);
#5870 = CARTESIAN_POINT('',(1.775,-2.12,1.945));
#5871 = LINE('',#5872,#5873);
#5872 = CARTESIAN_POINT('',(1.775,-2.2446,2.0696));
#5873 = VECTOR('',#5874,1.);
#5874 = DIRECTION('',(0.,0.707106781187,-0.707106781187));
#5875 = ORIENTED_EDGE('',*,*,#5876,.F.);
#5876 = EDGE_CURVE('',#4019,#5869,#5877,.T.);
#5877 = LINE('',#5878,#5879);
#5878 = CARTESIAN_POINT('',(1.775,-2.47,1.945));
#5879 = VECTOR('',#5880,1.);
#5880 = DIRECTION('',(-0.,1.,-2.22044604925E-16));
#5881 = PLANE('',#5882);
#5882 = AXIS2_PLACEMENT_3D('',#5883,#5884,#5885);
#5883 = CARTESIAN_POINT('',(1.775,-2.47,2.145));
#5884 = DIRECTION('',(-1.,0.,0.));
#5885 = DIRECTION('',(-0.,-2.22044604925E-16,-1.));
#5886 = ADVANCED_FACE('',(#5887),#5905,.F.);
#5887 = FACE_BOUND('',#5888,.F.);
#5888 = EDGE_LOOP('',(#5889,#5897,#5903,#5904));
#5889 = ORIENTED_EDGE('',*,*,#5890,.T.);
#5890 = EDGE_CURVE('',#3843,#5891,#5893,.T.);
#5891 = VERTEX_POINT('',#5892);
#5892 = CARTESIAN_POINT('',(-1.775,0.13,2.145));
#5893 = LINE('',#5894,#5895);
#5894 = CARTESIAN_POINT('',(-1.775,-2.47,2.145));
#5895 = VECTOR('',#5896,1.);
#5896 = DIRECTION('',(-0.,1.,-2.22044604925E-16));
#5897 = ORIENTED_EDGE('',*,*,#5898,.T.);
#5898 = EDGE_CURVE('',#5891,#5812,#5899,.T.);
#5899 = LINE('',#5900,#5901);
#5900 = CARTESIAN_POINT('',(-1.775,0.13,2.145));
#5901 = VECTOR('',#5902,1.);
#5902 = DIRECTION('',(-1.,0.,0.));
#5903 = ORIENTED_EDGE('',*,*,#5811,.F.);
#5904 = ORIENTED_EDGE('',*,*,#3842,.F.);
#5905 = PLANE('',#5906);
#5906 = AXIS2_PLACEMENT_3D('',#5907,#5908,#5909);
#5907 = CARTESIAN_POINT('',(-1.775,-2.47,2.145));
#5908 = DIRECTION('',(0.,2.22044604925E-16,1.));
#5909 = DIRECTION('',(-1.,0.,0.));
#5910 = ADVANCED_FACE('',(#5911),#5937,.F.);
#5911 = FACE_BOUND('',#5912,.F.);
#5912 = EDGE_LOOP('',(#5913,#5914,#5922,#5930,#5936));
#5913 = ORIENTED_EDGE('',*,*,#5876,.T.);
#5914 = ORIENTED_EDGE('',*,*,#5915,.T.);
#5915 = EDGE_CURVE('',#5869,#5916,#5918,.T.);
#5916 = VERTEX_POINT('',#5917);
#5917 = CARTESIAN_POINT('',(1.775,0.13,1.945));
#5918 = LINE('',#5919,#5920);
#5919 = CARTESIAN_POINT('',(1.775,-2.47,1.945));
#5920 = VECTOR('',#5921,1.);
#5921 = DIRECTION('',(-0.,1.,-2.22044604925E-16));
#5922 = ORIENTED_EDGE('',*,*,#5923,.T.);
#5923 = EDGE_CURVE('',#5916,#5924,#5926,.T.);
#5924 = VERTEX_POINT('',#5925);
#5925 = CARTESIAN_POINT('',(1.625,0.13,1.945));
#5926 = LINE('',#5927,#5928);
#5927 = CARTESIAN_POINT('',(1.775,0.13,1.945));
#5928 = VECTOR('',#5929,1.);
#5929 = DIRECTION('',(-1.,0.,0.));
#5930 = ORIENTED_EDGE('',*,*,#5931,.F.);
#5931 = EDGE_CURVE('',#4011,#5924,#5932,.T.);
#5932 = LINE('',#5933,#5934);
#5933 = CARTESIAN_POINT('',(1.625,-2.47,1.945));
#5934 = VECTOR('',#5935,1.);
#5935 = DIRECTION('',(-0.,1.,-2.22044604925E-16));
#5936 = ORIENTED_EDGE('',*,*,#4018,.F.);
#5937 = PLANE('',#5938);
#5938 = AXIS2_PLACEMENT_3D('',#5939,#5940,#5941);
#5939 = CARTESIAN_POINT('',(1.775,-2.47,1.945));
#5940 = DIRECTION('',(0.,2.22044604925E-16,1.));
#5941 = DIRECTION('',(-1.,0.,0.));
#5942 = ADVANCED_FACE('',(#5943),#5977,.F.);
#5943 = FACE_BOUND('',#5944,.F.);
#5944 = EDGE_LOOP('',(#5945,#5946,#5954,#5962,#5970,#5976));
#5945 = ORIENTED_EDGE('',*,*,#3850,.F.);
#5946 = ORIENTED_EDGE('',*,*,#5947,.T.);
#5947 = EDGE_CURVE('',#3851,#5948,#5950,.T.);
#5948 = VERTEX_POINT('',#5949);
#5949 = CARTESIAN_POINT('',(-1.775,-2.12,1.945));
#5950 = LINE('',#5951,#5952);
#5951 = CARTESIAN_POINT('',(-1.775,-2.47,1.945));
#5952 = VECTOR('',#5953,1.);
#5953 = DIRECTION('',(-0.,1.,-2.22044604925E-16));
#5954 = ORIENTED_EDGE('',*,*,#5955,.F.);
#5955 = EDGE_CURVE('',#5956,#5948,#5958,.T.);
#5956 = VERTEX_POINT('',#5957);
#5957 = CARTESIAN_POINT('',(-1.775,-2.2446,2.0696));
#5958 = LINE('',#5959,#5960);
#5959 = CARTESIAN_POINT('',(-1.775,-2.2446,2.0696));
#5960 = VECTOR('',#5961,1.);
#5961 = DIRECTION('',(0.,0.707106781187,-0.707106781187));
#5962 = ORIENTED_EDGE('',*,*,#5963,.F.);
#5963 = EDGE_CURVE('',#5964,#5956,#5966,.T.);
#5964 = VERTEX_POINT('',#5965);
#5965 = CARTESIAN_POINT('',(-1.775,0.13,2.0696));
#5966 = LINE('',#5967,#5968);
#5967 = CARTESIAN_POINT('',(-1.775,1.1054,2.0696));
#5968 = VECTOR('',#5969,1.);
#5969 = DIRECTION('',(0.,-1.,0.));
#5970 = ORIENTED_EDGE('',*,*,#5971,.T.);
#5971 = EDGE_CURVE('',#5964,#5891,#5972,.T.);
#5972 = LINE('',#5973,#5974);
#5973 = CARTESIAN_POINT('',(-1.775,0.13,1.945));
#5974 = VECTOR('',#5975,1.);
#5975 = DIRECTION('',(0.,2.22044604925E-16,1.));
#5976 = ORIENTED_EDGE('',*,*,#5890,.F.);
#5977 = PLANE('',#5978);
#5978 = AXIS2_PLACEMENT_3D('',#5979,#5980,#5981);
#5979 = CARTESIAN_POINT('',(-1.775,-2.47,1.945));
#5980 = DIRECTION('',(1.,0.,0.));
#5981 = DIRECTION('',(-0.,2.22044604925E-16,1.));
#5982 = ADVANCED_FACE('',(#5983),#6001,.F.);
#5983 = FACE_BOUND('',#5984,.F.);
#5984 = EDGE_LOOP('',(#5985,#5986,#5994,#6000));
#5985 = ORIENTED_EDGE('',*,*,#5931,.T.);
#5986 = ORIENTED_EDGE('',*,*,#5987,.T.);
#5987 = EDGE_CURVE('',#5924,#5988,#5990,.T.);
#5988 = VERTEX_POINT('',#5989);
#5989 = CARTESIAN_POINT('',(1.625,0.13,2.145));
#5990 = LINE('',#5991,#5992);
#5991 = CARTESIAN_POINT('',(1.625,0.13,1.945));
#5992 = VECTOR('',#5993,1.);
#5993 = DIRECTION('',(0.,2.22044604925E-16,1.));
#5994 = ORIENTED_EDGE('',*,*,#5995,.F.);
#5995 = EDGE_CURVE('',#4003,#5988,#5996,.T.);
#5996 = LINE('',#5997,#5998);
#5997 = CARTESIAN_POINT('',(1.625,-2.47,2.145));
#5998 = VECTOR('',#5999,1.);
#5999 = DIRECTION('',(-0.,1.,-2.22044604925E-16));
#6000 = ORIENTED_EDGE('',*,*,#4010,.F.);
#6001 = PLANE('',#6002);
#6002 = AXIS2_PLACEMENT_3D('',#6003,#6004,#6005);
#6003 = CARTESIAN_POINT('',(1.625,-2.47,1.945));
#6004 = DIRECTION('',(1.,0.,0.));
#6005 = DIRECTION('',(-0.,2.22044604925E-16,1.));
#6006 = ADVANCED_FACE('',(#6007),#6033,.F.);
#6007 = FACE_BOUND('',#6008,.F.);
#6008 = EDGE_LOOP('',(#6009,#6017,#6025,#6031,#6032));
#6009 = ORIENTED_EDGE('',*,*,#6010,.T.);
#6010 = EDGE_CURVE('',#3859,#6011,#6013,.T.);
#6011 = VERTEX_POINT('',#6012);
#6012 = CARTESIAN_POINT('',(-1.625,0.13,1.945));
#6013 = LINE('',#6014,#6015);
#6014 = CARTESIAN_POINT('',(-1.625,-2.47,1.945));
#6015 = VECTOR('',#6016,1.);
#6016 = DIRECTION('',(-0.,1.,-2.22044604925E-16));
#6017 = ORIENTED_EDGE('',*,*,#6018,.T.);
#6018 = EDGE_CURVE('',#6011,#6019,#6021,.T.);
#6019 = VERTEX_POINT('',#6020);
#6020 = CARTESIAN_POINT('',(-1.775,0.13,1.945));
#6021 = LINE('',#6022,#6023);
#6022 = CARTESIAN_POINT('',(-1.625,0.13,1.945));
#6023 = VECTOR('',#6024,1.);
#6024 = DIRECTION('',(-1.,0.,0.));
#6025 = ORIENTED_EDGE('',*,*,#6026,.F.);
#6026 = EDGE_CURVE('',#5948,#6019,#6027,.T.);
#6027 = LINE('',#6028,#6029);
#6028 = CARTESIAN_POINT('',(-1.775,-2.47,1.945));
#6029 = VECTOR('',#6030,1.);
#6030 = DIRECTION('',(-0.,1.,-2.22044604925E-16));
#6031 = ORIENTED_EDGE('',*,*,#5947,.F.);
#6032 = ORIENTED_EDGE('',*,*,#3858,.F.);
#6033 = PLANE('',#6034);
#6034 = AXIS2_PLACEMENT_3D('',#6035,#6036,#6037);
#6035 = CARTESIAN_POINT('',(-1.625,-2.47,1.945));
#6036 = DIRECTION('',(0.,2.22044604925E-16,1.));
#6037 = DIRECTION('',(-1.,0.,0.));
#6038 = ADVANCED_FACE('',(#6039),#6057,.F.);
#6039 = FACE_BOUND('',#6040,.F.);
#6040 = EDGE_LOOP('',(#6041,#6042,#6050,#6056));
#6041 = ORIENTED_EDGE('',*,*,#5995,.T.);
#6042 = ORIENTED_EDGE('',*,*,#6043,.T.);
#6043 = EDGE_CURVE('',#5988,#6044,#6046,.T.);
#6044 = VERTEX_POINT('',#6045);
#6045 = CARTESIAN_POINT('',(0.875,0.13,2.145));
#6046 = LINE('',#6047,#6048);
#6047 = CARTESIAN_POINT('',(1.625,0.13,2.145));
#6048 = VECTOR('',#6049,1.);
#6049 = DIRECTION('',(-1.,0.,0.));
#6050 = ORIENTED_EDGE('',*,*,#6051,.F.);
#6051 = EDGE_CURVE('',#3995,#6044,#6052,.T.);
#6052 = LINE('',#6053,#6054);
#6053 = CARTESIAN_POINT('',(0.875,-2.47,2.145));
#6054 = VECTOR('',#6055,1.);
#6055 = DIRECTION('',(-0.,1.,-2.22044604925E-16));
#6056 = ORIENTED_EDGE('',*,*,#4002,.F.);
#6057 = PLANE('',#6058);
#6058 = AXIS2_PLACEMENT_3D('',#6059,#6060,#6061);
#6059 = CARTESIAN_POINT('',(1.625,-2.47,2.145));
#6060 = DIRECTION('',(0.,2.22044604925E-16,1.));
#6061 = DIRECTION('',(-1.,0.,0.));
#6062 = ADVANCED_FACE('',(#6063),#6081,.F.);
#6063 = FACE_BOUND('',#6064,.F.);
#6064 = EDGE_LOOP('',(#6065,#6073,#6079,#6080));
#6065 = ORIENTED_EDGE('',*,*,#6066,.T.);
#6066 = EDGE_CURVE('',#3867,#6067,#6069,.T.);
#6067 = VERTEX_POINT('',#6068);
#6068 = CARTESIAN_POINT('',(-1.625,0.13,2.145));
#6069 = LINE('',#6070,#6071);
#6070 = CARTESIAN_POINT('',(-1.625,-2.47,2.145));
#6071 = VECTOR('',#6072,1.);
#6072 = DIRECTION('',(-0.,1.,-2.22044604925E-16));
#6073 = ORIENTED_EDGE('',*,*,#6074,.T.);
#6074 = EDGE_CURVE('',#6067,#6011,#6075,.T.);
#6075 = LINE('',#6076,#6077);
#6076 = CARTESIAN_POINT('',(-1.625,0.13,2.145));
#6077 = VECTOR('',#6078,1.);
#6078 = DIRECTION('',(0.,-2.22044604925E-16,-1.));
#6079 = ORIENTED_EDGE('',*,*,#6010,.F.);
#6080 = ORIENTED_EDGE('',*,*,#3866,.F.);
#6081 = PLANE('',#6082);
#6082 = AXIS2_PLACEMENT_3D('',#6083,#6084,#6085);
#6083 = CARTESIAN_POINT('',(-1.625,-2.47,2.145));
#6084 = DIRECTION('',(-1.,0.,0.));
#6085 = DIRECTION('',(-0.,-2.22044604925E-16,-1.));
#6086 = ADVANCED_FACE('',(#6087),#6105,.F.);
#6087 = FACE_BOUND('',#6088,.F.);
#6088 = EDGE_LOOP('',(#6089,#6090,#6098,#6104));
#6089 = ORIENTED_EDGE('',*,*,#6051,.T.);
#6090 = ORIENTED_EDGE('',*,*,#6091,.T.);
#6091 = EDGE_CURVE('',#6044,#6092,#6094,.T.);
#6092 = VERTEX_POINT('',#6093);
#6093 = CARTESIAN_POINT('',(0.875,0.13,1.945));
#6094 = LINE('',#6095,#6096);
#6095 = CARTESIAN_POINT('',(0.875,0.13,2.145));
#6096 = VECTOR('',#6097,1.);
#6097 = DIRECTION('',(0.,-2.22044604925E-16,-1.));
#6098 = ORIENTED_EDGE('',*,*,#6099,.F.);
#6099 = EDGE_CURVE('',#3987,#6092,#6100,.T.);
#6100 = LINE('',#6101,#6102);
#6101 = CARTESIAN_POINT('',(0.875,-2.47,1.945));
#6102 = VECTOR('',#6103,1.);
#6103 = DIRECTION('',(-0.,1.,-2.22044604925E-16));
#6104 = ORIENTED_EDGE('',*,*,#3994,.F.);
#6105 = PLANE('',#6106);
#6106 = AXIS2_PLACEMENT_3D('',#6107,#6108,#6109);
#6107 = CARTESIAN_POINT('',(0.875,-2.47,2.145));
#6108 = DIRECTION('',(-1.,0.,0.));
#6109 = DIRECTION('',(-0.,-2.22044604925E-16,-1.));
#6110 = ADVANCED_FACE('',(#6111),#6129,.F.);
#6111 = FACE_BOUND('',#6112,.F.);
#6112 = EDGE_LOOP('',(#6113,#6121,#6127,#6128));
#6113 = ORIENTED_EDGE('',*,*,#6114,.T.);
#6114 = EDGE_CURVE('',#3875,#6115,#6117,.T.);
#6115 = VERTEX_POINT('',#6116);
#6116 = CARTESIAN_POINT('',(-0.875,0.13,2.145));
#6117 = LINE('',#6118,#6119);
#6118 = CARTESIAN_POINT('',(-0.875,-2.47,2.145));
#6119 = VECTOR('',#6120,1.);
#6120 = DIRECTION('',(-0.,1.,-2.22044604925E-16));
#6121 = ORIENTED_EDGE('',*,*,#6122,.T.);
#6122 = EDGE_CURVE('',#6115,#6067,#6123,.T.);
#6123 = LINE('',#6124,#6125);
#6124 = CARTESIAN_POINT('',(-0.875,0.13,2.145));
#6125 = VECTOR('',#6126,1.);
#6126 = DIRECTION('',(-1.,0.,0.));
#6127 = ORIENTED_EDGE('',*,*,#6066,.F.);
#6128 = ORIENTED_EDGE('',*,*,#3874,.F.);
#6129 = PLANE('',#6130);
#6130 = AXIS2_PLACEMENT_3D('',#6131,#6132,#6133);
#6131 = CARTESIAN_POINT('',(-0.875,-2.47,2.145));
#6132 = DIRECTION('',(0.,2.22044604925E-16,1.));
#6133 = DIRECTION('',(-1.,0.,0.));
#6134 = ADVANCED_FACE('',(#6135),#6161,.F.);
#6135 = FACE_BOUND('',#6136,.F.);
#6136 = EDGE_LOOP('',(#6137,#6138,#6146,#6154,#6160));
#6137 = ORIENTED_EDGE('',*,*,#6099,.T.);
#6138 = ORIENTED_EDGE('',*,*,#6139,.T.);
#6139 = EDGE_CURVE('',#6092,#6140,#6142,.T.);
#6140 = VERTEX_POINT('',#6141);
#6141 = CARTESIAN_POINT('',(0.725,0.13,1.945));
#6142 = LINE('',#6143,#6144);
#6143 = CARTESIAN_POINT('',(0.875,0.13,1.945));
#6144 = VECTOR('',#6145,1.);
#6145 = DIRECTION('',(-1.,0.,0.));
#6146 = ORIENTED_EDGE('',*,*,#6147,.F.);
#6147 = EDGE_CURVE('',#6148,#6140,#6150,.T.);
#6148 = VERTEX_POINT('',#6149);
#6149 = CARTESIAN_POINT('',(0.725,-2.12,1.945));
#6150 = LINE('',#6151,#6152);
#6151 = CARTESIAN_POINT('',(0.725,-2.47,1.945));
#6152 = VECTOR('',#6153,1.);
#6153 = DIRECTION('',(-0.,1.,-2.22044604925E-16));
#6154 = ORIENTED_EDGE('',*,*,#6155,.F.);
#6155 = EDGE_CURVE('',#3979,#6148,#6156,.T.);
#6156 = LINE('',#6157,#6158);
#6157 = CARTESIAN_POINT('',(0.725,-2.47,1.945));
#6158 = VECTOR('',#6159,1.);
#6159 = DIRECTION('',(-0.,1.,-2.22044604925E-16));
#6160 = ORIENTED_EDGE('',*,*,#3986,.F.);
#6161 = PLANE('',#6162);
#6162 = AXIS2_PLACEMENT_3D('',#6163,#6164,#6165);
#6163 = CARTESIAN_POINT('',(0.875,-2.47,1.945));
#6164 = DIRECTION('',(0.,2.22044604925E-16,1.));
#6165 = DIRECTION('',(-1.,0.,0.));
#6166 = ADVANCED_FACE('',(#6167),#6185,.F.);
#6167 = FACE_BOUND('',#6168,.F.);
#6168 = EDGE_LOOP('',(#6169,#6177,#6183,#6184));
#6169 = ORIENTED_EDGE('',*,*,#6170,.T.);
#6170 = EDGE_CURVE('',#3883,#6171,#6173,.T.);
#6171 = VERTEX_POINT('',#6172);
#6172 = CARTESIAN_POINT('',(-0.875,0.13,1.945));
#6173 = LINE('',#6174,#6175);
#6174 = CARTESIAN_POINT('',(-0.875,-2.47,1.945));
#6175 = VECTOR('',#6176,1.);
#6176 = DIRECTION('',(-0.,1.,-2.22044604925E-16));
#6177 = ORIENTED_EDGE('',*,*,#6178,.T.);
#6178 = EDGE_CURVE('',#6171,#6115,#6179,.T.);
#6179 = LINE('',#6180,#6181);
#6180 = CARTESIAN_POINT('',(-0.875,0.13,1.945));
#6181 = VECTOR('',#6182,1.);
#6182 = DIRECTION('',(0.,2.22044604925E-16,1.));
#6183 = ORIENTED_EDGE('',*,*,#6114,.F.);
#6184 = ORIENTED_EDGE('',*,*,#3882,.F.);
#6185 = PLANE('',#6186);
#6186 = AXIS2_PLACEMENT_3D('',#6187,#6188,#6189);
#6187 = CARTESIAN_POINT('',(-0.875,-2.47,1.945));
#6188 = DIRECTION('',(1.,0.,0.));
#6189 = DIRECTION('',(-0.,2.22044604925E-16,1.));
#6190 = ADVANCED_FACE('',(#6191),#6225,.F.);
#6191 = FACE_BOUND('',#6192,.F.);
#6192 = EDGE_LOOP('',(#6193,#6194,#6195,#6203,#6211,#6219));
#6193 = ORIENTED_EDGE('',*,*,#3978,.F.);
#6194 = ORIENTED_EDGE('',*,*,#6155,.T.);
#6195 = ORIENTED_EDGE('',*,*,#6196,.F.);
#6196 = EDGE_CURVE('',#6197,#6148,#6199,.T.);
#6197 = VERTEX_POINT('',#6198);
#6198 = CARTESIAN_POINT('',(0.725,-2.2446,2.0696));
#6199 = LINE('',#6200,#6201);
#6200 = CARTESIAN_POINT('',(0.725,-2.2446,2.0696));
#6201 = VECTOR('',#6202,1.);
#6202 = DIRECTION('',(0.,0.707106781187,-0.707106781187));
#6203 = ORIENTED_EDGE('',*,*,#6204,.F.);
#6204 = EDGE_CURVE('',#6205,#6197,#6207,.T.);
#6205 = VERTEX_POINT('',#6206);
#6206 = CARTESIAN_POINT('',(0.725,0.13,2.0696));
#6207 = LINE('',#6208,#6209);
#6208 = CARTESIAN_POINT('',(0.725,1.1054,2.0696));
#6209 = VECTOR('',#6210,1.);
#6210 = DIRECTION('',(0.,-1.,0.));
#6211 = ORIENTED_EDGE('',*,*,#6212,.T.);
#6212 = EDGE_CURVE('',#6205,#6213,#6215,.T.);
#6213 = VERTEX_POINT('',#6214);
#6214 = CARTESIAN_POINT('',(0.725,0.13,2.145));
#6215 = LINE('',#6216,#6217);
#6216 = CARTESIAN_POINT('',(0.725,0.13,1.945));
#6217 = VECTOR('',#6218,1.);
#6218 = DIRECTION('',(0.,2.22044604925E-16,1.));
#6219 = ORIENTED_EDGE('',*,*,#6220,.F.);
#6220 = EDGE_CURVE('',#3971,#6213,#6221,.T.);
#6221 = LINE('',#6222,#6223);
#6222 = CARTESIAN_POINT('',(0.725,-2.47,2.145));
#6223 = VECTOR('',#6224,1.);
#6224 = DIRECTION('',(-0.,1.,-2.22044604925E-16));
#6225 = PLANE('',#6226);
#6226 = AXIS2_PLACEMENT_3D('',#6227,#6228,#6229);
#6227 = CARTESIAN_POINT('',(0.725,-2.47,1.945));
#6228 = DIRECTION('',(1.,0.,0.));
#6229 = DIRECTION('',(-0.,2.22044604925E-16,1.));
#6230 = ADVANCED_FACE('',(#6231),#6257,.F.);
#6231 = FACE_BOUND('',#6232,.F.);
#6232 = EDGE_LOOP('',(#6233,#6241,#6249,#6255,#6256));
#6233 = ORIENTED_EDGE('',*,*,#6234,.T.);
#6234 = EDGE_CURVE('',#3891,#6235,#6237,.T.);
#6235 = VERTEX_POINT('',#6236);
#6236 = CARTESIAN_POINT('',(-0.725,-2.12,1.945));
#6237 = LINE('',#6238,#6239);
#6238 = CARTESIAN_POINT('',(-0.725,-2.47,1.945));
#6239 = VECTOR('',#6240,1.);
#6240 = DIRECTION('',(-0.,1.,-2.22044604925E-16));
#6241 = ORIENTED_EDGE('',*,*,#6242,.T.);
#6242 = EDGE_CURVE('',#6235,#6243,#6245,.T.);
#6243 = VERTEX_POINT('',#6244);
#6244 = CARTESIAN_POINT('',(-0.725,0.13,1.945));
#6245 = LINE('',#6246,#6247);
#6246 = CARTESIAN_POINT('',(-0.725,-2.47,1.945));
#6247 = VECTOR('',#6248,1.);
#6248 = DIRECTION('',(-0.,1.,-2.22044604925E-16));
#6249 = ORIENTED_EDGE('',*,*,#6250,.T.);
#6250 = EDGE_CURVE('',#6243,#6171,#6251,.T.);
#6251 = LINE('',#6252,#6253);
#6252 = CARTESIAN_POINT('',(-0.725,0.13,1.945));
#6253 = VECTOR('',#6254,1.);
#6254 = DIRECTION('',(-1.,0.,0.));
#6255 = ORIENTED_EDGE('',*,*,#6170,.F.);
#6256 = ORIENTED_EDGE('',*,*,#3890,.F.);
#6257 = PLANE('',#6258);
#6258 = AXIS2_PLACEMENT_3D('',#6259,#6260,#6261);
#6259 = CARTESIAN_POINT('',(-0.725,-2.47,1.945));
#6260 = DIRECTION('',(0.,2.22044604925E-16,1.));
#6261 = DIRECTION('',(-1.,0.,0.));
#6262 = ADVANCED_FACE('',(#6263),#6281,.F.);
#6263 = FACE_BOUND('',#6264,.F.);
#6264 = EDGE_LOOP('',(#6265,#6266,#6274,#6280));
#6265 = ORIENTED_EDGE('',*,*,#6220,.T.);
#6266 = ORIENTED_EDGE('',*,*,#6267,.T.);
#6267 = EDGE_CURVE('',#6213,#6268,#6270,.T.);
#6268 = VERTEX_POINT('',#6269);
#6269 = CARTESIAN_POINT('',(0.525,0.13,2.145));
#6270 = LINE('',#6271,#6272);
#6271 = CARTESIAN_POINT('',(0.725,0.13,2.145));
#6272 = VECTOR('',#6273,1.);
#6273 = DIRECTION('',(-1.,0.,0.));
#6274 = ORIENTED_EDGE('',*,*,#6275,.F.);
#6275 = EDGE_CURVE('',#3963,#6268,#6276,.T.);
#6276 = LINE('',#6277,#6278);
#6277 = CARTESIAN_POINT('',(0.525,-2.47,2.145));
#6278 = VECTOR('',#6279,1.);
#6279 = DIRECTION('',(-0.,1.,-2.22044604925E-16));
#6280 = ORIENTED_EDGE('',*,*,#3970,.F.);
#6281 = PLANE('',#6282);
#6282 = AXIS2_PLACEMENT_3D('',#6283,#6284,#6285);
#6283 = CARTESIAN_POINT('',(0.725,-2.47,2.145));
#6284 = DIRECTION('',(0.,2.22044604925E-16,1.));
#6285 = DIRECTION('',(-1.,0.,0.));
#6286 = ADVANCED_FACE('',(#6287),#6321,.F.);
#6287 = FACE_BOUND('',#6288,.F.);
#6288 = EDGE_LOOP('',(#6289,#6290,#6298,#6306,#6314,#6320));
#6289 = ORIENTED_EDGE('',*,*,#3898,.F.);
#6290 = ORIENTED_EDGE('',*,*,#6291,.T.);
#6291 = EDGE_CURVE('',#3899,#6292,#6294,.T.);
#6292 = VERTEX_POINT('',#6293);
#6293 = CARTESIAN_POINT('',(-0.725,0.13,2.145));
#6294 = LINE('',#6295,#6296);
#6295 = CARTESIAN_POINT('',(-0.725,-2.47,2.145));
#6296 = VECTOR('',#6297,1.);
#6297 = DIRECTION('',(-0.,1.,-2.22044604925E-16));
#6298 = ORIENTED_EDGE('',*,*,#6299,.T.);
#6299 = EDGE_CURVE('',#6292,#6300,#6302,.T.);
#6300 = VERTEX_POINT('',#6301);
#6301 = CARTESIAN_POINT('',(-0.725,0.13,2.0696));
#6302 = LINE('',#6303,#6304);
#6303 = CARTESIAN_POINT('',(-0.725,0.13,2.145));
#6304 = VECTOR('',#6305,1.);
#6305 = DIRECTION('',(0.,-2.22044604925E-16,-1.));
#6306 = ORIENTED_EDGE('',*,*,#6307,.T.);
#6307 = EDGE_CURVE('',#6300,#6308,#6310,.T.);
#6308 = VERTEX_POINT('',#6309);
#6309 = CARTESIAN_POINT('',(-0.725,-2.2446,2.0696));
#6310 = LINE('',#6311,#6312);
#6311 = CARTESIAN_POINT('',(-0.725,1.1054,2.0696));
#6312 = VECTOR('',#6313,1.);
#6313 = DIRECTION('',(0.,-1.,0.));
#6314 = ORIENTED_EDGE('',*,*,#6315,.T.);
#6315 = EDGE_CURVE('',#6308,#6235,#6316,.T.);
#6316 = LINE('',#6317,#6318);
#6317 = CARTESIAN_POINT('',(-0.725,-2.2446,2.0696));
#6318 = VECTOR('',#6319,1.);
#6319 = DIRECTION('',(0.,0.707106781187,-0.707106781187));
#6320 = ORIENTED_EDGE('',*,*,#6234,.F.);
#6321 = PLANE('',#6322);
#6322 = AXIS2_PLACEMENT_3D('',#6323,#6324,#6325);
#6323 = CARTESIAN_POINT('',(-0.725,-2.47,2.145));
#6324 = DIRECTION('',(-1.,0.,0.));
#6325 = DIRECTION('',(-0.,-2.22044604925E-16,-1.));
#6326 = ADVANCED_FACE('',(#6327),#6361,.F.);
#6327 = FACE_BOUND('',#6328,.F.);
#6328 = EDGE_LOOP('',(#6329,#6330,#6331,#6339,#6347,#6355));
#6329 = ORIENTED_EDGE('',*,*,#3962,.F.);
#6330 = ORIENTED_EDGE('',*,*,#6275,.T.);
#6331 = ORIENTED_EDGE('',*,*,#6332,.T.);
#6332 = EDGE_CURVE('',#6268,#6333,#6335,.T.);
#6333 = VERTEX_POINT('',#6334);
#6334 = CARTESIAN_POINT('',(0.525,0.13,2.0696));
#6335 = LINE('',#6336,#6337);
#6336 = CARTESIAN_POINT('',(0.525,0.13,2.145));
#6337 = VECTOR('',#6338,1.);
#6338 = DIRECTION('',(0.,-2.22044604925E-16,-1.));
#6339 = ORIENTED_EDGE('',*,*,#6340,.T.);
#6340 = EDGE_CURVE('',#6333,#6341,#6343,.T.);
#6341 = VERTEX_POINT('',#6342);
#6342 = CARTESIAN_POINT('',(0.525,-2.2446,2.0696));
#6343 = LINE('',#6344,#6345);
#6344 = CARTESIAN_POINT('',(0.525,1.1054,2.0696));
#6345 = VECTOR('',#6346,1.);
#6346 = DIRECTION('',(0.,-1.,0.));
#6347 = ORIENTED_EDGE('',*,*,#6348,.T.);
#6348 = EDGE_CURVE('',#6341,#6349,#6351,.T.);
#6349 = VERTEX_POINT('',#6350);
#6350 = CARTESIAN_POINT('',(0.525,-2.12,1.945));
#6351 = LINE('',#6352,#6353);
#6352 = CARTESIAN_POINT('',(0.525,-2.2446,2.0696));
#6353 = VECTOR('',#6354,1.);
#6354 = DIRECTION('',(0.,0.707106781187,-0.707106781187));
#6355 = ORIENTED_EDGE('',*,*,#6356,.F.);
#6356 = EDGE_CURVE('',#3955,#6349,#6357,.T.);
#6357 = LINE('',#6358,#6359);
#6358 = CARTESIAN_POINT('',(0.525,-2.47,1.945));
#6359 = VECTOR('',#6360,1.);
#6360 = DIRECTION('',(-0.,1.,-2.22044604925E-16));
#6361 = PLANE('',#6362);
#6362 = AXIS2_PLACEMENT_3D('',#6363,#6364,#6365);
#6363 = CARTESIAN_POINT('',(0.525,-2.47,2.145));
#6364 = DIRECTION('',(-1.,0.,0.));
#6365 = DIRECTION('',(-0.,-2.22044604925E-16,-1.));
#6366 = ADVANCED_FACE('',(#6367),#6385,.F.);
#6367 = FACE_BOUND('',#6368,.F.);
#6368 = EDGE_LOOP('',(#6369,#6377,#6383,#6384));
#6369 = ORIENTED_EDGE('',*,*,#6370,.T.);
#6370 = EDGE_CURVE('',#3907,#6371,#6373,.T.);
#6371 = VERTEX_POINT('',#6372);
#6372 = CARTESIAN_POINT('',(-0.525,0.13,2.145));
#6373 = LINE('',#6374,#6375);
#6374 = CARTESIAN_POINT('',(-0.525,-2.47,2.145));
#6375 = VECTOR('',#6376,1.);
#6376 = DIRECTION('',(-0.,1.,-2.22044604925E-16));
#6377 = ORIENTED_EDGE('',*,*,#6378,.T.);
#6378 = EDGE_CURVE('',#6371,#6292,#6379,.T.);
#6379 = LINE('',#6380,#6381);
#6380 = CARTESIAN_POINT('',(-0.525,0.13,2.145));
#6381 = VECTOR('',#6382,1.);
#6382 = DIRECTION('',(-1.,0.,0.));
#6383 = ORIENTED_EDGE('',*,*,#6291,.F.);
#6384 = ORIENTED_EDGE('',*,*,#3906,.F.);
#6385 = PLANE('',#6386);
#6386 = AXIS2_PLACEMENT_3D('',#6387,#6388,#6389);
#6387 = CARTESIAN_POINT('',(-0.525,-2.47,2.145));
#6388 = DIRECTION('',(0.,2.22044604925E-16,1.));
#6389 = DIRECTION('',(-1.,0.,0.));
#6390 = ADVANCED_FACE('',(#6391),#6417,.F.);
#6391 = FACE_BOUND('',#6392,.F.);
#6392 = EDGE_LOOP('',(#6393,#6394,#6402,#6410,#6416));
#6393 = ORIENTED_EDGE('',*,*,#6356,.T.);
#6394 = ORIENTED_EDGE('',*,*,#6395,.T.);
#6395 = EDGE_CURVE('',#6349,#6396,#6398,.T.);
#6396 = VERTEX_POINT('',#6397);
#6397 = CARTESIAN_POINT('',(0.525,0.13,1.945));
#6398 = LINE('',#6399,#6400);
#6399 = CARTESIAN_POINT('',(0.525,-2.47,1.945));
#6400 = VECTOR('',#6401,1.);
#6401 = DIRECTION('',(-0.,1.,-2.22044604925E-16));
#6402 = ORIENTED_EDGE('',*,*,#6403,.T.);
#6403 = EDGE_CURVE('',#6396,#6404,#6406,.T.);
#6404 = VERTEX_POINT('',#6405);
#6405 = CARTESIAN_POINT('',(0.375,0.13,1.945));
#6406 = LINE('',#6407,#6408);
#6407 = CARTESIAN_POINT('',(0.525,0.13,1.945));
#6408 = VECTOR('',#6409,1.);
#6409 = DIRECTION('',(-1.,0.,0.));
#6410 = ORIENTED_EDGE('',*,*,#6411,.F.);
#6411 = EDGE_CURVE('',#3947,#6404,#6412,.T.);
#6412 = LINE('',#6413,#6414);
#6413 = CARTESIAN_POINT('',(0.375,-2.47,1.945));
#6414 = VECTOR('',#6415,1.);
#6415 = DIRECTION('',(-0.,1.,-2.22044604925E-16));
#6416 = ORIENTED_EDGE('',*,*,#3954,.F.);
#6417 = PLANE('',#6418);
#6418 = AXIS2_PLACEMENT_3D('',#6419,#6420,#6421);
#6419 = CARTESIAN_POINT('',(0.525,-2.47,1.945));
#6420 = DIRECTION('',(0.,2.22044604925E-16,1.));
#6421 = DIRECTION('',(-1.,0.,0.));
#6422 = ADVANCED_FACE('',(#6423),#6457,.F.);
#6423 = FACE_BOUND('',#6424,.F.);
#6424 = EDGE_LOOP('',(#6425,#6426,#6434,#6442,#6450,#6456));
#6425 = ORIENTED_EDGE('',*,*,#3914,.F.);
#6426 = ORIENTED_EDGE('',*,*,#6427,.T.);
#6427 = EDGE_CURVE('',#3915,#6428,#6430,.T.);
#6428 = VERTEX_POINT('',#6429);
#6429 = CARTESIAN_POINT('',(-0.525,-2.12,1.945));
#6430 = LINE('',#6431,#6432);
#6431 = CARTESIAN_POINT('',(-0.525,-2.47,1.945));
#6432 = VECTOR('',#6433,1.);
#6433 = DIRECTION('',(-0.,1.,-2.22044604925E-16));
#6434 = ORIENTED_EDGE('',*,*,#6435,.F.);
#6435 = EDGE_CURVE('',#6436,#6428,#6438,.T.);
#6436 = VERTEX_POINT('',#6437);
#6437 = CARTESIAN_POINT('',(-0.525,-2.2446,2.0696));
#6438 = LINE('',#6439,#6440);
#6439 = CARTESIAN_POINT('',(-0.525,-2.2446,2.0696));
#6440 = VECTOR('',#6441,1.);
#6441 = DIRECTION('',(0.,0.707106781187,-0.707106781187));
#6442 = ORIENTED_EDGE('',*,*,#6443,.F.);
#6443 = EDGE_CURVE('',#6444,#6436,#6446,.T.);
#6444 = VERTEX_POINT('',#6445);
#6445 = CARTESIAN_POINT('',(-0.525,0.13,2.0696));
#6446 = LINE('',#6447,#6448);
#6447 = CARTESIAN_POINT('',(-0.525,1.1054,2.0696));
#6448 = VECTOR('',#6449,1.);
#6449 = DIRECTION('',(0.,-1.,0.));
#6450 = ORIENTED_EDGE('',*,*,#6451,.T.);
#6451 = EDGE_CURVE('',#6444,#6371,#6452,.T.);
#6452 = LINE('',#6453,#6454);
#6453 = CARTESIAN_POINT('',(-0.525,0.13,1.945));
#6454 = VECTOR('',#6455,1.);
#6455 = DIRECTION('',(0.,2.22044604925E-16,1.));
#6456 = ORIENTED_EDGE('',*,*,#6370,.F.);
#6457 = PLANE('',#6458);
#6458 = AXIS2_PLACEMENT_3D('',#6459,#6460,#6461);
#6459 = CARTESIAN_POINT('',(-0.525,-2.47,1.945));
#6460 = DIRECTION('',(1.,0.,0.));
#6461 = DIRECTION('',(-0.,2.22044604925E-16,1.));
#6462 = ADVANCED_FACE('',(#6463),#6481,.F.);
#6463 = FACE_BOUND('',#6464,.F.);
#6464 = EDGE_LOOP('',(#6465,#6466,#6474,#6480));
#6465 = ORIENTED_EDGE('',*,*,#6411,.T.);
#6466 = ORIENTED_EDGE('',*,*,#6467,.T.);
#6467 = EDGE_CURVE('',#6404,#6468,#6470,.T.);
#6468 = VERTEX_POINT('',#6469);
#6469 = CARTESIAN_POINT('',(0.375,0.13,2.145));
#6470 = LINE('',#6471,#6472);
#6471 = CARTESIAN_POINT('',(0.375,0.13,1.945));
#6472 = VECTOR('',#6473,1.);
#6473 = DIRECTION('',(0.,2.22044604925E-16,1.));
#6474 = ORIENTED_EDGE('',*,*,#6475,.F.);
#6475 = EDGE_CURVE('',#3939,#6468,#6476,.T.);
#6476 = LINE('',#6477,#6478);
#6477 = CARTESIAN_POINT('',(0.375,-2.47,2.145));
#6478 = VECTOR('',#6479,1.);
#6479 = DIRECTION('',(-0.,1.,-2.22044604925E-16));
#6480 = ORIENTED_EDGE('',*,*,#3946,.F.);
#6481 = PLANE('',#6482);
#6482 = AXIS2_PLACEMENT_3D('',#6483,#6484,#6485);
#6483 = CARTESIAN_POINT('',(0.375,-2.47,1.945));
#6484 = DIRECTION('',(1.,0.,0.));
#6485 = DIRECTION('',(-0.,2.22044604925E-16,1.));
#6486 = ADVANCED_FACE('',(#6487),#6513,.F.);
#6487 = FACE_BOUND('',#6488,.F.);
#6488 = EDGE_LOOP('',(#6489,#6497,#6505,#6511,#6512));
#6489 = ORIENTED_EDGE('',*,*,#6490,.T.);
#6490 = EDGE_CURVE('',#3923,#6491,#6493,.T.);
#6491 = VERTEX_POINT('',#6492);
#6492 = CARTESIAN_POINT('',(-0.375,0.13,1.945));
#6493 = LINE('',#6494,#6495);
#6494 = CARTESIAN_POINT('',(-0.375,-2.47,1.945));
#6495 = VECTOR('',#6496,1.);
#6496 = DIRECTION('',(-0.,1.,-2.22044604925E-16));
#6497 = ORIENTED_EDGE('',*,*,#6498,.T.);
#6498 = EDGE_CURVE('',#6491,#6499,#6501,.T.);
#6499 = VERTEX_POINT('',#6500);
#6500 = CARTESIAN_POINT('',(-0.525,0.13,1.945));
#6501 = LINE('',#6502,#6503);
#6502 = CARTESIAN_POINT('',(-0.375,0.13,1.945));
#6503 = VECTOR('',#6504,1.);
#6504 = DIRECTION('',(-1.,0.,0.));
#6505 = ORIENTED_EDGE('',*,*,#6506,.F.);
#6506 = EDGE_CURVE('',#6428,#6499,#6507,.T.);
#6507 = LINE('',#6508,#6509);
#6508 = CARTESIAN_POINT('',(-0.525,-2.47,1.945));
#6509 = VECTOR('',#6510,1.);
#6510 = DIRECTION('',(-0.,1.,-2.22044604925E-16));
#6511 = ORIENTED_EDGE('',*,*,#6427,.F.);
#6512 = ORIENTED_EDGE('',*,*,#3922,.F.);
#6513 = PLANE('',#6514);
#6514 = AXIS2_PLACEMENT_3D('',#6515,#6516,#6517);
#6515 = CARTESIAN_POINT('',(-0.375,-2.47,1.945));
#6516 = DIRECTION('',(0.,2.22044604925E-16,1.));
#6517 = DIRECTION('',(-1.,0.,0.));
#6518 = ADVANCED_FACE('',(#6519),#6537,.F.);
#6519 = FACE_BOUND('',#6520,.F.);
#6520 = EDGE_LOOP('',(#6521,#6522,#6530,#6536));
#6521 = ORIENTED_EDGE('',*,*,#6475,.T.);
#6522 = ORIENTED_EDGE('',*,*,#6523,.T.);
#6523 = EDGE_CURVE('',#6468,#6524,#6526,.T.);
#6524 = VERTEX_POINT('',#6525);
#6525 = CARTESIAN_POINT('',(-0.375,0.13,2.145));
#6526 = LINE('',#6527,#6528);
#6527 = CARTESIAN_POINT('',(0.375,0.13,2.145));
#6528 = VECTOR('',#6529,1.);
#6529 = DIRECTION('',(-1.,0.,0.));
#6530 = ORIENTED_EDGE('',*,*,#6531,.F.);
#6531 = EDGE_CURVE('',#3931,#6524,#6532,.T.);
#6532 = LINE('',#6533,#6534);
#6533 = CARTESIAN_POINT('',(-0.375,-2.47,2.145));
#6534 = VECTOR('',#6535,1.);
#6535 = DIRECTION('',(-0.,1.,-2.22044604925E-16));
#6536 = ORIENTED_EDGE('',*,*,#3938,.F.);
#6537 = PLANE('',#6538);
#6538 = AXIS2_PLACEMENT_3D('',#6539,#6540,#6541);
#6539 = CARTESIAN_POINT('',(0.375,-2.47,2.145));
#6540 = DIRECTION('',(0.,2.22044604925E-16,1.));
#6541 = DIRECTION('',(-1.,0.,0.));
#6542 = ADVANCED_FACE('',(#6543),#6554,.F.);
#6543 = FACE_BOUND('',#6544,.F.);
#6544 = EDGE_LOOP('',(#6545,#6546,#6552,#6553));
#6545 = ORIENTED_EDGE('',*,*,#6531,.T.);
#6546 = ORIENTED_EDGE('',*,*,#6547,.T.);
#6547 = EDGE_CURVE('',#6524,#6491,#6548,.T.);
#6548 = LINE('',#6549,#6550);
#6549 = CARTESIAN_POINT('',(-0.375,0.13,2.145));
#6550 = VECTOR('',#6551,1.);
#6551 = DIRECTION('',(0.,-2.22044604925E-16,-1.));
#6552 = ORIENTED_EDGE('',*,*,#6490,.F.);
#6553 = ORIENTED_EDGE('',*,*,#3930,.F.);
#6554 = PLANE('',#6555);
#6555 = AXIS2_PLACEMENT_3D('',#6556,#6557,#6558);
#6556 = CARTESIAN_POINT('',(-0.375,-2.47,2.145));
#6557 = DIRECTION('',(-1.,0.,0.));
#6558 = DIRECTION('',(-0.,-2.22044604925E-16,-1.));
#6559 = ADVANCED_FACE('',(#6560),#6585,.T.);
#6560 = FACE_BOUND('',#6561,.T.);
#6561 = EDGE_LOOP('',(#6562,#6570,#6578,#6584));
#6562 = ORIENTED_EDGE('',*,*,#6563,.F.);
#6563 = EDGE_CURVE('',#6564,#4091,#6566,.T.);
#6564 = VERTEX_POINT('',#6565);
#6565 = CARTESIAN_POINT('',(-3.775,-1.47,3.295));
#6566 = LINE('',#6567,#6568);
#6567 = CARTESIAN_POINT('',(-3.775,-1.47,3.295));
#6568 = VECTOR('',#6569,1.);
#6569 = DIRECTION('',(0.,-1.,2.22044604925E-16));
#6570 = ORIENTED_EDGE('',*,*,#6571,.T.);
#6571 = EDGE_CURVE('',#6564,#6572,#6574,.T.);
#6572 = VERTEX_POINT('',#6573);
#6573 = CARTESIAN_POINT('',(-3.775,-1.47,3.895));
#6574 = LINE('',#6575,#6576);
#6575 = CARTESIAN_POINT('',(-3.775,-1.47,3.295));
#6576 = VECTOR('',#6577,1.);
#6577 = DIRECTION('',(0.,2.22044604925E-16,1.));
#6578 = ORIENTED_EDGE('',*,*,#6579,.T.);
#6579 = EDGE_CURVE('',#6572,#4093,#6580,.T.);
#6580 = LINE('',#6581,#6582);
#6581 = CARTESIAN_POINT('',(-3.775,-1.47,3.895));
#6582 = VECTOR('',#6583,1.);
#6583 = DIRECTION('',(0.,-1.,2.22044604925E-16));
#6584 = ORIENTED_EDGE('',*,*,#4090,.F.);
#6585 = PLANE('',#6586);
#6586 = AXIS2_PLACEMENT_3D('',#6587,#6588,#6589);
#6587 = CARTESIAN_POINT('',(-3.775,-1.47,3.295));
#6588 = DIRECTION('',(1.,0.,0.));
#6589 = DIRECTION('',(0.,-1.,2.22044604925E-16));
#6590 = ADVANCED_FACE('',(#6591),#6609,.F.);
#6591 = FACE_BOUND('',#6592,.F.);
#6592 = EDGE_LOOP('',(#6593,#6601,#6602,#6603));
#6593 = ORIENTED_EDGE('',*,*,#6594,.F.);
#6594 = EDGE_CURVE('',#6572,#6595,#6597,.T.);
#6595 = VERTEX_POINT('',#6596);
#6596 = CARTESIAN_POINT('',(-2.675,-1.47,3.895));
#6597 = LINE('',#6598,#6599);
#6598 = CARTESIAN_POINT('',(-3.775,-1.47,3.895));
#6599 = VECTOR('',#6600,1.);
#6600 = DIRECTION('',(1.,0.,0.));
#6601 = ORIENTED_EDGE('',*,*,#6579,.T.);
#6602 = ORIENTED_EDGE('',*,*,#4100,.T.);
#6603 = ORIENTED_EDGE('',*,*,#6604,.F.);
#6604 = EDGE_CURVE('',#6595,#4101,#6605,.T.);
#6605 = LINE('',#6606,#6607);
#6606 = CARTESIAN_POINT('',(-2.675,-1.47,3.895));
#6607 = VECTOR('',#6608,1.);
#6608 = DIRECTION('',(0.,-1.,2.22044604925E-16));
#6609 = PLANE('',#6610);
#6610 = AXIS2_PLACEMENT_3D('',#6611,#6612,#6613);
#6611 = CARTESIAN_POINT('',(-3.775,-1.47,3.895));
#6612 = DIRECTION('',(0.,2.22044604925E-16,1.));
#6613 = DIRECTION('',(0.,-1.,2.22044604925E-16));
#6614 = ADVANCED_FACE('',(#6615),#6633,.T.);
#6615 = FACE_BOUND('',#6616,.T.);
#6616 = EDGE_LOOP('',(#6617,#6625,#6626,#6627));
#6617 = ORIENTED_EDGE('',*,*,#6618,.F.);
#6618 = EDGE_CURVE('',#6564,#6619,#6621,.T.);
#6619 = VERTEX_POINT('',#6620);
#6620 = CARTESIAN_POINT('',(-2.675,-1.47,3.295));
#6621 = LINE('',#6622,#6623);
#6622 = CARTESIAN_POINT('',(-3.775,-1.47,3.295));
#6623 = VECTOR('',#6624,1.);
#6624 = DIRECTION('',(1.,0.,0.));
#6625 = ORIENTED_EDGE('',*,*,#6563,.T.);
#6626 = ORIENTED_EDGE('',*,*,#4116,.T.);
#6627 = ORIENTED_EDGE('',*,*,#6628,.F.);
#6628 = EDGE_CURVE('',#6619,#4109,#6629,.T.);
#6629 = LINE('',#6630,#6631);
#6630 = CARTESIAN_POINT('',(-2.675,-1.47,3.295));
#6631 = VECTOR('',#6632,1.);
#6632 = DIRECTION('',(0.,-1.,2.22044604925E-16));
#6633 = PLANE('',#6634);
#6634 = AXIS2_PLACEMENT_3D('',#6635,#6636,#6637);
#6635 = CARTESIAN_POINT('',(-3.775,-1.47,3.295));
#6636 = DIRECTION('',(0.,2.22044604925E-16,1.));
#6637 = DIRECTION('',(0.,-1.,2.22044604925E-16));
#6638 = ADVANCED_FACE('',(#6639),#6650,.F.);
#6639 = FACE_BOUND('',#6640,.F.);
#6640 = EDGE_LOOP('',(#6641,#6642,#6648,#6649));
#6641 = ORIENTED_EDGE('',*,*,#6628,.F.);
#6642 = ORIENTED_EDGE('',*,*,#6643,.T.);
#6643 = EDGE_CURVE('',#6619,#6595,#6644,.T.);
#6644 = LINE('',#6645,#6646);
#6645 = CARTESIAN_POINT('',(-2.675,-1.47,3.295));
#6646 = VECTOR('',#6647,1.);
#6647 = DIRECTION('',(0.,2.22044604925E-16,1.));
#6648 = ORIENTED_EDGE('',*,*,#6604,.T.);
#6649 = ORIENTED_EDGE('',*,*,#4108,.F.);
#6650 = PLANE('',#6651);
#6651 = AXIS2_PLACEMENT_3D('',#6652,#6653,#6654);
#6652 = CARTESIAN_POINT('',(-2.675,-1.47,3.295));
#6653 = DIRECTION('',(1.,0.,0.));
#6654 = DIRECTION('',(0.,-1.,2.22044604925E-16));
#6655 = ADVANCED_FACE('',(#6656),#6681,.T.);
#6656 = FACE_BOUND('',#6657,.T.);
#6657 = EDGE_LOOP('',(#6658,#6666,#6674,#6680));
#6658 = ORIENTED_EDGE('',*,*,#6659,.F.);
#6659 = EDGE_CURVE('',#6660,#4125,#6662,.T.);
#6660 = VERTEX_POINT('',#6661);
#6661 = CARTESIAN_POINT('',(2.675,-1.47,3.295));
#6662 = LINE('',#6663,#6664);
#6663 = CARTESIAN_POINT('',(2.675,-1.47,3.295));
#6664 = VECTOR('',#6665,1.);
#6665 = DIRECTION('',(0.,-1.,2.22044604925E-16));
#6666 = ORIENTED_EDGE('',*,*,#6667,.T.);
#6667 = EDGE_CURVE('',#6660,#6668,#6670,.T.);
#6668 = VERTEX_POINT('',#6669);
#6669 = CARTESIAN_POINT('',(2.675,-1.47,3.895));
#6670 = LINE('',#6671,#6672);
#6671 = CARTESIAN_POINT('',(2.675,-1.47,3.295));
#6672 = VECTOR('',#6673,1.);
#6673 = DIRECTION('',(0.,2.22044604925E-16,1.));
#6674 = ORIENTED_EDGE('',*,*,#6675,.T.);
#6675 = EDGE_CURVE('',#6668,#4127,#6676,.T.);
#6676 = LINE('',#6677,#6678);
#6677 = CARTESIAN_POINT('',(2.675,-1.47,3.895));
#6678 = VECTOR('',#6679,1.);
#6679 = DIRECTION('',(0.,-1.,2.22044604925E-16));
#6680 = ORIENTED_EDGE('',*,*,#4124,.F.);
#6681 = PLANE('',#6682);
#6682 = AXIS2_PLACEMENT_3D('',#6683,#6684,#6685);
#6683 = CARTESIAN_POINT('',(2.675,-1.47,3.295));
#6684 = DIRECTION('',(1.,0.,0.));
#6685 = DIRECTION('',(0.,-1.,2.22044604925E-16));
#6686 = ADVANCED_FACE('',(#6687),#6705,.F.);
#6687 = FACE_BOUND('',#6688,.F.);
#6688 = EDGE_LOOP('',(#6689,#6697,#6698,#6699));
#6689 = ORIENTED_EDGE('',*,*,#6690,.F.);
#6690 = EDGE_CURVE('',#6668,#6691,#6693,.T.);
#6691 = VERTEX_POINT('',#6692);
#6692 = CARTESIAN_POINT('',(3.775,-1.47,3.895));
#6693 = LINE('',#6694,#6695);
#6694 = CARTESIAN_POINT('',(2.675,-1.47,3.895));
#6695 = VECTOR('',#6696,1.);
#6696 = DIRECTION('',(1.,0.,0.));
#6697 = ORIENTED_EDGE('',*,*,#6675,.T.);
#6698 = ORIENTED_EDGE('',*,*,#4134,.T.);
#6699 = ORIENTED_EDGE('',*,*,#6700,.F.);
#6700 = EDGE_CURVE('',#6691,#4135,#6701,.T.);
#6701 = LINE('',#6702,#6703);
#6702 = CARTESIAN_POINT('',(3.775,-1.47,3.895));
#6703 = VECTOR('',#6704,1.);
#6704 = DIRECTION('',(0.,-1.,2.22044604925E-16));
#6705 = PLANE('',#6706);
#6706 = AXIS2_PLACEMENT_3D('',#6707,#6708,#6709);
#6707 = CARTESIAN_POINT('',(2.675,-1.47,3.895));
#6708 = DIRECTION('',(0.,2.22044604925E-16,1.));
#6709 = DIRECTION('',(0.,-1.,2.22044604925E-16));
#6710 = ADVANCED_FACE('',(#6711),#6729,.T.);
#6711 = FACE_BOUND('',#6712,.T.);
#6712 = EDGE_LOOP('',(#6713,#6721,#6722,#6723));
#6713 = ORIENTED_EDGE('',*,*,#6714,.F.);
#6714 = EDGE_CURVE('',#6660,#6715,#6717,.T.);
#6715 = VERTEX_POINT('',#6716);
#6716 = CARTESIAN_POINT('',(3.775,-1.47,3.295));
#6717 = LINE('',#6718,#6719);
#6718 = CARTESIAN_POINT('',(2.675,-1.47,3.295));
#6719 = VECTOR('',#6720,1.);
#6720 = DIRECTION('',(1.,0.,0.));
#6721 = ORIENTED_EDGE('',*,*,#6659,.T.);
#6722 = ORIENTED_EDGE('',*,*,#4150,.T.);
#6723 = ORIENTED_EDGE('',*,*,#6724,.F.);
#6724 = EDGE_CURVE('',#6715,#4143,#6725,.T.);
#6725 = LINE('',#6726,#6727);
#6726 = CARTESIAN_POINT('',(3.775,-1.47,3.295));
#6727 = VECTOR('',#6728,1.);
#6728 = DIRECTION('',(0.,-1.,2.22044604925E-16));
#6729 = PLANE('',#6730);
#6730 = AXIS2_PLACEMENT_3D('',#6731,#6732,#6733);
#6731 = CARTESIAN_POINT('',(2.675,-1.47,3.295));
#6732 = DIRECTION('',(0.,2.22044604925E-16,1.));
#6733 = DIRECTION('',(0.,-1.,2.22044604925E-16));
#6734 = ADVANCED_FACE('',(#6735),#6746,.F.);
#6735 = FACE_BOUND('',#6736,.F.);
#6736 = EDGE_LOOP('',(#6737,#6738,#6744,#6745));
#6737 = ORIENTED_EDGE('',*,*,#6724,.F.);
#6738 = ORIENTED_EDGE('',*,*,#6739,.T.);
#6739 = EDGE_CURVE('',#6715,#6691,#6740,.T.);
#6740 = LINE('',#6741,#6742);
#6741 = CARTESIAN_POINT('',(3.775,-1.47,3.295));
#6742 = VECTOR('',#6743,1.);
#6743 = DIRECTION('',(0.,2.22044604925E-16,1.));
#6744 = ORIENTED_EDGE('',*,*,#6700,.T.);
#6745 = ORIENTED_EDGE('',*,*,#4142,.F.);
#6746 = PLANE('',#6747);
#6747 = AXIS2_PLACEMENT_3D('',#6748,#6749,#6750);
#6748 = CARTESIAN_POINT('',(3.775,-1.47,3.295));
#6749 = DIRECTION('',(1.,0.,0.));
#6750 = DIRECTION('',(0.,-1.,2.22044604925E-16));
#6751 = ADVANCED_FACE('',(#6752),#6786,.F.);
#6752 = FACE_BOUND('',#6753,.F.);
#6753 = EDGE_LOOP('',(#6754,#6755,#6763,#6771,#6779,#6785));
#6754 = ORIENTED_EDGE('',*,*,#4341,.T.);
#6755 = ORIENTED_EDGE('',*,*,#6756,.T.);
#6756 = EDGE_CURVE('',#4334,#6757,#6759,.T.);
#6757 = VERTEX_POINT('',#6758);
#6758 = CARTESIAN_POINT('',(3.625,0.98,1.995));
#6759 = LINE('',#6760,#6761);
#6760 = CARTESIAN_POINT('',(3.625,1.58,1.995));
#6761 = VECTOR('',#6762,1.);
#6762 = DIRECTION('',(0.,-1.,2.22044604925E-16));
#6763 = ORIENTED_EDGE('',*,*,#6764,.T.);
#6764 = EDGE_CURVE('',#6757,#6765,#6767,.T.);
#6765 = VERTEX_POINT('',#6766);
#6766 = CARTESIAN_POINT('',(3.625,0.98,3.595));
#6767 = LINE('',#6768,#6769);
#6768 = CARTESIAN_POINT('',(3.625,0.98,1.995));
#6769 = VECTOR('',#6770,1.);
#6770 = DIRECTION('',(0.,2.22044604925E-16,1.));
#6771 = ORIENTED_EDGE('',*,*,#6772,.T.);
#6772 = EDGE_CURVE('',#6765,#6773,#6775,.T.);
#6773 = VERTEX_POINT('',#6774);
#6774 = CARTESIAN_POINT('',(3.625,-0.32,3.595));
#6775 = LINE('',#6776,#6777);
#6776 = CARTESIAN_POINT('',(3.625,0.98,3.595));
#6777 = VECTOR('',#6778,1.);
#6778 = DIRECTION('',(0.,-1.,2.22044604925E-16));
#6779 = ORIENTED_EDGE('',*,*,#6780,.T.);
#6780 = EDGE_CURVE('',#6773,#4199,#6781,.T.);
#6781 = LINE('',#6782,#6783);
#6782 = CARTESIAN_POINT('',(3.625,-0.32,3.595));
#6783 = VECTOR('',#6784,1.);
#6784 = DIRECTION('',(0.,2.22044604925E-16,1.));
#6785 = ORIENTED_EDGE('',*,*,#4206,.T.);
#6786 = PLANE('',#6787);
#6787 = AXIS2_PLACEMENT_3D('',#6788,#6789,#6790);
#6788 = CARTESIAN_POINT('',(3.625,0.880602409639,3.370602409639));
#6789 = DIRECTION('',(-1.,1.979652642008E-31,-1.895603593819E-31));
#6790 = DIRECTION('',(1.979652642008E-31,1.,-2.22044604925E-16));
#6791 = ADVANCED_FACE('',(#6792),#6803,.F.);
#6792 = FACE_BOUND('',#6793,.F.);
#6793 = EDGE_LOOP('',(#6794,#6800,#6801,#6802));
#6794 = ORIENTED_EDGE('',*,*,#6795,.T.);
#6795 = EDGE_CURVE('',#6773,#4777,#6796,.T.);
#6796 = LINE('',#6797,#6798);
#6797 = CARTESIAN_POINT('',(3.625,-0.32,3.595));
#6798 = VECTOR('',#6799,1.);
#6799 = DIRECTION('',(1.,0.,0.));
#6800 = ORIENTED_EDGE('',*,*,#4784,.T.);
#6801 = ORIENTED_EDGE('',*,*,#4198,.F.);
#6802 = ORIENTED_EDGE('',*,*,#6780,.F.);
#6803 = PLANE('',#6804);
#6804 = AXIS2_PLACEMENT_3D('',#6805,#6806,#6807);
#6805 = CARTESIAN_POINT('',(3.625,-0.32,3.595));
#6806 = DIRECTION('',(0.,-1.,2.22044604925E-16));
#6807 = DIRECTION('',(0.,2.22044604925E-16,1.));
#6808 = ADVANCED_FACE('',(#6809),#6817,.T.);
#6809 = FACE_BOUND('',#6810,.T.);
#6810 = EDGE_LOOP('',(#6811,#6812,#6813,#6814,#6815,#6816));
#6811 = ORIENTED_EDGE('',*,*,#4348,.T.);
#6812 = ORIENTED_EDGE('',*,*,#4300,.T.);
#6813 = ORIENTED_EDGE('',*,*,#4276,.T.);
#6814 = ORIENTED_EDGE('',*,*,#4252,.T.);
#6815 = ORIENTED_EDGE('',*,*,#4228,.T.);
#6816 = ORIENTED_EDGE('',*,*,#4174,.T.);
#6817 = PLANE('',#6818);
#6818 = AXIS2_PLACEMENT_3D('',#6819,#6820,#6821);
#6819 = CARTESIAN_POINT('',(-3.625,0.880602409639,3.370602409639));
#6820 = DIRECTION('',(-1.,1.979652642008E-31,-1.895603593819E-31));
#6821 = DIRECTION('',(1.979652642008E-31,1.,-2.22044604925E-16));
#6822 = ADVANCED_FACE('',(#6823),#6834,.F.);
#6823 = FACE_BOUND('',#6824,.F.);
#6824 = EDGE_LOOP('',(#6825,#6826,#6827,#6833));
#6825 = ORIENTED_EDGE('',*,*,#4333,.T.);
#6826 = ORIENTED_EDGE('',*,*,#4760,.T.);
#6827 = ORIENTED_EDGE('',*,*,#6828,.F.);
#6828 = EDGE_CURVE('',#6757,#4761,#6829,.T.);
#6829 = LINE('',#6830,#6831);
#6830 = CARTESIAN_POINT('',(3.625,0.98,1.995));
#6831 = VECTOR('',#6832,1.);
#6832 = DIRECTION('',(1.,0.,0.));
#6833 = ORIENTED_EDGE('',*,*,#6756,.F.);
#6834 = PLANE('',#6835);
#6835 = AXIS2_PLACEMENT_3D('',#6836,#6837,#6838);
#6836 = CARTESIAN_POINT('',(3.625,1.58,1.995));
#6837 = DIRECTION('',(0.,-2.22044604925E-16,-1.));
#6838 = DIRECTION('',(0.,-1.,2.22044604925E-16));
#6839 = ADVANCED_FACE('',(#6840),#6892,.F.);
#6840 = FACE_BOUND('',#6841,.F.);
#6841 = EDGE_LOOP('',(#6842,#6850,#6858,#6866,#6874,#6882,#6888,#6889,
    #6890,#6891));
#6842 = ORIENTED_EDGE('',*,*,#6843,.T.);
#6843 = EDGE_CURVE('',#4600,#6844,#6846,.T.);
#6844 = VERTEX_POINT('',#6845);
#6845 = CARTESIAN_POINT('',(-1.975,2.4754,0.));
#6846 = LINE('',#6847,#6848);
#6847 = CARTESIAN_POINT('',(-1.975,0.7054,-4.000000000001E-04));
#6848 = VECTOR('',#6849,1.);
#6849 = DIRECTION('',(0.,0.999999974465,2.259886947942E-04));
#6850 = ORIENTED_EDGE('',*,*,#6851,.T.);
#6851 = EDGE_CURVE('',#6844,#6852,#6854,.T.);
#6852 = VERTEX_POINT('',#6853);
#6853 = CARTESIAN_POINT('',(-1.975,2.4754,0.3));
#6854 = LINE('',#6855,#6856);
#6855 = CARTESIAN_POINT('',(-1.975,2.4754,0.));
#6856 = VECTOR('',#6857,1.);
#6857 = DIRECTION('',(-7.401486830834E-16,0.,1.));
#6858 = ORIENTED_EDGE('',*,*,#6859,.T.);
#6859 = EDGE_CURVE('',#6852,#6860,#6862,.T.);
#6860 = VERTEX_POINT('',#6861);
#6861 = CARTESIAN_POINT('',(-1.975,1.7754,0.3));
#6862 = LINE('',#6863,#6864);
#6863 = CARTESIAN_POINT('',(-1.975,2.4754,0.3));
#6864 = VECTOR('',#6865,1.);
#6865 = DIRECTION('',(0.,-1.,0.));
#6866 = ORIENTED_EDGE('',*,*,#6867,.T.);
#6867 = EDGE_CURVE('',#6860,#6868,#6870,.T.);
#6868 = VERTEX_POINT('',#6869);
#6869 = CARTESIAN_POINT('',(-1.975,1.7754,0.65));
#6870 = LINE('',#6871,#6872);
#6871 = CARTESIAN_POINT('',(-1.975,1.7754,0.3));
#6872 = VECTOR('',#6873,1.);
#6873 = DIRECTION('',(0.,0.,1.));
#6874 = ORIENTED_EDGE('',*,*,#6875,.T.);
#6875 = EDGE_CURVE('',#6868,#6876,#6878,.T.);
#6876 = VERTEX_POINT('',#6877);
#6877 = CARTESIAN_POINT('',(-1.975,1.1054,0.65));
#6878 = LINE('',#6879,#6880);
#6879 = CARTESIAN_POINT('',(-1.975,1.7754,0.65));
#6880 = VECTOR('',#6881,1.);
#6881 = DIRECTION('',(0.,-1.,0.));
#6882 = ORIENTED_EDGE('',*,*,#6883,.T.);
#6883 = EDGE_CURVE('',#6876,#4520,#6884,.T.);
#6884 = LINE('',#6885,#6886);
#6885 = CARTESIAN_POINT('',(-1.975,1.1054,0.65));
#6886 = VECTOR('',#6887,1.);
#6887 = DIRECTION('',(0.,0.,1.));
#6888 = ORIENTED_EDGE('',*,*,#4527,.T.);
#6889 = ORIENTED_EDGE('',*,*,#4551,.T.);
#6890 = ORIENTED_EDGE('',*,*,#4575,.T.);
#6891 = ORIENTED_EDGE('',*,*,#4599,.T.);
#6892 = PLANE('',#6893);
#6893 = AXIS2_PLACEMENT_3D('',#6894,#6895,#6896);
#6894 = CARTESIAN_POINT('',(-1.975,1.293108022955E-02,1.127283611688));
#6895 = DIRECTION('',(1.,-1.250603656852E-18,2.809082092746E-18));
#6896 = DIRECTION('',(-2.809082092746E-18,0.,1.));
#6897 = ADVANCED_FACE('',(#6898),#6916,.F.);
#6898 = FACE_BOUND('',#6899,.F.);
#6899 = EDGE_LOOP('',(#6900,#6901,#6909,#6915));
#6900 = ORIENTED_EDGE('',*,*,#6883,.F.);
#6901 = ORIENTED_EDGE('',*,*,#6902,.T.);
#6902 = EDGE_CURVE('',#6876,#6903,#6905,.T.);
#6903 = VERTEX_POINT('',#6904);
#6904 = CARTESIAN_POINT('',(-1.775,1.1054,0.65));
#6905 = LINE('',#6906,#6907);
#6906 = CARTESIAN_POINT('',(-1.975,1.1054,0.65));
#6907 = VECTOR('',#6908,1.);
#6908 = DIRECTION('',(1.,0.,0.));
#6909 = ORIENTED_EDGE('',*,*,#6910,.T.);
#6910 = EDGE_CURVE('',#6903,#4512,#6911,.T.);
#6911 = LINE('',#6912,#6913);
#6912 = CARTESIAN_POINT('',(-1.775,1.1054,0.65));
#6913 = VECTOR('',#6914,1.);
#6914 = DIRECTION('',(0.,0.,1.));
#6915 = ORIENTED_EDGE('',*,*,#4519,.T.);
#6916 = PLANE('',#6917);
#6917 = AXIS2_PLACEMENT_3D('',#6918,#6919,#6920);
#6918 = CARTESIAN_POINT('',(-1.975,1.1054,0.65));
#6919 = DIRECTION('',(0.,-1.,0.));
#6920 = DIRECTION('',(0.,0.,1.));
#6921 = ADVANCED_FACE('',(#6922),#6979,.T.);
#6922 = FACE_BOUND('',#6923,.T.);
#6923 = EDGE_LOOP('',(#6924,#6932,#6940,#6948,#6956,#6962,#6963,#6964,
    #6972,#6978));
#6924 = ORIENTED_EDGE('',*,*,#6925,.T.);
#6925 = EDGE_CURVE('',#4608,#6926,#6928,.T.);
#6926 = VERTEX_POINT('',#6927);
#6927 = CARTESIAN_POINT('',(-1.775,2.4754,0.));
#6928 = LINE('',#6929,#6930);
#6929 = CARTESIAN_POINT('',(-1.775,0.7054,-4.000000000001E-04));
#6930 = VECTOR('',#6931,1.);
#6931 = DIRECTION('',(0.,0.999999974465,2.259886947942E-04));
#6932 = ORIENTED_EDGE('',*,*,#6933,.T.);
#6933 = EDGE_CURVE('',#6926,#6934,#6936,.T.);
#6934 = VERTEX_POINT('',#6935);
#6935 = CARTESIAN_POINT('',(-1.775,2.4754,0.3));
#6936 = LINE('',#6937,#6938);
#6937 = CARTESIAN_POINT('',(-1.775,2.4754,0.));
#6938 = VECTOR('',#6939,1.);
#6939 = DIRECTION('',(-7.401486830834E-16,0.,1.));
#6940 = ORIENTED_EDGE('',*,*,#6941,.T.);
#6941 = EDGE_CURVE('',#6934,#6942,#6944,.T.);
#6942 = VERTEX_POINT('',#6943);
#6943 = CARTESIAN_POINT('',(-1.775,1.7754,0.3));
#6944 = LINE('',#6945,#6946);
#6945 = CARTESIAN_POINT('',(-1.775,2.4754,0.3));
#6946 = VECTOR('',#6947,1.);
#6947 = DIRECTION('',(0.,-1.,0.));
#6948 = ORIENTED_EDGE('',*,*,#6949,.T.);
#6949 = EDGE_CURVE('',#6942,#6950,#6952,.T.);
#6950 = VERTEX_POINT('',#6951);
#6951 = CARTESIAN_POINT('',(-1.775,1.7754,0.65));
#6952 = LINE('',#6953,#6954);
#6953 = CARTESIAN_POINT('',(-1.775,1.7754,0.3));
#6954 = VECTOR('',#6955,1.);
#6955 = DIRECTION('',(0.,0.,1.));
#6956 = ORIENTED_EDGE('',*,*,#6957,.T.);
#6957 = EDGE_CURVE('',#6950,#6903,#6958,.T.);
#6958 = LINE('',#6959,#6960);
#6959 = CARTESIAN_POINT('',(-1.775,1.7754,0.65));
#6960 = VECTOR('',#6961,1.);
#6961 = DIRECTION('',(0.,-1.,0.));
#6962 = ORIENTED_EDGE('',*,*,#6910,.T.);
#6963 = ORIENTED_EDGE('',*,*,#4511,.T.);
#6964 = ORIENTED_EDGE('',*,*,#6965,.T.);
#6965 = EDGE_CURVE('',#4504,#6966,#6968,.T.);
#6966 = VERTEX_POINT('',#6967);
#6967 = CARTESIAN_POINT('',(-1.775,1.08,0.195));
#6968 = LINE('',#6969,#6970);
#6969 = CARTESIAN_POINT('',(-1.775,1.08,1.036141805844));
#6970 = VECTOR('',#6971,1.);
#6971 = DIRECTION('',(2.809082092746E-18,-2.22044604925E-16,-1.));
#6972 = ORIENTED_EDGE('',*,*,#6973,.T.);
#6973 = EDGE_CURVE('',#6966,#4616,#6974,.T.);
#6974 = LINE('',#6975,#6976);
#6975 = CARTESIAN_POINT('',(-1.775,0.546465540115,0.195));
#6976 = VECTOR('',#6977,1.);
#6977 = DIRECTION('',(-1.250603656852E-18,-1.,2.22044604925E-16));
#6978 = ORIENTED_EDGE('',*,*,#4615,.T.);
#6979 = PLANE('',#6980);
#6980 = AXIS2_PLACEMENT_3D('',#6981,#6982,#6983);
#6981 = CARTESIAN_POINT('',(-1.775,1.293108022955E-02,1.127283611688));
#6982 = DIRECTION('',(1.,-1.250603656852E-18,2.809082092746E-18));
#6983 = DIRECTION('',(-2.809082092746E-18,0.,1.));
#6984 = ADVANCED_FACE('',(#6985),#7003,.T.);
#6985 = FACE_BOUND('',#6986,.T.);
#6986 = EDGE_LOOP('',(#6987,#6988,#6989,#6997));
#6987 = ORIENTED_EDGE('',*,*,#6965,.F.);
#6988 = ORIENTED_EDGE('',*,*,#4503,.T.);
#6989 = ORIENTED_EDGE('',*,*,#6990,.T.);
#6990 = EDGE_CURVE('',#4496,#6991,#6993,.T.);
#6991 = VERTEX_POINT('',#6992);
#6992 = CARTESIAN_POINT('',(-0.725,1.08,0.195));
#6993 = LINE('',#6994,#6995);
#6994 = CARTESIAN_POINT('',(-0.725,1.08,1.036141805844));
#6995 = VECTOR('',#6996,1.);
#6996 = DIRECTION('',(2.809082092746E-18,-2.22044604925E-16,-1.));
#6997 = ORIENTED_EDGE('',*,*,#6998,.F.);
#6998 = EDGE_CURVE('',#6966,#6991,#6999,.T.);
#6999 = LINE('',#7000,#7001);
#7000 = CARTESIAN_POINT('',(-4.125,1.08,0.195));
#7001 = VECTOR('',#7002,1.);
#7002 = DIRECTION('',(1.,0.,0.));
#7003 = PLANE('',#7004);
#7004 = AXIS2_PLACEMENT_3D('',#7005,#7006,#7007);
#7005 = CARTESIAN_POINT('',(-4.125,1.08,0.945));
#7006 = DIRECTION('',(0.,1.,-2.22044604925E-16));
#7007 = DIRECTION('',(0.,-2.22044604925E-16,-1.));
#7008 = ADVANCED_FACE('',(#7009),#7066,.F.);
#7009 = FACE_BOUND('',#7010,.F.);
#7010 = EDGE_LOOP('',(#7011,#7019,#7027,#7035,#7043,#7051,#7057,#7058,
    #7059,#7065));
#7011 = ORIENTED_EDGE('',*,*,#7012,.T.);
#7012 = EDGE_CURVE('',#4632,#7013,#7015,.T.);
#7013 = VERTEX_POINT('',#7014);
#7014 = CARTESIAN_POINT('',(-0.725,2.4754,0.));
#7015 = LINE('',#7016,#7017);
#7016 = CARTESIAN_POINT('',(-0.725,0.7054,-4.000000000001E-04));
#7017 = VECTOR('',#7018,1.);
#7018 = DIRECTION('',(0.,0.999999974465,2.259886947942E-04));
#7019 = ORIENTED_EDGE('',*,*,#7020,.T.);
#7020 = EDGE_CURVE('',#7013,#7021,#7023,.T.);
#7021 = VERTEX_POINT('',#7022);
#7022 = CARTESIAN_POINT('',(-0.725,2.4754,0.3));
#7023 = LINE('',#7024,#7025);
#7024 = CARTESIAN_POINT('',(-0.725,2.4754,0.));
#7025 = VECTOR('',#7026,1.);
#7026 = DIRECTION('',(-7.401486830834E-16,0.,1.));
#7027 = ORIENTED_EDGE('',*,*,#7028,.T.);
#7028 = EDGE_CURVE('',#7021,#7029,#7031,.T.);
#7029 = VERTEX_POINT('',#7030);
#7030 = CARTESIAN_POINT('',(-0.725,1.7754,0.3));
#7031 = LINE('',#7032,#7033);
#7032 = CARTESIAN_POINT('',(-0.725,2.4754,0.3));
#7033 = VECTOR('',#7034,1.);
#7034 = DIRECTION('',(0.,-1.,0.));
#7035 = ORIENTED_EDGE('',*,*,#7036,.T.);
#7036 = EDGE_CURVE('',#7029,#7037,#7039,.T.);
#7037 = VERTEX_POINT('',#7038);
#7038 = CARTESIAN_POINT('',(-0.725,1.7754,0.65));
#7039 = LINE('',#7040,#7041);
#7040 = CARTESIAN_POINT('',(-0.725,1.7754,0.3));
#7041 = VECTOR('',#7042,1.);
#7042 = DIRECTION('',(0.,0.,1.));
#7043 = ORIENTED_EDGE('',*,*,#7044,.T.);
#7044 = EDGE_CURVE('',#7037,#7045,#7047,.T.);
#7045 = VERTEX_POINT('',#7046);
#7046 = CARTESIAN_POINT('',(-0.725,1.1054,0.65));
#7047 = LINE('',#7048,#7049);
#7048 = CARTESIAN_POINT('',(-0.725,1.7754,0.65));
#7049 = VECTOR('',#7050,1.);
#7050 = DIRECTION('',(0.,-1.,0.));
#7051 = ORIENTED_EDGE('',*,*,#7052,.T.);
#7052 = EDGE_CURVE('',#7045,#4488,#7053,.T.);
#7053 = LINE('',#7054,#7055);
#7054 = CARTESIAN_POINT('',(-0.725,1.1054,0.65));
#7055 = VECTOR('',#7056,1.);
#7056 = DIRECTION('',(0.,0.,1.));
#7057 = ORIENTED_EDGE('',*,*,#4495,.T.);
#7058 = ORIENTED_EDGE('',*,*,#6990,.T.);
#7059 = ORIENTED_EDGE('',*,*,#7060,.T.);
#7060 = EDGE_CURVE('',#6991,#4624,#7061,.T.);
#7061 = LINE('',#7062,#7063);
#7062 = CARTESIAN_POINT('',(-0.725,0.546465540115,0.195));
#7063 = VECTOR('',#7064,1.);
#7064 = DIRECTION('',(-1.250603656852E-18,-1.,2.22044604925E-16));
#7065 = ORIENTED_EDGE('',*,*,#4631,.T.);
#7066 = PLANE('',#7067);
#7067 = AXIS2_PLACEMENT_3D('',#7068,#7069,#7070);
#7068 = CARTESIAN_POINT('',(-0.725,1.293108022955E-02,1.127283611688));
#7069 = DIRECTION('',(1.,-1.250603656852E-18,2.809082092746E-18));
#7070 = DIRECTION('',(-2.809082092746E-18,0.,1.));
#7071 = ADVANCED_FACE('',(#7072),#7090,.F.);
#7072 = FACE_BOUND('',#7073,.F.);
#7073 = EDGE_LOOP('',(#7074,#7075,#7083,#7089));
#7074 = ORIENTED_EDGE('',*,*,#7052,.F.);
#7075 = ORIENTED_EDGE('',*,*,#7076,.T.);
#7076 = EDGE_CURVE('',#7045,#7077,#7079,.T.);
#7077 = VERTEX_POINT('',#7078);
#7078 = CARTESIAN_POINT('',(-0.525,1.1054,0.65));
#7079 = LINE('',#7080,#7081);
#7080 = CARTESIAN_POINT('',(-0.725,1.1054,0.65));
#7081 = VECTOR('',#7082,1.);
#7082 = DIRECTION('',(1.,0.,0.));
#7083 = ORIENTED_EDGE('',*,*,#7084,.T.);
#7084 = EDGE_CURVE('',#7077,#4480,#7085,.T.);
#7085 = LINE('',#7086,#7087);
#7086 = CARTESIAN_POINT('',(-0.525,1.1054,0.65));
#7087 = VECTOR('',#7088,1.);
#7088 = DIRECTION('',(0.,0.,1.));
#7089 = ORIENTED_EDGE('',*,*,#4487,.T.);
#7090 = PLANE('',#7091);
#7091 = AXIS2_PLACEMENT_3D('',#7092,#7093,#7094);
#7092 = CARTESIAN_POINT('',(-0.725,1.1054,0.65));
#7093 = DIRECTION('',(0.,-1.,0.));
#7094 = DIRECTION('',(0.,0.,1.));
#7095 = ADVANCED_FACE('',(#7096),#7153,.T.);
#7096 = FACE_BOUND('',#7097,.T.);
#7097 = EDGE_LOOP('',(#7098,#7106,#7114,#7122,#7130,#7136,#7137,#7138,
    #7146,#7152));
#7098 = ORIENTED_EDGE('',*,*,#7099,.T.);
#7099 = EDGE_CURVE('',#4640,#7100,#7102,.T.);
#7100 = VERTEX_POINT('',#7101);
#7101 = CARTESIAN_POINT('',(-0.525,2.4754,0.));
#7102 = LINE('',#7103,#7104);
#7103 = CARTESIAN_POINT('',(-0.525,0.7054,-4.000000000001E-04));
#7104 = VECTOR('',#7105,1.);
#7105 = DIRECTION('',(0.,0.999999974465,2.259886947942E-04));
#7106 = ORIENTED_EDGE('',*,*,#7107,.T.);
#7107 = EDGE_CURVE('',#7100,#7108,#7110,.T.);
#7108 = VERTEX_POINT('',#7109);
#7109 = CARTESIAN_POINT('',(-0.525,2.4754,0.3));
#7110 = LINE('',#7111,#7112);
#7111 = CARTESIAN_POINT('',(-0.525,2.4754,0.));
#7112 = VECTOR('',#7113,1.);
#7113 = DIRECTION('',(-7.401486830834E-16,0.,1.));
#7114 = ORIENTED_EDGE('',*,*,#7115,.T.);
#7115 = EDGE_CURVE('',#7108,#7116,#7118,.T.);
#7116 = VERTEX_POINT('',#7117);
#7117 = CARTESIAN_POINT('',(-0.525,1.7754,0.3));
#7118 = LINE('',#7119,#7120);
#7119 = CARTESIAN_POINT('',(-0.525,2.4754,0.3));
#7120 = VECTOR('',#7121,1.);
#7121 = DIRECTION('',(0.,-1.,0.));
#7122 = ORIENTED_EDGE('',*,*,#7123,.T.);
#7123 = EDGE_CURVE('',#7116,#7124,#7126,.T.);
#7124 = VERTEX_POINT('',#7125);
#7125 = CARTESIAN_POINT('',(-0.525,1.7754,0.65));
#7126 = LINE('',#7127,#7128);
#7127 = CARTESIAN_POINT('',(-0.525,1.7754,0.3));
#7128 = VECTOR('',#7129,1.);
#7129 = DIRECTION('',(0.,0.,1.));
#7130 = ORIENTED_EDGE('',*,*,#7131,.T.);
#7131 = EDGE_CURVE('',#7124,#7077,#7132,.T.);
#7132 = LINE('',#7133,#7134);
#7133 = CARTESIAN_POINT('',(-0.525,1.7754,0.65));
#7134 = VECTOR('',#7135,1.);
#7135 = DIRECTION('',(0.,-1.,0.));
#7136 = ORIENTED_EDGE('',*,*,#7084,.T.);
#7137 = ORIENTED_EDGE('',*,*,#4479,.T.);
#7138 = ORIENTED_EDGE('',*,*,#7139,.T.);
#7139 = EDGE_CURVE('',#4472,#7140,#7142,.T.);
#7140 = VERTEX_POINT('',#7141);
#7141 = CARTESIAN_POINT('',(-0.525,1.08,0.195));
#7142 = LINE('',#7143,#7144);
#7143 = CARTESIAN_POINT('',(-0.525,1.08,1.036141805844));
#7144 = VECTOR('',#7145,1.);
#7145 = DIRECTION('',(2.809082092746E-18,-2.22044604925E-16,-1.));
#7146 = ORIENTED_EDGE('',*,*,#7147,.T.);
#7147 = EDGE_CURVE('',#7140,#4648,#7148,.T.);
#7148 = LINE('',#7149,#7150);
#7149 = CARTESIAN_POINT('',(-0.525,0.546465540115,0.195));
#7150 = VECTOR('',#7151,1.);
#7151 = DIRECTION('',(-1.250603656852E-18,-1.,2.22044604925E-16));
#7152 = ORIENTED_EDGE('',*,*,#4647,.T.);
#7153 = PLANE('',#7154);
#7154 = AXIS2_PLACEMENT_3D('',#7155,#7156,#7157);
#7155 = CARTESIAN_POINT('',(-0.525,1.293108022955E-02,1.127283611688));
#7156 = DIRECTION('',(1.,-1.250603656852E-18,2.809082092746E-18));
#7157 = DIRECTION('',(-2.809082092746E-18,0.,1.));
#7158 = ADVANCED_FACE('',(#7159),#7177,.T.);
#7159 = FACE_BOUND('',#7160,.T.);
#7160 = EDGE_LOOP('',(#7161,#7162,#7163,#7171));
#7161 = ORIENTED_EDGE('',*,*,#7139,.F.);
#7162 = ORIENTED_EDGE('',*,*,#4471,.T.);
#7163 = ORIENTED_EDGE('',*,*,#7164,.T.);
#7164 = EDGE_CURVE('',#4464,#7165,#7167,.T.);
#7165 = VERTEX_POINT('',#7166);
#7166 = CARTESIAN_POINT('',(0.525,1.08,0.195));
#7167 = LINE('',#7168,#7169);
#7168 = CARTESIAN_POINT('',(0.525,1.08,1.036141805844));
#7169 = VECTOR('',#7170,1.);
#7170 = DIRECTION('',(2.809082092746E-18,-2.22044604925E-16,-1.));
#7171 = ORIENTED_EDGE('',*,*,#7172,.F.);
#7172 = EDGE_CURVE('',#7140,#7165,#7173,.T.);
#7173 = LINE('',#7174,#7175);
#7174 = CARTESIAN_POINT('',(-4.125,1.08,0.195));
#7175 = VECTOR('',#7176,1.);
#7176 = DIRECTION('',(1.,0.,0.));
#7177 = PLANE('',#7178);
#7178 = AXIS2_PLACEMENT_3D('',#7179,#7180,#7181);
#7179 = CARTESIAN_POINT('',(-4.125,1.08,0.945));
#7180 = DIRECTION('',(0.,1.,-2.22044604925E-16));
#7181 = DIRECTION('',(0.,-2.22044604925E-16,-1.));
#7182 = ADVANCED_FACE('',(#7183),#7240,.F.);
#7183 = FACE_BOUND('',#7184,.F.);
#7184 = EDGE_LOOP('',(#7185,#7193,#7201,#7209,#7217,#7225,#7231,#7232,
    #7233,#7239));
#7185 = ORIENTED_EDGE('',*,*,#7186,.T.);
#7186 = EDGE_CURVE('',#4664,#7187,#7189,.T.);
#7187 = VERTEX_POINT('',#7188);
#7188 = CARTESIAN_POINT('',(0.525,2.4754,0.));
#7189 = LINE('',#7190,#7191);
#7190 = CARTESIAN_POINT('',(0.525,0.7054,-4.000000000001E-04));
#7191 = VECTOR('',#7192,1.);
#7192 = DIRECTION('',(0.,0.999999974465,2.259886947942E-04));
#7193 = ORIENTED_EDGE('',*,*,#7194,.T.);
#7194 = EDGE_CURVE('',#7187,#7195,#7197,.T.);
#7195 = VERTEX_POINT('',#7196);
#7196 = CARTESIAN_POINT('',(0.525,2.4754,0.3));
#7197 = LINE('',#7198,#7199);
#7198 = CARTESIAN_POINT('',(0.525,2.4754,0.));
#7199 = VECTOR('',#7200,1.);
#7200 = DIRECTION('',(-7.401486830834E-16,0.,1.));
#7201 = ORIENTED_EDGE('',*,*,#7202,.T.);
#7202 = EDGE_CURVE('',#7195,#7203,#7205,.T.);
#7203 = VERTEX_POINT('',#7204);
#7204 = CARTESIAN_POINT('',(0.525,1.7754,0.3));
#7205 = LINE('',#7206,#7207);
#7206 = CARTESIAN_POINT('',(0.525,2.4754,0.3));
#7207 = VECTOR('',#7208,1.);
#7208 = DIRECTION('',(0.,-1.,0.));
#7209 = ORIENTED_EDGE('',*,*,#7210,.T.);
#7210 = EDGE_CURVE('',#7203,#7211,#7213,.T.);
#7211 = VERTEX_POINT('',#7212);
#7212 = CARTESIAN_POINT('',(0.525,1.7754,0.65));
#7213 = LINE('',#7214,#7215);
#7214 = CARTESIAN_POINT('',(0.525,1.7754,0.3));
#7215 = VECTOR('',#7216,1.);
#7216 = DIRECTION('',(0.,0.,1.));
#7217 = ORIENTED_EDGE('',*,*,#7218,.T.);
#7218 = EDGE_CURVE('',#7211,#7219,#7221,.T.);
#7219 = VERTEX_POINT('',#7220);
#7220 = CARTESIAN_POINT('',(0.525,1.1054,0.65));
#7221 = LINE('',#7222,#7223);
#7222 = CARTESIAN_POINT('',(0.525,1.7754,0.65));
#7223 = VECTOR('',#7224,1.);
#7224 = DIRECTION('',(0.,-1.,0.));
#7225 = ORIENTED_EDGE('',*,*,#7226,.T.);
#7226 = EDGE_CURVE('',#7219,#4456,#7227,.T.);
#7227 = LINE('',#7228,#7229);
#7228 = CARTESIAN_POINT('',(0.525,1.1054,0.65));
#7229 = VECTOR('',#7230,1.);
#7230 = DIRECTION('',(0.,0.,1.));
#7231 = ORIENTED_EDGE('',*,*,#4463,.T.);
#7232 = ORIENTED_EDGE('',*,*,#7164,.T.);
#7233 = ORIENTED_EDGE('',*,*,#7234,.T.);
#7234 = EDGE_CURVE('',#7165,#4656,#7235,.T.);
#7235 = LINE('',#7236,#7237);
#7236 = CARTESIAN_POINT('',(0.525,0.546465540115,0.195));
#7237 = VECTOR('',#7238,1.);
#7238 = DIRECTION('',(-1.250603656852E-18,-1.,2.22044604925E-16));
#7239 = ORIENTED_EDGE('',*,*,#4663,.T.);
#7240 = PLANE('',#7241);
#7241 = AXIS2_PLACEMENT_3D('',#7242,#7243,#7244);
#7242 = CARTESIAN_POINT('',(0.525,1.293108022955E-02,1.127283611688));
#7243 = DIRECTION('',(1.,-1.250603656852E-18,2.809082092746E-18));
#7244 = DIRECTION('',(-2.809082092746E-18,0.,1.));
#7245 = ADVANCED_FACE('',(#7246),#7264,.F.);
#7246 = FACE_BOUND('',#7247,.F.);
#7247 = EDGE_LOOP('',(#7248,#7249,#7257,#7263));
#7248 = ORIENTED_EDGE('',*,*,#7226,.F.);
#7249 = ORIENTED_EDGE('',*,*,#7250,.T.);
#7250 = EDGE_CURVE('',#7219,#7251,#7253,.T.);
#7251 = VERTEX_POINT('',#7252);
#7252 = CARTESIAN_POINT('',(0.725,1.1054,0.65));
#7253 = LINE('',#7254,#7255);
#7254 = CARTESIAN_POINT('',(0.525,1.1054,0.65));
#7255 = VECTOR('',#7256,1.);
#7256 = DIRECTION('',(1.,0.,0.));
#7257 = ORIENTED_EDGE('',*,*,#7258,.T.);
#7258 = EDGE_CURVE('',#7251,#4448,#7259,.T.);
#7259 = LINE('',#7260,#7261);
#7260 = CARTESIAN_POINT('',(0.725,1.1054,0.65));
#7261 = VECTOR('',#7262,1.);
#7262 = DIRECTION('',(0.,0.,1.));
#7263 = ORIENTED_EDGE('',*,*,#4455,.T.);
#7264 = PLANE('',#7265);
#7265 = AXIS2_PLACEMENT_3D('',#7266,#7267,#7268);
#7266 = CARTESIAN_POINT('',(0.525,1.1054,0.65));
#7267 = DIRECTION('',(0.,-1.,0.));
#7268 = DIRECTION('',(0.,0.,1.));
#7269 = ADVANCED_FACE('',(#7270),#7327,.T.);
#7270 = FACE_BOUND('',#7271,.T.);
#7271 = EDGE_LOOP('',(#7272,#7280,#7288,#7296,#7304,#7310,#7311,#7312,
    #7320,#7326));
#7272 = ORIENTED_EDGE('',*,*,#7273,.T.);
#7273 = EDGE_CURVE('',#4672,#7274,#7276,.T.);
#7274 = VERTEX_POINT('',#7275);
#7275 = CARTESIAN_POINT('',(0.725,2.4754,0.));
#7276 = LINE('',#7277,#7278);
#7277 = CARTESIAN_POINT('',(0.725,0.7054,-4.000000000001E-04));
#7278 = VECTOR('',#7279,1.);
#7279 = DIRECTION('',(0.,0.999999974465,2.259886947942E-04));
#7280 = ORIENTED_EDGE('',*,*,#7281,.T.);
#7281 = EDGE_CURVE('',#7274,#7282,#7284,.T.);
#7282 = VERTEX_POINT('',#7283);
#7283 = CARTESIAN_POINT('',(0.725,2.4754,0.3));
#7284 = LINE('',#7285,#7286);
#7285 = CARTESIAN_POINT('',(0.725,2.4754,0.));
#7286 = VECTOR('',#7287,1.);
#7287 = DIRECTION('',(-7.401486830834E-16,0.,1.));
#7288 = ORIENTED_EDGE('',*,*,#7289,.T.);
#7289 = EDGE_CURVE('',#7282,#7290,#7292,.T.);
#7290 = VERTEX_POINT('',#7291);
#7291 = CARTESIAN_POINT('',(0.725,1.7754,0.3));
#7292 = LINE('',#7293,#7294);
#7293 = CARTESIAN_POINT('',(0.725,2.4754,0.3));
#7294 = VECTOR('',#7295,1.);
#7295 = DIRECTION('',(0.,-1.,0.));
#7296 = ORIENTED_EDGE('',*,*,#7297,.T.);
#7297 = EDGE_CURVE('',#7290,#7298,#7300,.T.);
#7298 = VERTEX_POINT('',#7299);
#7299 = CARTESIAN_POINT('',(0.725,1.7754,0.65));
#7300 = LINE('',#7301,#7302);
#7301 = CARTESIAN_POINT('',(0.725,1.7754,0.3));
#7302 = VECTOR('',#7303,1.);
#7303 = DIRECTION('',(0.,0.,1.));
#7304 = ORIENTED_EDGE('',*,*,#7305,.T.);
#7305 = EDGE_CURVE('',#7298,#7251,#7306,.T.);
#7306 = LINE('',#7307,#7308);
#7307 = CARTESIAN_POINT('',(0.725,1.7754,0.65));
#7308 = VECTOR('',#7309,1.);
#7309 = DIRECTION('',(0.,-1.,0.));
#7310 = ORIENTED_EDGE('',*,*,#7258,.T.);
#7311 = ORIENTED_EDGE('',*,*,#4447,.T.);
#7312 = ORIENTED_EDGE('',*,*,#7313,.T.);
#7313 = EDGE_CURVE('',#4440,#7314,#7316,.T.);
#7314 = VERTEX_POINT('',#7315);
#7315 = CARTESIAN_POINT('',(0.725,1.08,0.195));
#7316 = LINE('',#7317,#7318);
#7317 = CARTESIAN_POINT('',(0.725,1.08,1.036141805844));
#7318 = VECTOR('',#7319,1.);
#7319 = DIRECTION('',(2.809082092746E-18,-2.22044604925E-16,-1.));
#7320 = ORIENTED_EDGE('',*,*,#7321,.T.);
#7321 = EDGE_CURVE('',#7314,#4680,#7322,.T.);
#7322 = LINE('',#7323,#7324);
#7323 = CARTESIAN_POINT('',(0.725,0.546465540115,0.195));
#7324 = VECTOR('',#7325,1.);
#7325 = DIRECTION('',(-1.250603656852E-18,-1.,2.22044604925E-16));
#7326 = ORIENTED_EDGE('',*,*,#4679,.T.);
#7327 = PLANE('',#7328);
#7328 = AXIS2_PLACEMENT_3D('',#7329,#7330,#7331);
#7329 = CARTESIAN_POINT('',(0.725,1.293108022955E-02,1.127283611688));
#7330 = DIRECTION('',(1.,-1.250603656852E-18,2.809082092746E-18));
#7331 = DIRECTION('',(-2.809082092746E-18,0.,1.));
#7332 = ADVANCED_FACE('',(#7333),#7351,.T.);
#7333 = FACE_BOUND('',#7334,.T.);
#7334 = EDGE_LOOP('',(#7335,#7336,#7337,#7345));
#7335 = ORIENTED_EDGE('',*,*,#7313,.F.);
#7336 = ORIENTED_EDGE('',*,*,#4439,.T.);
#7337 = ORIENTED_EDGE('',*,*,#7338,.T.);
#7338 = EDGE_CURVE('',#4432,#7339,#7341,.T.);
#7339 = VERTEX_POINT('',#7340);
#7340 = CARTESIAN_POINT('',(1.775,1.08,0.195));
#7341 = LINE('',#7342,#7343);
#7342 = CARTESIAN_POINT('',(1.775,1.08,1.036141805844));
#7343 = VECTOR('',#7344,1.);
#7344 = DIRECTION('',(2.809082092746E-18,-2.22044604925E-16,-1.));
#7345 = ORIENTED_EDGE('',*,*,#7346,.F.);
#7346 = EDGE_CURVE('',#7314,#7339,#7347,.T.);
#7347 = LINE('',#7348,#7349);
#7348 = CARTESIAN_POINT('',(-4.125,1.08,0.195));
#7349 = VECTOR('',#7350,1.);
#7350 = DIRECTION('',(1.,0.,0.));
#7351 = PLANE('',#7352);
#7352 = AXIS2_PLACEMENT_3D('',#7353,#7354,#7355);
#7353 = CARTESIAN_POINT('',(-4.125,1.08,0.945));
#7354 = DIRECTION('',(0.,1.,-2.22044604925E-16));
#7355 = DIRECTION('',(0.,-2.22044604925E-16,-1.));
#7356 = ADVANCED_FACE('',(#7357),#7414,.F.);
#7357 = FACE_BOUND('',#7358,.F.);
#7358 = EDGE_LOOP('',(#7359,#7367,#7375,#7383,#7391,#7399,#7405,#7406,
    #7407,#7413));
#7359 = ORIENTED_EDGE('',*,*,#7360,.T.);
#7360 = EDGE_CURVE('',#4696,#7361,#7363,.T.);
#7361 = VERTEX_POINT('',#7362);
#7362 = CARTESIAN_POINT('',(1.775,2.4754,0.));
#7363 = LINE('',#7364,#7365);
#7364 = CARTESIAN_POINT('',(1.775,0.7054,-4.000000000001E-04));
#7365 = VECTOR('',#7366,1.);
#7366 = DIRECTION('',(0.,0.999999974465,2.259886947942E-04));
#7367 = ORIENTED_EDGE('',*,*,#7368,.T.);
#7368 = EDGE_CURVE('',#7361,#7369,#7371,.T.);
#7369 = VERTEX_POINT('',#7370);
#7370 = CARTESIAN_POINT('',(1.775,2.4754,0.3));
#7371 = LINE('',#7372,#7373);
#7372 = CARTESIAN_POINT('',(1.775,2.4754,0.));
#7373 = VECTOR('',#7374,1.);
#7374 = DIRECTION('',(-7.401486830834E-16,0.,1.));
#7375 = ORIENTED_EDGE('',*,*,#7376,.T.);
#7376 = EDGE_CURVE('',#7369,#7377,#7379,.T.);
#7377 = VERTEX_POINT('',#7378);
#7378 = CARTESIAN_POINT('',(1.775,1.7754,0.3));
#7379 = LINE('',#7380,#7381);
#7380 = CARTESIAN_POINT('',(1.775,2.4754,0.3));
#7381 = VECTOR('',#7382,1.);
#7382 = DIRECTION('',(0.,-1.,0.));
#7383 = ORIENTED_EDGE('',*,*,#7384,.T.);
#7384 = EDGE_CURVE('',#7377,#7385,#7387,.T.);
#7385 = VERTEX_POINT('',#7386);
#7386 = CARTESIAN_POINT('',(1.775,1.7754,0.65));
#7387 = LINE('',#7388,#7389);
#7388 = CARTESIAN_POINT('',(1.775,1.7754,0.3));
#7389 = VECTOR('',#7390,1.);
#7390 = DIRECTION('',(0.,0.,1.));
#7391 = ORIENTED_EDGE('',*,*,#7392,.T.);
#7392 = EDGE_CURVE('',#7385,#7393,#7395,.T.);
#7393 = VERTEX_POINT('',#7394);
#7394 = CARTESIAN_POINT('',(1.775,1.1054,0.65));
#7395 = LINE('',#7396,#7397);
#7396 = CARTESIAN_POINT('',(1.775,1.7754,0.65));
#7397 = VECTOR('',#7398,1.);
#7398 = DIRECTION('',(0.,-1.,0.));
#7399 = ORIENTED_EDGE('',*,*,#7400,.T.);
#7400 = EDGE_CURVE('',#7393,#4424,#7401,.T.);
#7401 = LINE('',#7402,#7403);
#7402 = CARTESIAN_POINT('',(1.775,1.1054,0.65));
#7403 = VECTOR('',#7404,1.);
#7404 = DIRECTION('',(0.,0.,1.));
#7405 = ORIENTED_EDGE('',*,*,#4431,.T.);
#7406 = ORIENTED_EDGE('',*,*,#7338,.T.);
#7407 = ORIENTED_EDGE('',*,*,#7408,.T.);
#7408 = EDGE_CURVE('',#7339,#4688,#7409,.T.);
#7409 = LINE('',#7410,#7411);
#7410 = CARTESIAN_POINT('',(1.775,0.546465540115,0.195));
#7411 = VECTOR('',#7412,1.);
#7412 = DIRECTION('',(-1.250603656852E-18,-1.,2.22044604925E-16));
#7413 = ORIENTED_EDGE('',*,*,#4695,.T.);
#7414 = PLANE('',#7415);
#7415 = AXIS2_PLACEMENT_3D('',#7416,#7417,#7418);
#7416 = CARTESIAN_POINT('',(1.775,1.293108022955E-02,1.127283611688));
#7417 = DIRECTION('',(1.,-1.250603656852E-18,2.809082092746E-18));
#7418 = DIRECTION('',(-2.809082092746E-18,0.,1.));
#7419 = ADVANCED_FACE('',(#7420),#7438,.F.);
#7420 = FACE_BOUND('',#7421,.F.);
#7421 = EDGE_LOOP('',(#7422,#7423,#7431,#7437));
#7422 = ORIENTED_EDGE('',*,*,#7400,.F.);
#7423 = ORIENTED_EDGE('',*,*,#7424,.T.);
#7424 = EDGE_CURVE('',#7393,#7425,#7427,.T.);
#7425 = VERTEX_POINT('',#7426);
#7426 = CARTESIAN_POINT('',(1.975,1.1054,0.65));
#7427 = LINE('',#7428,#7429);
#7428 = CARTESIAN_POINT('',(1.775,1.1054,0.65));
#7429 = VECTOR('',#7430,1.);
#7430 = DIRECTION('',(1.,0.,0.));
#7431 = ORIENTED_EDGE('',*,*,#7432,.T.);
#7432 = EDGE_CURVE('',#7425,#4416,#7433,.T.);
#7433 = LINE('',#7434,#7435);
#7434 = CARTESIAN_POINT('',(1.975,1.1054,0.65));
#7435 = VECTOR('',#7436,1.);
#7436 = DIRECTION('',(0.,0.,1.));
#7437 = ORIENTED_EDGE('',*,*,#4423,.T.);
#7438 = PLANE('',#7439);
#7439 = AXIS2_PLACEMENT_3D('',#7440,#7441,#7442);
#7440 = CARTESIAN_POINT('',(1.775,1.1054,0.65));
#7441 = DIRECTION('',(0.,-1.,0.));
#7442 = DIRECTION('',(0.,0.,1.));
#7443 = ADVANCED_FACE('',(#7444),#7501,.T.);
#7444 = FACE_BOUND('',#7445,.T.);
#7445 = EDGE_LOOP('',(#7446,#7454,#7462,#7470,#7478,#7484,#7485,#7486,
    #7494,#7500));
#7446 = ORIENTED_EDGE('',*,*,#7447,.T.);
#7447 = EDGE_CURVE('',#4704,#7448,#7450,.T.);
#7448 = VERTEX_POINT('',#7449);
#7449 = CARTESIAN_POINT('',(1.975,2.4754,0.));
#7450 = LINE('',#7451,#7452);
#7451 = CARTESIAN_POINT('',(1.975,0.7054,-4.000000000001E-04));
#7452 = VECTOR('',#7453,1.);
#7453 = DIRECTION('',(0.,0.999999974465,2.259886947942E-04));
#7454 = ORIENTED_EDGE('',*,*,#7455,.T.);
#7455 = EDGE_CURVE('',#7448,#7456,#7458,.T.);
#7456 = VERTEX_POINT('',#7457);
#7457 = CARTESIAN_POINT('',(1.975,2.4754,0.3));
#7458 = LINE('',#7459,#7460);
#7459 = CARTESIAN_POINT('',(1.975,2.4754,0.));
#7460 = VECTOR('',#7461,1.);
#7461 = DIRECTION('',(-7.401486830834E-16,0.,1.));
#7462 = ORIENTED_EDGE('',*,*,#7463,.T.);
#7463 = EDGE_CURVE('',#7456,#7464,#7466,.T.);
#7464 = VERTEX_POINT('',#7465);
#7465 = CARTESIAN_POINT('',(1.975,1.7754,0.3));
#7466 = LINE('',#7467,#7468);
#7467 = CARTESIAN_POINT('',(1.975,2.4754,0.3));
#7468 = VECTOR('',#7469,1.);
#7469 = DIRECTION('',(0.,-1.,0.));
#7470 = ORIENTED_EDGE('',*,*,#7471,.T.);
#7471 = EDGE_CURVE('',#7464,#7472,#7474,.T.);
#7472 = VERTEX_POINT('',#7473);
#7473 = CARTESIAN_POINT('',(1.975,1.7754,0.65));
#7474 = LINE('',#7475,#7476);
#7475 = CARTESIAN_POINT('',(1.975,1.7754,0.3));
#7476 = VECTOR('',#7477,1.);
#7477 = DIRECTION('',(0.,0.,1.));
#7478 = ORIENTED_EDGE('',*,*,#7479,.T.);
#7479 = EDGE_CURVE('',#7472,#7425,#7480,.T.);
#7480 = LINE('',#7481,#7482);
#7481 = CARTESIAN_POINT('',(1.975,1.7754,0.65));
#7482 = VECTOR('',#7483,1.);
#7483 = DIRECTION('',(0.,-1.,0.));
#7484 = ORIENTED_EDGE('',*,*,#7432,.T.);
#7485 = ORIENTED_EDGE('',*,*,#4415,.T.);
#7486 = ORIENTED_EDGE('',*,*,#7487,.T.);
#7487 = EDGE_CURVE('',#4408,#7488,#7490,.T.);
#7488 = VERTEX_POINT('',#7489);
#7489 = CARTESIAN_POINT('',(1.975,1.08,0.195));
#7490 = LINE('',#7491,#7492);
#7491 = CARTESIAN_POINT('',(1.975,1.08,1.036141805844));
#7492 = VECTOR('',#7493,1.);
#7493 = DIRECTION('',(2.809082092746E-18,-2.22044604925E-16,-1.));
#7494 = ORIENTED_EDGE('',*,*,#7495,.T.);
#7495 = EDGE_CURVE('',#7488,#4712,#7496,.T.);
#7496 = LINE('',#7497,#7498);
#7497 = CARTESIAN_POINT('',(1.975,0.546465540115,0.195));
#7498 = VECTOR('',#7499,1.);
#7499 = DIRECTION('',(-1.250603656852E-18,-1.,2.22044604925E-16));
#7500 = ORIENTED_EDGE('',*,*,#4711,.T.);
#7501 = PLANE('',#7502);
#7502 = AXIS2_PLACEMENT_3D('',#7503,#7504,#7505);
#7503 = CARTESIAN_POINT('',(1.975,1.293108022955E-02,1.127283611688));
#7504 = DIRECTION('',(1.,-1.250603656852E-18,2.809082092746E-18));
#7505 = DIRECTION('',(-2.809082092746E-18,0.,1.));
#7506 = ADVANCED_FACE('',(#7507),#7518,.T.);
#7507 = FACE_BOUND('',#7508,.T.);
#7508 = EDGE_LOOP('',(#7509,#7510,#7511,#7512));
#7509 = ORIENTED_EDGE('',*,*,#7487,.F.);
#7510 = ORIENTED_EDGE('',*,*,#4407,.T.);
#7511 = ORIENTED_EDGE('',*,*,#4752,.T.);
#7512 = ORIENTED_EDGE('',*,*,#7513,.F.);
#7513 = EDGE_CURVE('',#7488,#4745,#7514,.T.);
#7514 = LINE('',#7515,#7516);
#7515 = CARTESIAN_POINT('',(-4.125,1.08,0.195));
#7516 = VECTOR('',#7517,1.);
#7517 = DIRECTION('',(1.,0.,0.));
#7518 = PLANE('',#7519);
#7519 = AXIS2_PLACEMENT_3D('',#7520,#7521,#7522);
#7520 = CARTESIAN_POINT('',(-4.125,1.08,0.945));
#7521 = DIRECTION('',(0.,1.,-2.22044604925E-16));
#7522 = DIRECTION('',(0.,-2.22044604925E-16,-1.));
#7523 = ADVANCED_FACE('',(#7524),#7530,.T.);
#7524 = FACE_BOUND('',#7525,.T.);
#7525 = EDGE_LOOP('',(#7526,#7527,#7528,#7529));
#7526 = ORIENTED_EDGE('',*,*,#7495,.F.);
#7527 = ORIENTED_EDGE('',*,*,#7513,.T.);
#7528 = ORIENTED_EDGE('',*,*,#4744,.T.);
#7529 = ORIENTED_EDGE('',*,*,#4719,.F.);
#7530 = PLANE('',#7531);
#7531 = AXIS2_PLACEMENT_3D('',#7532,#7533,#7534);
#7532 = CARTESIAN_POINT('',(-4.125,1.08,0.195));
#7533 = DIRECTION('',(0.,-2.22044604925E-16,-1.));
#7534 = DIRECTION('',(0.,-1.,2.22044604925E-16));
#7535 = ADVANCED_FACE('',(#7536),#7547,.F.);
#7536 = FACE_BOUND('',#7537,.F.);
#7537 = EDGE_LOOP('',(#7538,#7539,#7540,#7541));
#7538 = ORIENTED_EDGE('',*,*,#7360,.F.);
#7539 = ORIENTED_EDGE('',*,*,#4703,.T.);
#7540 = ORIENTED_EDGE('',*,*,#7447,.T.);
#7541 = ORIENTED_EDGE('',*,*,#7542,.F.);
#7542 = EDGE_CURVE('',#7361,#7448,#7543,.T.);
#7543 = LINE('',#7544,#7545);
#7544 = CARTESIAN_POINT('',(1.775,2.4754,0.));
#7545 = VECTOR('',#7546,1.);
#7546 = DIRECTION('',(1.,0.,0.));
#7547 = PLANE('',#7548);
#7548 = AXIS2_PLACEMENT_3D('',#7549,#7550,#7551);
#7549 = CARTESIAN_POINT('',(1.775,0.7054,-4.000000000001E-04));
#7550 = DIRECTION('',(0.,-2.259886947942E-04,0.999999974465));
#7551 = DIRECTION('',(0.,0.999999974465,2.259886947942E-04));
#7552 = ADVANCED_FACE('',(#7553),#7559,.T.);
#7553 = FACE_BOUND('',#7554,.T.);
#7554 = EDGE_LOOP('',(#7555,#7556,#7557,#7558));
#7555 = ORIENTED_EDGE('',*,*,#7321,.F.);
#7556 = ORIENTED_EDGE('',*,*,#7346,.T.);
#7557 = ORIENTED_EDGE('',*,*,#7408,.T.);
#7558 = ORIENTED_EDGE('',*,*,#4687,.F.);
#7559 = PLANE('',#7560);
#7560 = AXIS2_PLACEMENT_3D('',#7561,#7562,#7563);
#7561 = CARTESIAN_POINT('',(-4.125,1.08,0.195));
#7562 = DIRECTION('',(0.,-2.22044604925E-16,-1.));
#7563 = DIRECTION('',(0.,-1.,2.22044604925E-16));
#7564 = ADVANCED_FACE('',(#7565),#7576,.F.);
#7565 = FACE_BOUND('',#7566,.F.);
#7566 = EDGE_LOOP('',(#7567,#7568,#7569,#7570));
#7567 = ORIENTED_EDGE('',*,*,#7186,.F.);
#7568 = ORIENTED_EDGE('',*,*,#4671,.T.);
#7569 = ORIENTED_EDGE('',*,*,#7273,.T.);
#7570 = ORIENTED_EDGE('',*,*,#7571,.F.);
#7571 = EDGE_CURVE('',#7187,#7274,#7572,.T.);
#7572 = LINE('',#7573,#7574);
#7573 = CARTESIAN_POINT('',(0.525,2.4754,0.));
#7574 = VECTOR('',#7575,1.);
#7575 = DIRECTION('',(1.,0.,0.));
#7576 = PLANE('',#7577);
#7577 = AXIS2_PLACEMENT_3D('',#7578,#7579,#7580);
#7578 = CARTESIAN_POINT('',(0.525,0.7054,-4.000000000001E-04));
#7579 = DIRECTION('',(0.,-2.259886947942E-04,0.999999974465));
#7580 = DIRECTION('',(0.,0.999999974465,2.259886947942E-04));
#7581 = ADVANCED_FACE('',(#7582),#7588,.T.);
#7582 = FACE_BOUND('',#7583,.T.);
#7583 = EDGE_LOOP('',(#7584,#7585,#7586,#7587));
#7584 = ORIENTED_EDGE('',*,*,#7147,.F.);
#7585 = ORIENTED_EDGE('',*,*,#7172,.T.);
#7586 = ORIENTED_EDGE('',*,*,#7234,.T.);
#7587 = ORIENTED_EDGE('',*,*,#4655,.F.);
#7588 = PLANE('',#7589);
#7589 = AXIS2_PLACEMENT_3D('',#7590,#7591,#7592);
#7590 = CARTESIAN_POINT('',(-4.125,1.08,0.195));
#7591 = DIRECTION('',(0.,-2.22044604925E-16,-1.));
#7592 = DIRECTION('',(0.,-1.,2.22044604925E-16));
#7593 = ADVANCED_FACE('',(#7594),#7605,.F.);
#7594 = FACE_BOUND('',#7595,.F.);
#7595 = EDGE_LOOP('',(#7596,#7597,#7598,#7599));
#7596 = ORIENTED_EDGE('',*,*,#7012,.F.);
#7597 = ORIENTED_EDGE('',*,*,#4639,.T.);
#7598 = ORIENTED_EDGE('',*,*,#7099,.T.);
#7599 = ORIENTED_EDGE('',*,*,#7600,.F.);
#7600 = EDGE_CURVE('',#7013,#7100,#7601,.T.);
#7601 = LINE('',#7602,#7603);
#7602 = CARTESIAN_POINT('',(-0.725,2.4754,0.));
#7603 = VECTOR('',#7604,1.);
#7604 = DIRECTION('',(1.,0.,0.));
#7605 = PLANE('',#7606);
#7606 = AXIS2_PLACEMENT_3D('',#7607,#7608,#7609);
#7607 = CARTESIAN_POINT('',(-0.725,0.7054,-4.000000000001E-04));
#7608 = DIRECTION('',(0.,-2.259886947942E-04,0.999999974465));
#7609 = DIRECTION('',(0.,0.999999974465,2.259886947942E-04));
#7610 = ADVANCED_FACE('',(#7611),#7617,.T.);
#7611 = FACE_BOUND('',#7612,.T.);
#7612 = EDGE_LOOP('',(#7613,#7614,#7615,#7616));
#7613 = ORIENTED_EDGE('',*,*,#6973,.F.);
#7614 = ORIENTED_EDGE('',*,*,#6998,.T.);
#7615 = ORIENTED_EDGE('',*,*,#7060,.T.);
#7616 = ORIENTED_EDGE('',*,*,#4623,.F.);
#7617 = PLANE('',#7618);
#7618 = AXIS2_PLACEMENT_3D('',#7619,#7620,#7621);
#7619 = CARTESIAN_POINT('',(-4.125,1.08,0.195));
#7620 = DIRECTION('',(0.,-2.22044604925E-16,-1.));
#7621 = DIRECTION('',(0.,-1.,2.22044604925E-16));
#7622 = ADVANCED_FACE('',(#7623),#7634,.F.);
#7623 = FACE_BOUND('',#7624,.F.);
#7624 = EDGE_LOOP('',(#7625,#7626,#7627,#7628));
#7625 = ORIENTED_EDGE('',*,*,#6843,.F.);
#7626 = ORIENTED_EDGE('',*,*,#4607,.T.);
#7627 = ORIENTED_EDGE('',*,*,#6925,.T.);
#7628 = ORIENTED_EDGE('',*,*,#7629,.F.);
#7629 = EDGE_CURVE('',#6844,#6926,#7630,.T.);
#7630 = LINE('',#7631,#7632);
#7631 = CARTESIAN_POINT('',(-1.975,2.4754,0.));
#7632 = VECTOR('',#7633,1.);
#7633 = DIRECTION('',(1.,0.,0.));
#7634 = PLANE('',#7635);
#7635 = AXIS2_PLACEMENT_3D('',#7636,#7637,#7638);
#7636 = CARTESIAN_POINT('',(-1.975,0.7054,-4.000000000001E-04));
#7637 = DIRECTION('',(0.,-2.259886947942E-04,0.999999974465));
#7638 = DIRECTION('',(0.,0.999999974465,2.259886947942E-04));
#7639 = ADVANCED_FACE('',(#7640),#7651,.F.);
#7640 = FACE_BOUND('',#7641,.F.);
#7641 = EDGE_LOOP('',(#7642,#7643,#7649,#7650));
#7642 = ORIENTED_EDGE('',*,*,#5182,.T.);
#7643 = ORIENTED_EDGE('',*,*,#7644,.T.);
#7644 = EDGE_CURVE('',#5175,#4801,#7645,.T.);
#7645 = LINE('',#7646,#7647);
#7646 = CARTESIAN_POINT('',(3.625,-1.82,0.595));
#7647 = VECTOR('',#7648,1.);
#7648 = DIRECTION('',(1.,0.,0.));
#7649 = ORIENTED_EDGE('',*,*,#4808,.T.);
#7650 = ORIENTED_EDGE('',*,*,#4840,.F.);
#7651 = PLANE('',#7652);
#7652 = AXIS2_PLACEMENT_3D('',#7653,#7654,#7655);
#7653 = CARTESIAN_POINT('',(3.625,-1.82,0.595));
#7654 = DIRECTION('',(0.,2.22044604925E-16,1.));
#7655 = DIRECTION('',(0.,1.,-2.22044604925E-16));
#7656 = ADVANCED_FACE('',(#7657),#7686,.F.);
#7657 = FACE_BOUND('',#7658,.F.);
#7658 = EDGE_LOOP('',(#7659,#7660,#7661,#7662,#7663,#7664,#7672,#7680));
#7659 = ORIENTED_EDGE('',*,*,#5142,.T.);
#7660 = ORIENTED_EDGE('',*,*,#5102,.T.);
#7661 = ORIENTED_EDGE('',*,*,#4800,.T.);
#7662 = ORIENTED_EDGE('',*,*,#7644,.F.);
#7663 = ORIENTED_EDGE('',*,*,#5174,.T.);
#7664 = ORIENTED_EDGE('',*,*,#7665,.F.);
#7665 = EDGE_CURVE('',#7666,#5167,#7668,.T.);
#7666 = VERTEX_POINT('',#7667);
#7667 = CARTESIAN_POINT('',(3.625,-1.82,0.8));
#7668 = LINE('',#7669,#7670);
#7669 = CARTESIAN_POINT('',(3.625,-1.82,0.8));
#7670 = VECTOR('',#7671,1.);
#7671 = DIRECTION('',(1.,0.,0.));
#7672 = ORIENTED_EDGE('',*,*,#7673,.F.);
#7673 = EDGE_CURVE('',#7674,#7666,#7676,.T.);
#7674 = VERTEX_POINT('',#7675);
#7675 = CARTESIAN_POINT('',(3.625,-1.82,1.51));
#7676 = LINE('',#7677,#7678);
#7677 = CARTESIAN_POINT('',(3.625,-1.82,1.945));
#7678 = VECTOR('',#7679,1.);
#7679 = DIRECTION('',(0.,-2.22044604925E-16,-1.));
#7680 = ORIENTED_EDGE('',*,*,#7681,.F.);
#7681 = EDGE_CURVE('',#5143,#7674,#7682,.T.);
#7682 = LINE('',#7683,#7684);
#7683 = CARTESIAN_POINT('',(3.625,-1.82,1.51));
#7684 = VECTOR('',#7685,1.);
#7685 = DIRECTION('',(-1.,0.,0.));
#7686 = PLANE('',#7687);
#7687 = AXIS2_PLACEMENT_3D('',#7688,#7689,#7690);
#7688 = CARTESIAN_POINT('',(3.625,-1.82,1.945));
#7689 = DIRECTION('',(0.,1.,-2.22044604925E-16));
#7690 = DIRECTION('',(0.,-2.22044604925E-16,-1.));
#7691 = ADVANCED_FACE('',(#7692),#7703,.F.);
#7692 = FACE_BOUND('',#7693,.F.);
#7693 = EDGE_LOOP('',(#7694,#7700,#7701,#7702));
#7694 = ORIENTED_EDGE('',*,*,#7695,.T.);
#7695 = EDGE_CURVE('',#6765,#4769,#7696,.T.);
#7696 = LINE('',#7697,#7698);
#7697 = CARTESIAN_POINT('',(3.625,0.98,3.595));
#7698 = VECTOR('',#7699,1.);
#7699 = DIRECTION('',(1.,0.,0.));
#7700 = ORIENTED_EDGE('',*,*,#4776,.T.);
#7701 = ORIENTED_EDGE('',*,*,#6795,.F.);
#7702 = ORIENTED_EDGE('',*,*,#6772,.F.);
#7703 = PLANE('',#7704);
#7704 = AXIS2_PLACEMENT_3D('',#7705,#7706,#7707);
#7705 = CARTESIAN_POINT('',(3.625,0.98,3.595));
#7706 = DIRECTION('',(0.,-2.22044604925E-16,-1.));
#7707 = DIRECTION('',(0.,-1.,2.22044604925E-16));
#7708 = ADVANCED_FACE('',(#7709),#7715,.F.);
#7709 = FACE_BOUND('',#7710,.F.);
#7710 = EDGE_LOOP('',(#7711,#7712,#7713,#7714));
#7711 = ORIENTED_EDGE('',*,*,#6828,.T.);
#7712 = ORIENTED_EDGE('',*,*,#4768,.T.);
#7713 = ORIENTED_EDGE('',*,*,#7695,.F.);
#7714 = ORIENTED_EDGE('',*,*,#6764,.F.);
#7715 = PLANE('',#7716);
#7716 = AXIS2_PLACEMENT_3D('',#7717,#7718,#7719);
#7717 = CARTESIAN_POINT('',(3.625,0.98,1.995));
#7718 = DIRECTION('',(0.,-1.,2.22044604925E-16));
#7719 = DIRECTION('',(0.,2.22044604925E-16,1.));
#7720 = ADVANCED_FACE('',(#7721),#7732,.T.);
#7721 = FACE_BOUND('',#7722,.T.);
#7722 = EDGE_LOOP('',(#7723,#7724,#7725,#7726));
#7723 = ORIENTED_EDGE('',*,*,#4888,.F.);
#7724 = ORIENTED_EDGE('',*,*,#4856,.F.);
#7725 = ORIENTED_EDGE('',*,*,#5189,.T.);
#7726 = ORIENTED_EDGE('',*,*,#7727,.F.);
#7727 = EDGE_CURVE('',#4881,#5190,#7728,.T.);
#7728 = LINE('',#7729,#7730);
#7729 = CARTESIAN_POINT('',(3.625,-0.255,0.37));
#7730 = VECTOR('',#7731,1.);
#7731 = DIRECTION('',(1.,0.,0.));
#7732 = PLANE('',#7733);
#7733 = AXIS2_PLACEMENT_3D('',#7734,#7735,#7736);
#7734 = CARTESIAN_POINT('',(3.625,0.235,0.37));
#7735 = DIRECTION('',(0.,0.,-1.));
#7736 = DIRECTION('',(0.,-1.,0.));
#7737 = ADVANCED_FACE('',(#7738),#7749,.T.);
#7738 = FACE_BOUND('',#7739,.T.);
#7739 = EDGE_LOOP('',(#7740,#7741,#7742,#7748));
#7740 = ORIENTED_EDGE('',*,*,#7727,.T.);
#7741 = ORIENTED_EDGE('',*,*,#5197,.T.);
#7742 = ORIENTED_EDGE('',*,*,#7743,.F.);
#7743 = EDGE_CURVE('',#4873,#5117,#7744,.T.);
#7744 = LINE('',#7745,#7746);
#7745 = CARTESIAN_POINT('',(3.625,-0.255,-1.665334536938E-16));
#7746 = VECTOR('',#7747,1.);
#7747 = DIRECTION('',(1.,0.,0.));
#7748 = ORIENTED_EDGE('',*,*,#4880,.F.);
#7749 = PLANE('',#7750);
#7750 = AXIS2_PLACEMENT_3D('',#7751,#7752,#7753);
#7751 = CARTESIAN_POINT('',(3.625,-0.255,0.37));
#7752 = DIRECTION('',(0.,1.,0.));
#7753 = DIRECTION('',(0.,0.,-1.));
#7754 = ADVANCED_FACE('',(#7755),#7767,.T.);
#7755 = FACE_BOUND('',#7756,.T.);
#7756 = EDGE_LOOP('',(#7757,#7758,#7759,#7765,#7766));
#7757 = ORIENTED_EDGE('',*,*,#7743,.T.);
#7758 = ORIENTED_EDGE('',*,*,#5116,.T.);
#7759 = ORIENTED_EDGE('',*,*,#7760,.F.);
#7760 = EDGE_CURVE('',#5236,#5119,#7761,.T.);
#7761 = LINE('',#7762,#7763);
#7762 = CARTESIAN_POINT('',(3.625,-2.475,0.));
#7763 = VECTOR('',#7764,1.);
#7764 = DIRECTION('',(1.,0.,0.));
#7765 = ORIENTED_EDGE('',*,*,#5235,.F.);
#7766 = ORIENTED_EDGE('',*,*,#4872,.F.);
#7767 = PLANE('',#7768);
#7768 = AXIS2_PLACEMENT_3D('',#7769,#7770,#7771);
#7769 = CARTESIAN_POINT('',(3.625,-0.255,-1.665334536938E-16));
#7770 = DIRECTION('',(0.,-7.501506923143E-17,-1.));
#7771 = DIRECTION('',(0.,-1.,7.501506923143E-17));
#7772 = ADVANCED_FACE('',(#7773),#7784,.T.);
#7773 = FACE_BOUND('',#7774,.T.);
#7774 = EDGE_LOOP('',(#7775,#7776,#7777,#7783));
#7775 = ORIENTED_EDGE('',*,*,#4946,.T.);
#7776 = ORIENTED_EDGE('',*,*,#4913,.T.);
#7777 = ORIENTED_EDGE('',*,*,#7778,.F.);
#7778 = EDGE_CURVE('',#4961,#4906,#7779,.T.);
#7779 = LINE('',#7780,#7781);
#7780 = CARTESIAN_POINT('',(-3.825,-0.255,-1.665334536938E-16));
#7781 = VECTOR('',#7782,1.);
#7782 = DIRECTION('',(1.,0.,0.));
#7783 = ORIENTED_EDGE('',*,*,#5013,.F.);
#7784 = PLANE('',#7785);
#7785 = AXIS2_PLACEMENT_3D('',#7786,#7787,#7788);
#7786 = CARTESIAN_POINT('',(-3.825,-0.255,0.37));
#7787 = DIRECTION('',(0.,1.,0.));
#7788 = DIRECTION('',(0.,0.,-1.));
#7789 = ADVANCED_FACE('',(#7790),#7802,.T.);
#7790 = FACE_BOUND('',#7791,.T.);
#7791 = EDGE_LOOP('',(#7792,#7793,#7794,#7795,#7801));
#7792 = ORIENTED_EDGE('',*,*,#7778,.T.);
#7793 = ORIENTED_EDGE('',*,*,#4905,.T.);
#7794 = ORIENTED_EDGE('',*,*,#5260,.T.);
#7795 = ORIENTED_EDGE('',*,*,#7796,.F.);
#7796 = EDGE_CURVE('',#4963,#5261,#7797,.T.);
#7797 = LINE('',#7798,#7799);
#7798 = CARTESIAN_POINT('',(-3.825,-2.475,0.));
#7799 = VECTOR('',#7800,1.);
#7800 = DIRECTION('',(1.,0.,0.));
#7801 = ORIENTED_EDGE('',*,*,#4960,.F.);
#7802 = PLANE('',#7803);
#7803 = AXIS2_PLACEMENT_3D('',#7804,#7805,#7806);
#7804 = CARTESIAN_POINT('',(-3.825,-0.255,-1.665334536938E-16));
#7805 = DIRECTION('',(0.,-7.501506923143E-17,-1.));
#7806 = DIRECTION('',(0.,-1.,7.501506923143E-17));
#7807 = ADVANCED_FACE('',(#7808),#7814,.T.);
#7808 = FACE_BOUND('',#7809,.T.);
#7809 = EDGE_LOOP('',(#7810,#7811,#7812,#7813));
#7810 = ORIENTED_EDGE('',*,*,#5078,.T.);
#7811 = ORIENTED_EDGE('',*,*,#5061,.T.);
#7812 = ORIENTED_EDGE('',*,*,#5028,.F.);
#7813 = ORIENTED_EDGE('',*,*,#4995,.F.);
#7814 = PLANE('',#7815);
#7815 = AXIS2_PLACEMENT_3D('',#7816,#7817,#7818);
#7816 = CARTESIAN_POINT('',(-3.825,-1.825,1.51));
#7817 = DIRECTION('',(0.,1.,0.));
#7818 = DIRECTION('',(0.,0.,-1.));
#7819 = ADVANCED_FACE('',(#7820),#7826,.T.);
#7820 = FACE_BOUND('',#7821,.T.);
#7821 = EDGE_LOOP('',(#7822,#7823,#7824,#7825));
#7822 = ORIENTED_EDGE('',*,*,#7796,.T.);
#7823 = ORIENTED_EDGE('',*,*,#5268,.T.);
#7824 = ORIENTED_EDGE('',*,*,#5293,.F.);
#7825 = ORIENTED_EDGE('',*,*,#4970,.F.);
#7826 = PLANE('',#7827);
#7827 = AXIS2_PLACEMENT_3D('',#7828,#7829,#7830);
#7828 = CARTESIAN_POINT('',(-3.825,-2.475,0.));
#7829 = DIRECTION('',(0.,-1.,0.));
#7830 = DIRECTION('',(0.,0.,1.));
#7831 = ADVANCED_FACE('',(#7832),#7850,.T.);
#7832 = FACE_BOUND('',#7833,.T.);
#7833 = EDGE_LOOP('',(#7834,#7842,#7848,#7849));
#7834 = ORIENTED_EDGE('',*,*,#7835,.F.);
#7835 = EDGE_CURVE('',#7836,#7666,#7838,.T.);
#7836 = VERTEX_POINT('',#7837);
#7837 = CARTESIAN_POINT('',(3.625,-1.825,0.8));
#7838 = LINE('',#7839,#7840);
#7839 = CARTESIAN_POINT('',(3.625,-1.825,0.8));
#7840 = VECTOR('',#7841,1.);
#7841 = DIRECTION('',(0.,1.,0.));
#7842 = ORIENTED_EDGE('',*,*,#7843,.T.);
#7843 = EDGE_CURVE('',#7836,#5159,#7844,.T.);
#7844 = LINE('',#7845,#7846);
#7845 = CARTESIAN_POINT('',(3.625,-1.825,0.8));
#7846 = VECTOR('',#7847,1.);
#7847 = DIRECTION('',(1.,0.,0.));
#7848 = ORIENTED_EDGE('',*,*,#5166,.T.);
#7849 = ORIENTED_EDGE('',*,*,#7665,.F.);
#7850 = PLANE('',#7851);
#7851 = AXIS2_PLACEMENT_3D('',#7852,#7853,#7854);
#7852 = CARTESIAN_POINT('',(3.625,-1.825,0.8));
#7853 = DIRECTION('',(0.,0.,1.));
#7854 = DIRECTION('',(0.,1.,0.));
#7855 = ADVANCED_FACE('',(#7856),#7874,.T.);
#7856 = FACE_BOUND('',#7857,.T.);
#7857 = EDGE_LOOP('',(#7858,#7866,#7867,#7868));
#7858 = ORIENTED_EDGE('',*,*,#7859,.T.);
#7859 = EDGE_CURVE('',#7860,#5151,#7862,.T.);
#7860 = VERTEX_POINT('',#7861);
#7861 = CARTESIAN_POINT('',(3.625,-1.825,1.51));
#7862 = LINE('',#7863,#7864);
#7863 = CARTESIAN_POINT('',(3.625,-1.825,1.51));
#7864 = VECTOR('',#7865,1.);
#7865 = DIRECTION('',(1.,0.,0.));
#7866 = ORIENTED_EDGE('',*,*,#5158,.T.);
#7867 = ORIENTED_EDGE('',*,*,#7843,.F.);
#7868 = ORIENTED_EDGE('',*,*,#7869,.F.);
#7869 = EDGE_CURVE('',#7860,#7836,#7870,.T.);
#7870 = LINE('',#7871,#7872);
#7871 = CARTESIAN_POINT('',(3.625,-1.825,1.51));
#7872 = VECTOR('',#7873,1.);
#7873 = DIRECTION('',(0.,0.,-1.));
#7874 = PLANE('',#7875);
#7875 = AXIS2_PLACEMENT_3D('',#7876,#7877,#7878);
#7876 = CARTESIAN_POINT('',(3.625,-1.825,1.51));
#7877 = DIRECTION('',(0.,1.,0.));
#7878 = DIRECTION('',(0.,0.,-1.));
#7879 = ADVANCED_FACE('',(#7880),#7891,.T.);
#7880 = FACE_BOUND('',#7881,.T.);
#7881 = EDGE_LOOP('',(#7882,#7888,#7889,#7890));
#7882 = ORIENTED_EDGE('',*,*,#7883,.F.);
#7883 = EDGE_CURVE('',#7674,#7860,#7884,.T.);
#7884 = LINE('',#7885,#7886);
#7885 = CARTESIAN_POINT('',(3.625,-0.275,1.51));
#7886 = VECTOR('',#7887,1.);
#7887 = DIRECTION('',(0.,-1.,0.));
#7888 = ORIENTED_EDGE('',*,*,#7681,.F.);
#7889 = ORIENTED_EDGE('',*,*,#5150,.T.);
#7890 = ORIENTED_EDGE('',*,*,#7859,.F.);
#7891 = PLANE('',#7892);
#7892 = AXIS2_PLACEMENT_3D('',#7893,#7894,#7895);
#7893 = CARTESIAN_POINT('',(3.625,-0.275,1.51));
#7894 = DIRECTION('',(0.,0.,-1.));
#7895 = DIRECTION('',(0.,-1.,0.));
#7896 = ADVANCED_FACE('',(#7897),#7903,.T.);
#7897 = FACE_BOUND('',#7898,.T.);
#7898 = EDGE_LOOP('',(#7899,#7900,#7901,#7902));
#7899 = ORIENTED_EDGE('',*,*,#7760,.T.);
#7900 = ORIENTED_EDGE('',*,*,#5126,.T.);
#7901 = ORIENTED_EDGE('',*,*,#5219,.F.);
#7902 = ORIENTED_EDGE('',*,*,#5243,.F.);
#7903 = PLANE('',#7904);
#7904 = AXIS2_PLACEMENT_3D('',#7905,#7906,#7907);
#7905 = CARTESIAN_POINT('',(3.625,-2.475,0.));
#7906 = DIRECTION('',(0.,-1.,0.));
#7907 = DIRECTION('',(0.,0.,1.));
#7908 = ADVANCED_FACE('',(#7909),#7926,.F.);
#7909 = FACE_BOUND('',#7910,.F.);
#7910 = EDGE_LOOP('',(#7911,#7919,#7925));
#7911 = ORIENTED_EDGE('',*,*,#7912,.T.);
#7912 = EDGE_CURVE('',#5362,#7913,#7915,.T.);
#7913 = VERTEX_POINT('',#7914);
#7914 = CARTESIAN_POINT('',(-1.225,-0.67,2.84));
#7915 = LINE('',#7916,#7917);
#7916 = CARTESIAN_POINT('',(-1.225,-0.67,2.44));
#7917 = VECTOR('',#7918,1.);
#7918 = DIRECTION('',(0.,2.22044604925E-16,1.));
#7919 = ORIENTED_EDGE('',*,*,#7920,.T.);
#7920 = EDGE_CURVE('',#7913,#5360,#7921,.T.);
#7921 = LINE('',#7922,#7923);
#7922 = CARTESIAN_POINT('',(-1.225,-0.67,2.84));
#7923 = VECTOR('',#7924,1.);
#7924 = DIRECTION('',(0.,-0.928476690885,-0.371390676354));
#7925 = ORIENTED_EDGE('',*,*,#5359,.T.);
#7926 = PLANE('',#7927);
#7927 = AXIS2_PLACEMENT_3D('',#7928,#7929,#7930);
#7928 = CARTESIAN_POINT('',(-1.225,-1.089258240357,2.559258240357));
#7929 = DIRECTION('',(1.,0.,0.));
#7930 = DIRECTION('',(0.,-1.,2.22044604925E-16));
#7931 = ADVANCED_FACE('',(#7932),#7950,.F.);
#7932 = FACE_BOUND('',#7933,.F.);
#7933 = EDGE_LOOP('',(#7934,#7942,#7948,#7949));
#7934 = ORIENTED_EDGE('',*,*,#7935,.T.);
#7935 = EDGE_CURVE('',#7913,#7936,#7938,.T.);
#7936 = VERTEX_POINT('',#7937);
#7937 = CARTESIAN_POINT('',(1.225,-0.67,2.84));
#7938 = LINE('',#7939,#7940);
#7939 = CARTESIAN_POINT('',(-1.225,-0.67,2.84));
#7940 = VECTOR('',#7941,1.);
#7941 = DIRECTION('',(1.,0.,0.));
#7942 = ORIENTED_EDGE('',*,*,#7943,.T.);
#7943 = EDGE_CURVE('',#7936,#5378,#7944,.T.);
#7944 = LINE('',#7945,#7946);
#7945 = CARTESIAN_POINT('',(1.225,-0.67,2.84));
#7946 = VECTOR('',#7947,1.);
#7947 = DIRECTION('',(0.,-0.928476690885,-0.371390676354));
#7948 = ORIENTED_EDGE('',*,*,#5385,.F.);
#7949 = ORIENTED_EDGE('',*,*,#7920,.F.);
#7950 = PLANE('',#7951);
#7951 = AXIS2_PLACEMENT_3D('',#7952,#7953,#7954);
#7952 = CARTESIAN_POINT('',(-1.225,-0.67,2.84));
#7953 = DIRECTION('',(0.,0.371390676354,-0.928476690885));
#7954 = DIRECTION('',(0.,-0.928476690885,-0.371390676354));
#7955 = ADVANCED_FACE('',(#7956),#7966,.T.);
#7956 = FACE_BOUND('',#7957,.T.);
#7957 = EDGE_LOOP('',(#7958,#7964,#7965));
#7958 = ORIENTED_EDGE('',*,*,#7959,.T.);
#7959 = EDGE_CURVE('',#5370,#7936,#7960,.T.);
#7960 = LINE('',#7961,#7962);
#7961 = CARTESIAN_POINT('',(1.225,-0.67,2.44));
#7962 = VECTOR('',#7963,1.);
#7963 = DIRECTION('',(0.,2.22044604925E-16,1.));
#7964 = ORIENTED_EDGE('',*,*,#7943,.T.);
#7965 = ORIENTED_EDGE('',*,*,#5377,.T.);
#7966 = PLANE('',#7967);
#7967 = AXIS2_PLACEMENT_3D('',#7968,#7969,#7970);
#7968 = CARTESIAN_POINT('',(1.225,-1.089258240357,2.559258240357));
#7969 = DIRECTION('',(1.,0.,0.));
#7970 = DIRECTION('',(0.,-1.,2.22044604925E-16));
#7971 = ADVANCED_FACE('',(#7972),#7978,.F.);
#7972 = FACE_BOUND('',#7973,.F.);
#7973 = EDGE_LOOP('',(#7974,#7975,#7976,#7977));
#7974 = ORIENTED_EDGE('',*,*,#5369,.T.);
#7975 = ORIENTED_EDGE('',*,*,#7959,.T.);
#7976 = ORIENTED_EDGE('',*,*,#7935,.F.);
#7977 = ORIENTED_EDGE('',*,*,#7912,.F.);
#7978 = PLANE('',#7979);
#7979 = AXIS2_PLACEMENT_3D('',#7980,#7981,#7982);
#7980 = CARTESIAN_POINT('',(-1.225,-0.67,2.44));
#7981 = DIRECTION('',(0.,-1.,2.22044604925E-16));
#7982 = DIRECTION('',(0.,2.22044604925E-16,1.));
#7983 = ADVANCED_FACE('',(#7984,#8102,#8136,#8170,#8204),#8238,.T.);
#7984 = FACE_BOUND('',#7985,.T.);
#7985 = EDGE_LOOP('',(#7986,#7987,#7988,#7989,#7990,#7991,#7992,#7993,
    #8001,#8009,#8015,#8016,#8017,#8018,#8019,#8020,#8028,#8036,#8042,
    #8043,#8044,#8045,#8046,#8047,#8055,#8063,#8069,#8070,#8071,#8072,
    #8073,#8074,#8082,#8090,#8096,#8097,#8098,#8099,#8100,#8101));
#7986 = ORIENTED_EDGE('',*,*,#5450,.T.);
#7987 = ORIENTED_EDGE('',*,*,#5419,.T.);
#7988 = ORIENTED_EDGE('',*,*,#5467,.T.);
#7989 = ORIENTED_EDGE('',*,*,#5515,.T.);
#7990 = ORIENTED_EDGE('',*,*,#5563,.T.);
#7991 = ORIENTED_EDGE('',*,*,#5611,.T.);
#7992 = ORIENTED_EDGE('',*,*,#5659,.T.);
#7993 = ORIENTED_EDGE('',*,*,#7994,.F.);
#7994 = EDGE_CURVE('',#7995,#5660,#7997,.T.);
#7995 = VERTEX_POINT('',#7996);
#7996 = CARTESIAN_POINT('',(1.975,0.13,1.7396));
#7997 = LINE('',#7998,#7999);
#7998 = CARTESIAN_POINT('',(1.975,0.13,1.356093728921));
#7999 = VECTOR('',#8000,1.);
#8000 = DIRECTION('',(-2.809082092746E-18,2.22044604925E-16,1.));
#8001 = ORIENTED_EDGE('',*,*,#8002,.T.);
#8002 = EDGE_CURVE('',#7995,#8003,#8005,.T.);
#8003 = VERTEX_POINT('',#8004);
#8004 = CARTESIAN_POINT('',(1.775,0.13,1.7396));
#8005 = LINE('',#8006,#8007);
#8006 = CARTESIAN_POINT('',(0.8875,0.13,1.7396));
#8007 = VECTOR('',#8008,1.);
#8008 = DIRECTION('',(-1.,7.73633724206E-47,0.));
#8009 = ORIENTED_EDGE('',*,*,#8010,.T.);
#8010 = EDGE_CURVE('',#8003,#5916,#8011,.T.);
#8011 = LINE('',#8012,#8013);
#8012 = CARTESIAN_POINT('',(1.775,0.13,1.356093728921));
#8013 = VECTOR('',#8014,1.);
#8014 = DIRECTION('',(-2.809082092746E-18,2.22044604925E-16,1.));
#8015 = ORIENTED_EDGE('',*,*,#5923,.T.);
#8016 = ORIENTED_EDGE('',*,*,#5987,.T.);
#8017 = ORIENTED_EDGE('',*,*,#6043,.T.);
#8018 = ORIENTED_EDGE('',*,*,#6091,.T.);
#8019 = ORIENTED_EDGE('',*,*,#6139,.T.);
#8020 = ORIENTED_EDGE('',*,*,#8021,.F.);
#8021 = EDGE_CURVE('',#8022,#6140,#8024,.T.);
#8022 = VERTEX_POINT('',#8023);
#8023 = CARTESIAN_POINT('',(0.725,0.13,1.7396));
#8024 = LINE('',#8025,#8026);
#8025 = CARTESIAN_POINT('',(0.725,0.13,1.356093728921));
#8026 = VECTOR('',#8027,1.);
#8027 = DIRECTION('',(-2.809082092746E-18,2.22044604925E-16,1.));
#8028 = ORIENTED_EDGE('',*,*,#8029,.T.);
#8029 = EDGE_CURVE('',#8022,#8030,#8032,.T.);
#8030 = VERTEX_POINT('',#8031);
#8031 = CARTESIAN_POINT('',(0.525,0.13,1.7396));
#8032 = LINE('',#8033,#8034);
#8033 = CARTESIAN_POINT('',(0.2625,0.13,1.7396));
#8034 = VECTOR('',#8035,1.);
#8035 = DIRECTION('',(-1.,7.73633724206E-47,0.));
#8036 = ORIENTED_EDGE('',*,*,#8037,.T.);
#8037 = EDGE_CURVE('',#8030,#6396,#8038,.T.);
#8038 = LINE('',#8039,#8040);
#8039 = CARTESIAN_POINT('',(0.525,0.13,1.356093728921));
#8040 = VECTOR('',#8041,1.);
#8041 = DIRECTION('',(-2.809082092746E-18,2.22044604925E-16,1.));
#8042 = ORIENTED_EDGE('',*,*,#6403,.T.);
#8043 = ORIENTED_EDGE('',*,*,#6467,.T.);
#8044 = ORIENTED_EDGE('',*,*,#6523,.T.);
#8045 = ORIENTED_EDGE('',*,*,#6547,.T.);
#8046 = ORIENTED_EDGE('',*,*,#6498,.T.);
#8047 = ORIENTED_EDGE('',*,*,#8048,.F.);
#8048 = EDGE_CURVE('',#8049,#6499,#8051,.T.);
#8049 = VERTEX_POINT('',#8050);
#8050 = CARTESIAN_POINT('',(-0.525,0.13,1.7396));
#8051 = LINE('',#8052,#8053);
#8052 = CARTESIAN_POINT('',(-0.525,0.13,1.356093728921));
#8053 = VECTOR('',#8054,1.);
#8054 = DIRECTION('',(-2.809082092746E-18,2.22044604925E-16,1.));
#8055 = ORIENTED_EDGE('',*,*,#8056,.T.);
#8056 = EDGE_CURVE('',#8049,#8057,#8059,.T.);
#8057 = VERTEX_POINT('',#8058);
#8058 = CARTESIAN_POINT('',(-0.725,0.13,1.7396));
#8059 = LINE('',#8060,#8061);
#8060 = CARTESIAN_POINT('',(-0.3625,0.13,1.7396));
#8061 = VECTOR('',#8062,1.);
#8062 = DIRECTION('',(-1.,7.73633724206E-47,0.));
#8063 = ORIENTED_EDGE('',*,*,#8064,.T.);
#8064 = EDGE_CURVE('',#8057,#6243,#8065,.T.);
#8065 = LINE('',#8066,#8067);
#8066 = CARTESIAN_POINT('',(-0.725,0.13,1.356093728921));
#8067 = VECTOR('',#8068,1.);
#8068 = DIRECTION('',(-2.809082092746E-18,2.22044604925E-16,1.));
#8069 = ORIENTED_EDGE('',*,*,#6250,.T.);
#8070 = ORIENTED_EDGE('',*,*,#6178,.T.);
#8071 = ORIENTED_EDGE('',*,*,#6122,.T.);
#8072 = ORIENTED_EDGE('',*,*,#6074,.T.);
#8073 = ORIENTED_EDGE('',*,*,#6018,.T.);
#8074 = ORIENTED_EDGE('',*,*,#8075,.F.);
#8075 = EDGE_CURVE('',#8076,#6019,#8078,.T.);
#8076 = VERTEX_POINT('',#8077);
#8077 = CARTESIAN_POINT('',(-1.775,0.13,1.7396));
#8078 = LINE('',#8079,#8080);
#8079 = CARTESIAN_POINT('',(-1.775,0.13,1.356093728921));
#8080 = VECTOR('',#8081,1.);
#8081 = DIRECTION('',(-2.809082092746E-18,2.22044604925E-16,1.));
#8082 = ORIENTED_EDGE('',*,*,#8083,.T.);
#8083 = EDGE_CURVE('',#8076,#8084,#8086,.T.);
#8084 = VERTEX_POINT('',#8085);
#8085 = CARTESIAN_POINT('',(-1.975,0.13,1.7396));
#8086 = LINE('',#8087,#8088);
#8087 = CARTESIAN_POINT('',(-0.9875,0.13,1.7396));
#8088 = VECTOR('',#8089,1.);
#8089 = DIRECTION('',(-1.,7.73633724206E-47,0.));
#8090 = ORIENTED_EDGE('',*,*,#8091,.T.);
#8091 = EDGE_CURVE('',#8084,#5763,#8092,.T.);
#8092 = LINE('',#8093,#8094);
#8093 = CARTESIAN_POINT('',(-1.975,0.13,1.356093728921));
#8094 = VECTOR('',#8095,1.);
#8095 = DIRECTION('',(-2.809082092746E-18,2.22044604925E-16,1.));
#8096 = ORIENTED_EDGE('',*,*,#5770,.T.);
#8097 = ORIENTED_EDGE('',*,*,#5698,.T.);
#8098 = ORIENTED_EDGE('',*,*,#5642,.T.);
#8099 = ORIENTED_EDGE('',*,*,#5594,.T.);
#8100 = ORIENTED_EDGE('',*,*,#5546,.T.);
#8101 = ORIENTED_EDGE('',*,*,#5498,.T.);
#8102 = FACE_BOUND('',#8103,.T.);
#8103 = EDGE_LOOP('',(#8104,#8114,#8122,#8130));
#8104 = ORIENTED_EDGE('',*,*,#8105,.T.);
#8105 = EDGE_CURVE('',#8106,#8108,#8110,.T.);
#8106 = VERTEX_POINT('',#8107);
#8107 = CARTESIAN_POINT('',(1.775,0.13,0.6696));
#8108 = VERTEX_POINT('',#8109);
#8109 = CARTESIAN_POINT('',(1.775,0.13,0.9996));
#8110 = LINE('',#8111,#8112);
#8111 = CARTESIAN_POINT('',(1.775,0.13,1.356093728921));
#8112 = VECTOR('',#8113,1.);
#8113 = DIRECTION('',(-2.809082092746E-18,2.22044604925E-16,1.));
#8114 = ORIENTED_EDGE('',*,*,#8115,.T.);
#8115 = EDGE_CURVE('',#8108,#8116,#8118,.T.);
#8116 = VERTEX_POINT('',#8117);
#8117 = CARTESIAN_POINT('',(1.975,0.13,0.9996));
#8118 = LINE('',#8119,#8120);
#8119 = CARTESIAN_POINT('',(0.8875,0.13,0.9996));
#8120 = VECTOR('',#8121,1.);
#8121 = DIRECTION('',(1.,-7.73633724206E-47,0.));
#8122 = ORIENTED_EDGE('',*,*,#8123,.F.);
#8123 = EDGE_CURVE('',#8124,#8116,#8126,.T.);
#8124 = VERTEX_POINT('',#8125);
#8125 = CARTESIAN_POINT('',(1.975,0.13,0.6696));
#8126 = LINE('',#8127,#8128);
#8127 = CARTESIAN_POINT('',(1.975,0.13,1.356093728921));
#8128 = VECTOR('',#8129,1.);
#8129 = DIRECTION('',(-2.809082092746E-18,2.22044604925E-16,1.));
#8130 = ORIENTED_EDGE('',*,*,#8131,.T.);
#8131 = EDGE_CURVE('',#8124,#8106,#8132,.T.);
#8132 = LINE('',#8133,#8134);
#8133 = CARTESIAN_POINT('',(0.8875,0.13,0.6696));
#8134 = VECTOR('',#8135,1.);
#8135 = DIRECTION('',(-1.,7.73633724206E-47,0.));
#8136 = FACE_BOUND('',#8137,.T.);
#8137 = EDGE_LOOP('',(#8138,#8148,#8156,#8164));
#8138 = ORIENTED_EDGE('',*,*,#8139,.T.);
#8139 = EDGE_CURVE('',#8140,#8142,#8144,.T.);
#8140 = VERTEX_POINT('',#8141);
#8141 = CARTESIAN_POINT('',(0.525,0.13,0.6696));
#8142 = VERTEX_POINT('',#8143);
#8143 = CARTESIAN_POINT('',(0.525,0.13,0.9996));
#8144 = LINE('',#8145,#8146);
#8145 = CARTESIAN_POINT('',(0.525,0.13,1.356093728921));
#8146 = VECTOR('',#8147,1.);
#8147 = DIRECTION('',(-2.809082092746E-18,2.22044604925E-16,1.));
#8148 = ORIENTED_EDGE('',*,*,#8149,.T.);
#8149 = EDGE_CURVE('',#8142,#8150,#8152,.T.);
#8150 = VERTEX_POINT('',#8151);
#8151 = CARTESIAN_POINT('',(0.725,0.13,0.9996));
#8152 = LINE('',#8153,#8154);
#8153 = CARTESIAN_POINT('',(0.2625,0.13,0.9996));
#8154 = VECTOR('',#8155,1.);
#8155 = DIRECTION('',(1.,-7.73633724206E-47,0.));
#8156 = ORIENTED_EDGE('',*,*,#8157,.F.);
#8157 = EDGE_CURVE('',#8158,#8150,#8160,.T.);
#8158 = VERTEX_POINT('',#8159);
#8159 = CARTESIAN_POINT('',(0.725,0.13,0.6696));
#8160 = LINE('',#8161,#8162);
#8161 = CARTESIAN_POINT('',(0.725,0.13,1.356093728921));
#8162 = VECTOR('',#8163,1.);
#8163 = DIRECTION('',(-2.809082092746E-18,2.22044604925E-16,1.));
#8164 = ORIENTED_EDGE('',*,*,#8165,.T.);
#8165 = EDGE_CURVE('',#8158,#8140,#8166,.T.);
#8166 = LINE('',#8167,#8168);
#8167 = CARTESIAN_POINT('',(0.2625,0.13,0.6696));
#8168 = VECTOR('',#8169,1.);
#8169 = DIRECTION('',(-1.,7.73633724206E-47,0.));
#8170 = FACE_BOUND('',#8171,.T.);
#8171 = EDGE_LOOP('',(#8172,#8182,#8190,#8198));
#8172 = ORIENTED_EDGE('',*,*,#8173,.T.);
#8173 = EDGE_CURVE('',#8174,#8176,#8178,.T.);
#8174 = VERTEX_POINT('',#8175);
#8175 = CARTESIAN_POINT('',(-0.725,0.13,0.6696));
#8176 = VERTEX_POINT('',#8177);
#8177 = CARTESIAN_POINT('',(-0.725,0.13,0.9996));
#8178 = LINE('',#8179,#8180);
#8179 = CARTESIAN_POINT('',(-0.725,0.13,1.356093728921));
#8180 = VECTOR('',#8181,1.);
#8181 = DIRECTION('',(-2.809082092746E-18,2.22044604925E-16,1.));
#8182 = ORIENTED_EDGE('',*,*,#8183,.T.);
#8183 = EDGE_CURVE('',#8176,#8184,#8186,.T.);
#8184 = VERTEX_POINT('',#8185);
#8185 = CARTESIAN_POINT('',(-0.525,0.13,0.9996));
#8186 = LINE('',#8187,#8188);
#8187 = CARTESIAN_POINT('',(-0.3625,0.13,0.9996));
#8188 = VECTOR('',#8189,1.);
#8189 = DIRECTION('',(1.,-7.73633724206E-47,0.));
#8190 = ORIENTED_EDGE('',*,*,#8191,.F.);
#8191 = EDGE_CURVE('',#8192,#8184,#8194,.T.);
#8192 = VERTEX_POINT('',#8193);
#8193 = CARTESIAN_POINT('',(-0.525,0.13,0.6696));
#8194 = LINE('',#8195,#8196);
#8195 = CARTESIAN_POINT('',(-0.525,0.13,1.356093728921));
#8196 = VECTOR('',#8197,1.);
#8197 = DIRECTION('',(-2.809082092746E-18,2.22044604925E-16,1.));
#8198 = ORIENTED_EDGE('',*,*,#8199,.T.);
#8199 = EDGE_CURVE('',#8192,#8174,#8200,.T.);
#8200 = LINE('',#8201,#8202);
#8201 = CARTESIAN_POINT('',(-0.3625,0.13,0.6696));
#8202 = VECTOR('',#8203,1.);
#8203 = DIRECTION('',(-1.,7.73633724206E-47,0.));
#8204 = FACE_BOUND('',#8205,.T.);
#8205 = EDGE_LOOP('',(#8206,#8216,#8224,#8232));
#8206 = ORIENTED_EDGE('',*,*,#8207,.T.);
#8207 = EDGE_CURVE('',#8208,#8210,#8212,.T.);
#8208 = VERTEX_POINT('',#8209);
#8209 = CARTESIAN_POINT('',(-1.775,0.13,0.6696));
#8210 = VERTEX_POINT('',#8211);
#8211 = CARTESIAN_POINT('',(-1.975,0.13,0.6696));
#8212 = LINE('',#8213,#8214);
#8213 = CARTESIAN_POINT('',(-0.9875,0.13,0.6696));
#8214 = VECTOR('',#8215,1.);
#8215 = DIRECTION('',(-1.,7.73633724206E-47,0.));
#8216 = ORIENTED_EDGE('',*,*,#8217,.T.);
#8217 = EDGE_CURVE('',#8210,#8218,#8220,.T.);
#8218 = VERTEX_POINT('',#8219);
#8219 = CARTESIAN_POINT('',(-1.975,0.13,0.9996));
#8220 = LINE('',#8221,#8222);
#8221 = CARTESIAN_POINT('',(-1.975,0.13,1.356093728921));
#8222 = VECTOR('',#8223,1.);
#8223 = DIRECTION('',(-2.809082092746E-18,2.22044604925E-16,1.));
#8224 = ORIENTED_EDGE('',*,*,#8225,.T.);
#8225 = EDGE_CURVE('',#8218,#8226,#8228,.T.);
#8226 = VERTEX_POINT('',#8227);
#8227 = CARTESIAN_POINT('',(-1.775,0.13,0.9996));
#8228 = LINE('',#8229,#8230);
#8229 = CARTESIAN_POINT('',(-0.9875,0.13,0.9996));
#8230 = VECTOR('',#8231,1.);
#8231 = DIRECTION('',(1.,-7.73633724206E-47,0.));
#8232 = ORIENTED_EDGE('',*,*,#8233,.F.);
#8233 = EDGE_CURVE('',#8208,#8226,#8234,.T.);
#8234 = LINE('',#8235,#8236);
#8235 = CARTESIAN_POINT('',(-1.775,0.13,1.356093728921));
#8236 = VECTOR('',#8237,1.);
#8237 = DIRECTION('',(-2.809082092746E-18,2.22044604925E-16,1.));
#8238 = PLANE('',#8239);
#8239 = AXIS2_PLACEMENT_3D('',#8240,#8241,#8242);
#8240 = CARTESIAN_POINT('',(0.,0.13,1.584903846154));
#8241 = DIRECTION('',(-7.73633724206E-47,-1.,2.22044604925E-16));
#8242 = DIRECTION('',(0.,2.22044604925E-16,1.));
#8243 = ADVANCED_FACE('',(#8244),#8270,.T.);
#8244 = FACE_BOUND('',#8245,.T.);
#8245 = EDGE_LOOP('',(#8246,#8247,#8248,#8256,#8264));
#8246 = ORIENTED_EDGE('',*,*,#7994,.T.);
#8247 = ORIENTED_EDGE('',*,*,#5667,.F.);
#8248 = ORIENTED_EDGE('',*,*,#8249,.T.);
#8249 = EDGE_CURVE('',#5668,#8250,#8252,.T.);
#8250 = VERTEX_POINT('',#8251);
#8251 = CARTESIAN_POINT('',(1.975,-1.8446,1.6696));
#8252 = LINE('',#8253,#8254);
#8253 = CARTESIAN_POINT('',(1.975,-2.2446,2.0696));
#8254 = VECTOR('',#8255,1.);
#8255 = DIRECTION('',(0.,0.707106781187,-0.707106781187));
#8256 = ORIENTED_EDGE('',*,*,#8257,.T.);
#8257 = EDGE_CURVE('',#8250,#8258,#8260,.T.);
#8258 = VERTEX_POINT('',#8259);
#8259 = CARTESIAN_POINT('',(1.975,-1.8446,1.7396));
#8260 = LINE('',#8261,#8262);
#8261 = CARTESIAN_POINT('',(1.975,-1.8446,1.6696));
#8262 = VECTOR('',#8263,1.);
#8263 = DIRECTION('',(0.,0.,1.));
#8264 = ORIENTED_EDGE('',*,*,#8265,.T.);
#8265 = EDGE_CURVE('',#8258,#7995,#8266,.T.);
#8266 = LINE('',#8267,#8268);
#8267 = CARTESIAN_POINT('',(1.975,-1.8446,1.7396));
#8268 = VECTOR('',#8269,1.);
#8269 = DIRECTION('',(0.,1.,0.));
#8270 = PLANE('',#8271);
#8271 = AXIS2_PLACEMENT_3D('',#8272,#8273,#8274);
#8272 = CARTESIAN_POINT('',(1.975,1.293108022955E-02,1.127283611688));
#8273 = DIRECTION('',(1.,-1.250603656852E-18,2.809082092746E-18));
#8274 = DIRECTION('',(-2.809082092746E-18,0.,1.));
#8275 = ADVANCED_FACE('',(#8276),#8287,.T.);
#8276 = FACE_BOUND('',#8277,.T.);
#8277 = EDGE_LOOP('',(#8278,#8284,#8285,#8286));
#8278 = ORIENTED_EDGE('',*,*,#8279,.T.);
#8279 = EDGE_CURVE('',#5853,#5725,#8280,.T.);
#8280 = LINE('',#8281,#8282);
#8281 = CARTESIAN_POINT('',(0.8875,0.13,2.0696));
#8282 = VECTOR('',#8283,1.);
#8283 = DIRECTION('',(1.,-7.73633724206E-47,0.));
#8284 = ORIENTED_EDGE('',*,*,#5732,.T.);
#8285 = ORIENTED_EDGE('',*,*,#5787,.T.);
#8286 = ORIENTED_EDGE('',*,*,#5852,.T.);
#8287 = PLANE('',#8288);
#8288 = AXIS2_PLACEMENT_3D('',#8289,#8290,#8291);
#8289 = CARTESIAN_POINT('',(0.,0.13,1.584903846154));
#8290 = DIRECTION('',(-7.73633724206E-47,-1.,2.22044604925E-16));
#8291 = DIRECTION('',(0.,2.22044604925E-16,1.));
#8292 = ADVANCED_FACE('',(#8293),#8304,.F.);
#8293 = FACE_BOUND('',#8294,.F.);
#8294 = EDGE_LOOP('',(#8295,#8296,#8297,#8298));
#8295 = ORIENTED_EDGE('',*,*,#5860,.F.);
#8296 = ORIENTED_EDGE('',*,*,#8279,.T.);
#8297 = ORIENTED_EDGE('',*,*,#5724,.T.);
#8298 = ORIENTED_EDGE('',*,*,#8299,.F.);
#8299 = EDGE_CURVE('',#5861,#5717,#8300,.T.);
#8300 = LINE('',#8301,#8302);
#8301 = CARTESIAN_POINT('',(1.775,-2.2446,2.0696));
#8302 = VECTOR('',#8303,1.);
#8303 = DIRECTION('',(1.,0.,0.));
#8304 = PLANE('',#8305);
#8305 = AXIS2_PLACEMENT_3D('',#8306,#8307,#8308);
#8306 = CARTESIAN_POINT('',(1.775,1.1054,2.0696));
#8307 = DIRECTION('',(0.,0.,-1.));
#8308 = DIRECTION('',(0.,-1.,0.));
#8309 = ADVANCED_FACE('',(#8310),#8330,.F.);
#8310 = FACE_BOUND('',#8311,.F.);
#8311 = EDGE_LOOP('',(#8312,#8313,#8314,#8315,#8323,#8329));
#8312 = ORIENTED_EDGE('',*,*,#8299,.T.);
#8313 = ORIENTED_EDGE('',*,*,#5716,.T.);
#8314 = ORIENTED_EDGE('',*,*,#8249,.T.);
#8315 = ORIENTED_EDGE('',*,*,#8316,.F.);
#8316 = EDGE_CURVE('',#8317,#8250,#8319,.T.);
#8317 = VERTEX_POINT('',#8318);
#8318 = CARTESIAN_POINT('',(1.775,-1.8446,1.6696));
#8319 = LINE('',#8320,#8321);
#8320 = CARTESIAN_POINT('',(1.775,-1.8446,1.6696));
#8321 = VECTOR('',#8322,1.);
#8322 = DIRECTION('',(1.,0.,0.));
#8323 = ORIENTED_EDGE('',*,*,#8324,.F.);
#8324 = EDGE_CURVE('',#5869,#8317,#8325,.T.);
#8325 = LINE('',#8326,#8327);
#8326 = CARTESIAN_POINT('',(1.775,-2.2446,2.0696));
#8327 = VECTOR('',#8328,1.);
#8328 = DIRECTION('',(0.,0.707106781187,-0.707106781187));
#8329 = ORIENTED_EDGE('',*,*,#5868,.F.);
#8330 = PLANE('',#8331);
#8331 = AXIS2_PLACEMENT_3D('',#8332,#8333,#8334);
#8332 = CARTESIAN_POINT('',(1.775,-2.2446,2.0696));
#8333 = DIRECTION('',(0.,0.707106781187,0.707106781187));
#8334 = DIRECTION('',(0.,0.707106781187,-0.707106781187));
#8335 = ADVANCED_FACE('',(#8336),#8362,.F.);
#8336 = FACE_BOUND('',#8337,.F.);
#8337 = EDGE_LOOP('',(#8338,#8339,#8340,#8348,#8356));
#8338 = ORIENTED_EDGE('',*,*,#8091,.T.);
#8339 = ORIENTED_EDGE('',*,*,#5762,.F.);
#8340 = ORIENTED_EDGE('',*,*,#8341,.T.);
#8341 = EDGE_CURVE('',#5755,#8342,#8344,.T.);
#8342 = VERTEX_POINT('',#8343);
#8343 = CARTESIAN_POINT('',(-1.975,-1.8446,1.6696));
#8344 = LINE('',#8345,#8346);
#8345 = CARTESIAN_POINT('',(-1.975,-2.2446,2.0696));
#8346 = VECTOR('',#8347,1.);
#8347 = DIRECTION('',(0.,0.707106781187,-0.707106781187));
#8348 = ORIENTED_EDGE('',*,*,#8349,.T.);
#8349 = EDGE_CURVE('',#8342,#8350,#8352,.T.);
#8350 = VERTEX_POINT('',#8351);
#8351 = CARTESIAN_POINT('',(-1.975,-1.8446,1.7396));
#8352 = LINE('',#8353,#8354);
#8353 = CARTESIAN_POINT('',(-1.975,-1.8446,1.6696));
#8354 = VECTOR('',#8355,1.);
#8355 = DIRECTION('',(0.,0.,1.));
#8356 = ORIENTED_EDGE('',*,*,#8357,.T.);
#8357 = EDGE_CURVE('',#8350,#8084,#8358,.T.);
#8358 = LINE('',#8359,#8360);
#8359 = CARTESIAN_POINT('',(-1.975,-1.8446,1.7396));
#8360 = VECTOR('',#8361,1.);
#8361 = DIRECTION('',(0.,1.,0.));
#8362 = PLANE('',#8363);
#8363 = AXIS2_PLACEMENT_3D('',#8364,#8365,#8366);
#8364 = CARTESIAN_POINT('',(-1.975,1.293108022955E-02,1.127283611688));
#8365 = DIRECTION('',(1.,-1.250603656852E-18,2.809082092746E-18));
#8366 = DIRECTION('',(-2.809082092746E-18,0.,1.));
#8367 = ADVANCED_FACE('',(#8368),#8393,.F.);
#8368 = FACE_BOUND('',#8369,.F.);
#8369 = EDGE_LOOP('',(#8370,#8376,#8377,#8385,#8391,#8392));
#8370 = ORIENTED_EDGE('',*,*,#8371,.T.);
#8371 = EDGE_CURVE('',#5828,#5956,#8372,.T.);
#8372 = LINE('',#8373,#8374);
#8373 = CARTESIAN_POINT('',(-1.975,-2.2446,2.0696));
#8374 = VECTOR('',#8375,1.);
#8375 = DIRECTION('',(1.,0.,0.));
#8376 = ORIENTED_EDGE('',*,*,#5955,.T.);
#8377 = ORIENTED_EDGE('',*,*,#8378,.T.);
#8378 = EDGE_CURVE('',#5948,#8379,#8381,.T.);
#8379 = VERTEX_POINT('',#8380);
#8380 = CARTESIAN_POINT('',(-1.775,-1.8446,1.6696));
#8381 = LINE('',#8382,#8383);
#8382 = CARTESIAN_POINT('',(-1.775,-2.2446,2.0696));
#8383 = VECTOR('',#8384,1.);
#8384 = DIRECTION('',(0.,0.707106781187,-0.707106781187));
#8385 = ORIENTED_EDGE('',*,*,#8386,.F.);
#8386 = EDGE_CURVE('',#8342,#8379,#8387,.T.);
#8387 = LINE('',#8388,#8389);
#8388 = CARTESIAN_POINT('',(-1.975,-1.8446,1.6696));
#8389 = VECTOR('',#8390,1.);
#8390 = DIRECTION('',(1.,0.,0.));
#8391 = ORIENTED_EDGE('',*,*,#8341,.F.);
#8392 = ORIENTED_EDGE('',*,*,#5835,.F.);
#8393 = PLANE('',#8394);
#8394 = AXIS2_PLACEMENT_3D('',#8395,#8396,#8397);
#8395 = CARTESIAN_POINT('',(-1.975,-2.2446,2.0696));
#8396 = DIRECTION('',(0.,0.707106781187,0.707106781187));
#8397 = DIRECTION('',(0.,0.707106781187,-0.707106781187));
#8398 = ADVANCED_FACE('',(#8399),#8410,.F.);
#8399 = FACE_BOUND('',#8400,.F.);
#8400 = EDGE_LOOP('',(#8401,#8402,#8408,#8409));
#8401 = ORIENTED_EDGE('',*,*,#5827,.F.);
#8402 = ORIENTED_EDGE('',*,*,#8403,.T.);
#8403 = EDGE_CURVE('',#5820,#5964,#8404,.T.);
#8404 = LINE('',#8405,#8406);
#8405 = CARTESIAN_POINT('',(-0.9875,0.13,2.0696));
#8406 = VECTOR('',#8407,1.);
#8407 = DIRECTION('',(1.,-7.73633724206E-47,0.));
#8408 = ORIENTED_EDGE('',*,*,#5963,.T.);
#8409 = ORIENTED_EDGE('',*,*,#8371,.F.);
#8410 = PLANE('',#8411);
#8411 = AXIS2_PLACEMENT_3D('',#8412,#8413,#8414);
#8412 = CARTESIAN_POINT('',(-1.975,1.1054,2.0696));
#8413 = DIRECTION('',(0.,0.,-1.));
#8414 = DIRECTION('',(0.,-1.,0.));
#8415 = ADVANCED_FACE('',(#8416),#8422,.T.);
#8416 = FACE_BOUND('',#8417,.T.);
#8417 = EDGE_LOOP('',(#8418,#8419,#8420,#8421));
#8418 = ORIENTED_EDGE('',*,*,#5819,.T.);
#8419 = ORIENTED_EDGE('',*,*,#8403,.T.);
#8420 = ORIENTED_EDGE('',*,*,#5971,.T.);
#8421 = ORIENTED_EDGE('',*,*,#5898,.T.);
#8422 = PLANE('',#8423);
#8423 = AXIS2_PLACEMENT_3D('',#8424,#8425,#8426);
#8424 = CARTESIAN_POINT('',(0.,0.13,1.584903846154));
#8425 = DIRECTION('',(-7.73633724206E-47,-1.,2.22044604925E-16));
#8426 = DIRECTION('',(0.,2.22044604925E-16,1.));
#8427 = ADVANCED_FACE('',(#8428),#8447,.F.);
#8428 = FACE_BOUND('',#8429,.F.);
#8429 = EDGE_LOOP('',(#8430,#8431,#8432,#8433,#8441));
#8430 = ORIENTED_EDGE('',*,*,#8010,.T.);
#8431 = ORIENTED_EDGE('',*,*,#5915,.F.);
#8432 = ORIENTED_EDGE('',*,*,#8324,.T.);
#8433 = ORIENTED_EDGE('',*,*,#8434,.T.);
#8434 = EDGE_CURVE('',#8317,#8435,#8437,.T.);
#8435 = VERTEX_POINT('',#8436);
#8436 = CARTESIAN_POINT('',(1.775,-1.8446,1.7396));
#8437 = LINE('',#8438,#8439);
#8438 = CARTESIAN_POINT('',(1.775,-1.8446,1.6696));
#8439 = VECTOR('',#8440,1.);
#8440 = DIRECTION('',(0.,0.,1.));
#8441 = ORIENTED_EDGE('',*,*,#8442,.T.);
#8442 = EDGE_CURVE('',#8435,#8003,#8443,.T.);
#8443 = LINE('',#8444,#8445);
#8444 = CARTESIAN_POINT('',(1.775,-1.8446,1.7396));
#8445 = VECTOR('',#8446,1.);
#8446 = DIRECTION('',(0.,1.,0.));
#8447 = PLANE('',#8448);
#8448 = AXIS2_PLACEMENT_3D('',#8449,#8450,#8451);
#8449 = CARTESIAN_POINT('',(1.775,1.293108022955E-02,1.127283611688));
#8450 = DIRECTION('',(1.,-1.250603656852E-18,2.809082092746E-18));
#8451 = DIRECTION('',(-2.809082092746E-18,0.,1.));
#8452 = ADVANCED_FACE('',(#8453),#8472,.T.);
#8453 = FACE_BOUND('',#8454,.T.);
#8454 = EDGE_LOOP('',(#8455,#8456,#8457,#8458,#8466));
#8455 = ORIENTED_EDGE('',*,*,#8075,.T.);
#8456 = ORIENTED_EDGE('',*,*,#6026,.F.);
#8457 = ORIENTED_EDGE('',*,*,#8378,.T.);
#8458 = ORIENTED_EDGE('',*,*,#8459,.T.);
#8459 = EDGE_CURVE('',#8379,#8460,#8462,.T.);
#8460 = VERTEX_POINT('',#8461);
#8461 = CARTESIAN_POINT('',(-1.775,-1.8446,1.7396));
#8462 = LINE('',#8463,#8464);
#8463 = CARTESIAN_POINT('',(-1.775,-1.8446,1.6696));
#8464 = VECTOR('',#8465,1.);
#8465 = DIRECTION('',(0.,0.,1.));
#8466 = ORIENTED_EDGE('',*,*,#8467,.T.);
#8467 = EDGE_CURVE('',#8460,#8076,#8468,.T.);
#8468 = LINE('',#8469,#8470);
#8469 = CARTESIAN_POINT('',(-1.775,-1.8446,1.7396));
#8470 = VECTOR('',#8471,1.);
#8471 = DIRECTION('',(0.,1.,0.));
#8472 = PLANE('',#8473);
#8473 = AXIS2_PLACEMENT_3D('',#8474,#8475,#8476);
#8474 = CARTESIAN_POINT('',(-1.775,1.293108022955E-02,1.127283611688));
#8475 = DIRECTION('',(1.,-1.250603656852E-18,2.809082092746E-18));
#8476 = DIRECTION('',(-2.809082092746E-18,0.,1.));
#8477 = ADVANCED_FACE('',(#8478),#8504,.T.);
#8478 = FACE_BOUND('',#8479,.T.);
#8479 = EDGE_LOOP('',(#8480,#8481,#8482,#8490,#8498));
#8480 = ORIENTED_EDGE('',*,*,#8021,.T.);
#8481 = ORIENTED_EDGE('',*,*,#6147,.F.);
#8482 = ORIENTED_EDGE('',*,*,#8483,.T.);
#8483 = EDGE_CURVE('',#6148,#8484,#8486,.T.);
#8484 = VERTEX_POINT('',#8485);
#8485 = CARTESIAN_POINT('',(0.725,-1.8446,1.6696));
#8486 = LINE('',#8487,#8488);
#8487 = CARTESIAN_POINT('',(0.725,-2.2446,2.0696));
#8488 = VECTOR('',#8489,1.);
#8489 = DIRECTION('',(0.,0.707106781187,-0.707106781187));
#8490 = ORIENTED_EDGE('',*,*,#8491,.T.);
#8491 = EDGE_CURVE('',#8484,#8492,#8494,.T.);
#8492 = VERTEX_POINT('',#8493);
#8493 = CARTESIAN_POINT('',(0.725,-1.8446,1.7396));
#8494 = LINE('',#8495,#8496);
#8495 = CARTESIAN_POINT('',(0.725,-1.8446,1.6696));
#8496 = VECTOR('',#8497,1.);
#8497 = DIRECTION('',(0.,0.,1.));
#8498 = ORIENTED_EDGE('',*,*,#8499,.T.);
#8499 = EDGE_CURVE('',#8492,#8022,#8500,.T.);
#8500 = LINE('',#8501,#8502);
#8501 = CARTESIAN_POINT('',(0.725,-1.8446,1.7396));
#8502 = VECTOR('',#8503,1.);
#8503 = DIRECTION('',(0.,1.,0.));
#8504 = PLANE('',#8505);
#8505 = AXIS2_PLACEMENT_3D('',#8506,#8507,#8508);
#8506 = CARTESIAN_POINT('',(0.725,1.293108022955E-02,1.127283611688));
#8507 = DIRECTION('',(1.,-1.250603656852E-18,2.809082092746E-18));
#8508 = DIRECTION('',(-2.809082092746E-18,0.,1.));
#8509 = ADVANCED_FACE('',(#8510),#8521,.T.);
#8510 = FACE_BOUND('',#8511,.T.);
#8511 = EDGE_LOOP('',(#8512,#8518,#8519,#8520));
#8512 = ORIENTED_EDGE('',*,*,#8513,.T.);
#8513 = EDGE_CURVE('',#6333,#6205,#8514,.T.);
#8514 = LINE('',#8515,#8516);
#8515 = CARTESIAN_POINT('',(0.2625,0.13,2.0696));
#8516 = VECTOR('',#8517,1.);
#8517 = DIRECTION('',(1.,-7.73633724206E-47,0.));
#8518 = ORIENTED_EDGE('',*,*,#6212,.T.);
#8519 = ORIENTED_EDGE('',*,*,#6267,.T.);
#8520 = ORIENTED_EDGE('',*,*,#6332,.T.);
#8521 = PLANE('',#8522);
#8522 = AXIS2_PLACEMENT_3D('',#8523,#8524,#8525);
#8523 = CARTESIAN_POINT('',(0.,0.13,1.584903846154));
#8524 = DIRECTION('',(-7.73633724206E-47,-1.,2.22044604925E-16));
#8525 = DIRECTION('',(0.,2.22044604925E-16,1.));
#8526 = ADVANCED_FACE('',(#8527),#8538,.F.);
#8527 = FACE_BOUND('',#8528,.F.);
#8528 = EDGE_LOOP('',(#8529,#8530,#8531,#8532));
#8529 = ORIENTED_EDGE('',*,*,#6340,.F.);
#8530 = ORIENTED_EDGE('',*,*,#8513,.T.);
#8531 = ORIENTED_EDGE('',*,*,#6204,.T.);
#8532 = ORIENTED_EDGE('',*,*,#8533,.F.);
#8533 = EDGE_CURVE('',#6341,#6197,#8534,.T.);
#8534 = LINE('',#8535,#8536);
#8535 = CARTESIAN_POINT('',(0.525,-2.2446,2.0696));
#8536 = VECTOR('',#8537,1.);
#8537 = DIRECTION('',(1.,0.,0.));
#8538 = PLANE('',#8539);
#8539 = AXIS2_PLACEMENT_3D('',#8540,#8541,#8542);
#8540 = CARTESIAN_POINT('',(0.525,1.1054,2.0696));
#8541 = DIRECTION('',(0.,0.,-1.));
#8542 = DIRECTION('',(0.,-1.,0.));
#8543 = ADVANCED_FACE('',(#8544),#8564,.F.);
#8544 = FACE_BOUND('',#8545,.F.);
#8545 = EDGE_LOOP('',(#8546,#8547,#8548,#8549,#8557,#8563));
#8546 = ORIENTED_EDGE('',*,*,#8533,.T.);
#8547 = ORIENTED_EDGE('',*,*,#6196,.T.);
#8548 = ORIENTED_EDGE('',*,*,#8483,.T.);
#8549 = ORIENTED_EDGE('',*,*,#8550,.F.);
#8550 = EDGE_CURVE('',#8551,#8484,#8553,.T.);
#8551 = VERTEX_POINT('',#8552);
#8552 = CARTESIAN_POINT('',(0.525,-1.8446,1.6696));
#8553 = LINE('',#8554,#8555);
#8554 = CARTESIAN_POINT('',(0.525,-1.8446,1.6696));
#8555 = VECTOR('',#8556,1.);
#8556 = DIRECTION('',(1.,0.,0.));
#8557 = ORIENTED_EDGE('',*,*,#8558,.F.);
#8558 = EDGE_CURVE('',#6349,#8551,#8559,.T.);
#8559 = LINE('',#8560,#8561);
#8560 = CARTESIAN_POINT('',(0.525,-2.2446,2.0696));
#8561 = VECTOR('',#8562,1.);
#8562 = DIRECTION('',(0.,0.707106781187,-0.707106781187));
#8563 = ORIENTED_EDGE('',*,*,#6348,.F.);
#8564 = PLANE('',#8565);
#8565 = AXIS2_PLACEMENT_3D('',#8566,#8567,#8568);
#8566 = CARTESIAN_POINT('',(0.525,-2.2446,2.0696));
#8567 = DIRECTION('',(0.,0.707106781187,0.707106781187));
#8568 = DIRECTION('',(0.,0.707106781187,-0.707106781187));
#8569 = ADVANCED_FACE('',(#8570),#8596,.F.);
#8570 = FACE_BOUND('',#8571,.F.);
#8571 = EDGE_LOOP('',(#8572,#8573,#8574,#8582,#8590));
#8572 = ORIENTED_EDGE('',*,*,#8064,.T.);
#8573 = ORIENTED_EDGE('',*,*,#6242,.F.);
#8574 = ORIENTED_EDGE('',*,*,#8575,.T.);
#8575 = EDGE_CURVE('',#6235,#8576,#8578,.T.);
#8576 = VERTEX_POINT('',#8577);
#8577 = CARTESIAN_POINT('',(-0.725,-1.8446,1.6696));
#8578 = LINE('',#8579,#8580);
#8579 = CARTESIAN_POINT('',(-0.725,-2.2446,2.0696));
#8580 = VECTOR('',#8581,1.);
#8581 = DIRECTION('',(0.,0.707106781187,-0.707106781187));
#8582 = ORIENTED_EDGE('',*,*,#8583,.T.);
#8583 = EDGE_CURVE('',#8576,#8584,#8586,.T.);
#8584 = VERTEX_POINT('',#8585);
#8585 = CARTESIAN_POINT('',(-0.725,-1.8446,1.7396));
#8586 = LINE('',#8587,#8588);
#8587 = CARTESIAN_POINT('',(-0.725,-1.8446,1.6696));
#8588 = VECTOR('',#8589,1.);
#8589 = DIRECTION('',(0.,0.,1.));
#8590 = ORIENTED_EDGE('',*,*,#8591,.T.);
#8591 = EDGE_CURVE('',#8584,#8057,#8592,.T.);
#8592 = LINE('',#8593,#8594);
#8593 = CARTESIAN_POINT('',(-0.725,-1.8446,1.7396));
#8594 = VECTOR('',#8595,1.);
#8595 = DIRECTION('',(0.,1.,0.));
#8596 = PLANE('',#8597);
#8597 = AXIS2_PLACEMENT_3D('',#8598,#8599,#8600);
#8598 = CARTESIAN_POINT('',(-0.725,1.293108022955E-02,1.127283611688));
#8599 = DIRECTION('',(1.,-1.250603656852E-18,2.809082092746E-18));
#8600 = DIRECTION('',(-2.809082092746E-18,0.,1.));
#8601 = ADVANCED_FACE('',(#8602),#8627,.F.);
#8602 = FACE_BOUND('',#8603,.F.);
#8603 = EDGE_LOOP('',(#8604,#8610,#8611,#8619,#8625,#8626));
#8604 = ORIENTED_EDGE('',*,*,#8605,.T.);
#8605 = EDGE_CURVE('',#6308,#6436,#8606,.T.);
#8606 = LINE('',#8607,#8608);
#8607 = CARTESIAN_POINT('',(-0.725,-2.2446,2.0696));
#8608 = VECTOR('',#8609,1.);
#8609 = DIRECTION('',(1.,0.,0.));
#8610 = ORIENTED_EDGE('',*,*,#6435,.T.);
#8611 = ORIENTED_EDGE('',*,*,#8612,.T.);
#8612 = EDGE_CURVE('',#6428,#8613,#8615,.T.);
#8613 = VERTEX_POINT('',#8614);
#8614 = CARTESIAN_POINT('',(-0.525,-1.8446,1.6696));
#8615 = LINE('',#8616,#8617);
#8616 = CARTESIAN_POINT('',(-0.525,-2.2446,2.0696));
#8617 = VECTOR('',#8618,1.);
#8618 = DIRECTION('',(0.,0.707106781187,-0.707106781187));
#8619 = ORIENTED_EDGE('',*,*,#8620,.F.);
#8620 = EDGE_CURVE('',#8576,#8613,#8621,.T.);
#8621 = LINE('',#8622,#8623);
#8622 = CARTESIAN_POINT('',(-0.725,-1.8446,1.6696));
#8623 = VECTOR('',#8624,1.);
#8624 = DIRECTION('',(1.,0.,0.));
#8625 = ORIENTED_EDGE('',*,*,#8575,.F.);
#8626 = ORIENTED_EDGE('',*,*,#6315,.F.);
#8627 = PLANE('',#8628);
#8628 = AXIS2_PLACEMENT_3D('',#8629,#8630,#8631);
#8629 = CARTESIAN_POINT('',(-0.725,-2.2446,2.0696));
#8630 = DIRECTION('',(0.,0.707106781187,0.707106781187));
#8631 = DIRECTION('',(0.,0.707106781187,-0.707106781187));
#8632 = ADVANCED_FACE('',(#8633),#8644,.F.);
#8633 = FACE_BOUND('',#8634,.F.);
#8634 = EDGE_LOOP('',(#8635,#8636,#8642,#8643));
#8635 = ORIENTED_EDGE('',*,*,#6307,.F.);
#8636 = ORIENTED_EDGE('',*,*,#8637,.T.);
#8637 = EDGE_CURVE('',#6300,#6444,#8638,.T.);
#8638 = LINE('',#8639,#8640);
#8639 = CARTESIAN_POINT('',(-0.3625,0.13,2.0696));
#8640 = VECTOR('',#8641,1.);
#8641 = DIRECTION('',(1.,-7.73633724206E-47,0.));
#8642 = ORIENTED_EDGE('',*,*,#6443,.T.);
#8643 = ORIENTED_EDGE('',*,*,#8605,.F.);
#8644 = PLANE('',#8645);
#8645 = AXIS2_PLACEMENT_3D('',#8646,#8647,#8648);
#8646 = CARTESIAN_POINT('',(-0.725,1.1054,2.0696));
#8647 = DIRECTION('',(0.,0.,-1.));
#8648 = DIRECTION('',(0.,-1.,0.));
#8649 = ADVANCED_FACE('',(#8650),#8656,.T.);
#8650 = FACE_BOUND('',#8651,.T.);
#8651 = EDGE_LOOP('',(#8652,#8653,#8654,#8655));
#8652 = ORIENTED_EDGE('',*,*,#6299,.T.);
#8653 = ORIENTED_EDGE('',*,*,#8637,.T.);
#8654 = ORIENTED_EDGE('',*,*,#6451,.T.);
#8655 = ORIENTED_EDGE('',*,*,#6378,.T.);
#8656 = PLANE('',#8657);
#8657 = AXIS2_PLACEMENT_3D('',#8658,#8659,#8660);
#8658 = CARTESIAN_POINT('',(0.,0.13,1.584903846154));
#8659 = DIRECTION('',(-7.73633724206E-47,-1.,2.22044604925E-16));
#8660 = DIRECTION('',(0.,2.22044604925E-16,1.));
#8661 = ADVANCED_FACE('',(#8662),#8681,.F.);
#8662 = FACE_BOUND('',#8663,.F.);
#8663 = EDGE_LOOP('',(#8664,#8665,#8666,#8667,#8675));
#8664 = ORIENTED_EDGE('',*,*,#8037,.T.);
#8665 = ORIENTED_EDGE('',*,*,#6395,.F.);
#8666 = ORIENTED_EDGE('',*,*,#8558,.T.);
#8667 = ORIENTED_EDGE('',*,*,#8668,.T.);
#8668 = EDGE_CURVE('',#8551,#8669,#8671,.T.);
#8669 = VERTEX_POINT('',#8670);
#8670 = CARTESIAN_POINT('',(0.525,-1.8446,1.7396));
#8671 = LINE('',#8672,#8673);
#8672 = CARTESIAN_POINT('',(0.525,-1.8446,1.6696));
#8673 = VECTOR('',#8674,1.);
#8674 = DIRECTION('',(0.,0.,1.));
#8675 = ORIENTED_EDGE('',*,*,#8676,.T.);
#8676 = EDGE_CURVE('',#8669,#8030,#8677,.T.);
#8677 = LINE('',#8678,#8679);
#8678 = CARTESIAN_POINT('',(0.525,-1.8446,1.7396));
#8679 = VECTOR('',#8680,1.);
#8680 = DIRECTION('',(0.,1.,0.));
#8681 = PLANE('',#8682);
#8682 = AXIS2_PLACEMENT_3D('',#8683,#8684,#8685);
#8683 = CARTESIAN_POINT('',(0.525,1.293108022955E-02,1.127283611688));
#8684 = DIRECTION('',(1.,-1.250603656852E-18,2.809082092746E-18));
#8685 = DIRECTION('',(-2.809082092746E-18,0.,1.));
#8686 = ADVANCED_FACE('',(#8687),#8706,.T.);
#8687 = FACE_BOUND('',#8688,.T.);
#8688 = EDGE_LOOP('',(#8689,#8690,#8691,#8692,#8700));
#8689 = ORIENTED_EDGE('',*,*,#8048,.T.);
#8690 = ORIENTED_EDGE('',*,*,#6506,.F.);
#8691 = ORIENTED_EDGE('',*,*,#8612,.T.);
#8692 = ORIENTED_EDGE('',*,*,#8693,.T.);
#8693 = EDGE_CURVE('',#8613,#8694,#8696,.T.);
#8694 = VERTEX_POINT('',#8695);
#8695 = CARTESIAN_POINT('',(-0.525,-1.8446,1.7396));
#8696 = LINE('',#8697,#8698);
#8697 = CARTESIAN_POINT('',(-0.525,-1.8446,1.6696));
#8698 = VECTOR('',#8699,1.);
#8699 = DIRECTION('',(0.,0.,1.));
#8700 = ORIENTED_EDGE('',*,*,#8701,.T.);
#8701 = EDGE_CURVE('',#8694,#8049,#8702,.T.);
#8702 = LINE('',#8703,#8704);
#8703 = CARTESIAN_POINT('',(-0.525,-1.8446,1.7396));
#8704 = VECTOR('',#8705,1.);
#8705 = DIRECTION('',(0.,1.,0.));
#8706 = PLANE('',#8707);
#8707 = AXIS2_PLACEMENT_3D('',#8708,#8709,#8710);
#8708 = CARTESIAN_POINT('',(-0.525,1.293108022955E-02,1.127283611688));
#8709 = DIRECTION('',(1.,-1.250603656852E-18,2.809082092746E-18));
#8710 = DIRECTION('',(-2.809082092746E-18,0.,1.));
#8711 = ADVANCED_FACE('',(#8712),#8718,.T.);
#8712 = FACE_BOUND('',#8713,.T.);
#8713 = EDGE_LOOP('',(#8714,#8715,#8716,#8717));
#8714 = ORIENTED_EDGE('',*,*,#6571,.F.);
#8715 = ORIENTED_EDGE('',*,*,#6618,.T.);
#8716 = ORIENTED_EDGE('',*,*,#6643,.T.);
#8717 = ORIENTED_EDGE('',*,*,#6594,.F.);
#8718 = PLANE('',#8719);
#8719 = AXIS2_PLACEMENT_3D('',#8720,#8721,#8722);
#8720 = CARTESIAN_POINT('',(-3.775,-1.47,3.295));
#8721 = DIRECTION('',(0.,-1.,2.22044604925E-16));
#8722 = DIRECTION('',(1.,0.,0.));
#8723 = ADVANCED_FACE('',(#8724),#8730,.T.);
#8724 = FACE_BOUND('',#8725,.T.);
#8725 = EDGE_LOOP('',(#8726,#8727,#8728,#8729));
#8726 = ORIENTED_EDGE('',*,*,#6667,.F.);
#8727 = ORIENTED_EDGE('',*,*,#6714,.T.);
#8728 = ORIENTED_EDGE('',*,*,#6739,.T.);
#8729 = ORIENTED_EDGE('',*,*,#6690,.F.);
#8730 = PLANE('',#8731);
#8731 = AXIS2_PLACEMENT_3D('',#8732,#8733,#8734);
#8732 = CARTESIAN_POINT('',(2.675,-1.47,3.295));
#8733 = DIRECTION('',(0.,-1.,2.22044604925E-16));
#8734 = DIRECTION('',(1.,0.,0.));
#8735 = ADVANCED_FACE('',(#8736),#8747,.F.);
#8736 = FACE_BOUND('',#8737,.F.);
#8737 = EDGE_LOOP('',(#8738,#8744,#8745,#8746));
#8738 = ORIENTED_EDGE('',*,*,#8739,.T.);
#8739 = EDGE_CURVE('',#6868,#6950,#8740,.T.);
#8740 = LINE('',#8741,#8742);
#8741 = CARTESIAN_POINT('',(-1.975,1.7754,0.65));
#8742 = VECTOR('',#8743,1.);
#8743 = DIRECTION('',(1.,0.,0.));
#8744 = ORIENTED_EDGE('',*,*,#6957,.T.);
#8745 = ORIENTED_EDGE('',*,*,#6902,.F.);
#8746 = ORIENTED_EDGE('',*,*,#6875,.F.);
#8747 = PLANE('',#8748);
#8748 = AXIS2_PLACEMENT_3D('',#8749,#8750,#8751);
#8749 = CARTESIAN_POINT('',(-1.975,1.7754,0.65));
#8750 = DIRECTION('',(0.,0.,-1.));
#8751 = DIRECTION('',(0.,-1.,0.));
#8752 = ADVANCED_FACE('',(#8753),#8764,.F.);
#8753 = FACE_BOUND('',#8754,.F.);
#8754 = EDGE_LOOP('',(#8755,#8761,#8762,#8763));
#8755 = ORIENTED_EDGE('',*,*,#8756,.T.);
#8756 = EDGE_CURVE('',#6860,#6942,#8757,.T.);
#8757 = LINE('',#8758,#8759);
#8758 = CARTESIAN_POINT('',(-1.975,1.7754,0.3));
#8759 = VECTOR('',#8760,1.);
#8760 = DIRECTION('',(1.,0.,0.));
#8761 = ORIENTED_EDGE('',*,*,#6949,.T.);
#8762 = ORIENTED_EDGE('',*,*,#8739,.F.);
#8763 = ORIENTED_EDGE('',*,*,#6867,.F.);
#8764 = PLANE('',#8765);
#8765 = AXIS2_PLACEMENT_3D('',#8766,#8767,#8768);
#8766 = CARTESIAN_POINT('',(-1.975,1.7754,0.3));
#8767 = DIRECTION('',(0.,-1.,0.));
#8768 = DIRECTION('',(0.,0.,1.));
#8769 = ADVANCED_FACE('',(#8770),#8781,.F.);
#8770 = FACE_BOUND('',#8771,.F.);
#8771 = EDGE_LOOP('',(#8772,#8778,#8779,#8780));
#8772 = ORIENTED_EDGE('',*,*,#8773,.T.);
#8773 = EDGE_CURVE('',#6852,#6934,#8774,.T.);
#8774 = LINE('',#8775,#8776);
#8775 = CARTESIAN_POINT('',(-1.975,2.4754,0.3));
#8776 = VECTOR('',#8777,1.);
#8777 = DIRECTION('',(1.,0.,0.));
#8778 = ORIENTED_EDGE('',*,*,#6941,.T.);
#8779 = ORIENTED_EDGE('',*,*,#8756,.F.);
#8780 = ORIENTED_EDGE('',*,*,#6859,.F.);
#8781 = PLANE('',#8782);
#8782 = AXIS2_PLACEMENT_3D('',#8783,#8784,#8785);
#8783 = CARTESIAN_POINT('',(-1.975,2.4754,0.3));
#8784 = DIRECTION('',(0.,0.,-1.));
#8785 = DIRECTION('',(0.,-1.,0.));
#8786 = ADVANCED_FACE('',(#8787),#8793,.F.);
#8787 = FACE_BOUND('',#8788,.F.);
#8788 = EDGE_LOOP('',(#8789,#8790,#8791,#8792));
#8789 = ORIENTED_EDGE('',*,*,#7629,.T.);
#8790 = ORIENTED_EDGE('',*,*,#6933,.T.);
#8791 = ORIENTED_EDGE('',*,*,#8773,.F.);
#8792 = ORIENTED_EDGE('',*,*,#6851,.F.);
#8793 = PLANE('',#8794);
#8794 = AXIS2_PLACEMENT_3D('',#8795,#8796,#8797);
#8795 = CARTESIAN_POINT('',(-1.975,2.4754,0.));
#8796 = DIRECTION('',(0.,-1.,0.));
#8797 = DIRECTION('',(-7.401486830834E-16,0.,1.));
#8798 = ADVANCED_FACE('',(#8799),#8810,.F.);
#8799 = FACE_BOUND('',#8800,.F.);
#8800 = EDGE_LOOP('',(#8801,#8807,#8808,#8809));
#8801 = ORIENTED_EDGE('',*,*,#8802,.T.);
#8802 = EDGE_CURVE('',#7037,#7124,#8803,.T.);
#8803 = LINE('',#8804,#8805);
#8804 = CARTESIAN_POINT('',(-0.725,1.7754,0.65));
#8805 = VECTOR('',#8806,1.);
#8806 = DIRECTION('',(1.,0.,0.));
#8807 = ORIENTED_EDGE('',*,*,#7131,.T.);
#8808 = ORIENTED_EDGE('',*,*,#7076,.F.);
#8809 = ORIENTED_EDGE('',*,*,#7044,.F.);
#8810 = PLANE('',#8811);
#8811 = AXIS2_PLACEMENT_3D('',#8812,#8813,#8814);
#8812 = CARTESIAN_POINT('',(-0.725,1.7754,0.65));
#8813 = DIRECTION('',(0.,0.,-1.));
#8814 = DIRECTION('',(0.,-1.,0.));
#8815 = ADVANCED_FACE('',(#8816),#8827,.F.);
#8816 = FACE_BOUND('',#8817,.F.);
#8817 = EDGE_LOOP('',(#8818,#8824,#8825,#8826));
#8818 = ORIENTED_EDGE('',*,*,#8819,.T.);
#8819 = EDGE_CURVE('',#7029,#7116,#8820,.T.);
#8820 = LINE('',#8821,#8822);
#8821 = CARTESIAN_POINT('',(-0.725,1.7754,0.3));
#8822 = VECTOR('',#8823,1.);
#8823 = DIRECTION('',(1.,0.,0.));
#8824 = ORIENTED_EDGE('',*,*,#7123,.T.);
#8825 = ORIENTED_EDGE('',*,*,#8802,.F.);
#8826 = ORIENTED_EDGE('',*,*,#7036,.F.);
#8827 = PLANE('',#8828);
#8828 = AXIS2_PLACEMENT_3D('',#8829,#8830,#8831);
#8829 = CARTESIAN_POINT('',(-0.725,1.7754,0.3));
#8830 = DIRECTION('',(0.,-1.,0.));
#8831 = DIRECTION('',(0.,0.,1.));
#8832 = ADVANCED_FACE('',(#8833),#8844,.F.);
#8833 = FACE_BOUND('',#8834,.F.);
#8834 = EDGE_LOOP('',(#8835,#8841,#8842,#8843));
#8835 = ORIENTED_EDGE('',*,*,#8836,.T.);
#8836 = EDGE_CURVE('',#7021,#7108,#8837,.T.);
#8837 = LINE('',#8838,#8839);
#8838 = CARTESIAN_POINT('',(-0.725,2.4754,0.3));
#8839 = VECTOR('',#8840,1.);
#8840 = DIRECTION('',(1.,0.,0.));
#8841 = ORIENTED_EDGE('',*,*,#7115,.T.);
#8842 = ORIENTED_EDGE('',*,*,#8819,.F.);
#8843 = ORIENTED_EDGE('',*,*,#7028,.F.);
#8844 = PLANE('',#8845);
#8845 = AXIS2_PLACEMENT_3D('',#8846,#8847,#8848);
#8846 = CARTESIAN_POINT('',(-0.725,2.4754,0.3));
#8847 = DIRECTION('',(0.,0.,-1.));
#8848 = DIRECTION('',(0.,-1.,0.));
#8849 = ADVANCED_FACE('',(#8850),#8856,.F.);
#8850 = FACE_BOUND('',#8851,.F.);
#8851 = EDGE_LOOP('',(#8852,#8853,#8854,#8855));
#8852 = ORIENTED_EDGE('',*,*,#7600,.T.);
#8853 = ORIENTED_EDGE('',*,*,#7107,.T.);
#8854 = ORIENTED_EDGE('',*,*,#8836,.F.);
#8855 = ORIENTED_EDGE('',*,*,#7020,.F.);
#8856 = PLANE('',#8857);
#8857 = AXIS2_PLACEMENT_3D('',#8858,#8859,#8860);
#8858 = CARTESIAN_POINT('',(-0.725,2.4754,0.));
#8859 = DIRECTION('',(0.,-1.,0.));
#8860 = DIRECTION('',(-7.401486830834E-16,0.,1.));
#8861 = ADVANCED_FACE('',(#8862),#8873,.F.);
#8862 = FACE_BOUND('',#8863,.F.);
#8863 = EDGE_LOOP('',(#8864,#8870,#8871,#8872));
#8864 = ORIENTED_EDGE('',*,*,#8865,.T.);
#8865 = EDGE_CURVE('',#7211,#7298,#8866,.T.);
#8866 = LINE('',#8867,#8868);
#8867 = CARTESIAN_POINT('',(0.525,1.7754,0.65));
#8868 = VECTOR('',#8869,1.);
#8869 = DIRECTION('',(1.,0.,0.));
#8870 = ORIENTED_EDGE('',*,*,#7305,.T.);
#8871 = ORIENTED_EDGE('',*,*,#7250,.F.);
#8872 = ORIENTED_EDGE('',*,*,#7218,.F.);
#8873 = PLANE('',#8874);
#8874 = AXIS2_PLACEMENT_3D('',#8875,#8876,#8877);
#8875 = CARTESIAN_POINT('',(0.525,1.7754,0.65));
#8876 = DIRECTION('',(0.,0.,-1.));
#8877 = DIRECTION('',(0.,-1.,0.));
#8878 = ADVANCED_FACE('',(#8879),#8890,.F.);
#8879 = FACE_BOUND('',#8880,.F.);
#8880 = EDGE_LOOP('',(#8881,#8887,#8888,#8889));
#8881 = ORIENTED_EDGE('',*,*,#8882,.T.);
#8882 = EDGE_CURVE('',#7203,#7290,#8883,.T.);
#8883 = LINE('',#8884,#8885);
#8884 = CARTESIAN_POINT('',(0.525,1.7754,0.3));
#8885 = VECTOR('',#8886,1.);
#8886 = DIRECTION('',(1.,0.,0.));
#8887 = ORIENTED_EDGE('',*,*,#7297,.T.);
#8888 = ORIENTED_EDGE('',*,*,#8865,.F.);
#8889 = ORIENTED_EDGE('',*,*,#7210,.F.);
#8890 = PLANE('',#8891);
#8891 = AXIS2_PLACEMENT_3D('',#8892,#8893,#8894);
#8892 = CARTESIAN_POINT('',(0.525,1.7754,0.3));
#8893 = DIRECTION('',(0.,-1.,0.));
#8894 = DIRECTION('',(0.,0.,1.));
#8895 = ADVANCED_FACE('',(#8896),#8907,.F.);
#8896 = FACE_BOUND('',#8897,.F.);
#8897 = EDGE_LOOP('',(#8898,#8904,#8905,#8906));
#8898 = ORIENTED_EDGE('',*,*,#8899,.T.);
#8899 = EDGE_CURVE('',#7195,#7282,#8900,.T.);
#8900 = LINE('',#8901,#8902);
#8901 = CARTESIAN_POINT('',(0.525,2.4754,0.3));
#8902 = VECTOR('',#8903,1.);
#8903 = DIRECTION('',(1.,0.,0.));
#8904 = ORIENTED_EDGE('',*,*,#7289,.T.);
#8905 = ORIENTED_EDGE('',*,*,#8882,.F.);
#8906 = ORIENTED_EDGE('',*,*,#7202,.F.);
#8907 = PLANE('',#8908);
#8908 = AXIS2_PLACEMENT_3D('',#8909,#8910,#8911);
#8909 = CARTESIAN_POINT('',(0.525,2.4754,0.3));
#8910 = DIRECTION('',(0.,0.,-1.));
#8911 = DIRECTION('',(0.,-1.,0.));
#8912 = ADVANCED_FACE('',(#8913),#8919,.F.);
#8913 = FACE_BOUND('',#8914,.F.);
#8914 = EDGE_LOOP('',(#8915,#8916,#8917,#8918));
#8915 = ORIENTED_EDGE('',*,*,#7571,.T.);
#8916 = ORIENTED_EDGE('',*,*,#7281,.T.);
#8917 = ORIENTED_EDGE('',*,*,#8899,.F.);
#8918 = ORIENTED_EDGE('',*,*,#7194,.F.);
#8919 = PLANE('',#8920);
#8920 = AXIS2_PLACEMENT_3D('',#8921,#8922,#8923);
#8921 = CARTESIAN_POINT('',(0.525,2.4754,0.));
#8922 = DIRECTION('',(0.,-1.,0.));
#8923 = DIRECTION('',(-7.401486830834E-16,0.,1.));
#8924 = ADVANCED_FACE('',(#8925),#8936,.F.);
#8925 = FACE_BOUND('',#8926,.F.);
#8926 = EDGE_LOOP('',(#8927,#8933,#8934,#8935));
#8927 = ORIENTED_EDGE('',*,*,#8928,.T.);
#8928 = EDGE_CURVE('',#7385,#7472,#8929,.T.);
#8929 = LINE('',#8930,#8931);
#8930 = CARTESIAN_POINT('',(1.775,1.7754,0.65));
#8931 = VECTOR('',#8932,1.);
#8932 = DIRECTION('',(1.,0.,0.));
#8933 = ORIENTED_EDGE('',*,*,#7479,.T.);
#8934 = ORIENTED_EDGE('',*,*,#7424,.F.);
#8935 = ORIENTED_EDGE('',*,*,#7392,.F.);
#8936 = PLANE('',#8937);
#8937 = AXIS2_PLACEMENT_3D('',#8938,#8939,#8940);
#8938 = CARTESIAN_POINT('',(1.775,1.7754,0.65));
#8939 = DIRECTION('',(0.,0.,-1.));
#8940 = DIRECTION('',(0.,-1.,0.));
#8941 = ADVANCED_FACE('',(#8942),#8953,.F.);
#8942 = FACE_BOUND('',#8943,.F.);
#8943 = EDGE_LOOP('',(#8944,#8950,#8951,#8952));
#8944 = ORIENTED_EDGE('',*,*,#8945,.T.);
#8945 = EDGE_CURVE('',#7377,#7464,#8946,.T.);
#8946 = LINE('',#8947,#8948);
#8947 = CARTESIAN_POINT('',(1.775,1.7754,0.3));
#8948 = VECTOR('',#8949,1.);
#8949 = DIRECTION('',(1.,0.,0.));
#8950 = ORIENTED_EDGE('',*,*,#7471,.T.);
#8951 = ORIENTED_EDGE('',*,*,#8928,.F.);
#8952 = ORIENTED_EDGE('',*,*,#7384,.F.);
#8953 = PLANE('',#8954);
#8954 = AXIS2_PLACEMENT_3D('',#8955,#8956,#8957);
#8955 = CARTESIAN_POINT('',(1.775,1.7754,0.3));
#8956 = DIRECTION('',(0.,-1.,0.));
#8957 = DIRECTION('',(0.,0.,1.));
#8958 = ADVANCED_FACE('',(#8959),#8970,.F.);
#8959 = FACE_BOUND('',#8960,.F.);
#8960 = EDGE_LOOP('',(#8961,#8967,#8968,#8969));
#8961 = ORIENTED_EDGE('',*,*,#8962,.T.);
#8962 = EDGE_CURVE('',#7369,#7456,#8963,.T.);
#8963 = LINE('',#8964,#8965);
#8964 = CARTESIAN_POINT('',(1.775,2.4754,0.3));
#8965 = VECTOR('',#8966,1.);
#8966 = DIRECTION('',(1.,0.,0.));
#8967 = ORIENTED_EDGE('',*,*,#7463,.T.);
#8968 = ORIENTED_EDGE('',*,*,#8945,.F.);
#8969 = ORIENTED_EDGE('',*,*,#7376,.F.);
#8970 = PLANE('',#8971);
#8971 = AXIS2_PLACEMENT_3D('',#8972,#8973,#8974);
#8972 = CARTESIAN_POINT('',(1.775,2.4754,0.3));
#8973 = DIRECTION('',(0.,0.,-1.));
#8974 = DIRECTION('',(0.,-1.,0.));
#8975 = ADVANCED_FACE('',(#8976),#8982,.F.);
#8976 = FACE_BOUND('',#8977,.F.);
#8977 = EDGE_LOOP('',(#8978,#8979,#8980,#8981));
#8978 = ORIENTED_EDGE('',*,*,#7542,.T.);
#8979 = ORIENTED_EDGE('',*,*,#7455,.T.);
#8980 = ORIENTED_EDGE('',*,*,#8962,.F.);
#8981 = ORIENTED_EDGE('',*,*,#7368,.F.);
#8982 = PLANE('',#8983);
#8983 = AXIS2_PLACEMENT_3D('',#8984,#8985,#8986);
#8984 = CARTESIAN_POINT('',(1.775,2.4754,0.));
#8985 = DIRECTION('',(0.,-1.,0.));
#8986 = DIRECTION('',(-7.401486830834E-16,0.,1.));
#8987 = ADVANCED_FACE('',(#8988),#8994,.F.);
#8988 = FACE_BOUND('',#8989,.F.);
#8989 = EDGE_LOOP('',(#8990,#8991,#8992,#8993));
#8990 = ORIENTED_EDGE('',*,*,#7883,.F.);
#8991 = ORIENTED_EDGE('',*,*,#7673,.T.);
#8992 = ORIENTED_EDGE('',*,*,#7835,.F.);
#8993 = ORIENTED_EDGE('',*,*,#7869,.F.);
#8994 = PLANE('',#8995);
#8995 = AXIS2_PLACEMENT_3D('',#8996,#8997,#8998);
#8996 = CARTESIAN_POINT('',(3.625,-1.602142857143,0.712857142857));
#8997 = DIRECTION('',(-1.,1.11927691467E-30,1.146375123746E-30));
#8998 = DIRECTION('',(-1.146375123746E-30,-2.22044604925E-16,-1.));
#8999 = ADVANCED_FACE('',(#9000),#9011,.F.);
#9000 = FACE_BOUND('',#9001,.F.);
#9001 = EDGE_LOOP('',(#9002,#9003,#9009,#9010));
#9002 = ORIENTED_EDGE('',*,*,#8357,.F.);
#9003 = ORIENTED_EDGE('',*,*,#9004,.T.);
#9004 = EDGE_CURVE('',#8350,#8460,#9005,.T.);
#9005 = LINE('',#9006,#9007);
#9006 = CARTESIAN_POINT('',(-1.975,-1.8446,1.7396));
#9007 = VECTOR('',#9008,1.);
#9008 = DIRECTION('',(1.,0.,0.));
#9009 = ORIENTED_EDGE('',*,*,#8467,.T.);
#9010 = ORIENTED_EDGE('',*,*,#8083,.T.);
#9011 = PLANE('',#9012);
#9012 = AXIS2_PLACEMENT_3D('',#9013,#9014,#9015);
#9013 = CARTESIAN_POINT('',(-1.975,-1.8446,1.7396));
#9014 = DIRECTION('',(0.,0.,1.));
#9015 = DIRECTION('',(0.,1.,0.));
#9016 = ADVANCED_FACE('',(#9017),#9028,.F.);
#9017 = FACE_BOUND('',#9018,.F.);
#9018 = EDGE_LOOP('',(#9019,#9020,#9026,#9027));
#9019 = ORIENTED_EDGE('',*,*,#8591,.F.);
#9020 = ORIENTED_EDGE('',*,*,#9021,.T.);
#9021 = EDGE_CURVE('',#8584,#8694,#9022,.T.);
#9022 = LINE('',#9023,#9024);
#9023 = CARTESIAN_POINT('',(-0.725,-1.8446,1.7396));
#9024 = VECTOR('',#9025,1.);
#9025 = DIRECTION('',(1.,0.,0.));
#9026 = ORIENTED_EDGE('',*,*,#8701,.T.);
#9027 = ORIENTED_EDGE('',*,*,#8056,.T.);
#9028 = PLANE('',#9029);
#9029 = AXIS2_PLACEMENT_3D('',#9030,#9031,#9032);
#9030 = CARTESIAN_POINT('',(-0.725,-1.8446,1.7396));
#9031 = DIRECTION('',(0.,0.,1.));
#9032 = DIRECTION('',(0.,1.,0.));
#9033 = ADVANCED_FACE('',(#9034),#9045,.F.);
#9034 = FACE_BOUND('',#9035,.F.);
#9035 = EDGE_LOOP('',(#9036,#9037,#9043,#9044));
#9036 = ORIENTED_EDGE('',*,*,#8676,.F.);
#9037 = ORIENTED_EDGE('',*,*,#9038,.T.);
#9038 = EDGE_CURVE('',#8669,#8492,#9039,.T.);
#9039 = LINE('',#9040,#9041);
#9040 = CARTESIAN_POINT('',(0.525,-1.8446,1.7396));
#9041 = VECTOR('',#9042,1.);
#9042 = DIRECTION('',(1.,0.,0.));
#9043 = ORIENTED_EDGE('',*,*,#8499,.T.);
#9044 = ORIENTED_EDGE('',*,*,#8029,.T.);
#9045 = PLANE('',#9046);
#9046 = AXIS2_PLACEMENT_3D('',#9047,#9048,#9049);
#9047 = CARTESIAN_POINT('',(0.525,-1.8446,1.7396));
#9048 = DIRECTION('',(0.,0.,1.));
#9049 = DIRECTION('',(0.,1.,0.));
#9050 = ADVANCED_FACE('',(#9051),#9062,.F.);
#9051 = FACE_BOUND('',#9052,.F.);
#9052 = EDGE_LOOP('',(#9053,#9054,#9060,#9061));
#9053 = ORIENTED_EDGE('',*,*,#8442,.F.);
#9054 = ORIENTED_EDGE('',*,*,#9055,.T.);
#9055 = EDGE_CURVE('',#8435,#8258,#9056,.T.);
#9056 = LINE('',#9057,#9058);
#9057 = CARTESIAN_POINT('',(1.775,-1.8446,1.7396));
#9058 = VECTOR('',#9059,1.);
#9059 = DIRECTION('',(1.,0.,0.));
#9060 = ORIENTED_EDGE('',*,*,#8265,.T.);
#9061 = ORIENTED_EDGE('',*,*,#8002,.T.);
#9062 = PLANE('',#9063);
#9063 = AXIS2_PLACEMENT_3D('',#9064,#9065,#9066);
#9064 = CARTESIAN_POINT('',(1.775,-1.8446,1.7396));
#9065 = DIRECTION('',(0.,0.,1.));
#9066 = DIRECTION('',(0.,1.,0.));
#9067 = ADVANCED_FACE('',(#9068),#9101,.F.);
#9068 = FACE_BOUND('',#9069,.F.);
#9069 = EDGE_LOOP('',(#9070,#9078,#9079,#9087,#9095));
#9070 = ORIENTED_EDGE('',*,*,#9071,.T.);
#9071 = EDGE_CURVE('',#9072,#8106,#9074,.T.);
#9072 = VERTEX_POINT('',#9073);
#9073 = CARTESIAN_POINT('',(1.775,-2.0946,0.6696));
#9074 = LINE('',#9075,#9076);
#9075 = CARTESIAN_POINT('',(1.775,-2.0946,0.6696));
#9076 = VECTOR('',#9077,1.);
#9077 = DIRECTION('',(0.,1.,0.));
#9078 = ORIENTED_EDGE('',*,*,#8105,.T.);
#9079 = ORIENTED_EDGE('',*,*,#9080,.T.);
#9080 = EDGE_CURVE('',#8108,#9081,#9083,.T.);
#9081 = VERTEX_POINT('',#9082);
#9082 = CARTESIAN_POINT('',(1.775,-1.6946,0.9996));
#9083 = LINE('',#9084,#9085);
#9084 = CARTESIAN_POINT('',(1.775,0.7054,0.9996));
#9085 = VECTOR('',#9086,1.);
#9086 = DIRECTION('',(0.,-1.,0.));
#9087 = ORIENTED_EDGE('',*,*,#9088,.T.);
#9088 = EDGE_CURVE('',#9081,#9089,#9091,.T.);
#9089 = VERTEX_POINT('',#9090);
#9090 = CARTESIAN_POINT('',(1.775,-2.0946,0.8396));
#9091 = LINE('',#9092,#9093);
#9092 = CARTESIAN_POINT('',(1.775,-1.6946,0.9996));
#9093 = VECTOR('',#9094,1.);
#9094 = DIRECTION('',(0.,-0.928476690885,-0.371390676354));
#9095 = ORIENTED_EDGE('',*,*,#9096,.T.);
#9096 = EDGE_CURVE('',#9089,#9072,#9097,.T.);
#9097 = LINE('',#9098,#9099);
#9098 = CARTESIAN_POINT('',(1.775,-2.0946,0.8396));
#9099 = VECTOR('',#9100,1.);
#9100 = DIRECTION('',(0.,0.,-1.));
#9101 = PLANE('',#9102);
#9102 = AXIS2_PLACEMENT_3D('',#9103,#9104,#9105);
#9103 = CARTESIAN_POINT('',(1.775,1.293108022955E-02,1.127283611688));
#9104 = DIRECTION('',(1.,-1.250603656852E-18,2.809082092746E-18));
#9105 = DIRECTION('',(-2.809082092746E-18,0.,1.));
#9106 = ADVANCED_FACE('',(#9107),#9125,.F.);
#9107 = FACE_BOUND('',#9108,.F.);
#9108 = EDGE_LOOP('',(#9109,#9110,#9118,#9124));
#9109 = ORIENTED_EDGE('',*,*,#9071,.F.);
#9110 = ORIENTED_EDGE('',*,*,#9111,.T.);
#9111 = EDGE_CURVE('',#9072,#9112,#9114,.T.);
#9112 = VERTEX_POINT('',#9113);
#9113 = CARTESIAN_POINT('',(1.975,-2.0946,0.6696));
#9114 = LINE('',#9115,#9116);
#9115 = CARTESIAN_POINT('',(1.775,-2.0946,0.6696));
#9116 = VECTOR('',#9117,1.);
#9117 = DIRECTION('',(1.,0.,0.));
#9118 = ORIENTED_EDGE('',*,*,#9119,.T.);
#9119 = EDGE_CURVE('',#9112,#8124,#9120,.T.);
#9120 = LINE('',#9121,#9122);
#9121 = CARTESIAN_POINT('',(1.975,-2.0946,0.6696));
#9122 = VECTOR('',#9123,1.);
#9123 = DIRECTION('',(0.,1.,0.));
#9124 = ORIENTED_EDGE('',*,*,#8131,.T.);
#9125 = PLANE('',#9126);
#9126 = AXIS2_PLACEMENT_3D('',#9127,#9128,#9129);
#9127 = CARTESIAN_POINT('',(1.775,-2.0946,0.6696));
#9128 = DIRECTION('',(0.,0.,1.));
#9129 = DIRECTION('',(0.,1.,0.));
#9130 = ADVANCED_FACE('',(#9131),#9157,.T.);
#9131 = FACE_BOUND('',#9132,.T.);
#9132 = EDGE_LOOP('',(#9133,#9134,#9135,#9143,#9151));
#9133 = ORIENTED_EDGE('',*,*,#9119,.T.);
#9134 = ORIENTED_EDGE('',*,*,#8123,.T.);
#9135 = ORIENTED_EDGE('',*,*,#9136,.T.);
#9136 = EDGE_CURVE('',#8116,#9137,#9139,.T.);
#9137 = VERTEX_POINT('',#9138);
#9138 = CARTESIAN_POINT('',(1.975,-1.6946,0.9996));
#9139 = LINE('',#9140,#9141);
#9140 = CARTESIAN_POINT('',(1.975,0.7054,0.9996));
#9141 = VECTOR('',#9142,1.);
#9142 = DIRECTION('',(0.,-1.,0.));
#9143 = ORIENTED_EDGE('',*,*,#9144,.T.);
#9144 = EDGE_CURVE('',#9137,#9145,#9147,.T.);
#9145 = VERTEX_POINT('',#9146);
#9146 = CARTESIAN_POINT('',(1.975,-2.0946,0.8396));
#9147 = LINE('',#9148,#9149);
#9148 = CARTESIAN_POINT('',(1.975,-1.6946,0.9996));
#9149 = VECTOR('',#9150,1.);
#9150 = DIRECTION('',(0.,-0.928476690885,-0.371390676354));
#9151 = ORIENTED_EDGE('',*,*,#9152,.T.);
#9152 = EDGE_CURVE('',#9145,#9112,#9153,.T.);
#9153 = LINE('',#9154,#9155);
#9154 = CARTESIAN_POINT('',(1.975,-2.0946,0.8396));
#9155 = VECTOR('',#9156,1.);
#9156 = DIRECTION('',(0.,0.,-1.));
#9157 = PLANE('',#9158);
#9158 = AXIS2_PLACEMENT_3D('',#9159,#9160,#9161);
#9159 = CARTESIAN_POINT('',(1.975,1.293108022955E-02,1.127283611688));
#9160 = DIRECTION('',(1.,-1.250603656852E-18,2.809082092746E-18));
#9161 = DIRECTION('',(-2.809082092746E-18,0.,1.));
#9162 = ADVANCED_FACE('',(#9163),#9174,.F.);
#9163 = FACE_BOUND('',#9164,.F.);
#9164 = EDGE_LOOP('',(#9165,#9166,#9167,#9168));
#9165 = ORIENTED_EDGE('',*,*,#9080,.F.);
#9166 = ORIENTED_EDGE('',*,*,#8115,.T.);
#9167 = ORIENTED_EDGE('',*,*,#9136,.T.);
#9168 = ORIENTED_EDGE('',*,*,#9169,.F.);
#9169 = EDGE_CURVE('',#9081,#9137,#9170,.T.);
#9170 = LINE('',#9171,#9172);
#9171 = CARTESIAN_POINT('',(1.775,-1.6946,0.9996));
#9172 = VECTOR('',#9173,1.);
#9173 = DIRECTION('',(1.,0.,0.));
#9174 = PLANE('',#9175);
#9175 = AXIS2_PLACEMENT_3D('',#9176,#9177,#9178);
#9176 = CARTESIAN_POINT('',(1.775,0.7054,0.9996));
#9177 = DIRECTION('',(0.,0.,-1.));
#9178 = DIRECTION('',(0.,-1.,0.));
#9179 = ADVANCED_FACE('',(#9180),#9213,.F.);
#9180 = FACE_BOUND('',#9181,.F.);
#9181 = EDGE_LOOP('',(#9182,#9190,#9191,#9199,#9207));
#9182 = ORIENTED_EDGE('',*,*,#9183,.T.);
#9183 = EDGE_CURVE('',#9184,#8140,#9186,.T.);
#9184 = VERTEX_POINT('',#9185);
#9185 = CARTESIAN_POINT('',(0.525,-2.0946,0.6696));
#9186 = LINE('',#9187,#9188);
#9187 = CARTESIAN_POINT('',(0.525,-2.0946,0.6696));
#9188 = VECTOR('',#9189,1.);
#9189 = DIRECTION('',(0.,1.,0.));
#9190 = ORIENTED_EDGE('',*,*,#8139,.T.);
#9191 = ORIENTED_EDGE('',*,*,#9192,.T.);
#9192 = EDGE_CURVE('',#8142,#9193,#9195,.T.);
#9193 = VERTEX_POINT('',#9194);
#9194 = CARTESIAN_POINT('',(0.525,-1.6946,0.9996));
#9195 = LINE('',#9196,#9197);
#9196 = CARTESIAN_POINT('',(0.525,0.7054,0.9996));
#9197 = VECTOR('',#9198,1.);
#9198 = DIRECTION('',(0.,-1.,0.));
#9199 = ORIENTED_EDGE('',*,*,#9200,.T.);
#9200 = EDGE_CURVE('',#9193,#9201,#9203,.T.);
#9201 = VERTEX_POINT('',#9202);
#9202 = CARTESIAN_POINT('',(0.525,-2.0946,0.8396));
#9203 = LINE('',#9204,#9205);
#9204 = CARTESIAN_POINT('',(0.525,-1.6946,0.9996));
#9205 = VECTOR('',#9206,1.);
#9206 = DIRECTION('',(0.,-0.928476690885,-0.371390676354));
#9207 = ORIENTED_EDGE('',*,*,#9208,.T.);
#9208 = EDGE_CURVE('',#9201,#9184,#9209,.T.);
#9209 = LINE('',#9210,#9211);
#9210 = CARTESIAN_POINT('',(0.525,-2.0946,0.8396));
#9211 = VECTOR('',#9212,1.);
#9212 = DIRECTION('',(0.,0.,-1.));
#9213 = PLANE('',#9214);
#9214 = AXIS2_PLACEMENT_3D('',#9215,#9216,#9217);
#9215 = CARTESIAN_POINT('',(0.525,1.293108022955E-02,1.127283611688));
#9216 = DIRECTION('',(1.,-1.250603656852E-18,2.809082092746E-18));
#9217 = DIRECTION('',(-2.809082092746E-18,0.,1.));
#9218 = ADVANCED_FACE('',(#9219),#9237,.F.);
#9219 = FACE_BOUND('',#9220,.F.);
#9220 = EDGE_LOOP('',(#9221,#9222,#9230,#9236));
#9221 = ORIENTED_EDGE('',*,*,#9183,.F.);
#9222 = ORIENTED_EDGE('',*,*,#9223,.T.);
#9223 = EDGE_CURVE('',#9184,#9224,#9226,.T.);
#9224 = VERTEX_POINT('',#9225);
#9225 = CARTESIAN_POINT('',(0.725,-2.0946,0.6696));
#9226 = LINE('',#9227,#9228);
#9227 = CARTESIAN_POINT('',(0.525,-2.0946,0.6696));
#9228 = VECTOR('',#9229,1.);
#9229 = DIRECTION('',(1.,0.,0.));
#9230 = ORIENTED_EDGE('',*,*,#9231,.T.);
#9231 = EDGE_CURVE('',#9224,#8158,#9232,.T.);
#9232 = LINE('',#9233,#9234);
#9233 = CARTESIAN_POINT('',(0.725,-2.0946,0.6696));
#9234 = VECTOR('',#9235,1.);
#9235 = DIRECTION('',(0.,1.,0.));
#9236 = ORIENTED_EDGE('',*,*,#8165,.T.);
#9237 = PLANE('',#9238);
#9238 = AXIS2_PLACEMENT_3D('',#9239,#9240,#9241);
#9239 = CARTESIAN_POINT('',(0.525,-2.0946,0.6696));
#9240 = DIRECTION('',(0.,0.,1.));
#9241 = DIRECTION('',(0.,1.,0.));
#9242 = ADVANCED_FACE('',(#9243),#9269,.T.);
#9243 = FACE_BOUND('',#9244,.T.);
#9244 = EDGE_LOOP('',(#9245,#9246,#9247,#9255,#9263));
#9245 = ORIENTED_EDGE('',*,*,#9231,.T.);
#9246 = ORIENTED_EDGE('',*,*,#8157,.T.);
#9247 = ORIENTED_EDGE('',*,*,#9248,.T.);
#9248 = EDGE_CURVE('',#8150,#9249,#9251,.T.);
#9249 = VERTEX_POINT('',#9250);
#9250 = CARTESIAN_POINT('',(0.725,-1.6946,0.9996));
#9251 = LINE('',#9252,#9253);
#9252 = CARTESIAN_POINT('',(0.725,0.7054,0.9996));
#9253 = VECTOR('',#9254,1.);
#9254 = DIRECTION('',(0.,-1.,0.));
#9255 = ORIENTED_EDGE('',*,*,#9256,.T.);
#9256 = EDGE_CURVE('',#9249,#9257,#9259,.T.);
#9257 = VERTEX_POINT('',#9258);
#9258 = CARTESIAN_POINT('',(0.725,-2.0946,0.8396));
#9259 = LINE('',#9260,#9261);
#9260 = CARTESIAN_POINT('',(0.725,-1.6946,0.9996));
#9261 = VECTOR('',#9262,1.);
#9262 = DIRECTION('',(0.,-0.928476690885,-0.371390676354));
#9263 = ORIENTED_EDGE('',*,*,#9264,.T.);
#9264 = EDGE_CURVE('',#9257,#9224,#9265,.T.);
#9265 = LINE('',#9266,#9267);
#9266 = CARTESIAN_POINT('',(0.725,-2.0946,0.8396));
#9267 = VECTOR('',#9268,1.);
#9268 = DIRECTION('',(0.,0.,-1.));
#9269 = PLANE('',#9270);
#9270 = AXIS2_PLACEMENT_3D('',#9271,#9272,#9273);
#9271 = CARTESIAN_POINT('',(0.725,1.293108022955E-02,1.127283611688));
#9272 = DIRECTION('',(1.,-1.250603656852E-18,2.809082092746E-18));
#9273 = DIRECTION('',(-2.809082092746E-18,0.,1.));
#9274 = ADVANCED_FACE('',(#9275),#9286,.F.);
#9275 = FACE_BOUND('',#9276,.F.);
#9276 = EDGE_LOOP('',(#9277,#9278,#9279,#9280));
#9277 = ORIENTED_EDGE('',*,*,#9192,.F.);
#9278 = ORIENTED_EDGE('',*,*,#8149,.T.);
#9279 = ORIENTED_EDGE('',*,*,#9248,.T.);
#9280 = ORIENTED_EDGE('',*,*,#9281,.F.);
#9281 = EDGE_CURVE('',#9193,#9249,#9282,.T.);
#9282 = LINE('',#9283,#9284);
#9283 = CARTESIAN_POINT('',(0.525,-1.6946,0.9996));
#9284 = VECTOR('',#9285,1.);
#9285 = DIRECTION('',(1.,0.,0.));
#9286 = PLANE('',#9287);
#9287 = AXIS2_PLACEMENT_3D('',#9288,#9289,#9290);
#9288 = CARTESIAN_POINT('',(0.525,0.7054,0.9996));
#9289 = DIRECTION('',(0.,0.,-1.));
#9290 = DIRECTION('',(0.,-1.,0.));
#9291 = ADVANCED_FACE('',(#9292),#9325,.F.);
#9292 = FACE_BOUND('',#9293,.F.);
#9293 = EDGE_LOOP('',(#9294,#9302,#9303,#9311,#9319));
#9294 = ORIENTED_EDGE('',*,*,#9295,.T.);
#9295 = EDGE_CURVE('',#9296,#8174,#9298,.T.);
#9296 = VERTEX_POINT('',#9297);
#9297 = CARTESIAN_POINT('',(-0.725,-2.0946,0.6696));
#9298 = LINE('',#9299,#9300);
#9299 = CARTESIAN_POINT('',(-0.725,-2.0946,0.6696));
#9300 = VECTOR('',#9301,1.);
#9301 = DIRECTION('',(0.,1.,0.));
#9302 = ORIENTED_EDGE('',*,*,#8173,.T.);
#9303 = ORIENTED_EDGE('',*,*,#9304,.T.);
#9304 = EDGE_CURVE('',#8176,#9305,#9307,.T.);
#9305 = VERTEX_POINT('',#9306);
#9306 = CARTESIAN_POINT('',(-0.725,-1.6946,0.9996));
#9307 = LINE('',#9308,#9309);
#9308 = CARTESIAN_POINT('',(-0.725,0.7054,0.9996));
#9309 = VECTOR('',#9310,1.);
#9310 = DIRECTION('',(0.,-1.,0.));
#9311 = ORIENTED_EDGE('',*,*,#9312,.T.);
#9312 = EDGE_CURVE('',#9305,#9313,#9315,.T.);
#9313 = VERTEX_POINT('',#9314);
#9314 = CARTESIAN_POINT('',(-0.725,-2.0946,0.8396));
#9315 = LINE('',#9316,#9317);
#9316 = CARTESIAN_POINT('',(-0.725,-1.6946,0.9996));
#9317 = VECTOR('',#9318,1.);
#9318 = DIRECTION('',(0.,-0.928476690885,-0.371390676354));
#9319 = ORIENTED_EDGE('',*,*,#9320,.T.);
#9320 = EDGE_CURVE('',#9313,#9296,#9321,.T.);
#9321 = LINE('',#9322,#9323);
#9322 = CARTESIAN_POINT('',(-0.725,-2.0946,0.8396));
#9323 = VECTOR('',#9324,1.);
#9324 = DIRECTION('',(0.,0.,-1.));
#9325 = PLANE('',#9326);
#9326 = AXIS2_PLACEMENT_3D('',#9327,#9328,#9329);
#9327 = CARTESIAN_POINT('',(-0.725,1.293108022955E-02,1.127283611688));
#9328 = DIRECTION('',(1.,-1.250603656852E-18,2.809082092746E-18));
#9329 = DIRECTION('',(-2.809082092746E-18,0.,1.));
#9330 = ADVANCED_FACE('',(#9331),#9349,.F.);
#9331 = FACE_BOUND('',#9332,.F.);
#9332 = EDGE_LOOP('',(#9333,#9334,#9342,#9348));
#9333 = ORIENTED_EDGE('',*,*,#9295,.F.);
#9334 = ORIENTED_EDGE('',*,*,#9335,.T.);
#9335 = EDGE_CURVE('',#9296,#9336,#9338,.T.);
#9336 = VERTEX_POINT('',#9337);
#9337 = CARTESIAN_POINT('',(-0.525,-2.0946,0.6696));
#9338 = LINE('',#9339,#9340);
#9339 = CARTESIAN_POINT('',(-0.725,-2.0946,0.6696));
#9340 = VECTOR('',#9341,1.);
#9341 = DIRECTION('',(1.,0.,0.));
#9342 = ORIENTED_EDGE('',*,*,#9343,.T.);
#9343 = EDGE_CURVE('',#9336,#8192,#9344,.T.);
#9344 = LINE('',#9345,#9346);
#9345 = CARTESIAN_POINT('',(-0.525,-2.0946,0.6696));
#9346 = VECTOR('',#9347,1.);
#9347 = DIRECTION('',(0.,1.,0.));
#9348 = ORIENTED_EDGE('',*,*,#8199,.T.);
#9349 = PLANE('',#9350);
#9350 = AXIS2_PLACEMENT_3D('',#9351,#9352,#9353);
#9351 = CARTESIAN_POINT('',(-0.725,-2.0946,0.6696));
#9352 = DIRECTION('',(0.,0.,1.));
#9353 = DIRECTION('',(0.,1.,0.));
#9354 = ADVANCED_FACE('',(#9355),#9381,.T.);
#9355 = FACE_BOUND('',#9356,.T.);
#9356 = EDGE_LOOP('',(#9357,#9358,#9359,#9367,#9375));
#9357 = ORIENTED_EDGE('',*,*,#9343,.T.);
#9358 = ORIENTED_EDGE('',*,*,#8191,.T.);
#9359 = ORIENTED_EDGE('',*,*,#9360,.T.);
#9360 = EDGE_CURVE('',#8184,#9361,#9363,.T.);
#9361 = VERTEX_POINT('',#9362);
#9362 = CARTESIAN_POINT('',(-0.525,-1.6946,0.9996));
#9363 = LINE('',#9364,#9365);
#9364 = CARTESIAN_POINT('',(-0.525,0.7054,0.9996));
#9365 = VECTOR('',#9366,1.);
#9366 = DIRECTION('',(0.,-1.,0.));
#9367 = ORIENTED_EDGE('',*,*,#9368,.T.);
#9368 = EDGE_CURVE('',#9361,#9369,#9371,.T.);
#9369 = VERTEX_POINT('',#9370);
#9370 = CARTESIAN_POINT('',(-0.525,-2.0946,0.8396));
#9371 = LINE('',#9372,#9373);
#9372 = CARTESIAN_POINT('',(-0.525,-1.6946,0.9996));
#9373 = VECTOR('',#9374,1.);
#9374 = DIRECTION('',(0.,-0.928476690885,-0.371390676354));
#9375 = ORIENTED_EDGE('',*,*,#9376,.T.);
#9376 = EDGE_CURVE('',#9369,#9336,#9377,.T.);
#9377 = LINE('',#9378,#9379);
#9378 = CARTESIAN_POINT('',(-0.525,-2.0946,0.8396));
#9379 = VECTOR('',#9380,1.);
#9380 = DIRECTION('',(0.,0.,-1.));
#9381 = PLANE('',#9382);
#9382 = AXIS2_PLACEMENT_3D('',#9383,#9384,#9385);
#9383 = CARTESIAN_POINT('',(-0.525,1.293108022955E-02,1.127283611688));
#9384 = DIRECTION('',(1.,-1.250603656852E-18,2.809082092746E-18));
#9385 = DIRECTION('',(-2.809082092746E-18,0.,1.));
#9386 = ADVANCED_FACE('',(#9387),#9398,.F.);
#9387 = FACE_BOUND('',#9388,.F.);
#9388 = EDGE_LOOP('',(#9389,#9390,#9391,#9392));
#9389 = ORIENTED_EDGE('',*,*,#9304,.F.);
#9390 = ORIENTED_EDGE('',*,*,#8183,.T.);
#9391 = ORIENTED_EDGE('',*,*,#9360,.T.);
#9392 = ORIENTED_EDGE('',*,*,#9393,.F.);
#9393 = EDGE_CURVE('',#9305,#9361,#9394,.T.);
#9394 = LINE('',#9395,#9396);
#9395 = CARTESIAN_POINT('',(-0.725,-1.6946,0.9996));
#9396 = VECTOR('',#9397,1.);
#9397 = DIRECTION('',(1.,0.,0.));
#9398 = PLANE('',#9399);
#9399 = AXIS2_PLACEMENT_3D('',#9400,#9401,#9402);
#9400 = CARTESIAN_POINT('',(-0.725,0.7054,0.9996));
#9401 = DIRECTION('',(0.,0.,-1.));
#9402 = DIRECTION('',(0.,-1.,0.));
#9403 = ADVANCED_FACE('',(#9404),#9429,.F.);
#9404 = FACE_BOUND('',#9405,.F.);
#9405 = EDGE_LOOP('',(#9406,#9414,#9422,#9428));
#9406 = ORIENTED_EDGE('',*,*,#9407,.F.);
#9407 = EDGE_CURVE('',#9408,#8210,#9410,.T.);
#9408 = VERTEX_POINT('',#9409);
#9409 = CARTESIAN_POINT('',(-1.975,-2.0946,0.6696));
#9410 = LINE('',#9411,#9412);
#9411 = CARTESIAN_POINT('',(-1.975,-2.0946,0.6696));
#9412 = VECTOR('',#9413,1.);
#9413 = DIRECTION('',(0.,1.,0.));
#9414 = ORIENTED_EDGE('',*,*,#9415,.T.);
#9415 = EDGE_CURVE('',#9408,#9416,#9418,.T.);
#9416 = VERTEX_POINT('',#9417);
#9417 = CARTESIAN_POINT('',(-1.775,-2.0946,0.6696));
#9418 = LINE('',#9419,#9420);
#9419 = CARTESIAN_POINT('',(-1.975,-2.0946,0.6696));
#9420 = VECTOR('',#9421,1.);
#9421 = DIRECTION('',(1.,0.,0.));
#9422 = ORIENTED_EDGE('',*,*,#9423,.T.);
#9423 = EDGE_CURVE('',#9416,#8208,#9424,.T.);
#9424 = LINE('',#9425,#9426);
#9425 = CARTESIAN_POINT('',(-1.775,-2.0946,0.6696));
#9426 = VECTOR('',#9427,1.);
#9427 = DIRECTION('',(0.,1.,0.));
#9428 = ORIENTED_EDGE('',*,*,#8207,.T.);
#9429 = PLANE('',#9430);
#9430 = AXIS2_PLACEMENT_3D('',#9431,#9432,#9433);
#9431 = CARTESIAN_POINT('',(-1.975,-2.0946,0.6696));
#9432 = DIRECTION('',(0.,0.,1.));
#9433 = DIRECTION('',(0.,1.,0.));
#9434 = ADVANCED_FACE('',(#9435),#9461,.T.);
#9435 = FACE_BOUND('',#9436,.T.);
#9436 = EDGE_LOOP('',(#9437,#9438,#9439,#9447,#9455));
#9437 = ORIENTED_EDGE('',*,*,#9423,.T.);
#9438 = ORIENTED_EDGE('',*,*,#8233,.T.);
#9439 = ORIENTED_EDGE('',*,*,#9440,.T.);
#9440 = EDGE_CURVE('',#8226,#9441,#9443,.T.);
#9441 = VERTEX_POINT('',#9442);
#9442 = CARTESIAN_POINT('',(-1.775,-1.6946,0.9996));
#9443 = LINE('',#9444,#9445);
#9444 = CARTESIAN_POINT('',(-1.775,0.7054,0.9996));
#9445 = VECTOR('',#9446,1.);
#9446 = DIRECTION('',(0.,-1.,0.));
#9447 = ORIENTED_EDGE('',*,*,#9448,.T.);
#9448 = EDGE_CURVE('',#9441,#9449,#9451,.T.);
#9449 = VERTEX_POINT('',#9450);
#9450 = CARTESIAN_POINT('',(-1.775,-2.0946,0.8396));
#9451 = LINE('',#9452,#9453);
#9452 = CARTESIAN_POINT('',(-1.775,-1.6946,0.9996));
#9453 = VECTOR('',#9454,1.);
#9454 = DIRECTION('',(0.,-0.928476690885,-0.371390676354));
#9455 = ORIENTED_EDGE('',*,*,#9456,.T.);
#9456 = EDGE_CURVE('',#9449,#9416,#9457,.T.);
#9457 = LINE('',#9458,#9459);
#9458 = CARTESIAN_POINT('',(-1.775,-2.0946,0.8396));
#9459 = VECTOR('',#9460,1.);
#9460 = DIRECTION('',(0.,0.,-1.));
#9461 = PLANE('',#9462);
#9462 = AXIS2_PLACEMENT_3D('',#9463,#9464,#9465);
#9463 = CARTESIAN_POINT('',(-1.775,1.293108022955E-02,1.127283611688));
#9464 = DIRECTION('',(1.,-1.250603656852E-18,2.809082092746E-18));
#9465 = DIRECTION('',(-2.809082092746E-18,0.,1.));
#9466 = ADVANCED_FACE('',(#9467),#9485,.F.);
#9467 = FACE_BOUND('',#9468,.F.);
#9468 = EDGE_LOOP('',(#9469,#9477,#9478,#9479));
#9469 = ORIENTED_EDGE('',*,*,#9470,.F.);
#9470 = EDGE_CURVE('',#8218,#9471,#9473,.T.);
#9471 = VERTEX_POINT('',#9472);
#9472 = CARTESIAN_POINT('',(-1.975,-1.6946,0.9996));
#9473 = LINE('',#9474,#9475);
#9474 = CARTESIAN_POINT('',(-1.975,0.7054,0.9996));
#9475 = VECTOR('',#9476,1.);
#9476 = DIRECTION('',(0.,-1.,0.));
#9477 = ORIENTED_EDGE('',*,*,#8225,.T.);
#9478 = ORIENTED_EDGE('',*,*,#9440,.T.);
#9479 = ORIENTED_EDGE('',*,*,#9480,.F.);
#9480 = EDGE_CURVE('',#9471,#9441,#9481,.T.);
#9481 = LINE('',#9482,#9483);
#9482 = CARTESIAN_POINT('',(-1.975,-1.6946,0.9996));
#9483 = VECTOR('',#9484,1.);
#9484 = DIRECTION('',(1.,0.,0.));
#9485 = PLANE('',#9486);
#9486 = AXIS2_PLACEMENT_3D('',#9487,#9488,#9489);
#9487 = CARTESIAN_POINT('',(-1.975,0.7054,0.9996));
#9488 = DIRECTION('',(0.,0.,-1.));
#9489 = DIRECTION('',(0.,-1.,0.));
#9490 = ADVANCED_FACE('',(#9491),#9510,.F.);
#9491 = FACE_BOUND('',#9492,.F.);
#9492 = EDGE_LOOP('',(#9493,#9494,#9495,#9496,#9504));
#9493 = ORIENTED_EDGE('',*,*,#9407,.T.);
#9494 = ORIENTED_EDGE('',*,*,#8217,.T.);
#9495 = ORIENTED_EDGE('',*,*,#9470,.T.);
#9496 = ORIENTED_EDGE('',*,*,#9497,.T.);
#9497 = EDGE_CURVE('',#9471,#9498,#9500,.T.);
#9498 = VERTEX_POINT('',#9499);
#9499 = CARTESIAN_POINT('',(-1.975,-2.0946,0.8396));
#9500 = LINE('',#9501,#9502);
#9501 = CARTESIAN_POINT('',(-1.975,-1.6946,0.9996));
#9502 = VECTOR('',#9503,1.);
#9503 = DIRECTION('',(0.,-0.928476690885,-0.371390676354));
#9504 = ORIENTED_EDGE('',*,*,#9505,.T.);
#9505 = EDGE_CURVE('',#9498,#9408,#9506,.T.);
#9506 = LINE('',#9507,#9508);
#9507 = CARTESIAN_POINT('',(-1.975,-2.0946,0.8396));
#9508 = VECTOR('',#9509,1.);
#9509 = DIRECTION('',(0.,0.,-1.));
#9510 = PLANE('',#9511);
#9511 = AXIS2_PLACEMENT_3D('',#9512,#9513,#9514);
#9512 = CARTESIAN_POINT('',(-1.975,1.293108022955E-02,1.127283611688));
#9513 = DIRECTION('',(1.,-1.250603656852E-18,2.809082092746E-18));
#9514 = DIRECTION('',(-2.809082092746E-18,0.,1.));
#9515 = ADVANCED_FACE('',(#9516),#9522,.F.);
#9516 = FACE_BOUND('',#9517,.F.);
#9517 = EDGE_LOOP('',(#9518,#9519,#9520,#9521));
#9518 = ORIENTED_EDGE('',*,*,#8316,.T.);
#9519 = ORIENTED_EDGE('',*,*,#8257,.T.);
#9520 = ORIENTED_EDGE('',*,*,#9055,.F.);
#9521 = ORIENTED_EDGE('',*,*,#8434,.F.);
#9522 = PLANE('',#9523);
#9523 = AXIS2_PLACEMENT_3D('',#9524,#9525,#9526);
#9524 = CARTESIAN_POINT('',(1.775,-1.8446,1.6696));
#9525 = DIRECTION('',(0.,-1.,0.));
#9526 = DIRECTION('',(0.,0.,1.));
#9527 = ADVANCED_FACE('',(#9528),#9534,.F.);
#9528 = FACE_BOUND('',#9529,.F.);
#9529 = EDGE_LOOP('',(#9530,#9531,#9532,#9533));
#9530 = ORIENTED_EDGE('',*,*,#8386,.T.);
#9531 = ORIENTED_EDGE('',*,*,#8459,.T.);
#9532 = ORIENTED_EDGE('',*,*,#9004,.F.);
#9533 = ORIENTED_EDGE('',*,*,#8349,.F.);
#9534 = PLANE('',#9535);
#9535 = AXIS2_PLACEMENT_3D('',#9536,#9537,#9538);
#9536 = CARTESIAN_POINT('',(-1.975,-1.8446,1.6696));
#9537 = DIRECTION('',(0.,-1.,0.));
#9538 = DIRECTION('',(0.,0.,1.));
#9539 = ADVANCED_FACE('',(#9540),#9546,.F.);
#9540 = FACE_BOUND('',#9541,.F.);
#9541 = EDGE_LOOP('',(#9542,#9543,#9544,#9545));
#9542 = ORIENTED_EDGE('',*,*,#8550,.T.);
#9543 = ORIENTED_EDGE('',*,*,#8491,.T.);
#9544 = ORIENTED_EDGE('',*,*,#9038,.F.);
#9545 = ORIENTED_EDGE('',*,*,#8668,.F.);
#9546 = PLANE('',#9547);
#9547 = AXIS2_PLACEMENT_3D('',#9548,#9549,#9550);
#9548 = CARTESIAN_POINT('',(0.525,-1.8446,1.6696));
#9549 = DIRECTION('',(0.,-1.,0.));
#9550 = DIRECTION('',(0.,0.,1.));
#9551 = ADVANCED_FACE('',(#9552),#9558,.F.);
#9552 = FACE_BOUND('',#9553,.F.);
#9553 = EDGE_LOOP('',(#9554,#9555,#9556,#9557));
#9554 = ORIENTED_EDGE('',*,*,#8620,.T.);
#9555 = ORIENTED_EDGE('',*,*,#8693,.T.);
#9556 = ORIENTED_EDGE('',*,*,#9021,.F.);
#9557 = ORIENTED_EDGE('',*,*,#8583,.F.);
#9558 = PLANE('',#9559);
#9559 = AXIS2_PLACEMENT_3D('',#9560,#9561,#9562);
#9560 = CARTESIAN_POINT('',(-0.725,-1.8446,1.6696));
#9561 = DIRECTION('',(0.,-1.,0.));
#9562 = DIRECTION('',(0.,0.,1.));
#9563 = ADVANCED_FACE('',(#9564),#9575,.F.);
#9564 = FACE_BOUND('',#9565,.F.);
#9565 = EDGE_LOOP('',(#9566,#9572,#9573,#9574));
#9566 = ORIENTED_EDGE('',*,*,#9567,.T.);
#9567 = EDGE_CURVE('',#9089,#9145,#9568,.T.);
#9568 = LINE('',#9569,#9570);
#9569 = CARTESIAN_POINT('',(1.775,-2.0946,0.8396));
#9570 = VECTOR('',#9571,1.);
#9571 = DIRECTION('',(1.,0.,0.));
#9572 = ORIENTED_EDGE('',*,*,#9152,.T.);
#9573 = ORIENTED_EDGE('',*,*,#9111,.F.);
#9574 = ORIENTED_EDGE('',*,*,#9096,.F.);
#9575 = PLANE('',#9576);
#9576 = AXIS2_PLACEMENT_3D('',#9577,#9578,#9579);
#9577 = CARTESIAN_POINT('',(1.775,-2.0946,0.8396));
#9578 = DIRECTION('',(0.,1.,0.));
#9579 = DIRECTION('',(0.,0.,-1.));
#9580 = ADVANCED_FACE('',(#9581),#9587,.F.);
#9581 = FACE_BOUND('',#9582,.F.);
#9582 = EDGE_LOOP('',(#9583,#9584,#9585,#9586));
#9583 = ORIENTED_EDGE('',*,*,#9169,.T.);
#9584 = ORIENTED_EDGE('',*,*,#9144,.T.);
#9585 = ORIENTED_EDGE('',*,*,#9567,.F.);
#9586 = ORIENTED_EDGE('',*,*,#9088,.F.);
#9587 = PLANE('',#9588);
#9588 = AXIS2_PLACEMENT_3D('',#9589,#9590,#9591);
#9589 = CARTESIAN_POINT('',(1.775,-1.6946,0.9996));
#9590 = DIRECTION('',(0.,0.371390676354,-0.928476690885));
#9591 = DIRECTION('',(0.,-0.928476690885,-0.371390676354));
#9592 = ADVANCED_FACE('',(#9593),#9604,.F.);
#9593 = FACE_BOUND('',#9594,.F.);
#9594 = EDGE_LOOP('',(#9595,#9601,#9602,#9603));
#9595 = ORIENTED_EDGE('',*,*,#9596,.T.);
#9596 = EDGE_CURVE('',#9201,#9257,#9597,.T.);
#9597 = LINE('',#9598,#9599);
#9598 = CARTESIAN_POINT('',(0.525,-2.0946,0.8396));
#9599 = VECTOR('',#9600,1.);
#9600 = DIRECTION('',(1.,0.,0.));
#9601 = ORIENTED_EDGE('',*,*,#9264,.T.);
#9602 = ORIENTED_EDGE('',*,*,#9223,.F.);
#9603 = ORIENTED_EDGE('',*,*,#9208,.F.);
#9604 = PLANE('',#9605);
#9605 = AXIS2_PLACEMENT_3D('',#9606,#9607,#9608);
#9606 = CARTESIAN_POINT('',(0.525,-2.0946,0.8396));
#9607 = DIRECTION('',(0.,1.,0.));
#9608 = DIRECTION('',(0.,0.,-1.));
#9609 = ADVANCED_FACE('',(#9610),#9616,.F.);
#9610 = FACE_BOUND('',#9611,.F.);
#9611 = EDGE_LOOP('',(#9612,#9613,#9614,#9615));
#9612 = ORIENTED_EDGE('',*,*,#9281,.T.);
#9613 = ORIENTED_EDGE('',*,*,#9256,.T.);
#9614 = ORIENTED_EDGE('',*,*,#9596,.F.);
#9615 = ORIENTED_EDGE('',*,*,#9200,.F.);
#9616 = PLANE('',#9617);
#9617 = AXIS2_PLACEMENT_3D('',#9618,#9619,#9620);
#9618 = CARTESIAN_POINT('',(0.525,-1.6946,0.9996));
#9619 = DIRECTION('',(0.,0.371390676354,-0.928476690885));
#9620 = DIRECTION('',(0.,-0.928476690885,-0.371390676354));
#9621 = ADVANCED_FACE('',(#9622),#9633,.F.);
#9622 = FACE_BOUND('',#9623,.F.);
#9623 = EDGE_LOOP('',(#9624,#9630,#9631,#9632));
#9624 = ORIENTED_EDGE('',*,*,#9625,.T.);
#9625 = EDGE_CURVE('',#9313,#9369,#9626,.T.);
#9626 = LINE('',#9627,#9628);
#9627 = CARTESIAN_POINT('',(-0.725,-2.0946,0.8396));
#9628 = VECTOR('',#9629,1.);
#9629 = DIRECTION('',(1.,0.,0.));
#9630 = ORIENTED_EDGE('',*,*,#9376,.T.);
#9631 = ORIENTED_EDGE('',*,*,#9335,.F.);
#9632 = ORIENTED_EDGE('',*,*,#9320,.F.);
#9633 = PLANE('',#9634);
#9634 = AXIS2_PLACEMENT_3D('',#9635,#9636,#9637);
#9635 = CARTESIAN_POINT('',(-0.725,-2.0946,0.8396));
#9636 = DIRECTION('',(0.,1.,0.));
#9637 = DIRECTION('',(0.,0.,-1.));
#9638 = ADVANCED_FACE('',(#9639),#9645,.F.);
#9639 = FACE_BOUND('',#9640,.F.);
#9640 = EDGE_LOOP('',(#9641,#9642,#9643,#9644));
#9641 = ORIENTED_EDGE('',*,*,#9393,.T.);
#9642 = ORIENTED_EDGE('',*,*,#9368,.T.);
#9643 = ORIENTED_EDGE('',*,*,#9625,.F.);
#9644 = ORIENTED_EDGE('',*,*,#9312,.F.);
#9645 = PLANE('',#9646);
#9646 = AXIS2_PLACEMENT_3D('',#9647,#9648,#9649);
#9647 = CARTESIAN_POINT('',(-0.725,-1.6946,0.9996));
#9648 = DIRECTION('',(0.,0.371390676354,-0.928476690885));
#9649 = DIRECTION('',(0.,-0.928476690885,-0.371390676354));
#9650 = ADVANCED_FACE('',(#9651),#9662,.F.);
#9651 = FACE_BOUND('',#9652,.F.);
#9652 = EDGE_LOOP('',(#9653,#9659,#9660,#9661));
#9653 = ORIENTED_EDGE('',*,*,#9654,.T.);
#9654 = EDGE_CURVE('',#9498,#9449,#9655,.T.);
#9655 = LINE('',#9656,#9657);
#9656 = CARTESIAN_POINT('',(-1.975,-2.0946,0.8396));
#9657 = VECTOR('',#9658,1.);
#9658 = DIRECTION('',(1.,0.,0.));
#9659 = ORIENTED_EDGE('',*,*,#9456,.T.);
#9660 = ORIENTED_EDGE('',*,*,#9415,.F.);
#9661 = ORIENTED_EDGE('',*,*,#9505,.F.);
#9662 = PLANE('',#9663);
#9663 = AXIS2_PLACEMENT_3D('',#9664,#9665,#9666);
#9664 = CARTESIAN_POINT('',(-1.975,-2.0946,0.8396));
#9665 = DIRECTION('',(0.,1.,0.));
#9666 = DIRECTION('',(0.,0.,-1.));
#9667 = ADVANCED_FACE('',(#9668),#9674,.F.);
#9668 = FACE_BOUND('',#9669,.F.);
#9669 = EDGE_LOOP('',(#9670,#9671,#9672,#9673));
#9670 = ORIENTED_EDGE('',*,*,#9480,.T.);
#9671 = ORIENTED_EDGE('',*,*,#9448,.T.);
#9672 = ORIENTED_EDGE('',*,*,#9654,.F.);
#9673 = ORIENTED_EDGE('',*,*,#9497,.F.);
#9674 = PLANE('',#9675);
#9675 = AXIS2_PLACEMENT_3D('',#9676,#9677,#9678);
#9676 = CARTESIAN_POINT('',(-1.975,-1.6946,0.9996));
#9677 = DIRECTION('',(0.,0.371390676354,-0.928476690885));
#9678 = DIRECTION('',(0.,-0.928476690885,-0.371390676354));
#9679 = ( GEOMETRIC_REPRESENTATION_CONTEXT(3) 
GLOBAL_UNCERTAINTY_ASSIGNED_CONTEXT((#9683)) 
GLOBAL_UNIT_ASSIGNED_CONTEXT((#9680,#9681,#9682)) REPRESENTATION_CONTEXT
('Context #1','3D Context with UNIT and UNCERTAINTY') );
#9680 = ( LENGTH_UNIT() NAMED_UNIT(*) SI_UNIT(.MILLI.,.METRE.) );
#9681 = ( NAMED_UNIT(*) PLANE_ANGLE_UNIT() SI_UNIT($,.RADIAN.) );
#9682 = ( NAMED_UNIT(*) SI_UNIT($,.STERADIAN.) SOLID_ANGLE_UNIT() );
#9683 = UNCERTAINTY_MEASURE_WITH_UNIT(LENGTH_MEASURE(1.E-07),#9680,
  'distance_accuracy_value','confusion accuracy');
#9684 = CONTEXT_DEPENDENT_SHAPE_REPRESENTATION(#9685,#9687);
#9685 = ( REPRESENTATION_RELATIONSHIP('','',#3279,#3256) 
REPRESENTATION_RELATIONSHIP_WITH_TRANSFORMATION(#9686) 
SHAPE_REPRESENTATION_RELATIONSHIP() );
#9686 = ITEM_DEFINED_TRANSFORMATION('','',#11,#3257);
#9687 = PRODUCT_DEFINITION_SHAPE('Placement','Placement of an item',
  #9688);
#9688 = NEXT_ASSEMBLY_USAGE_OCCURRENCE('8','=>[0:1:1:9]','',#3251,#3274,
  $);
#9689 = PRODUCT_RELATED_PRODUCT_CATEGORY('part',$,(#3276));
#9690 = CONTEXT_DEPENDENT_SHAPE_REPRESENTATION(#9691,#9693);
#9691 = ( REPRESENTATION_RELATIONSHIP('','',#1657,#10) 
REPRESENTATION_RELATIONSHIP_WITH_TRANSFORMATION(#9692) 
SHAPE_REPRESENTATION_RELATIONSHIP() );
#9692 = ITEM_DEFINED_TRANSFORMATION('','',#11,#35);
#9693 = PRODUCT_DEFINITION_SHAPE('Placement','Placement of an item',
  #9694);
#9694 = NEXT_ASSEMBLY_USAGE_OCCURRENCE('10','R2','',#5,#1652,$);
#9695 = CONTEXT_DEPENDENT_SHAPE_REPRESENTATION(#9696,#9698);
#9696 = ( REPRESENTATION_RELATIONSHIP('','',#1657,#10) 
REPRESENTATION_RELATIONSHIP_WITH_TRANSFORMATION(#9697) 
SHAPE_REPRESENTATION_RELATIONSHIP() );
#9697 = ITEM_DEFINED_TRANSFORMATION('','',#11,#39);
#9698 = PRODUCT_DEFINITION_SHAPE('Placement','Placement of an item',
  #9699);
#9699 = NEXT_ASSEMBLY_USAGE_OCCURRENCE('11','C5','',#5,#1652,$);
#9700 = CONTEXT_DEPENDENT_SHAPE_REPRESENTATION(#9701,#9703);
#9701 = ( REPRESENTATION_RELATIONSHIP('','',#1657,#10) 
REPRESENTATION_RELATIONSHIP_WITH_TRANSFORMATION(#9702) 
SHAPE_REPRESENTATION_RELATIONSHIP() );
#9702 = ITEM_DEFINED_TRANSFORMATION('','',#11,#43);
#9703 = PRODUCT_DEFINITION_SHAPE('Placement','Placement of an item',
  #9704);
#9704 = NEXT_ASSEMBLY_USAGE_OCCURRENCE('12','R4','',#5,#1652,$);
#9705 = CONTEXT_DEPENDENT_SHAPE_REPRESENTATION(#9706,#9708);
#9706 = ( REPRESENTATION_RELATIONSHIP('','',#1657,#10) 
REPRESENTATION_RELATIONSHIP_WITH_TRANSFORMATION(#9707) 
SHAPE_REPRESENTATION_RELATIONSHIP() );
#9707 = ITEM_DEFINED_TRANSFORMATION('','',#11,#47);
#9708 = PRODUCT_DEFINITION_SHAPE('Placement','Placement of an item',
  #9709);
#9709 = NEXT_ASSEMBLY_USAGE_OCCURRENCE('13','C1','',#5,#1652,$);
#9710 = SHAPE_DEFINITION_REPRESENTATION(#9711,#9717);
#9711 = PRODUCT_DEFINITION_SHAPE('','',#9712);
#9712 = PRODUCT_DEFINITION('design','',#9713,#9716);
#9713 = PRODUCT_DEFINITION_FORMATION('','',#9714);
#9714 = PRODUCT('SOT-23','SOT-23','',(#9715));
#9715 = PRODUCT_CONTEXT('',#2,'mechanical');
#9716 = PRODUCT_DEFINITION_CONTEXT('part definition',#2,'design');
#9717 = SHAPE_REPRESENTATION('',(#11,#9718),#9722);
#9718 = AXIS2_PLACEMENT_3D('',#9719,#9720,#9721);
#9719 = CARTESIAN_POINT('',(0.,0.,0.));
#9720 = DIRECTION('',(0.,0.,1.));
#9721 = DIRECTION('',(1.,0.,-0.));
#9722 = ( GEOMETRIC_REPRESENTATION_CONTEXT(3) 
GLOBAL_UNCERTAINTY_ASSIGNED_CONTEXT((#9726)) 
GLOBAL_UNIT_ASSIGNED_CONTEXT((#9723,#9724,#9725)) REPRESENTATION_CONTEXT
('Context #1','3D Context with UNIT and UNCERTAINTY') );
#9723 = ( LENGTH_UNIT() NAMED_UNIT(*) SI_UNIT(.MILLI.,.METRE.) );
#9724 = ( NAMED_UNIT(*) PLANE_ANGLE_UNIT() SI_UNIT($,.RADIAN.) );
#9725 = ( NAMED_UNIT(*) SI_UNIT($,.STERADIAN.) SOLID_ANGLE_UNIT() );
#9726 = UNCERTAINTY_MEASURE_WITH_UNIT(LENGTH_MEASURE(2.E-06),#9723,
  'distance_accuracy_value','confusion accuracy');
#9727 = CONTEXT_DEPENDENT_SHAPE_REPRESENTATION(#9728,#9730);
#9728 = ( REPRESENTATION_RELATIONSHIP('','',#9717,#10) 
REPRESENTATION_RELATIONSHIP_WITH_TRANSFORMATION(#9729) 
SHAPE_REPRESENTATION_RELATIONSHIP() );
#9729 = ITEM_DEFINED_TRANSFORMATION('','',#11,#51);
#9730 = PRODUCT_DEFINITION_SHAPE('Placement','Placement of an item',
  #9731);
#9731 = NEXT_ASSEMBLY_USAGE_OCCURRENCE('15','Q1','',#5,#9712,$);
#9732 = PRODUCT_RELATED_PRODUCT_CATEGORY('part',$,(#9714));
#9733 = SHAPE_DEFINITION_REPRESENTATION(#9734,#9740);
#9734 = PRODUCT_DEFINITION_SHAPE('','',#9735);
#9735 = PRODUCT_DEFINITION('design','',#9736,#9739);
#9736 = PRODUCT_DEFINITION_FORMATION('','',#9737);
#9737 = PRODUCT('SOT_23','SOT_23','',(#9738));
#9738 = PRODUCT_CONTEXT('',#2,'mechanical');
#9739 = PRODUCT_DEFINITION_CONTEXT('part definition',#2,'design');
#9740 = ADVANCED_BREP_SHAPE_REPRESENTATION('',(#11,#9741),#11815);
#9741 = MANIFOLD_SOLID_BREP('',#9742);
#9742 = CLOSED_SHELL('',(#9743,#9781,#9844,#9867,#9896,#9919,#9958,#9981
    ,#10004,#10027,#10076,#10099,#10128,#10151,#10175,#10205,#10238,
    #10261,#10284,#10307,#10331,#10355,#10388,#10421,#10452,#10475,
    #10504,#10527,#10551,#10626,#10701,#10731,#10748,#10771,#10794,
    #10817,#10841,#10916,#10991,#11015,#11090,#11107,#11182,#11199,
    #11230,#11253,#11309,#11325,#11348,#11365,#11382,#11399,#11416,
    #11433,#11450,#11467,#11479,#11495,#11511,#11527,#11553,#11570,
    #11587,#11604,#11621,#11638,#11655,#11672,#11684,#11706,#11723,
    #11740,#11757,#11774,#11791,#11803));
#9743 = ADVANCED_FACE('',(#9744),#9776,.F.);
#9744 = FACE_BOUND('',#9745,.F.);
#9745 = EDGE_LOOP('',(#9746,#9756,#9763,#9771));
#9746 = ORIENTED_EDGE('',*,*,#9747,.T.);
#9747 = EDGE_CURVE('',#9748,#9750,#9752,.T.);
#9748 = VERTEX_POINT('',#9749);
#9749 = CARTESIAN_POINT('',(-0.571621551758,1.433243103516,0.1));
#9750 = VERTEX_POINT('',#9751);
#9751 = CARTESIAN_POINT('',(0.571621551758,1.433243103516,0.1));
#9752 = LINE('',#9753,#9754);
#9753 = CARTESIAN_POINT('',(-0.571621551758,1.433243103516,0.1));
#9754 = VECTOR('',#9755,1.);
#9755 = DIRECTION('',(1.,2.22044604925E-16,0.));
#9756 = ORIENTED_EDGE('',*,*,#9757,.T.);
#9757 = EDGE_CURVE('',#9750,#9758,#9760,.T.);
#9758 = VERTEX_POINT('',#9759);
#9759 = CARTESIAN_POINT('',(0.605,1.5,0.575));
#9760 = B_SPLINE_CURVE_WITH_KNOTS('',1,(#9761,#9762),.UNSPECIFIED.,.F.,
  .F.,(2,2),(0.,1.),.PIECEWISE_BEZIER_KNOTS.);
#9761 = CARTESIAN_POINT('',(0.571621551758,1.433243103516,0.1));
#9762 = CARTESIAN_POINT('',(0.605,1.5,0.575));
#9763 = ORIENTED_EDGE('',*,*,#9764,.F.);
#9764 = EDGE_CURVE('',#9765,#9758,#9767,.T.);
#9765 = VERTEX_POINT('',#9766);
#9766 = CARTESIAN_POINT('',(-0.605,1.5,0.575));
#9767 = LINE('',#9768,#9769);
#9768 = CARTESIAN_POINT('',(-0.605,1.5,0.575));
#9769 = VECTOR('',#9770,1.);
#9770 = DIRECTION('',(1.,2.22044604925E-16,0.));
#9771 = ORIENTED_EDGE('',*,*,#9772,.F.);
#9772 = EDGE_CURVE('',#9748,#9765,#9773,.T.);
#9773 = B_SPLINE_CURVE_WITH_KNOTS('',1,(#9774,#9775),.UNSPECIFIED.,.F.,
  .F.,(2,2),(0.,1.),.PIECEWISE_BEZIER_KNOTS.);
#9774 = CARTESIAN_POINT('',(-0.571621551758,1.433243103516,0.1));
#9775 = CARTESIAN_POINT('',(-0.605,1.5,0.575));
#9776 = B_SPLINE_SURFACE_WITH_KNOTS('',1,1,(
    (#9777,#9778)
    ,(#9779,#9780
    )),.UNSPECIFIED.,.F.,.F.,.F.,(2,2),(2,2),(0.,1.21),(0.,1.),
  .PIECEWISE_BEZIER_KNOTS.);
#9777 = CARTESIAN_POINT('',(-0.571621551758,1.433243103516,0.1));
#9778 = CARTESIAN_POINT('',(-0.605,1.5,0.575));
#9779 = CARTESIAN_POINT('',(0.571621551758,1.433243103516,0.1));
#9780 = CARTESIAN_POINT('',(0.605,1.5,0.575));
#9781 = ADVANCED_FACE('',(#9782),#9839,.T.);
#9782 = FACE_BOUND('',#9783,.T.);
#9783 = EDGE_LOOP('',(#9784,#9785,#9793,#9801,#9809,#9817,#9825,#9833));
#9784 = ORIENTED_EDGE('',*,*,#9747,.T.);
#9785 = ORIENTED_EDGE('',*,*,#9786,.T.);
#9786 = EDGE_CURVE('',#9750,#9787,#9789,.T.);
#9787 = VERTEX_POINT('',#9788);
#9788 = CARTESIAN_POINT('',(0.633243103516,1.371621551758,0.1));
#9789 = LINE('',#9790,#9791);
#9790 = CARTESIAN_POINT('',(0.571621551758,1.433243103516,0.1));
#9791 = VECTOR('',#9792,1.);
#9792 = DIRECTION('',(0.707106781187,-0.707106781187,0.));
#9793 = ORIENTED_EDGE('',*,*,#9794,.T.);
#9794 = EDGE_CURVE('',#9787,#9795,#9797,.T.);
#9795 = VERTEX_POINT('',#9796);
#9796 = CARTESIAN_POINT('',(0.633243103516,-1.371621551758,0.1));
#9797 = LINE('',#9798,#9799);
#9798 = CARTESIAN_POINT('',(0.633243103516,1.371621551758,0.1));
#9799 = VECTOR('',#9800,1.);
#9800 = DIRECTION('',(2.22044604925E-16,-1.,0.));
#9801 = ORIENTED_EDGE('',*,*,#9802,.T.);
#9802 = EDGE_CURVE('',#9795,#9803,#9805,.T.);
#9803 = VERTEX_POINT('',#9804);
#9804 = CARTESIAN_POINT('',(0.571621551758,-1.433243103516,0.1));
#9805 = LINE('',#9806,#9807);
#9806 = CARTESIAN_POINT('',(0.633243103516,-1.371621551758,0.1));
#9807 = VECTOR('',#9808,1.);
#9808 = DIRECTION('',(-0.707106781187,-0.707106781187,0.));
#9809 = ORIENTED_EDGE('',*,*,#9810,.T.);
#9810 = EDGE_CURVE('',#9803,#9811,#9813,.T.);
#9811 = VERTEX_POINT('',#9812);
#9812 = CARTESIAN_POINT('',(-0.571621551758,-1.433243103516,0.1));
#9813 = LINE('',#9814,#9815);
#9814 = CARTESIAN_POINT('',(0.571621551758,-1.433243103516,0.1));
#9815 = VECTOR('',#9816,1.);
#9816 = DIRECTION('',(-1.,-2.22044604925E-16,0.));
#9817 = ORIENTED_EDGE('',*,*,#9818,.T.);
#9818 = EDGE_CURVE('',#9811,#9819,#9821,.T.);
#9819 = VERTEX_POINT('',#9820);
#9820 = CARTESIAN_POINT('',(-0.633243103516,-1.371621551758,0.1));
#9821 = LINE('',#9822,#9823);
#9822 = CARTESIAN_POINT('',(-0.571621551758,-1.433243103516,0.1));
#9823 = VECTOR('',#9824,1.);
#9824 = DIRECTION('',(-0.707106781187,0.707106781187,0.));
#9825 = ORIENTED_EDGE('',*,*,#9826,.T.);
#9826 = EDGE_CURVE('',#9819,#9827,#9829,.T.);
#9827 = VERTEX_POINT('',#9828);
#9828 = CARTESIAN_POINT('',(-0.633243103516,1.371621551758,0.1));
#9829 = LINE('',#9830,#9831);
#9830 = CARTESIAN_POINT('',(-0.633243103516,-1.371621551758,0.1));
#9831 = VECTOR('',#9832,1.);
#9832 = DIRECTION('',(-2.22044604925E-16,1.,0.));
#9833 = ORIENTED_EDGE('',*,*,#9834,.T.);
#9834 = EDGE_CURVE('',#9827,#9748,#9835,.T.);
#9835 = LINE('',#9836,#9837);
#9836 = CARTESIAN_POINT('',(-0.633243103516,1.371621551758,0.1));
#9837 = VECTOR('',#9838,1.);
#9838 = DIRECTION('',(0.707106781187,0.707106781187,0.));
#9839 = PLANE('',#9840);
#9840 = AXIS2_PLACEMENT_3D('',#9841,#9842,#9843);
#9841 = CARTESIAN_POINT('',(-0.571621551758,1.433243103516,0.1));
#9842 = DIRECTION('',(0.,0.,-1.));
#9843 = DIRECTION('',(0.370454302632,-0.928850692879,0.));
#9844 = ADVANCED_FACE('',(#9845),#9862,.F.);
#9845 = FACE_BOUND('',#9846,.F.);
#9846 = EDGE_LOOP('',(#9847,#9848,#9855,#9861));
#9847 = ORIENTED_EDGE('',*,*,#9786,.T.);
#9848 = ORIENTED_EDGE('',*,*,#9849,.T.);
#9849 = EDGE_CURVE('',#9787,#9850,#9852,.T.);
#9850 = VERTEX_POINT('',#9851);
#9851 = CARTESIAN_POINT('',(0.7,1.405,0.575));
#9852 = B_SPLINE_CURVE_WITH_KNOTS('',1,(#9853,#9854),.UNSPECIFIED.,.F.,
  .F.,(2,2),(0.,1.),.PIECEWISE_BEZIER_KNOTS.);
#9853 = CARTESIAN_POINT('',(0.633243103516,1.371621551758,0.1));
#9854 = CARTESIAN_POINT('',(0.7,1.405,0.575));
#9855 = ORIENTED_EDGE('',*,*,#9856,.F.);
#9856 = EDGE_CURVE('',#9758,#9850,#9857,.T.);
#9857 = LINE('',#9858,#9859);
#9858 = CARTESIAN_POINT('',(0.605,1.5,0.575));
#9859 = VECTOR('',#9860,1.);
#9860 = DIRECTION('',(0.707106781187,-0.707106781187,0.));
#9861 = ORIENTED_EDGE('',*,*,#9757,.F.);
#9862 = B_SPLINE_SURFACE_WITH_KNOTS('',1,1,(
    (#9863,#9864)
    ,(#9865,#9866
    )),.UNSPECIFIED.,.F.,.F.,.F.,(2,2),(2,2),(0.,0.134350288425),(0.,1.)
  ,.PIECEWISE_BEZIER_KNOTS.);
#9863 = CARTESIAN_POINT('',(0.571621551758,1.433243103516,0.1));
#9864 = CARTESIAN_POINT('',(0.605,1.5,0.575));
#9865 = CARTESIAN_POINT('',(0.633243103516,1.371621551758,0.1));
#9866 = CARTESIAN_POINT('',(0.7,1.405,0.575));
#9867 = ADVANCED_FACE('',(#9868),#9891,.F.);
#9868 = FACE_BOUND('',#9869,.F.);
#9869 = EDGE_LOOP('',(#9870,#9871,#9878,#9886));
#9870 = ORIENTED_EDGE('',*,*,#9764,.T.);
#9871 = ORIENTED_EDGE('',*,*,#9872,.T.);
#9872 = EDGE_CURVE('',#9758,#9873,#9875,.T.);
#9873 = VERTEX_POINT('',#9874);
#9874 = CARTESIAN_POINT('',(0.605,1.5,0.725));
#9875 = B_SPLINE_CURVE_WITH_KNOTS('',1,(#9876,#9877),.UNSPECIFIED.,.F.,
  .F.,(2,2),(0.,1.),.PIECEWISE_BEZIER_KNOTS.);
#9876 = CARTESIAN_POINT('',(0.605,1.5,0.575));
#9877 = CARTESIAN_POINT('',(0.605,1.5,0.725));
#9878 = ORIENTED_EDGE('',*,*,#9879,.F.);
#9879 = EDGE_CURVE('',#9880,#9873,#9882,.T.);
#9880 = VERTEX_POINT('',#9881);
#9881 = CARTESIAN_POINT('',(-0.605,1.5,0.725));
#9882 = LINE('',#9883,#9884);
#9883 = CARTESIAN_POINT('',(-0.605,1.5,0.725));
#9884 = VECTOR('',#9885,1.);
#9885 = DIRECTION('',(1.,2.22044604925E-16,0.));
#9886 = ORIENTED_EDGE('',*,*,#9887,.F.);
#9887 = EDGE_CURVE('',#9765,#9880,#9888,.T.);
#9888 = B_SPLINE_CURVE_WITH_KNOTS('',1,(#9889,#9890),.UNSPECIFIED.,.F.,
  .F.,(2,2),(0.,1.),.PIECEWISE_BEZIER_KNOTS.);
#9889 = CARTESIAN_POINT('',(-0.605,1.5,0.575));
#9890 = CARTESIAN_POINT('',(-0.605,1.5,0.725));
#9891 = PLANE('',#9892);
#9892 = AXIS2_PLACEMENT_3D('',#9893,#9894,#9895);
#9893 = CARTESIAN_POINT('',(-0.605,1.5,0.725));
#9894 = DIRECTION('',(2.22044604925E-16,-1.,0.));
#9895 = DIRECTION('',(1.,2.22044604925E-16,0.));
#9896 = ADVANCED_FACE('',(#9897),#9914,.F.);
#9897 = FACE_BOUND('',#9898,.F.);
#9898 = EDGE_LOOP('',(#9899,#9900,#9901,#9909));
#9899 = ORIENTED_EDGE('',*,*,#9834,.T.);
#9900 = ORIENTED_EDGE('',*,*,#9772,.T.);
#9901 = ORIENTED_EDGE('',*,*,#9902,.F.);
#9902 = EDGE_CURVE('',#9903,#9765,#9905,.T.);
#9903 = VERTEX_POINT('',#9904);
#9904 = CARTESIAN_POINT('',(-0.7,1.405,0.575));
#9905 = LINE('',#9906,#9907);
#9906 = CARTESIAN_POINT('',(-0.7,1.405,0.575));
#9907 = VECTOR('',#9908,1.);
#9908 = DIRECTION('',(0.707106781187,0.707106781187,0.));
#9909 = ORIENTED_EDGE('',*,*,#9910,.F.);
#9910 = EDGE_CURVE('',#9827,#9903,#9911,.T.);
#9911 = B_SPLINE_CURVE_WITH_KNOTS('',1,(#9912,#9913),.UNSPECIFIED.,.F.,
  .F.,(2,2),(0.,1.),.PIECEWISE_BEZIER_KNOTS.);
#9912 = CARTESIAN_POINT('',(-0.633243103516,1.371621551758,0.1));
#9913 = CARTESIAN_POINT('',(-0.7,1.405,0.575));
#9914 = B_SPLINE_SURFACE_WITH_KNOTS('',1,1,(
    (#9915,#9916)
    ,(#9917,#9918
    )),.UNSPECIFIED.,.F.,.F.,.F.,(2,2),(2,2),(0.,0.134350288425),(0.,1.)
  ,.PIECEWISE_BEZIER_KNOTS.);
#9915 = CARTESIAN_POINT('',(-0.633243103516,1.371621551758,0.1));
#9916 = CARTESIAN_POINT('',(-0.7,1.405,0.575));
#9917 = CARTESIAN_POINT('',(-0.571621551758,1.433243103516,0.1));
#9918 = CARTESIAN_POINT('',(-0.605,1.5,0.575));
#9919 = ADVANCED_FACE('',(#9920),#9953,.F.);
#9920 = FACE_BOUND('',#9921,.F.);
#9921 = EDGE_LOOP('',(#9922,#9923,#9930,#9938,#9946,#9952));
#9922 = ORIENTED_EDGE('',*,*,#9794,.T.);
#9923 = ORIENTED_EDGE('',*,*,#9924,.T.);
#9924 = EDGE_CURVE('',#9795,#9925,#9927,.T.);
#9925 = VERTEX_POINT('',#9926);
#9926 = CARTESIAN_POINT('',(0.7,-1.405,0.575));
#9927 = B_SPLINE_CURVE_WITH_KNOTS('',1,(#9928,#9929),.UNSPECIFIED.,.F.,
  .F.,(2,2),(0.,1.),.PIECEWISE_BEZIER_KNOTS.);
#9928 = CARTESIAN_POINT('',(0.633243103516,-1.371621551758,0.1));
#9929 = CARTESIAN_POINT('',(0.7,-1.405,0.575));
#9930 = ORIENTED_EDGE('',*,*,#9931,.F.);
#9931 = EDGE_CURVE('',#9932,#9925,#9934,.T.);
#9932 = VERTEX_POINT('',#9933);
#9933 = CARTESIAN_POINT('',(0.7,-0.2,0.575));
#9934 = LINE('',#9935,#9936);
#9935 = CARTESIAN_POINT('',(0.7,1.405,0.575));
#9936 = VECTOR('',#9937,1.);
#9937 = DIRECTION('',(2.22044604925E-16,-1.,0.));
#9938 = ORIENTED_EDGE('',*,*,#9939,.F.);
#9939 = EDGE_CURVE('',#9940,#9932,#9942,.T.);
#9940 = VERTEX_POINT('',#9941);
#9941 = CARTESIAN_POINT('',(0.7,0.2,0.575));
#9942 = LINE('',#9943,#9944);
#9943 = CARTESIAN_POINT('',(0.7,0.2,0.575));
#9944 = VECTOR('',#9945,1.);
#9945 = DIRECTION('',(2.22044604925E-16,-1.,0.));
#9946 = ORIENTED_EDGE('',*,*,#9947,.F.);
#9947 = EDGE_CURVE('',#9850,#9940,#9948,.T.);
#9948 = LINE('',#9949,#9950);
#9949 = CARTESIAN_POINT('',(0.7,1.405,0.575));
#9950 = VECTOR('',#9951,1.);
#9951 = DIRECTION('',(2.22044604925E-16,-1.,0.));
#9952 = ORIENTED_EDGE('',*,*,#9849,.F.);
#9953 = B_SPLINE_SURFACE_WITH_KNOTS('',1,1,(
    (#9954,#9955)
    ,(#9956,#9957
    )),.UNSPECIFIED.,.F.,.F.,.F.,(2,2),(2,2),(0.,2.81),(0.,1.),
  .PIECEWISE_BEZIER_KNOTS.);
#9954 = CARTESIAN_POINT('',(0.633243103516,1.371621551758,0.1));
#9955 = CARTESIAN_POINT('',(0.7,1.405,0.575));
#9956 = CARTESIAN_POINT('',(0.633243103516,-1.371621551758,0.1));
#9957 = CARTESIAN_POINT('',(0.7,-1.405,0.575));
#9958 = ADVANCED_FACE('',(#9959),#9976,.F.);
#9959 = FACE_BOUND('',#9960,.F.);
#9960 = EDGE_LOOP('',(#9961,#9962,#9969,#9975));
#9961 = ORIENTED_EDGE('',*,*,#9802,.T.);
#9962 = ORIENTED_EDGE('',*,*,#9963,.T.);
#9963 = EDGE_CURVE('',#9803,#9964,#9966,.T.);
#9964 = VERTEX_POINT('',#9965);
#9965 = CARTESIAN_POINT('',(0.605,-1.5,0.575));
#9966 = B_SPLINE_CURVE_WITH_KNOTS('',1,(#9967,#9968),.UNSPECIFIED.,.F.,
  .F.,(2,2),(0.,1.),.PIECEWISE_BEZIER_KNOTS.);
#9967 = CARTESIAN_POINT('',(0.571621551758,-1.433243103516,0.1));
#9968 = CARTESIAN_POINT('',(0.605,-1.5,0.575));
#9969 = ORIENTED_EDGE('',*,*,#9970,.F.);
#9970 = EDGE_CURVE('',#9925,#9964,#9971,.T.);
#9971 = LINE('',#9972,#9973);
#9972 = CARTESIAN_POINT('',(0.7,-1.405,0.575));
#9973 = VECTOR('',#9974,1.);
#9974 = DIRECTION('',(-0.707106781187,-0.707106781187,0.));
#9975 = ORIENTED_EDGE('',*,*,#9924,.F.);
#9976 = B_SPLINE_SURFACE_WITH_KNOTS('',1,1,(
    (#9977,#9978)
    ,(#9979,#9980
    )),.UNSPECIFIED.,.F.,.F.,.F.,(2,2),(2,2),(0.,0.134350288425),(0.,1.)
  ,.PIECEWISE_BEZIER_KNOTS.);
#9977 = CARTESIAN_POINT('',(0.633243103516,-1.371621551758,0.1));
#9978 = CARTESIAN_POINT('',(0.7,-1.405,0.575));
#9979 = CARTESIAN_POINT('',(0.571621551758,-1.433243103516,0.1));
#9980 = CARTESIAN_POINT('',(0.605,-1.5,0.575));
#9981 = ADVANCED_FACE('',(#9982),#9999,.F.);
#9982 = FACE_BOUND('',#9983,.F.);
#9983 = EDGE_LOOP('',(#9984,#9985,#9992,#9998));
#9984 = ORIENTED_EDGE('',*,*,#9810,.T.);
#9985 = ORIENTED_EDGE('',*,*,#9986,.T.);
#9986 = EDGE_CURVE('',#9811,#9987,#9989,.T.);
#9987 = VERTEX_POINT('',#9988);
#9988 = CARTESIAN_POINT('',(-0.605,-1.5,0.575));
#9989 = B_SPLINE_CURVE_WITH_KNOTS('',1,(#9990,#9991),.UNSPECIFIED.,.F.,
  .F.,(2,2),(0.,1.),.PIECEWISE_BEZIER_KNOTS.);
#9990 = CARTESIAN_POINT('',(-0.571621551758,-1.433243103516,0.1));
#9991 = CARTESIAN_POINT('',(-0.605,-1.5,0.575));
#9992 = ORIENTED_EDGE('',*,*,#9993,.F.);
#9993 = EDGE_CURVE('',#9964,#9987,#9994,.T.);
#9994 = LINE('',#9995,#9996);
#9995 = CARTESIAN_POINT('',(0.605,-1.5,0.575));
#9996 = VECTOR('',#9997,1.);
#9997 = DIRECTION('',(-1.,-2.22044604925E-16,0.));
#9998 = ORIENTED_EDGE('',*,*,#9963,.F.);
#9999 = B_SPLINE_SURFACE_WITH_KNOTS('',1,1,(
    (#10000,#10001)
    ,(#10002,#10003
    )),.UNSPECIFIED.,.F.,.F.,.F.,(2,2),(2,2),(0.,1.21),(0.,1.),
  .PIECEWISE_BEZIER_KNOTS.);
#10000 = CARTESIAN_POINT('',(0.571621551758,-1.433243103516,0.1));
#10001 = CARTESIAN_POINT('',(0.605,-1.5,0.575));
#10002 = CARTESIAN_POINT('',(-0.571621551758,-1.433243103516,0.1));
#10003 = CARTESIAN_POINT('',(-0.605,-1.5,0.575));
#10004 = ADVANCED_FACE('',(#10005),#10022,.F.);
#10005 = FACE_BOUND('',#10006,.F.);
#10006 = EDGE_LOOP('',(#10007,#10008,#10015,#10021));
#10007 = ORIENTED_EDGE('',*,*,#9818,.T.);
#10008 = ORIENTED_EDGE('',*,*,#10009,.T.);
#10009 = EDGE_CURVE('',#9819,#10010,#10012,.T.);
#10010 = VERTEX_POINT('',#10011);
#10011 = CARTESIAN_POINT('',(-0.7,-1.405,0.575));
#10012 = B_SPLINE_CURVE_WITH_KNOTS('',1,(#10013,#10014),.UNSPECIFIED.,
  .F.,.F.,(2,2),(0.,1.),.PIECEWISE_BEZIER_KNOTS.);
#10013 = CARTESIAN_POINT('',(-0.633243103516,-1.371621551758,0.1));
#10014 = CARTESIAN_POINT('',(-0.7,-1.405,0.575));
#10015 = ORIENTED_EDGE('',*,*,#10016,.F.);
#10016 = EDGE_CURVE('',#9987,#10010,#10017,.T.);
#10017 = LINE('',#10018,#10019);
#10018 = CARTESIAN_POINT('',(-0.605,-1.5,0.575));
#10019 = VECTOR('',#10020,1.);
#10020 = DIRECTION('',(-0.707106781187,0.707106781187,0.));
#10021 = ORIENTED_EDGE('',*,*,#9986,.F.);
#10022 = B_SPLINE_SURFACE_WITH_KNOTS('',1,1,(
    (#10023,#10024)
    ,(#10025,#10026
    )),.UNSPECIFIED.,.F.,.F.,.F.,(2,2),(2,2),(0.,0.134350288425),(0.,1.)
  ,.PIECEWISE_BEZIER_KNOTS.);
#10023 = CARTESIAN_POINT('',(-0.571621551758,-1.433243103516,0.1));
#10024 = CARTESIAN_POINT('',(-0.605,-1.5,0.575));
#10025 = CARTESIAN_POINT('',(-0.633243103516,-1.371621551758,0.1));
#10026 = CARTESIAN_POINT('',(-0.7,-1.405,0.575));
#10027 = ADVANCED_FACE('',(#10028),#10071,.F.);
#10028 = FACE_BOUND('',#10029,.F.);
#10029 = EDGE_LOOP('',(#10030,#10031,#10032,#10040,#10048,#10056,#10064,
    #10070));
#10030 = ORIENTED_EDGE('',*,*,#9826,.T.);
#10031 = ORIENTED_EDGE('',*,*,#9910,.T.);
#10032 = ORIENTED_EDGE('',*,*,#10033,.F.);
#10033 = EDGE_CURVE('',#10034,#9903,#10036,.T.);
#10034 = VERTEX_POINT('',#10035);
#10035 = CARTESIAN_POINT('',(-0.7,1.15,0.575));
#10036 = LINE('',#10037,#10038);
#10037 = CARTESIAN_POINT('',(-0.7,-1.405,0.575));
#10038 = VECTOR('',#10039,1.);
#10039 = DIRECTION('',(-2.22044604925E-16,1.,0.));
#10040 = ORIENTED_EDGE('',*,*,#10041,.F.);
#10041 = EDGE_CURVE('',#10042,#10034,#10044,.T.);
#10042 = VERTEX_POINT('',#10043);
#10043 = CARTESIAN_POINT('',(-0.7,0.75,0.575));
#10044 = LINE('',#10045,#10046);
#10045 = CARTESIAN_POINT('',(-0.7,0.75,0.575));
#10046 = VECTOR('',#10047,1.);
#10047 = DIRECTION('',(-9.95799250103E-17,1.,0.));
#10048 = ORIENTED_EDGE('',*,*,#10049,.F.);
#10049 = EDGE_CURVE('',#10050,#10042,#10052,.T.);
#10050 = VERTEX_POINT('',#10051);
#10051 = CARTESIAN_POINT('',(-0.7,-0.75,0.575));
#10052 = LINE('',#10053,#10054);
#10053 = CARTESIAN_POINT('',(-0.7,-1.405,0.575));
#10054 = VECTOR('',#10055,1.);
#10055 = DIRECTION('',(-2.22044604925E-16,1.,0.));
#10056 = ORIENTED_EDGE('',*,*,#10057,.F.);
#10057 = EDGE_CURVE('',#10058,#10050,#10060,.T.);
#10058 = VERTEX_POINT('',#10059);
#10059 = CARTESIAN_POINT('',(-0.7,-1.15,0.575));
#10060 = LINE('',#10061,#10062);
#10061 = CARTESIAN_POINT('',(-0.7,-1.15,0.575));
#10062 = VECTOR('',#10063,1.);
#10063 = DIRECTION('',(-9.95799250103E-17,1.,0.));
#10064 = ORIENTED_EDGE('',*,*,#10065,.F.);
#10065 = EDGE_CURVE('',#10010,#10058,#10066,.T.);
#10066 = LINE('',#10067,#10068);
#10067 = CARTESIAN_POINT('',(-0.7,-1.405,0.575));
#10068 = VECTOR('',#10069,1.);
#10069 = DIRECTION('',(-2.22044604925E-16,1.,0.));
#10070 = ORIENTED_EDGE('',*,*,#10009,.F.);
#10071 = B_SPLINE_SURFACE_WITH_KNOTS('',1,1,(
    (#10072,#10073)
    ,(#10074,#10075
    )),.UNSPECIFIED.,.F.,.F.,.F.,(2,2),(2,2),(0.,2.81),(0.,1.),
  .PIECEWISE_BEZIER_KNOTS.);
#10072 = CARTESIAN_POINT('',(-0.633243103516,-1.371621551758,0.1));
#10073 = CARTESIAN_POINT('',(-0.7,-1.405,0.575));
#10074 = CARTESIAN_POINT('',(-0.633243103516,1.371621551758,0.1));
#10075 = CARTESIAN_POINT('',(-0.7,1.405,0.575));
#10076 = ADVANCED_FACE('',(#10077),#10094,.F.);
#10077 = FACE_BOUND('',#10078,.F.);
#10078 = EDGE_LOOP('',(#10079,#10080,#10087,#10093));
#10079 = ORIENTED_EDGE('',*,*,#9856,.T.);
#10080 = ORIENTED_EDGE('',*,*,#10081,.T.);
#10081 = EDGE_CURVE('',#9850,#10082,#10084,.T.);
#10082 = VERTEX_POINT('',#10083);
#10083 = CARTESIAN_POINT('',(0.7,1.405,0.725));
#10084 = B_SPLINE_CURVE_WITH_KNOTS('',1,(#10085,#10086),.UNSPECIFIED.,
  .F.,.F.,(2,2),(0.,1.),.PIECEWISE_BEZIER_KNOTS.);
#10085 = CARTESIAN_POINT('',(0.7,1.405,0.575));
#10086 = CARTESIAN_POINT('',(0.7,1.405,0.725));
#10087 = ORIENTED_EDGE('',*,*,#10088,.F.);
#10088 = EDGE_CURVE('',#9873,#10082,#10089,.T.);
#10089 = LINE('',#10090,#10091);
#10090 = CARTESIAN_POINT('',(0.605,1.5,0.725));
#10091 = VECTOR('',#10092,1.);
#10092 = DIRECTION('',(0.707106781187,-0.707106781187,0.));
#10093 = ORIENTED_EDGE('',*,*,#9872,.F.);
#10094 = PLANE('',#10095);
#10095 = AXIS2_PLACEMENT_3D('',#10096,#10097,#10098);
#10096 = CARTESIAN_POINT('',(0.605,1.5,0.725));
#10097 = DIRECTION('',(-0.707106781187,-0.707106781187,0.));
#10098 = DIRECTION('',(0.707106781187,-0.707106781187,0.));
#10099 = ADVANCED_FACE('',(#10100),#10123,.F.);
#10100 = FACE_BOUND('',#10101,.F.);
#10101 = EDGE_LOOP('',(#10102,#10103,#10110,#10118));
#10102 = ORIENTED_EDGE('',*,*,#9879,.T.);
#10103 = ORIENTED_EDGE('',*,*,#10104,.T.);
#10104 = EDGE_CURVE('',#9873,#10105,#10107,.T.);
#10105 = VERTEX_POINT('',#10106);
#10106 = CARTESIAN_POINT('',(0.5925,1.475,0.725));
#10107 = B_SPLINE_CURVE_WITH_KNOTS('',1,(#10108,#10109),.UNSPECIFIED.,
  .F.,.F.,(2,2),(0.,1.),.PIECEWISE_BEZIER_KNOTS.);
#10108 = CARTESIAN_POINT('',(0.605,1.5,0.725));
#10109 = CARTESIAN_POINT('',(0.5925,1.475,0.725));
#10110 = ORIENTED_EDGE('',*,*,#10111,.F.);
#10111 = EDGE_CURVE('',#10112,#10105,#10114,.T.);
#10112 = VERTEX_POINT('',#10113);
#10113 = CARTESIAN_POINT('',(-0.5925,1.475,0.725));
#10114 = LINE('',#10115,#10116);
#10115 = CARTESIAN_POINT('',(-0.5925,1.475,0.725));
#10116 = VECTOR('',#10117,1.);
#10117 = DIRECTION('',(1.,2.22044604925E-16,0.));
#10118 = ORIENTED_EDGE('',*,*,#10119,.F.);
#10119 = EDGE_CURVE('',#9880,#10112,#10120,.T.);
#10120 = B_SPLINE_CURVE_WITH_KNOTS('',1,(#10121,#10122),.UNSPECIFIED.,
  .F.,.F.,(2,2),(0.,1.),.PIECEWISE_BEZIER_KNOTS.);
#10121 = CARTESIAN_POINT('',(-0.605,1.5,0.725));
#10122 = CARTESIAN_POINT('',(-0.5925,1.475,0.725));
#10123 = B_SPLINE_SURFACE_WITH_KNOTS('',1,1,(
    (#10124,#10125)
    ,(#10126,#10127
    )),.UNSPECIFIED.,.F.,.F.,.F.,(2,2),(2,2),(0.,1.21),(0.,1.),
  .PIECEWISE_BEZIER_KNOTS.);
#10124 = CARTESIAN_POINT('',(-0.605,1.5,0.725));
#10125 = CARTESIAN_POINT('',(-0.5925,1.475,0.725));
#10126 = CARTESIAN_POINT('',(0.605,1.5,0.725));
#10127 = CARTESIAN_POINT('',(0.5925,1.475,0.725));
#10128 = ADVANCED_FACE('',(#10129),#10146,.F.);
#10129 = FACE_BOUND('',#10130,.F.);
#10130 = EDGE_LOOP('',(#10131,#10132,#10133,#10141));
#10131 = ORIENTED_EDGE('',*,*,#9902,.T.);
#10132 = ORIENTED_EDGE('',*,*,#9887,.T.);
#10133 = ORIENTED_EDGE('',*,*,#10134,.F.);
#10134 = EDGE_CURVE('',#10135,#9880,#10137,.T.);
#10135 = VERTEX_POINT('',#10136);
#10136 = CARTESIAN_POINT('',(-0.7,1.405,0.725));
#10137 = LINE('',#10138,#10139);
#10138 = CARTESIAN_POINT('',(-0.7,1.405,0.725));
#10139 = VECTOR('',#10140,1.);
#10140 = DIRECTION('',(0.707106781187,0.707106781187,0.));
#10141 = ORIENTED_EDGE('',*,*,#10142,.F.);
#10142 = EDGE_CURVE('',#9903,#10135,#10143,.T.);
#10143 = B_SPLINE_CURVE_WITH_KNOTS('',1,(#10144,#10145),.UNSPECIFIED.,
  .F.,.F.,(2,2),(0.,1.),.PIECEWISE_BEZIER_KNOTS.);
#10144 = CARTESIAN_POINT('',(-0.7,1.405,0.575));
#10145 = CARTESIAN_POINT('',(-0.7,1.405,0.725));
#10146 = PLANE('',#10147);
#10147 = AXIS2_PLACEMENT_3D('',#10148,#10149,#10150);
#10148 = CARTESIAN_POINT('',(-0.7,1.405,0.725));
#10149 = DIRECTION('',(0.707106781187,-0.707106781187,0.));
#10150 = DIRECTION('',(0.707106781187,0.707106781187,0.));
#10151 = ADVANCED_FACE('',(#10152),#10170,.F.);
#10152 = FACE_BOUND('',#10153,.F.);
#10153 = EDGE_LOOP('',(#10154,#10155,#10156,#10164));
#10154 = ORIENTED_EDGE('',*,*,#10081,.F.);
#10155 = ORIENTED_EDGE('',*,*,#9947,.T.);
#10156 = ORIENTED_EDGE('',*,*,#10157,.T.);
#10157 = EDGE_CURVE('',#9940,#10158,#10160,.T.);
#10158 = VERTEX_POINT('',#10159);
#10159 = CARTESIAN_POINT('',(0.7,0.2,0.725));
#10160 = LINE('',#10161,#10162);
#10161 = CARTESIAN_POINT('',(0.7,0.2,0.525297170697));
#10162 = VECTOR('',#10163,1.);
#10163 = DIRECTION('',(0.,0.,1.));
#10164 = ORIENTED_EDGE('',*,*,#10165,.F.);
#10165 = EDGE_CURVE('',#10082,#10158,#10166,.T.);
#10166 = LINE('',#10167,#10168);
#10167 = CARTESIAN_POINT('',(0.7,1.405,0.725));
#10168 = VECTOR('',#10169,1.);
#10169 = DIRECTION('',(2.22044604925E-16,-1.,0.));
#10170 = PLANE('',#10171);
#10171 = AXIS2_PLACEMENT_3D('',#10172,#10173,#10174);
#10172 = CARTESIAN_POINT('',(0.7,1.405,0.725));
#10173 = DIRECTION('',(-1.,-2.22044604925E-16,0.));
#10174 = DIRECTION('',(2.22044604925E-16,-1.,0.));
#10175 = ADVANCED_FACE('',(#10176),#10200,.F.);
#10176 = FACE_BOUND('',#10177,.F.);
#10177 = EDGE_LOOP('',(#10178,#10186,#10187,#10194));
#10178 = ORIENTED_EDGE('',*,*,#10179,.F.);
#10179 = EDGE_CURVE('',#9932,#10180,#10182,.T.);
#10180 = VERTEX_POINT('',#10181);
#10181 = CARTESIAN_POINT('',(0.7,-0.2,0.725));
#10182 = LINE('',#10183,#10184);
#10183 = CARTESIAN_POINT('',(0.7,-0.2,0.525297170697));
#10184 = VECTOR('',#10185,1.);
#10185 = DIRECTION('',(0.,0.,1.));
#10186 = ORIENTED_EDGE('',*,*,#9931,.T.);
#10187 = ORIENTED_EDGE('',*,*,#10188,.T.);
#10188 = EDGE_CURVE('',#9925,#10189,#10191,.T.);
#10189 = VERTEX_POINT('',#10190);
#10190 = CARTESIAN_POINT('',(0.7,-1.405,0.725));
#10191 = B_SPLINE_CURVE_WITH_KNOTS('',1,(#10192,#10193),.UNSPECIFIED.,
  .F.,.F.,(2,2),(0.,1.),.PIECEWISE_BEZIER_KNOTS.);
#10192 = CARTESIAN_POINT('',(0.7,-1.405,0.575));
#10193 = CARTESIAN_POINT('',(0.7,-1.405,0.725));
#10194 = ORIENTED_EDGE('',*,*,#10195,.F.);
#10195 = EDGE_CURVE('',#10180,#10189,#10196,.T.);
#10196 = LINE('',#10197,#10198);
#10197 = CARTESIAN_POINT('',(0.7,1.405,0.725));
#10198 = VECTOR('',#10199,1.);
#10199 = DIRECTION('',(2.22044604925E-16,-1.,0.));
#10200 = PLANE('',#10201);
#10201 = AXIS2_PLACEMENT_3D('',#10202,#10203,#10204);
#10202 = CARTESIAN_POINT('',(0.7,1.405,0.725));
#10203 = DIRECTION('',(-1.,-2.22044604925E-16,0.));
#10204 = DIRECTION('',(2.22044604925E-16,-1.,0.));
#10205 = ADVANCED_FACE('',(#10206),#10233,.F.);
#10206 = FACE_BOUND('',#10207,.F.);
#10207 = EDGE_LOOP('',(#10208,#10209,#10218,#10226));
#10208 = ORIENTED_EDGE('',*,*,#9939,.T.);
#10209 = ORIENTED_EDGE('',*,*,#10210,.T.);
#10210 = EDGE_CURVE('',#9932,#10211,#10213,.T.);
#10211 = VERTEX_POINT('',#10212);
#10212 = CARTESIAN_POINT('',(0.8,-0.2,0.475));
#10213 = CIRCLE('',#10214,0.1);
#10214 = AXIS2_PLACEMENT_3D('',#10215,#10216,#10217);
#10215 = CARTESIAN_POINT('',(0.7,-0.2,0.475));
#10216 = DIRECTION('',(-2.22044604925E-16,1.,0.));
#10217 = DIRECTION('',(1.110223024625E-15,2.465190328815E-31,1.));
#10218 = ORIENTED_EDGE('',*,*,#10219,.F.);
#10219 = EDGE_CURVE('',#10220,#10211,#10222,.T.);
#10220 = VERTEX_POINT('',#10221);
#10221 = CARTESIAN_POINT('',(0.8,0.2,0.475));
#10222 = LINE('',#10223,#10224);
#10223 = CARTESIAN_POINT('',(0.8,0.2,0.475));
#10224 = VECTOR('',#10225,1.);
#10225 = DIRECTION('',(2.22044604925E-16,-1.,0.));
#10226 = ORIENTED_EDGE('',*,*,#10227,.F.);
#10227 = EDGE_CURVE('',#9940,#10220,#10228,.T.);
#10228 = CIRCLE('',#10229,0.1);
#10229 = AXIS2_PLACEMENT_3D('',#10230,#10231,#10232);
#10230 = CARTESIAN_POINT('',(0.7,0.2,0.475));
#10231 = DIRECTION('',(-2.22044604925E-16,1.,0.));
#10232 = DIRECTION('',(1.110223024625E-15,2.465190328815E-31,1.));
#10233 = CYLINDRICAL_SURFACE('',#10234,0.1);
#10234 = AXIS2_PLACEMENT_3D('',#10235,#10236,#10237);
#10235 = CARTESIAN_POINT('',(0.7,0.2,0.475));
#10236 = DIRECTION('',(-2.22044604925E-16,1.,0.));
#10237 = DIRECTION('',(1.110223024625E-15,2.465190328815E-31,1.));
#10238 = ADVANCED_FACE('',(#10239),#10256,.F.);
#10239 = FACE_BOUND('',#10240,.F.);
#10240 = EDGE_LOOP('',(#10241,#10242,#10249,#10255));
#10241 = ORIENTED_EDGE('',*,*,#9970,.T.);
#10242 = ORIENTED_EDGE('',*,*,#10243,.T.);
#10243 = EDGE_CURVE('',#9964,#10244,#10246,.T.);
#10244 = VERTEX_POINT('',#10245);
#10245 = CARTESIAN_POINT('',(0.605,-1.5,0.725));
#10246 = B_SPLINE_CURVE_WITH_KNOTS('',1,(#10247,#10248),.UNSPECIFIED.,
  .F.,.F.,(2,2),(0.,1.),.PIECEWISE_BEZIER_KNOTS.);
#10247 = CARTESIAN_POINT('',(0.605,-1.5,0.575));
#10248 = CARTESIAN_POINT('',(0.605,-1.5,0.725));
#10249 = ORIENTED_EDGE('',*,*,#10250,.F.);
#10250 = EDGE_CURVE('',#10189,#10244,#10251,.T.);
#10251 = LINE('',#10252,#10253);
#10252 = CARTESIAN_POINT('',(0.7,-1.405,0.725));
#10253 = VECTOR('',#10254,1.);
#10254 = DIRECTION('',(-0.707106781187,-0.707106781187,0.));
#10255 = ORIENTED_EDGE('',*,*,#10188,.F.);
#10256 = PLANE('',#10257);
#10257 = AXIS2_PLACEMENT_3D('',#10258,#10259,#10260);
#10258 = CARTESIAN_POINT('',(0.7,-1.405,0.725));
#10259 = DIRECTION('',(-0.707106781187,0.707106781187,0.));
#10260 = DIRECTION('',(-0.707106781187,-0.707106781187,0.));
#10261 = ADVANCED_FACE('',(#10262),#10279,.F.);
#10262 = FACE_BOUND('',#10263,.F.);
#10263 = EDGE_LOOP('',(#10264,#10265,#10272,#10278));
#10264 = ORIENTED_EDGE('',*,*,#9993,.T.);
#10265 = ORIENTED_EDGE('',*,*,#10266,.T.);
#10266 = EDGE_CURVE('',#9987,#10267,#10269,.T.);
#10267 = VERTEX_POINT('',#10268);
#10268 = CARTESIAN_POINT('',(-0.605,-1.5,0.725));
#10269 = B_SPLINE_CURVE_WITH_KNOTS('',1,(#10270,#10271),.UNSPECIFIED.,
  .F.,.F.,(2,2),(0.,1.),.PIECEWISE_BEZIER_KNOTS.);
#10270 = CARTESIAN_POINT('',(-0.605,-1.5,0.575));
#10271 = CARTESIAN_POINT('',(-0.605,-1.5,0.725));
#10272 = ORIENTED_EDGE('',*,*,#10273,.F.);
#10273 = EDGE_CURVE('',#10244,#10267,#10274,.T.);
#10274 = LINE('',#10275,#10276);
#10275 = CARTESIAN_POINT('',(0.605,-1.5,0.725));
#10276 = VECTOR('',#10277,1.);
#10277 = DIRECTION('',(-1.,-2.22044604925E-16,0.));
#10278 = ORIENTED_EDGE('',*,*,#10243,.F.);
#10279 = PLANE('',#10280);
#10280 = AXIS2_PLACEMENT_3D('',#10281,#10282,#10283);
#10281 = CARTESIAN_POINT('',(0.605,-1.5,0.725));
#10282 = DIRECTION('',(-2.22044604925E-16,1.,0.));
#10283 = DIRECTION('',(-1.,-2.22044604925E-16,0.));
#10284 = ADVANCED_FACE('',(#10285),#10302,.F.);
#10285 = FACE_BOUND('',#10286,.F.);
#10286 = EDGE_LOOP('',(#10287,#10288,#10295,#10301));
#10287 = ORIENTED_EDGE('',*,*,#10016,.T.);
#10288 = ORIENTED_EDGE('',*,*,#10289,.T.);
#10289 = EDGE_CURVE('',#10010,#10290,#10292,.T.);
#10290 = VERTEX_POINT('',#10291);
#10291 = CARTESIAN_POINT('',(-0.7,-1.405,0.725));
#10292 = B_SPLINE_CURVE_WITH_KNOTS('',1,(#10293,#10294),.UNSPECIFIED.,
  .F.,.F.,(2,2),(0.,1.),.PIECEWISE_BEZIER_KNOTS.);
#10293 = CARTESIAN_POINT('',(-0.7,-1.405,0.575));
#10294 = CARTESIAN_POINT('',(-0.7,-1.405,0.725));
#10295 = ORIENTED_EDGE('',*,*,#10296,.F.);
#10296 = EDGE_CURVE('',#10267,#10290,#10297,.T.);
#10297 = LINE('',#10298,#10299);
#10298 = CARTESIAN_POINT('',(-0.605,-1.5,0.725));
#10299 = VECTOR('',#10300,1.);
#10300 = DIRECTION('',(-0.707106781187,0.707106781187,0.));
#10301 = ORIENTED_EDGE('',*,*,#10266,.F.);
#10302 = PLANE('',#10303);
#10303 = AXIS2_PLACEMENT_3D('',#10304,#10305,#10306);
#10304 = CARTESIAN_POINT('',(-0.605,-1.5,0.725));
#10305 = DIRECTION('',(0.707106781187,0.707106781187,0.));
#10306 = DIRECTION('',(-0.707106781187,0.707106781187,0.));
#10307 = ADVANCED_FACE('',(#10308),#10326,.F.);
#10308 = FACE_BOUND('',#10309,.F.);
#10309 = EDGE_LOOP('',(#10310,#10311,#10312,#10320));
#10310 = ORIENTED_EDGE('',*,*,#10289,.F.);
#10311 = ORIENTED_EDGE('',*,*,#10065,.T.);
#10312 = ORIENTED_EDGE('',*,*,#10313,.T.);
#10313 = EDGE_CURVE('',#10058,#10314,#10316,.T.);
#10314 = VERTEX_POINT('',#10315);
#10315 = CARTESIAN_POINT('',(-0.7,-1.15,0.725));
#10316 = LINE('',#10317,#10318);
#10317 = CARTESIAN_POINT('',(-0.7,-1.15,0.525297170697));
#10318 = VECTOR('',#10319,1.);
#10319 = DIRECTION('',(0.,0.,1.));
#10320 = ORIENTED_EDGE('',*,*,#10321,.F.);
#10321 = EDGE_CURVE('',#10290,#10314,#10322,.T.);
#10322 = LINE('',#10323,#10324);
#10323 = CARTESIAN_POINT('',(-0.7,-1.405,0.725));
#10324 = VECTOR('',#10325,1.);
#10325 = DIRECTION('',(-2.22044604925E-16,1.,0.));
#10326 = PLANE('',#10327);
#10327 = AXIS2_PLACEMENT_3D('',#10328,#10329,#10330);
#10328 = CARTESIAN_POINT('',(-0.7,-1.405,0.725));
#10329 = DIRECTION('',(1.,2.22044604925E-16,0.));
#10330 = DIRECTION('',(-2.22044604925E-16,1.,0.));
#10331 = ADVANCED_FACE('',(#10332),#10350,.F.);
#10332 = FACE_BOUND('',#10333,.F.);
#10333 = EDGE_LOOP('',(#10334,#10342,#10343,#10344));
#10334 = ORIENTED_EDGE('',*,*,#10335,.F.);
#10335 = EDGE_CURVE('',#10034,#10336,#10338,.T.);
#10336 = VERTEX_POINT('',#10337);
#10337 = CARTESIAN_POINT('',(-0.7,1.15,0.725));
#10338 = LINE('',#10339,#10340);
#10339 = CARTESIAN_POINT('',(-0.7,1.15,0.525297170697));
#10340 = VECTOR('',#10341,1.);
#10341 = DIRECTION('',(0.,0.,1.));
#10342 = ORIENTED_EDGE('',*,*,#10033,.T.);
#10343 = ORIENTED_EDGE('',*,*,#10142,.T.);
#10344 = ORIENTED_EDGE('',*,*,#10345,.F.);
#10345 = EDGE_CURVE('',#10336,#10135,#10346,.T.);
#10346 = LINE('',#10347,#10348);
#10347 = CARTESIAN_POINT('',(-0.7,-1.405,0.725));
#10348 = VECTOR('',#10349,1.);
#10349 = DIRECTION('',(-2.22044604925E-16,1.,0.));
#10350 = PLANE('',#10351);
#10351 = AXIS2_PLACEMENT_3D('',#10352,#10353,#10354);
#10352 = CARTESIAN_POINT('',(-0.7,-1.405,0.725));
#10353 = DIRECTION('',(1.,2.22044604925E-16,0.));
#10354 = DIRECTION('',(-2.22044604925E-16,1.,0.));
#10355 = ADVANCED_FACE('',(#10356),#10383,.F.);
#10356 = FACE_BOUND('',#10357,.F.);
#10357 = EDGE_LOOP('',(#10358,#10359,#10368,#10376));
#10358 = ORIENTED_EDGE('',*,*,#10057,.T.);
#10359 = ORIENTED_EDGE('',*,*,#10360,.T.);
#10360 = EDGE_CURVE('',#10050,#10361,#10363,.T.);
#10361 = VERTEX_POINT('',#10362);
#10362 = CARTESIAN_POINT('',(-0.8,-0.75,0.475));
#10363 = CIRCLE('',#10364,0.1);
#10364 = AXIS2_PLACEMENT_3D('',#10365,#10366,#10367);
#10365 = CARTESIAN_POINT('',(-0.7,-0.75,0.475));
#10366 = DIRECTION('',(9.95799250103E-17,-1.,0.));
#10367 = DIRECTION('',(-1.110223024625E-15,-1.105559255369E-31,1.));
#10368 = ORIENTED_EDGE('',*,*,#10369,.F.);
#10369 = EDGE_CURVE('',#10370,#10361,#10372,.T.);
#10370 = VERTEX_POINT('',#10371);
#10371 = CARTESIAN_POINT('',(-0.8,-1.15,0.475));
#10372 = LINE('',#10373,#10374);
#10373 = CARTESIAN_POINT('',(-0.8,-1.15,0.475));
#10374 = VECTOR('',#10375,1.);
#10375 = DIRECTION('',(-9.95799250103E-17,1.,0.));
#10376 = ORIENTED_EDGE('',*,*,#10377,.F.);
#10377 = EDGE_CURVE('',#10058,#10370,#10378,.T.);
#10378 = CIRCLE('',#10379,0.1);
#10379 = AXIS2_PLACEMENT_3D('',#10380,#10381,#10382);
#10380 = CARTESIAN_POINT('',(-0.7,-1.15,0.475));
#10381 = DIRECTION('',(9.95799250103E-17,-1.,0.));
#10382 = DIRECTION('',(-1.110223024625E-15,-1.105559255369E-31,1.));
#10383 = CYLINDRICAL_SURFACE('',#10384,0.1);
#10384 = AXIS2_PLACEMENT_3D('',#10385,#10386,#10387);
#10385 = CARTESIAN_POINT('',(-0.7,-1.15,0.475));
#10386 = DIRECTION('',(9.95799250103E-17,-1.,0.));
#10387 = DIRECTION('',(-1.110223024625E-15,-1.105559255369E-31,1.));
#10388 = ADVANCED_FACE('',(#10389),#10416,.F.);
#10389 = FACE_BOUND('',#10390,.F.);
#10390 = EDGE_LOOP('',(#10391,#10392,#10401,#10409));
#10391 = ORIENTED_EDGE('',*,*,#10041,.T.);
#10392 = ORIENTED_EDGE('',*,*,#10393,.T.);
#10393 = EDGE_CURVE('',#10034,#10394,#10396,.T.);
#10394 = VERTEX_POINT('',#10395);
#10395 = CARTESIAN_POINT('',(-0.8,1.15,0.475));
#10396 = CIRCLE('',#10397,0.1);
#10397 = AXIS2_PLACEMENT_3D('',#10398,#10399,#10400);
#10398 = CARTESIAN_POINT('',(-0.7,1.15,0.475));
#10399 = DIRECTION('',(9.95799250103E-17,-1.,0.));
#10400 = DIRECTION('',(-1.110223024625E-15,-1.105559255369E-31,1.));
#10401 = ORIENTED_EDGE('',*,*,#10402,.F.);
#10402 = EDGE_CURVE('',#10403,#10394,#10405,.T.);
#10403 = VERTEX_POINT('',#10404);
#10404 = CARTESIAN_POINT('',(-0.8,0.75,0.475));
#10405 = LINE('',#10406,#10407);
#10406 = CARTESIAN_POINT('',(-0.8,0.75,0.475));
#10407 = VECTOR('',#10408,1.);
#10408 = DIRECTION('',(-9.95799250103E-17,1.,0.));
#10409 = ORIENTED_EDGE('',*,*,#10410,.F.);
#10410 = EDGE_CURVE('',#10042,#10403,#10411,.T.);
#10411 = CIRCLE('',#10412,0.1);
#10412 = AXIS2_PLACEMENT_3D('',#10413,#10414,#10415);
#10413 = CARTESIAN_POINT('',(-0.7,0.75,0.475));
#10414 = DIRECTION('',(9.95799250103E-17,-1.,0.));
#10415 = DIRECTION('',(-1.110223024625E-15,-1.105559255369E-31,1.));
#10416 = CYLINDRICAL_SURFACE('',#10417,0.1);
#10417 = AXIS2_PLACEMENT_3D('',#10418,#10419,#10420);
#10418 = CARTESIAN_POINT('',(-0.7,0.75,0.475));
#10419 = DIRECTION('',(9.95799250103E-17,-1.,0.));
#10420 = DIRECTION('',(-1.110223024625E-15,-1.105559255369E-31,1.));
#10421 = ADVANCED_FACE('',(#10422),#10447,.F.);
#10422 = FACE_BOUND('',#10423,.F.);
#10423 = EDGE_LOOP('',(#10424,#10432,#10433,#10441));
#10424 = ORIENTED_EDGE('',*,*,#10425,.F.);
#10425 = EDGE_CURVE('',#10050,#10426,#10428,.T.);
#10426 = VERTEX_POINT('',#10427);
#10427 = CARTESIAN_POINT('',(-0.7,-0.75,0.725));
#10428 = LINE('',#10429,#10430);
#10429 = CARTESIAN_POINT('',(-0.7,-0.75,0.525297170697));
#10430 = VECTOR('',#10431,1.);
#10431 = DIRECTION('',(0.,0.,1.));
#10432 = ORIENTED_EDGE('',*,*,#10049,.T.);
#10433 = ORIENTED_EDGE('',*,*,#10434,.T.);
#10434 = EDGE_CURVE('',#10042,#10435,#10437,.T.);
#10435 = VERTEX_POINT('',#10436);
#10436 = CARTESIAN_POINT('',(-0.7,0.75,0.725));
#10437 = LINE('',#10438,#10439);
#10438 = CARTESIAN_POINT('',(-0.7,0.75,0.525297170697));
#10439 = VECTOR('',#10440,1.);
#10440 = DIRECTION('',(0.,0.,1.));
#10441 = ORIENTED_EDGE('',*,*,#10442,.F.);
#10442 = EDGE_CURVE('',#10426,#10435,#10443,.T.);
#10443 = LINE('',#10444,#10445);
#10444 = CARTESIAN_POINT('',(-0.7,-1.405,0.725));
#10445 = VECTOR('',#10446,1.);
#10446 = DIRECTION('',(-2.22044604925E-16,1.,0.));
#10447 = PLANE('',#10448);
#10448 = AXIS2_PLACEMENT_3D('',#10449,#10450,#10451);
#10449 = CARTESIAN_POINT('',(-0.7,-1.405,0.725));
#10450 = DIRECTION('',(1.,2.22044604925E-16,0.));
#10451 = DIRECTION('',(-2.22044604925E-16,1.,0.));
#10452 = ADVANCED_FACE('',(#10453),#10470,.F.);
#10453 = FACE_BOUND('',#10454,.F.);
#10454 = EDGE_LOOP('',(#10455,#10456,#10463,#10469));
#10455 = ORIENTED_EDGE('',*,*,#10088,.T.);
#10456 = ORIENTED_EDGE('',*,*,#10457,.T.);
#10457 = EDGE_CURVE('',#10082,#10458,#10460,.T.);
#10458 = VERTEX_POINT('',#10459);
#10459 = CARTESIAN_POINT('',(0.675,1.3925,0.725));
#10460 = B_SPLINE_CURVE_WITH_KNOTS('',1,(#10461,#10462),.UNSPECIFIED.,
  .F.,.F.,(2,2),(0.,1.),.PIECEWISE_BEZIER_KNOTS.);
#10461 = CARTESIAN_POINT('',(0.7,1.405,0.725));
#10462 = CARTESIAN_POINT('',(0.675,1.3925,0.725));
#10463 = ORIENTED_EDGE('',*,*,#10464,.F.);
#10464 = EDGE_CURVE('',#10105,#10458,#10465,.T.);
#10465 = LINE('',#10466,#10467);
#10466 = CARTESIAN_POINT('',(0.5925,1.475,0.725));
#10467 = VECTOR('',#10468,1.);
#10468 = DIRECTION('',(0.707106781187,-0.707106781187,0.));
#10469 = ORIENTED_EDGE('',*,*,#10104,.F.);
#10470 = B_SPLINE_SURFACE_WITH_KNOTS('',1,1,(
    (#10471,#10472)
    ,(#10473,#10474
    )),.UNSPECIFIED.,.F.,.F.,.F.,(2,2),(2,2),(0.,0.134350288425),(0.,1.)
  ,.PIECEWISE_BEZIER_KNOTS.);
#10471 = CARTESIAN_POINT('',(0.605,1.5,0.725));
#10472 = CARTESIAN_POINT('',(0.5925,1.475,0.725));
#10473 = CARTESIAN_POINT('',(0.7,1.405,0.725));
#10474 = CARTESIAN_POINT('',(0.675,1.3925,0.725));
#10475 = ADVANCED_FACE('',(#10476),#10499,.F.);
#10476 = FACE_BOUND('',#10477,.F.);
#10477 = EDGE_LOOP('',(#10478,#10479,#10486,#10494));
#10478 = ORIENTED_EDGE('',*,*,#10111,.T.);
#10479 = ORIENTED_EDGE('',*,*,#10480,.T.);
#10480 = EDGE_CURVE('',#10105,#10481,#10483,.T.);
#10481 = VERTEX_POINT('',#10482);
#10482 = CARTESIAN_POINT('',(0.559121551758,1.408243103516,1.2));
#10483 = B_SPLINE_CURVE_WITH_KNOTS('',1,(#10484,#10485),.UNSPECIFIED.,
  .F.,.F.,(2,2),(0.,1.),.PIECEWISE_BEZIER_KNOTS.);
#10484 = CARTESIAN_POINT('',(0.5925,1.475,0.725));
#10485 = CARTESIAN_POINT('',(0.559121551758,1.408243103516,1.2));
#10486 = ORIENTED_EDGE('',*,*,#10487,.F.);
#10487 = EDGE_CURVE('',#10488,#10481,#10490,.T.);
#10488 = VERTEX_POINT('',#10489);
#10489 = CARTESIAN_POINT('',(-0.559121551758,1.408243103516,1.2));
#10490 = LINE('',#10491,#10492);
#10491 = CARTESIAN_POINT('',(-0.559121551758,1.408243103516,1.2));
#10492 = VECTOR('',#10493,1.);
#10493 = DIRECTION('',(1.,2.22044604925E-16,0.));
#10494 = ORIENTED_EDGE('',*,*,#10495,.F.);
#10495 = EDGE_CURVE('',#10112,#10488,#10496,.T.);
#10496 = B_SPLINE_CURVE_WITH_KNOTS('',1,(#10497,#10498),.UNSPECIFIED.,
  .F.,.F.,(2,2),(0.,1.),.PIECEWISE_BEZIER_KNOTS.);
#10497 = CARTESIAN_POINT('',(-0.5925,1.475,0.725));
#10498 = CARTESIAN_POINT('',(-0.559121551758,1.408243103516,1.2));
#10499 = B_SPLINE_SURFACE_WITH_KNOTS('',1,1,(
    (#10500,#10501)
    ,(#10502,#10503
    )),.UNSPECIFIED.,.F.,.F.,.F.,(2,2),(2,2),(0.,1.185),(0.,1.),
  .PIECEWISE_BEZIER_KNOTS.);
#10500 = CARTESIAN_POINT('',(-0.5925,1.475,0.725));
#10501 = CARTESIAN_POINT('',(-0.559121551758,1.408243103516,1.2));
#10502 = CARTESIAN_POINT('',(0.5925,1.475,0.725));
#10503 = CARTESIAN_POINT('',(0.559121551758,1.408243103516,1.2));
#10504 = ADVANCED_FACE('',(#10505),#10522,.F.);
#10505 = FACE_BOUND('',#10506,.F.);
#10506 = EDGE_LOOP('',(#10507,#10508,#10509,#10517));
#10507 = ORIENTED_EDGE('',*,*,#10134,.T.);
#10508 = ORIENTED_EDGE('',*,*,#10119,.T.);
#10509 = ORIENTED_EDGE('',*,*,#10510,.F.);
#10510 = EDGE_CURVE('',#10511,#10112,#10513,.T.);
#10511 = VERTEX_POINT('',#10512);
#10512 = CARTESIAN_POINT('',(-0.675,1.3925,0.725));
#10513 = LINE('',#10514,#10515);
#10514 = CARTESIAN_POINT('',(-0.675,1.3925,0.725));
#10515 = VECTOR('',#10516,1.);
#10516 = DIRECTION('',(0.707106781187,0.707106781187,0.));
#10517 = ORIENTED_EDGE('',*,*,#10518,.F.);
#10518 = EDGE_CURVE('',#10135,#10511,#10519,.T.);
#10519 = B_SPLINE_CURVE_WITH_KNOTS('',1,(#10520,#10521),.UNSPECIFIED.,
  .F.,.F.,(2,2),(0.,1.),.PIECEWISE_BEZIER_KNOTS.);
#10520 = CARTESIAN_POINT('',(-0.7,1.405,0.725));
#10521 = CARTESIAN_POINT('',(-0.675,1.3925,0.725));
#10522 = B_SPLINE_SURFACE_WITH_KNOTS('',1,1,(
    (#10523,#10524)
    ,(#10525,#10526
    )),.UNSPECIFIED.,.F.,.F.,.F.,(2,2),(2,2),(0.,0.134350288425),(0.,1.)
  ,.PIECEWISE_BEZIER_KNOTS.);
#10523 = CARTESIAN_POINT('',(-0.7,1.405,0.725));
#10524 = CARTESIAN_POINT('',(-0.675,1.3925,0.725));
#10525 = CARTESIAN_POINT('',(-0.605,1.5,0.725));
#10526 = CARTESIAN_POINT('',(-0.5925,1.475,0.725));
#10527 = ADVANCED_FACE('',(#10528),#10546,.F.);
#10528 = FACE_BOUND('',#10529,.F.);
#10529 = EDGE_LOOP('',(#10530,#10531,#10532,#10540));
#10530 = ORIENTED_EDGE('',*,*,#10457,.F.);
#10531 = ORIENTED_EDGE('',*,*,#10165,.T.);
#10532 = ORIENTED_EDGE('',*,*,#10533,.T.);
#10533 = EDGE_CURVE('',#10158,#10534,#10536,.T.);
#10534 = VERTEX_POINT('',#10535);
#10535 = CARTESIAN_POINT('',(0.675,0.2,0.725));
#10536 = LINE('',#10537,#10538);
#10537 = CARTESIAN_POINT('',(0.7,0.2,0.725));
#10538 = VECTOR('',#10539,1.);
#10539 = DIRECTION('',(-1.,-2.22044604925E-16,0.));
#10540 = ORIENTED_EDGE('',*,*,#10541,.F.);
#10541 = EDGE_CURVE('',#10458,#10534,#10542,.T.);
#10542 = LINE('',#10543,#10544);
#10543 = CARTESIAN_POINT('',(0.675,1.3925,0.725));
#10544 = VECTOR('',#10545,1.);
#10545 = DIRECTION('',(2.22044604925E-16,-1.,0.));
#10546 = B_SPLINE_SURFACE_WITH_KNOTS('',1,1,(
    (#10547,#10548)
    ,(#10549,#10550
    )),.UNSPECIFIED.,.F.,.F.,.F.,(2,2),(2,2),(0.,2.81),(0.,1.),
  .PIECEWISE_BEZIER_KNOTS.);
#10547 = CARTESIAN_POINT('',(0.7,1.405,0.725));
#10548 = CARTESIAN_POINT('',(0.675,1.3925,0.725));
#10549 = CARTESIAN_POINT('',(0.7,-1.405,0.725));
#10550 = CARTESIAN_POINT('',(0.675,-1.3925,0.725));
#10551 = ADVANCED_FACE('',(#10552),#10621,.F.);
#10552 = FACE_BOUND('',#10553,.F.);
#10553 = EDGE_LOOP('',(#10554,#10555,#10556,#10564,#10573,#10581,#10589,
    #10597,#10606,#10614));
#10554 = ORIENTED_EDGE('',*,*,#10157,.F.);
#10555 = ORIENTED_EDGE('',*,*,#10227,.T.);
#10556 = ORIENTED_EDGE('',*,*,#10557,.T.);
#10557 = EDGE_CURVE('',#10220,#10558,#10560,.T.);
#10558 = VERTEX_POINT('',#10559);
#10559 = CARTESIAN_POINT('',(0.8,0.2,0.25));
#10560 = LINE('',#10561,#10562);
#10561 = CARTESIAN_POINT('',(0.8,0.2,0.475));
#10562 = VECTOR('',#10563,1.);
#10563 = DIRECTION('',(0.,0.,-1.));
#10564 = ORIENTED_EDGE('',*,*,#10565,.T.);
#10565 = EDGE_CURVE('',#10558,#10566,#10568,.T.);
#10566 = VERTEX_POINT('',#10567);
#10567 = CARTESIAN_POINT('',(1.05,0.2,0.));
#10568 = CIRCLE('',#10569,0.25);
#10569 = AXIS2_PLACEMENT_3D('',#10570,#10571,#10572);
#10570 = CARTESIAN_POINT('',(1.05,0.2,0.25));
#10571 = DIRECTION('',(2.22044604925E-16,-1.,0.));
#10572 = DIRECTION('',(-1.,-2.22044604925E-16,-4.440892098501E-16));
#10573 = ORIENTED_EDGE('',*,*,#10574,.T.);
#10574 = EDGE_CURVE('',#10566,#10575,#10577,.T.);
#10575 = VERTEX_POINT('',#10576);
#10576 = CARTESIAN_POINT('',(1.25,0.2,0.));
#10577 = LINE('',#10578,#10579);
#10578 = CARTESIAN_POINT('',(1.05,0.2,0.));
#10579 = VECTOR('',#10580,1.);
#10580 = DIRECTION('',(1.,2.22044604925E-16,0.));
#10581 = ORIENTED_EDGE('',*,*,#10582,.T.);
#10582 = EDGE_CURVE('',#10575,#10583,#10585,.T.);
#10583 = VERTEX_POINT('',#10584);
#10584 = CARTESIAN_POINT('',(1.25,0.2,0.15));
#10585 = LINE('',#10586,#10587);
#10586 = CARTESIAN_POINT('',(1.25,0.2,0.));
#10587 = VECTOR('',#10588,1.);
#10588 = DIRECTION('',(0.,0.,1.));
#10589 = ORIENTED_EDGE('',*,*,#10590,.T.);
#10590 = EDGE_CURVE('',#10583,#10591,#10593,.T.);
#10591 = VERTEX_POINT('',#10592);
#10592 = CARTESIAN_POINT('',(1.05,0.2,0.15));
#10593 = LINE('',#10594,#10595);
#10594 = CARTESIAN_POINT('',(1.25,0.2,0.15));
#10595 = VECTOR('',#10596,1.);
#10596 = DIRECTION('',(-1.,-2.22044604925E-16,0.));
#10597 = ORIENTED_EDGE('',*,*,#10598,.T.);
#10598 = EDGE_CURVE('',#10591,#10599,#10601,.T.);
#10599 = VERTEX_POINT('',#10600);
#10600 = CARTESIAN_POINT('',(0.95,0.2,0.25));
#10601 = CIRCLE('',#10602,0.1);
#10602 = AXIS2_PLACEMENT_3D('',#10603,#10604,#10605);
#10603 = CARTESIAN_POINT('',(1.05,0.2,0.25));
#10604 = DIRECTION('',(-2.22044604925E-16,1.,0.));
#10605 = DIRECTION('',(-2.22044604925E-15,-4.93038065763E-31,-1.));
#10606 = ORIENTED_EDGE('',*,*,#10607,.T.);
#10607 = EDGE_CURVE('',#10599,#10608,#10610,.T.);
#10608 = VERTEX_POINT('',#10609);
#10609 = CARTESIAN_POINT('',(0.95,0.2,0.475));
#10610 = LINE('',#10611,#10612);
#10611 = CARTESIAN_POINT('',(0.95,0.2,0.25));
#10612 = VECTOR('',#10613,1.);
#10613 = DIRECTION('',(0.,0.,1.));
#10614 = ORIENTED_EDGE('',*,*,#10615,.T.);
#10615 = EDGE_CURVE('',#10608,#10158,#10616,.T.);
#10616 = CIRCLE('',#10617,0.25);
#10617 = AXIS2_PLACEMENT_3D('',#10618,#10619,#10620);
#10618 = CARTESIAN_POINT('',(0.7,0.2,0.475));
#10619 = DIRECTION('',(2.22044604925E-16,-1.,0.));
#10620 = DIRECTION('',(1.,2.22044604925E-16,0.));
#10621 = PLANE('',#10622);
#10622 = AXIS2_PLACEMENT_3D('',#10623,#10624,#10625);
#10623 = CARTESIAN_POINT('',(0.923137815574,0.2,0.325594341393));
#10624 = DIRECTION('',(2.22044604925E-16,-1.,0.));
#10625 = DIRECTION('',(0.,0.,1.));
#10626 = ADVANCED_FACE('',(#10627),#10696,.T.);
#10627 = FACE_BOUND('',#10628,.T.);
#10628 = EDGE_LOOP('',(#10629,#10630,#10631,#10639,#10648,#10656,#10664,
    #10672,#10681,#10689));
#10629 = ORIENTED_EDGE('',*,*,#10179,.F.);
#10630 = ORIENTED_EDGE('',*,*,#10210,.T.);
#10631 = ORIENTED_EDGE('',*,*,#10632,.T.);
#10632 = EDGE_CURVE('',#10211,#10633,#10635,.T.);
#10633 = VERTEX_POINT('',#10634);
#10634 = CARTESIAN_POINT('',(0.8,-0.2,0.25));
#10635 = LINE('',#10636,#10637);
#10636 = CARTESIAN_POINT('',(0.8,-0.2,0.475));
#10637 = VECTOR('',#10638,1.);
#10638 = DIRECTION('',(0.,0.,-1.));
#10639 = ORIENTED_EDGE('',*,*,#10640,.T.);
#10640 = EDGE_CURVE('',#10633,#10641,#10643,.T.);
#10641 = VERTEX_POINT('',#10642);
#10642 = CARTESIAN_POINT('',(1.05,-0.2,0.));
#10643 = CIRCLE('',#10644,0.25);
#10644 = AXIS2_PLACEMENT_3D('',#10645,#10646,#10647);
#10645 = CARTESIAN_POINT('',(1.05,-0.2,0.25));
#10646 = DIRECTION('',(2.22044604925E-16,-1.,0.));
#10647 = DIRECTION('',(-1.,-2.22044604925E-16,-4.440892098501E-16));
#10648 = ORIENTED_EDGE('',*,*,#10649,.T.);
#10649 = EDGE_CURVE('',#10641,#10650,#10652,.T.);
#10650 = VERTEX_POINT('',#10651);
#10651 = CARTESIAN_POINT('',(1.25,-0.2,0.));
#10652 = LINE('',#10653,#10654);
#10653 = CARTESIAN_POINT('',(1.05,-0.2,0.));
#10654 = VECTOR('',#10655,1.);
#10655 = DIRECTION('',(1.,2.22044604925E-16,0.));
#10656 = ORIENTED_EDGE('',*,*,#10657,.T.);
#10657 = EDGE_CURVE('',#10650,#10658,#10660,.T.);
#10658 = VERTEX_POINT('',#10659);
#10659 = CARTESIAN_POINT('',(1.25,-0.2,0.15));
#10660 = LINE('',#10661,#10662);
#10661 = CARTESIAN_POINT('',(1.25,-0.2,0.));
#10662 = VECTOR('',#10663,1.);
#10663 = DIRECTION('',(0.,0.,1.));
#10664 = ORIENTED_EDGE('',*,*,#10665,.T.);
#10665 = EDGE_CURVE('',#10658,#10666,#10668,.T.);
#10666 = VERTEX_POINT('',#10667);
#10667 = CARTESIAN_POINT('',(1.05,-0.2,0.15));
#10668 = LINE('',#10669,#10670);
#10669 = CARTESIAN_POINT('',(1.25,-0.2,0.15));
#10670 = VECTOR('',#10671,1.);
#10671 = DIRECTION('',(-1.,-2.22044604925E-16,0.));
#10672 = ORIENTED_EDGE('',*,*,#10673,.T.);
#10673 = EDGE_CURVE('',#10666,#10674,#10676,.T.);
#10674 = VERTEX_POINT('',#10675);
#10675 = CARTESIAN_POINT('',(0.95,-0.2,0.25));
#10676 = CIRCLE('',#10677,0.1);
#10677 = AXIS2_PLACEMENT_3D('',#10678,#10679,#10680);
#10678 = CARTESIAN_POINT('',(1.05,-0.2,0.25));
#10679 = DIRECTION('',(-2.22044604925E-16,1.,0.));
#10680 = DIRECTION('',(-2.22044604925E-15,-4.93038065763E-31,-1.));
#10681 = ORIENTED_EDGE('',*,*,#10682,.T.);
#10682 = EDGE_CURVE('',#10674,#10683,#10685,.T.);
#10683 = VERTEX_POINT('',#10684);
#10684 = CARTESIAN_POINT('',(0.95,-0.2,0.475));
#10685 = LINE('',#10686,#10687);
#10686 = CARTESIAN_POINT('',(0.95,-0.2,0.25));
#10687 = VECTOR('',#10688,1.);
#10688 = DIRECTION('',(0.,0.,1.));
#10689 = ORIENTED_EDGE('',*,*,#10690,.T.);
#10690 = EDGE_CURVE('',#10683,#10180,#10691,.T.);
#10691 = CIRCLE('',#10692,0.25);
#10692 = AXIS2_PLACEMENT_3D('',#10693,#10694,#10695);
#10693 = CARTESIAN_POINT('',(0.7,-0.2,0.475));
#10694 = DIRECTION('',(2.22044604925E-16,-1.,0.));
#10695 = DIRECTION('',(1.,2.22044604925E-16,0.));
#10696 = PLANE('',#10697);
#10697 = AXIS2_PLACEMENT_3D('',#10698,#10699,#10700);
#10698 = CARTESIAN_POINT('',(0.923137815574,-0.2,0.325594341393));
#10699 = DIRECTION('',(2.22044604925E-16,-1.,0.));
#10700 = DIRECTION('',(0.,0.,1.));
#10701 = ADVANCED_FACE('',(#10702),#10726,.F.);
#10702 = FACE_BOUND('',#10703,.F.);
#10703 = EDGE_LOOP('',(#10704,#10712,#10713,#10720));
#10704 = ORIENTED_EDGE('',*,*,#10705,.F.);
#10705 = EDGE_CURVE('',#10180,#10706,#10708,.T.);
#10706 = VERTEX_POINT('',#10707);
#10707 = CARTESIAN_POINT('',(0.675,-0.2,0.725));
#10708 = LINE('',#10709,#10710);
#10709 = CARTESIAN_POINT('',(0.7,-0.2,0.725));
#10710 = VECTOR('',#10711,1.);
#10711 = DIRECTION('',(-1.,-2.22044604925E-16,0.));
#10712 = ORIENTED_EDGE('',*,*,#10195,.T.);
#10713 = ORIENTED_EDGE('',*,*,#10714,.T.);
#10714 = EDGE_CURVE('',#10189,#10715,#10717,.T.);
#10715 = VERTEX_POINT('',#10716);
#10716 = CARTESIAN_POINT('',(0.675,-1.3925,0.725));
#10717 = B_SPLINE_CURVE_WITH_KNOTS('',1,(#10718,#10719),.UNSPECIFIED.,
  .F.,.F.,(2,2),(0.,1.),.PIECEWISE_BEZIER_KNOTS.);
#10718 = CARTESIAN_POINT('',(0.7,-1.405,0.725));
#10719 = CARTESIAN_POINT('',(0.675,-1.3925,0.725));
#10720 = ORIENTED_EDGE('',*,*,#10721,.F.);
#10721 = EDGE_CURVE('',#10706,#10715,#10722,.T.);
#10722 = LINE('',#10723,#10724);
#10723 = CARTESIAN_POINT('',(0.675,1.3925,0.725));
#10724 = VECTOR('',#10725,1.);
#10725 = DIRECTION('',(2.22044604925E-16,-1.,0.));
#10726 = B_SPLINE_SURFACE_WITH_KNOTS('',1,1,(
    (#10727,#10728)
    ,(#10729,#10730
    )),.UNSPECIFIED.,.F.,.F.,.F.,(2,2),(2,2),(0.,2.81),(0.,1.),
  .PIECEWISE_BEZIER_KNOTS.);
#10727 = CARTESIAN_POINT('',(0.7,1.405,0.725));
#10728 = CARTESIAN_POINT('',(0.675,1.3925,0.725));
#10729 = CARTESIAN_POINT('',(0.7,-1.405,0.725));
#10730 = CARTESIAN_POINT('',(0.675,-1.3925,0.725));
#10731 = ADVANCED_FACE('',(#10732),#10743,.F.);
#10732 = FACE_BOUND('',#10733,.F.);
#10733 = EDGE_LOOP('',(#10734,#10735,#10736,#10742));
#10734 = ORIENTED_EDGE('',*,*,#10219,.T.);
#10735 = ORIENTED_EDGE('',*,*,#10632,.T.);
#10736 = ORIENTED_EDGE('',*,*,#10737,.F.);
#10737 = EDGE_CURVE('',#10558,#10633,#10738,.T.);
#10738 = LINE('',#10739,#10740);
#10739 = CARTESIAN_POINT('',(0.8,0.2,0.25));
#10740 = VECTOR('',#10741,1.);
#10741 = DIRECTION('',(2.22044604925E-16,-1.,0.));
#10742 = ORIENTED_EDGE('',*,*,#10557,.F.);
#10743 = PLANE('',#10744);
#10744 = AXIS2_PLACEMENT_3D('',#10745,#10746,#10747);
#10745 = CARTESIAN_POINT('',(0.8,0.2,0.475));
#10746 = DIRECTION('',(1.,2.22044604925E-16,0.));
#10747 = DIRECTION('',(0.,0.,-1.));
#10748 = ADVANCED_FACE('',(#10749),#10766,.F.);
#10749 = FACE_BOUND('',#10750,.F.);
#10750 = EDGE_LOOP('',(#10751,#10752,#10759,#10765));
#10751 = ORIENTED_EDGE('',*,*,#10250,.T.);
#10752 = ORIENTED_EDGE('',*,*,#10753,.T.);
#10753 = EDGE_CURVE('',#10244,#10754,#10756,.T.);
#10754 = VERTEX_POINT('',#10755);
#10755 = CARTESIAN_POINT('',(0.5925,-1.475,0.725));
#10756 = B_SPLINE_CURVE_WITH_KNOTS('',1,(#10757,#10758),.UNSPECIFIED.,
  .F.,.F.,(2,2),(0.,1.),.PIECEWISE_BEZIER_KNOTS.);
#10757 = CARTESIAN_POINT('',(0.605,-1.5,0.725));
#10758 = CARTESIAN_POINT('',(0.5925,-1.475,0.725));
#10759 = ORIENTED_EDGE('',*,*,#10760,.F.);
#10760 = EDGE_CURVE('',#10715,#10754,#10761,.T.);
#10761 = LINE('',#10762,#10763);
#10762 = CARTESIAN_POINT('',(0.675,-1.3925,0.725));
#10763 = VECTOR('',#10764,1.);
#10764 = DIRECTION('',(-0.707106781187,-0.707106781187,0.));
#10765 = ORIENTED_EDGE('',*,*,#10714,.F.);
#10766 = B_SPLINE_SURFACE_WITH_KNOTS('',1,1,(
    (#10767,#10768)
    ,(#10769,#10770
    )),.UNSPECIFIED.,.F.,.F.,.F.,(2,2),(2,2),(0.,0.134350288425),(0.,1.)
  ,.PIECEWISE_BEZIER_KNOTS.);
#10767 = CARTESIAN_POINT('',(0.7,-1.405,0.725));
#10768 = CARTESIAN_POINT('',(0.675,-1.3925,0.725));
#10769 = CARTESIAN_POINT('',(0.605,-1.5,0.725));
#10770 = CARTESIAN_POINT('',(0.5925,-1.475,0.725));
#10771 = ADVANCED_FACE('',(#10772),#10789,.F.);
#10772 = FACE_BOUND('',#10773,.F.);
#10773 = EDGE_LOOP('',(#10774,#10775,#10782,#10788));
#10774 = ORIENTED_EDGE('',*,*,#10273,.T.);
#10775 = ORIENTED_EDGE('',*,*,#10776,.T.);
#10776 = EDGE_CURVE('',#10267,#10777,#10779,.T.);
#10777 = VERTEX_POINT('',#10778);
#10778 = CARTESIAN_POINT('',(-0.5925,-1.475,0.725));
#10779 = B_SPLINE_CURVE_WITH_KNOTS('',1,(#10780,#10781),.UNSPECIFIED.,
  .F.,.F.,(2,2),(0.,1.),.PIECEWISE_BEZIER_KNOTS.);
#10780 = CARTESIAN_POINT('',(-0.605,-1.5,0.725));
#10781 = CARTESIAN_POINT('',(-0.5925,-1.475,0.725));
#10782 = ORIENTED_EDGE('',*,*,#10783,.F.);
#10783 = EDGE_CURVE('',#10754,#10777,#10784,.T.);
#10784 = LINE('',#10785,#10786);
#10785 = CARTESIAN_POINT('',(0.5925,-1.475,0.725));
#10786 = VECTOR('',#10787,1.);
#10787 = DIRECTION('',(-1.,-2.22044604925E-16,0.));
#10788 = ORIENTED_EDGE('',*,*,#10753,.F.);
#10789 = B_SPLINE_SURFACE_WITH_KNOTS('',1,1,(
    (#10790,#10791)
    ,(#10792,#10793
    )),.UNSPECIFIED.,.F.,.F.,.F.,(2,2),(2,2),(0.,1.21),(0.,1.),
  .PIECEWISE_BEZIER_KNOTS.);
#10790 = CARTESIAN_POINT('',(0.605,-1.5,0.725));
#10791 = CARTESIAN_POINT('',(0.5925,-1.475,0.725));
#10792 = CARTESIAN_POINT('',(-0.605,-1.5,0.725));
#10793 = CARTESIAN_POINT('',(-0.5925,-1.475,0.725));
#10794 = ADVANCED_FACE('',(#10795),#10812,.F.);
#10795 = FACE_BOUND('',#10796,.F.);
#10796 = EDGE_LOOP('',(#10797,#10798,#10805,#10811));
#10797 = ORIENTED_EDGE('',*,*,#10296,.T.);
#10798 = ORIENTED_EDGE('',*,*,#10799,.T.);
#10799 = EDGE_CURVE('',#10290,#10800,#10802,.T.);
#10800 = VERTEX_POINT('',#10801);
#10801 = CARTESIAN_POINT('',(-0.675,-1.3925,0.725));
#10802 = B_SPLINE_CURVE_WITH_KNOTS('',1,(#10803,#10804),.UNSPECIFIED.,
  .F.,.F.,(2,2),(0.,1.),.PIECEWISE_BEZIER_KNOTS.);
#10803 = CARTESIAN_POINT('',(-0.7,-1.405,0.725));
#10804 = CARTESIAN_POINT('',(-0.675,-1.3925,0.725));
#10805 = ORIENTED_EDGE('',*,*,#10806,.F.);
#10806 = EDGE_CURVE('',#10777,#10800,#10807,.T.);
#10807 = LINE('',#10808,#10809);
#10808 = CARTESIAN_POINT('',(-0.5925,-1.475,0.725));
#10809 = VECTOR('',#10810,1.);
#10810 = DIRECTION('',(-0.707106781187,0.707106781187,0.));
#10811 = ORIENTED_EDGE('',*,*,#10776,.F.);
#10812 = B_SPLINE_SURFACE_WITH_KNOTS('',1,1,(
    (#10813,#10814)
    ,(#10815,#10816
    )),.UNSPECIFIED.,.F.,.F.,.F.,(2,2),(2,2),(0.,0.134350288425),(0.,1.)
  ,.PIECEWISE_BEZIER_KNOTS.);
#10813 = CARTESIAN_POINT('',(-0.605,-1.5,0.725));
#10814 = CARTESIAN_POINT('',(-0.5925,-1.475,0.725));
#10815 = CARTESIAN_POINT('',(-0.7,-1.405,0.725));
#10816 = CARTESIAN_POINT('',(-0.675,-1.3925,0.725));
#10817 = ADVANCED_FACE('',(#10818),#10836,.F.);
#10818 = FACE_BOUND('',#10819,.F.);
#10819 = EDGE_LOOP('',(#10820,#10821,#10822,#10830));
#10820 = ORIENTED_EDGE('',*,*,#10799,.F.);
#10821 = ORIENTED_EDGE('',*,*,#10321,.T.);
#10822 = ORIENTED_EDGE('',*,*,#10823,.T.);
#10823 = EDGE_CURVE('',#10314,#10824,#10826,.T.);
#10824 = VERTEX_POINT('',#10825);
#10825 = CARTESIAN_POINT('',(-0.675,-1.15,0.725));
#10826 = LINE('',#10827,#10828);
#10827 = CARTESIAN_POINT('',(-0.7,-1.15,0.725));
#10828 = VECTOR('',#10829,1.);
#10829 = DIRECTION('',(1.,9.95799250103E-17,0.));
#10830 = ORIENTED_EDGE('',*,*,#10831,.F.);
#10831 = EDGE_CURVE('',#10800,#10824,#10832,.T.);
#10832 = LINE('',#10833,#10834);
#10833 = CARTESIAN_POINT('',(-0.675,-1.3925,0.725));
#10834 = VECTOR('',#10835,1.);
#10835 = DIRECTION('',(-2.22044604925E-16,1.,0.));
#10836 = B_SPLINE_SURFACE_WITH_KNOTS('',1,1,(
    (#10837,#10838)
    ,(#10839,#10840
    )),.UNSPECIFIED.,.F.,.F.,.F.,(2,2),(2,2),(0.,2.81),(0.,1.),
  .PIECEWISE_BEZIER_KNOTS.);
#10837 = CARTESIAN_POINT('',(-0.7,-1.405,0.725));
#10838 = CARTESIAN_POINT('',(-0.675,-1.3925,0.725));
#10839 = CARTESIAN_POINT('',(-0.7,1.405,0.725));
#10840 = CARTESIAN_POINT('',(-0.675,1.3925,0.725));
#10841 = ADVANCED_FACE('',(#10842),#10911,.F.);
#10842 = FACE_BOUND('',#10843,.F.);
#10843 = EDGE_LOOP('',(#10844,#10845,#10846,#10854,#10863,#10871,#10879,
    #10887,#10896,#10904));
#10844 = ORIENTED_EDGE('',*,*,#10313,.F.);
#10845 = ORIENTED_EDGE('',*,*,#10377,.T.);
#10846 = ORIENTED_EDGE('',*,*,#10847,.T.);
#10847 = EDGE_CURVE('',#10370,#10848,#10850,.T.);
#10848 = VERTEX_POINT('',#10849);
#10849 = CARTESIAN_POINT('',(-0.8,-1.15,0.25));
#10850 = LINE('',#10851,#10852);
#10851 = CARTESIAN_POINT('',(-0.8,-1.15,0.475));
#10852 = VECTOR('',#10853,1.);
#10853 = DIRECTION('',(-0.,0.,-1.));
#10854 = ORIENTED_EDGE('',*,*,#10855,.T.);
#10855 = EDGE_CURVE('',#10848,#10856,#10858,.T.);
#10856 = VERTEX_POINT('',#10857);
#10857 = CARTESIAN_POINT('',(-1.05,-1.15,0.));
#10858 = CIRCLE('',#10859,0.25);
#10859 = AXIS2_PLACEMENT_3D('',#10860,#10861,#10862);
#10860 = CARTESIAN_POINT('',(-1.05,-1.15,0.25));
#10861 = DIRECTION('',(-9.95799250103E-17,1.,0.));
#10862 = DIRECTION('',(1.,9.95799250103E-17,-4.440892098501E-16));
#10863 = ORIENTED_EDGE('',*,*,#10864,.T.);
#10864 = EDGE_CURVE('',#10856,#10865,#10867,.T.);
#10865 = VERTEX_POINT('',#10866);
#10866 = CARTESIAN_POINT('',(-1.25,-1.15,0.));
#10867 = LINE('',#10868,#10869);
#10868 = CARTESIAN_POINT('',(-1.05,-1.15,0.));
#10869 = VECTOR('',#10870,1.);
#10870 = DIRECTION('',(-1.,-9.95799250103E-17,0.));
#10871 = ORIENTED_EDGE('',*,*,#10872,.T.);
#10872 = EDGE_CURVE('',#10865,#10873,#10875,.T.);
#10873 = VERTEX_POINT('',#10874);
#10874 = CARTESIAN_POINT('',(-1.25,-1.15,0.15));
#10875 = LINE('',#10876,#10877);
#10876 = CARTESIAN_POINT('',(-1.25,-1.15,0.));
#10877 = VECTOR('',#10878,1.);
#10878 = DIRECTION('',(0.,0.,1.));
#10879 = ORIENTED_EDGE('',*,*,#10880,.T.);
#10880 = EDGE_CURVE('',#10873,#10881,#10883,.T.);
#10881 = VERTEX_POINT('',#10882);
#10882 = CARTESIAN_POINT('',(-1.05,-1.15,0.15));
#10883 = LINE('',#10884,#10885);
#10884 = CARTESIAN_POINT('',(-1.25,-1.15,0.15));
#10885 = VECTOR('',#10886,1.);
#10886 = DIRECTION('',(1.,9.95799250103E-17,0.));
#10887 = ORIENTED_EDGE('',*,*,#10888,.T.);
#10888 = EDGE_CURVE('',#10881,#10889,#10891,.T.);
#10889 = VERTEX_POINT('',#10890);
#10890 = CARTESIAN_POINT('',(-0.95,-1.15,0.25));
#10891 = CIRCLE('',#10892,0.1);
#10892 = AXIS2_PLACEMENT_3D('',#10893,#10894,#10895);
#10893 = CARTESIAN_POINT('',(-1.05,-1.15,0.25));
#10894 = DIRECTION('',(9.95799250103E-17,-1.,0.));
#10895 = DIRECTION('',(2.22044604925E-15,2.211118510737E-31,-1.));
#10896 = ORIENTED_EDGE('',*,*,#10897,.T.);
#10897 = EDGE_CURVE('',#10889,#10898,#10900,.T.);
#10898 = VERTEX_POINT('',#10899);
#10899 = CARTESIAN_POINT('',(-0.95,-1.15,0.475));
#10900 = LINE('',#10901,#10902);
#10901 = CARTESIAN_POINT('',(-0.95,-1.15,0.25));
#10902 = VECTOR('',#10903,1.);
#10903 = DIRECTION('',(0.,0.,1.));
#10904 = ORIENTED_EDGE('',*,*,#10905,.T.);
#10905 = EDGE_CURVE('',#10898,#10314,#10906,.T.);
#10906 = CIRCLE('',#10907,0.25);
#10907 = AXIS2_PLACEMENT_3D('',#10908,#10909,#10910);
#10908 = CARTESIAN_POINT('',(-0.7,-1.15,0.475));
#10909 = DIRECTION('',(-9.95799250103E-17,1.,0.));
#10910 = DIRECTION('',(-1.,-9.95799250103E-17,0.));
#10911 = PLANE('',#10912);
#10912 = AXIS2_PLACEMENT_3D('',#10913,#10914,#10915);
#10913 = CARTESIAN_POINT('',(-0.923137815574,-1.15,0.325594341393));
#10914 = DIRECTION('',(-9.95799250103E-17,1.,0.));
#10915 = DIRECTION('',(0.,0.,1.));
#10916 = ADVANCED_FACE('',(#10917),#10986,.T.);
#10917 = FACE_BOUND('',#10918,.T.);
#10918 = EDGE_LOOP('',(#10919,#10920,#10921,#10929,#10938,#10946,#10954,
    #10962,#10971,#10979));
#10919 = ORIENTED_EDGE('',*,*,#10335,.F.);
#10920 = ORIENTED_EDGE('',*,*,#10393,.T.);
#10921 = ORIENTED_EDGE('',*,*,#10922,.T.);
#10922 = EDGE_CURVE('',#10394,#10923,#10925,.T.);
#10923 = VERTEX_POINT('',#10924);
#10924 = CARTESIAN_POINT('',(-0.8,1.15,0.25));
#10925 = LINE('',#10926,#10927);
#10926 = CARTESIAN_POINT('',(-0.8,1.15,0.475));
#10927 = VECTOR('',#10928,1.);
#10928 = DIRECTION('',(-0.,0.,-1.));
#10929 = ORIENTED_EDGE('',*,*,#10930,.T.);
#10930 = EDGE_CURVE('',#10923,#10931,#10933,.T.);
#10931 = VERTEX_POINT('',#10932);
#10932 = CARTESIAN_POINT('',(-1.05,1.15,0.));
#10933 = CIRCLE('',#10934,0.25);
#10934 = AXIS2_PLACEMENT_3D('',#10935,#10936,#10937);
#10935 = CARTESIAN_POINT('',(-1.05,1.15,0.25));
#10936 = DIRECTION('',(-9.95799250103E-17,1.,0.));
#10937 = DIRECTION('',(1.,9.95799250103E-17,-4.440892098501E-16));
#10938 = ORIENTED_EDGE('',*,*,#10939,.T.);
#10939 = EDGE_CURVE('',#10931,#10940,#10942,.T.);
#10940 = VERTEX_POINT('',#10941);
#10941 = CARTESIAN_POINT('',(-1.25,1.15,0.));
#10942 = LINE('',#10943,#10944);
#10943 = CARTESIAN_POINT('',(-1.05,1.15,0.));
#10944 = VECTOR('',#10945,1.);
#10945 = DIRECTION('',(-1.,-9.95799250103E-17,0.));
#10946 = ORIENTED_EDGE('',*,*,#10947,.T.);
#10947 = EDGE_CURVE('',#10940,#10948,#10950,.T.);
#10948 = VERTEX_POINT('',#10949);
#10949 = CARTESIAN_POINT('',(-1.25,1.15,0.15));
#10950 = LINE('',#10951,#10952);
#10951 = CARTESIAN_POINT('',(-1.25,1.15,0.));
#10952 = VECTOR('',#10953,1.);
#10953 = DIRECTION('',(0.,0.,1.));
#10954 = ORIENTED_EDGE('',*,*,#10955,.T.);
#10955 = EDGE_CURVE('',#10948,#10956,#10958,.T.);
#10956 = VERTEX_POINT('',#10957);
#10957 = CARTESIAN_POINT('',(-1.05,1.15,0.15));
#10958 = LINE('',#10959,#10960);
#10959 = CARTESIAN_POINT('',(-1.25,1.15,0.15));
#10960 = VECTOR('',#10961,1.);
#10961 = DIRECTION('',(1.,9.95799250103E-17,0.));
#10962 = ORIENTED_EDGE('',*,*,#10963,.T.);
#10963 = EDGE_CURVE('',#10956,#10964,#10966,.T.);
#10964 = VERTEX_POINT('',#10965);
#10965 = CARTESIAN_POINT('',(-0.95,1.15,0.25));
#10966 = CIRCLE('',#10967,0.1);
#10967 = AXIS2_PLACEMENT_3D('',#10968,#10969,#10970);
#10968 = CARTESIAN_POINT('',(-1.05,1.15,0.25));
#10969 = DIRECTION('',(9.95799250103E-17,-1.,0.));
#10970 = DIRECTION('',(2.22044604925E-15,2.211118510737E-31,-1.));
#10971 = ORIENTED_EDGE('',*,*,#10972,.T.);
#10972 = EDGE_CURVE('',#10964,#10973,#10975,.T.);
#10973 = VERTEX_POINT('',#10974);
#10974 = CARTESIAN_POINT('',(-0.95,1.15,0.475));
#10975 = LINE('',#10976,#10977);
#10976 = CARTESIAN_POINT('',(-0.95,1.15,0.25));
#10977 = VECTOR('',#10978,1.);
#10978 = DIRECTION('',(0.,0.,1.));
#10979 = ORIENTED_EDGE('',*,*,#10980,.T.);
#10980 = EDGE_CURVE('',#10973,#10336,#10981,.T.);
#10981 = CIRCLE('',#10982,0.25);
#10982 = AXIS2_PLACEMENT_3D('',#10983,#10984,#10985);
#10983 = CARTESIAN_POINT('',(-0.7,1.15,0.475));
#10984 = DIRECTION('',(-9.95799250103E-17,1.,0.));
#10985 = DIRECTION('',(-1.,-9.95799250103E-17,0.));
#10986 = PLANE('',#10987);
#10987 = AXIS2_PLACEMENT_3D('',#10988,#10989,#10990);
#10988 = CARTESIAN_POINT('',(-0.923137815574,1.15,0.325594341393));
#10989 = DIRECTION('',(-9.95799250103E-17,1.,0.));
#10990 = DIRECTION('',(0.,0.,1.));
#10991 = ADVANCED_FACE('',(#10992),#11010,.F.);
#10992 = FACE_BOUND('',#10993,.F.);
#10993 = EDGE_LOOP('',(#10994,#11002,#11003,#11004));
#10994 = ORIENTED_EDGE('',*,*,#10995,.F.);
#10995 = EDGE_CURVE('',#10336,#10996,#10998,.T.);
#10996 = VERTEX_POINT('',#10997);
#10997 = CARTESIAN_POINT('',(-0.675,1.15,0.725));
#10998 = LINE('',#10999,#11000);
#10999 = CARTESIAN_POINT('',(-0.7,1.15,0.725));
#11000 = VECTOR('',#11001,1.);
#11001 = DIRECTION('',(1.,9.95799250103E-17,0.));
#11002 = ORIENTED_EDGE('',*,*,#10345,.T.);
#11003 = ORIENTED_EDGE('',*,*,#10518,.T.);
#11004 = ORIENTED_EDGE('',*,*,#11005,.F.);
#11005 = EDGE_CURVE('',#10996,#10511,#11006,.T.);
#11006 = LINE('',#11007,#11008);
#11007 = CARTESIAN_POINT('',(-0.675,-1.3925,0.725));
#11008 = VECTOR('',#11009,1.);
#11009 = DIRECTION('',(-2.22044604925E-16,1.,0.));
#11010 = B_SPLINE_SURFACE_WITH_KNOTS('',1,1,(
    (#11011,#11012)
    ,(#11013,#11014
    )),.UNSPECIFIED.,.F.,.F.,.F.,(2,2),(2,2),(0.,2.81),(0.,1.),
  .PIECEWISE_BEZIER_KNOTS.);
#11011 = CARTESIAN_POINT('',(-0.7,-1.405,0.725));
#11012 = CARTESIAN_POINT('',(-0.675,-1.3925,0.725));
#11013 = CARTESIAN_POINT('',(-0.7,1.405,0.725));
#11014 = CARTESIAN_POINT('',(-0.675,1.3925,0.725));
#11015 = ADVANCED_FACE('',(#11016),#11085,.T.);
#11016 = FACE_BOUND('',#11017,.T.);
#11017 = EDGE_LOOP('',(#11018,#11019,#11020,#11028,#11037,#11045,#11053,
    #11061,#11070,#11078));
#11018 = ORIENTED_EDGE('',*,*,#10425,.F.);
#11019 = ORIENTED_EDGE('',*,*,#10360,.T.);
#11020 = ORIENTED_EDGE('',*,*,#11021,.T.);
#11021 = EDGE_CURVE('',#10361,#11022,#11024,.T.);
#11022 = VERTEX_POINT('',#11023);
#11023 = CARTESIAN_POINT('',(-0.8,-0.75,0.25));
#11024 = LINE('',#11025,#11026);
#11025 = CARTESIAN_POINT('',(-0.8,-0.75,0.475));
#11026 = VECTOR('',#11027,1.);
#11027 = DIRECTION('',(-0.,0.,-1.));
#11028 = ORIENTED_EDGE('',*,*,#11029,.T.);
#11029 = EDGE_CURVE('',#11022,#11030,#11032,.T.);
#11030 = VERTEX_POINT('',#11031);
#11031 = CARTESIAN_POINT('',(-1.05,-0.75,0.));
#11032 = CIRCLE('',#11033,0.25);
#11033 = AXIS2_PLACEMENT_3D('',#11034,#11035,#11036);
#11034 = CARTESIAN_POINT('',(-1.05,-0.75,0.25));
#11035 = DIRECTION('',(-9.95799250103E-17,1.,0.));
#11036 = DIRECTION('',(1.,9.95799250103E-17,-4.440892098501E-16));
#11037 = ORIENTED_EDGE('',*,*,#11038,.T.);
#11038 = EDGE_CURVE('',#11030,#11039,#11041,.T.);
#11039 = VERTEX_POINT('',#11040);
#11040 = CARTESIAN_POINT('',(-1.25,-0.75,0.));
#11041 = LINE('',#11042,#11043);
#11042 = CARTESIAN_POINT('',(-1.05,-0.75,0.));
#11043 = VECTOR('',#11044,1.);
#11044 = DIRECTION('',(-1.,-9.95799250103E-17,0.));
#11045 = ORIENTED_EDGE('',*,*,#11046,.T.);
#11046 = EDGE_CURVE('',#11039,#11047,#11049,.T.);
#11047 = VERTEX_POINT('',#11048);
#11048 = CARTESIAN_POINT('',(-1.25,-0.75,0.15));
#11049 = LINE('',#11050,#11051);
#11050 = CARTESIAN_POINT('',(-1.25,-0.75,0.));
#11051 = VECTOR('',#11052,1.);
#11052 = DIRECTION('',(0.,0.,1.));
#11053 = ORIENTED_EDGE('',*,*,#11054,.T.);
#11054 = EDGE_CURVE('',#11047,#11055,#11057,.T.);
#11055 = VERTEX_POINT('',#11056);
#11056 = CARTESIAN_POINT('',(-1.05,-0.75,0.15));
#11057 = LINE('',#11058,#11059);
#11058 = CARTESIAN_POINT('',(-1.25,-0.75,0.15));
#11059 = VECTOR('',#11060,1.);
#11060 = DIRECTION('',(1.,9.95799250103E-17,0.));
#11061 = ORIENTED_EDGE('',*,*,#11062,.T.);
#11062 = EDGE_CURVE('',#11055,#11063,#11065,.T.);
#11063 = VERTEX_POINT('',#11064);
#11064 = CARTESIAN_POINT('',(-0.95,-0.75,0.25));
#11065 = CIRCLE('',#11066,0.1);
#11066 = AXIS2_PLACEMENT_3D('',#11067,#11068,#11069);
#11067 = CARTESIAN_POINT('',(-1.05,-0.75,0.25));
#11068 = DIRECTION('',(9.95799250103E-17,-1.,0.));
#11069 = DIRECTION('',(2.22044604925E-15,2.211118510737E-31,-1.));
#11070 = ORIENTED_EDGE('',*,*,#11071,.T.);
#11071 = EDGE_CURVE('',#11063,#11072,#11074,.T.);
#11072 = VERTEX_POINT('',#11073);
#11073 = CARTESIAN_POINT('',(-0.95,-0.75,0.475));
#11074 = LINE('',#11075,#11076);
#11075 = CARTESIAN_POINT('',(-0.95,-0.75,0.25));
#11076 = VECTOR('',#11077,1.);
#11077 = DIRECTION('',(0.,0.,1.));
#11078 = ORIENTED_EDGE('',*,*,#11079,.T.);
#11079 = EDGE_CURVE('',#11072,#10426,#11080,.T.);
#11080 = CIRCLE('',#11081,0.25);
#11081 = AXIS2_PLACEMENT_3D('',#11082,#11083,#11084);
#11082 = CARTESIAN_POINT('',(-0.7,-0.75,0.475));
#11083 = DIRECTION('',(-9.95799250103E-17,1.,0.));
#11084 = DIRECTION('',(-1.,-9.95799250103E-17,0.));
#11085 = PLANE('',#11086);
#11086 = AXIS2_PLACEMENT_3D('',#11087,#11088,#11089);
#11087 = CARTESIAN_POINT('',(-0.923137815574,-0.75,0.325594341393));
#11088 = DIRECTION('',(-9.95799250103E-17,1.,0.));
#11089 = DIRECTION('',(0.,0.,1.));
#11090 = ADVANCED_FACE('',(#11091),#11102,.F.);
#11091 = FACE_BOUND('',#11092,.F.);
#11092 = EDGE_LOOP('',(#11093,#11094,#11095,#11101));
#11093 = ORIENTED_EDGE('',*,*,#10369,.T.);
#11094 = ORIENTED_EDGE('',*,*,#11021,.T.);
#11095 = ORIENTED_EDGE('',*,*,#11096,.F.);
#11096 = EDGE_CURVE('',#10848,#11022,#11097,.T.);
#11097 = LINE('',#11098,#11099);
#11098 = CARTESIAN_POINT('',(-0.8,-1.15,0.25));
#11099 = VECTOR('',#11100,1.);
#11100 = DIRECTION('',(-9.95799250103E-17,1.,0.));
#11101 = ORIENTED_EDGE('',*,*,#10847,.F.);
#11102 = PLANE('',#11103);
#11103 = AXIS2_PLACEMENT_3D('',#11104,#11105,#11106);
#11104 = CARTESIAN_POINT('',(-0.8,-1.15,0.475));
#11105 = DIRECTION('',(-1.,-9.95799250103E-17,0.));
#11106 = DIRECTION('',(-0.,0.,-1.));
#11107 = ADVANCED_FACE('',(#11108),#11177,.F.);
#11108 = FACE_BOUND('',#11109,.F.);
#11109 = EDGE_LOOP('',(#11110,#11111,#11112,#11120,#11129,#11137,#11145,
    #11153,#11162,#11170));
#11110 = ORIENTED_EDGE('',*,*,#10434,.F.);
#11111 = ORIENTED_EDGE('',*,*,#10410,.T.);
#11112 = ORIENTED_EDGE('',*,*,#11113,.T.);
#11113 = EDGE_CURVE('',#10403,#11114,#11116,.T.);
#11114 = VERTEX_POINT('',#11115);
#11115 = CARTESIAN_POINT('',(-0.8,0.75,0.25));
#11116 = LINE('',#11117,#11118);
#11117 = CARTESIAN_POINT('',(-0.8,0.75,0.475));
#11118 = VECTOR('',#11119,1.);
#11119 = DIRECTION('',(-0.,0.,-1.));
#11120 = ORIENTED_EDGE('',*,*,#11121,.T.);
#11121 = EDGE_CURVE('',#11114,#11122,#11124,.T.);
#11122 = VERTEX_POINT('',#11123);
#11123 = CARTESIAN_POINT('',(-1.05,0.75,0.));
#11124 = CIRCLE('',#11125,0.25);
#11125 = AXIS2_PLACEMENT_3D('',#11126,#11127,#11128);
#11126 = CARTESIAN_POINT('',(-1.05,0.75,0.25));
#11127 = DIRECTION('',(-9.95799250103E-17,1.,0.));
#11128 = DIRECTION('',(1.,9.95799250103E-17,-4.440892098501E-16));
#11129 = ORIENTED_EDGE('',*,*,#11130,.T.);
#11130 = EDGE_CURVE('',#11122,#11131,#11133,.T.);
#11131 = VERTEX_POINT('',#11132);
#11132 = CARTESIAN_POINT('',(-1.25,0.75,0.));
#11133 = LINE('',#11134,#11135);
#11134 = CARTESIAN_POINT('',(-1.05,0.75,0.));
#11135 = VECTOR('',#11136,1.);
#11136 = DIRECTION('',(-1.,-9.95799250103E-17,0.));
#11137 = ORIENTED_EDGE('',*,*,#11138,.T.);
#11138 = EDGE_CURVE('',#11131,#11139,#11141,.T.);
#11139 = VERTEX_POINT('',#11140);
#11140 = CARTESIAN_POINT('',(-1.25,0.75,0.15));
#11141 = LINE('',#11142,#11143);
#11142 = CARTESIAN_POINT('',(-1.25,0.75,0.));
#11143 = VECTOR('',#11144,1.);
#11144 = DIRECTION('',(0.,0.,1.));
#11145 = ORIENTED_EDGE('',*,*,#11146,.T.);
#11146 = EDGE_CURVE('',#11139,#11147,#11149,.T.);
#11147 = VERTEX_POINT('',#11148);
#11148 = CARTESIAN_POINT('',(-1.05,0.75,0.15));
#11149 = LINE('',#11150,#11151);
#11150 = CARTESIAN_POINT('',(-1.25,0.75,0.15));
#11151 = VECTOR('',#11152,1.);
#11152 = DIRECTION('',(1.,9.95799250103E-17,0.));
#11153 = ORIENTED_EDGE('',*,*,#11154,.T.);
#11154 = EDGE_CURVE('',#11147,#11155,#11157,.T.);
#11155 = VERTEX_POINT('',#11156);
#11156 = CARTESIAN_POINT('',(-0.95,0.75,0.25));
#11157 = CIRCLE('',#11158,0.1);
#11158 = AXIS2_PLACEMENT_3D('',#11159,#11160,#11161);
#11159 = CARTESIAN_POINT('',(-1.05,0.75,0.25));
#11160 = DIRECTION('',(9.95799250103E-17,-1.,0.));
#11161 = DIRECTION('',(2.22044604925E-15,2.211118510737E-31,-1.));
#11162 = ORIENTED_EDGE('',*,*,#11163,.T.);
#11163 = EDGE_CURVE('',#11155,#11164,#11166,.T.);
#11164 = VERTEX_POINT('',#11165);
#11165 = CARTESIAN_POINT('',(-0.95,0.75,0.475));
#11166 = LINE('',#11167,#11168);
#11167 = CARTESIAN_POINT('',(-0.95,0.75,0.25));
#11168 = VECTOR('',#11169,1.);
#11169 = DIRECTION('',(0.,0.,1.));
#11170 = ORIENTED_EDGE('',*,*,#11171,.T.);
#11171 = EDGE_CURVE('',#11164,#10435,#11172,.T.);
#11172 = CIRCLE('',#11173,0.25);
#11173 = AXIS2_PLACEMENT_3D('',#11174,#11175,#11176);
#11174 = CARTESIAN_POINT('',(-0.7,0.75,0.475));
#11175 = DIRECTION('',(-9.95799250103E-17,1.,0.));
#11176 = DIRECTION('',(-1.,-9.95799250103E-17,0.));
#11177 = PLANE('',#11178);
#11178 = AXIS2_PLACEMENT_3D('',#11179,#11180,#11181);
#11179 = CARTESIAN_POINT('',(-0.923137815574,0.75,0.325594341393));
#11180 = DIRECTION('',(-9.95799250103E-17,1.,0.));
#11181 = DIRECTION('',(0.,0.,1.));
#11182 = ADVANCED_FACE('',(#11183),#11194,.F.);
#11183 = FACE_BOUND('',#11184,.F.);
#11184 = EDGE_LOOP('',(#11185,#11186,#11187,#11193));
#11185 = ORIENTED_EDGE('',*,*,#10402,.T.);
#11186 = ORIENTED_EDGE('',*,*,#10922,.T.);
#11187 = ORIENTED_EDGE('',*,*,#11188,.F.);
#11188 = EDGE_CURVE('',#11114,#10923,#11189,.T.);
#11189 = LINE('',#11190,#11191);
#11190 = CARTESIAN_POINT('',(-0.8,0.75,0.25));
#11191 = VECTOR('',#11192,1.);
#11192 = DIRECTION('',(-9.95799250103E-17,1.,0.));
#11193 = ORIENTED_EDGE('',*,*,#11113,.F.);
#11194 = PLANE('',#11195);
#11195 = AXIS2_PLACEMENT_3D('',#11196,#11197,#11198);
#11196 = CARTESIAN_POINT('',(-0.8,0.75,0.475));
#11197 = DIRECTION('',(-1.,-9.95799250103E-17,0.));
#11198 = DIRECTION('',(-0.,0.,-1.));
#11199 = ADVANCED_FACE('',(#11200),#11225,.F.);
#11200 = FACE_BOUND('',#11201,.F.);
#11201 = EDGE_LOOP('',(#11202,#11210,#11211,#11219));
#11202 = ORIENTED_EDGE('',*,*,#11203,.F.);
#11203 = EDGE_CURVE('',#10426,#11204,#11206,.T.);
#11204 = VERTEX_POINT('',#11205);
#11205 = CARTESIAN_POINT('',(-0.675,-0.75,0.725));
#11206 = LINE('',#11207,#11208);
#11207 = CARTESIAN_POINT('',(-0.7,-0.75,0.725));
#11208 = VECTOR('',#11209,1.);
#11209 = DIRECTION('',(1.,9.95799250103E-17,0.));
#11210 = ORIENTED_EDGE('',*,*,#10442,.T.);
#11211 = ORIENTED_EDGE('',*,*,#11212,.T.);
#11212 = EDGE_CURVE('',#10435,#11213,#11215,.T.);
#11213 = VERTEX_POINT('',#11214);
#11214 = CARTESIAN_POINT('',(-0.675,0.75,0.725));
#11215 = LINE('',#11216,#11217);
#11216 = CARTESIAN_POINT('',(-0.7,0.75,0.725));
#11217 = VECTOR('',#11218,1.);
#11218 = DIRECTION('',(1.,9.95799250103E-17,0.));
#11219 = ORIENTED_EDGE('',*,*,#11220,.F.);
#11220 = EDGE_CURVE('',#11204,#11213,#11221,.T.);
#11221 = LINE('',#11222,#11223);
#11222 = CARTESIAN_POINT('',(-0.675,-1.3925,0.725));
#11223 = VECTOR('',#11224,1.);
#11224 = DIRECTION('',(-2.22044604925E-16,1.,0.));
#11225 = B_SPLINE_SURFACE_WITH_KNOTS('',1,1,(
    (#11226,#11227)
    ,(#11228,#11229
    )),.UNSPECIFIED.,.F.,.F.,.F.,(2,2),(2,2),(0.,2.81),(0.,1.),
  .PIECEWISE_BEZIER_KNOTS.);
#11226 = CARTESIAN_POINT('',(-0.7,-1.405,0.725));
#11227 = CARTESIAN_POINT('',(-0.675,-1.3925,0.725));
#11228 = CARTESIAN_POINT('',(-0.7,1.405,0.725));
#11229 = CARTESIAN_POINT('',(-0.675,1.3925,0.725));
#11230 = ADVANCED_FACE('',(#11231),#11248,.F.);
#11231 = FACE_BOUND('',#11232,.F.);
#11232 = EDGE_LOOP('',(#11233,#11234,#11241,#11247));
#11233 = ORIENTED_EDGE('',*,*,#10464,.T.);
#11234 = ORIENTED_EDGE('',*,*,#11235,.T.);
#11235 = EDGE_CURVE('',#10458,#11236,#11238,.T.);
#11236 = VERTEX_POINT('',#11237);
#11237 = CARTESIAN_POINT('',(0.608243103516,1.359121551758,1.2));
#11238 = B_SPLINE_CURVE_WITH_KNOTS('',1,(#11239,#11240),.UNSPECIFIED.,
  .F.,.F.,(2,2),(0.,1.),.PIECEWISE_BEZIER_KNOTS.);
#11239 = CARTESIAN_POINT('',(0.675,1.3925,0.725));
#11240 = CARTESIAN_POINT('',(0.608243103516,1.359121551758,1.2));
#11241 = ORIENTED_EDGE('',*,*,#11242,.F.);
#11242 = EDGE_CURVE('',#10481,#11236,#11243,.T.);
#11243 = LINE('',#11244,#11245);
#11244 = CARTESIAN_POINT('',(0.559121551758,1.408243103516,1.2));
#11245 = VECTOR('',#11246,1.);
#11246 = DIRECTION('',(0.707106781187,-0.707106781187,0.));
#11247 = ORIENTED_EDGE('',*,*,#10480,.F.);
#11248 = B_SPLINE_SURFACE_WITH_KNOTS('',1,1,(
    (#11249,#11250)
    ,(#11251,#11252
    )),.UNSPECIFIED.,.F.,.F.,.F.,(2,2),(2,2),(0.,0.116672618896),(0.,1.)
  ,.PIECEWISE_BEZIER_KNOTS.);
#11249 = CARTESIAN_POINT('',(0.5925,1.475,0.725));
#11250 = CARTESIAN_POINT('',(0.559121551758,1.408243103516,1.2));
#11251 = CARTESIAN_POINT('',(0.675,1.3925,0.725));
#11252 = CARTESIAN_POINT('',(0.608243103516,1.359121551758,1.2));
#11253 = ADVANCED_FACE('',(#11254),#11304,.T.);
#11254 = FACE_BOUND('',#11255,.F.);
#11255 = EDGE_LOOP('',(#11256,#11257,#11258,#11266,#11274,#11282,#11290,
    #11298));
#11256 = ORIENTED_EDGE('',*,*,#10487,.T.);
#11257 = ORIENTED_EDGE('',*,*,#11242,.T.);
#11258 = ORIENTED_EDGE('',*,*,#11259,.T.);
#11259 = EDGE_CURVE('',#11236,#11260,#11262,.T.);
#11260 = VERTEX_POINT('',#11261);
#11261 = CARTESIAN_POINT('',(0.608243103516,-1.359121551758,1.2));
#11262 = LINE('',#11263,#11264);
#11263 = CARTESIAN_POINT('',(0.608243103516,1.359121551758,1.2));
#11264 = VECTOR('',#11265,1.);
#11265 = DIRECTION('',(2.22044604925E-16,-1.,0.));
#11266 = ORIENTED_EDGE('',*,*,#11267,.T.);
#11267 = EDGE_CURVE('',#11260,#11268,#11270,.T.);
#11268 = VERTEX_POINT('',#11269);
#11269 = CARTESIAN_POINT('',(0.559121551758,-1.408243103516,1.2));
#11270 = LINE('',#11271,#11272);
#11271 = CARTESIAN_POINT('',(0.608243103516,-1.359121551758,1.2));
#11272 = VECTOR('',#11273,1.);
#11273 = DIRECTION('',(-0.707106781187,-0.707106781187,0.));
#11274 = ORIENTED_EDGE('',*,*,#11275,.T.);
#11275 = EDGE_CURVE('',#11268,#11276,#11278,.T.);
#11276 = VERTEX_POINT('',#11277);
#11277 = CARTESIAN_POINT('',(-0.559121551758,-1.408243103516,1.2));
#11278 = LINE('',#11279,#11280);
#11279 = CARTESIAN_POINT('',(0.559121551758,-1.408243103516,1.2));
#11280 = VECTOR('',#11281,1.);
#11281 = DIRECTION('',(-1.,-2.22044604925E-16,0.));
#11282 = ORIENTED_EDGE('',*,*,#11283,.T.);
#11283 = EDGE_CURVE('',#11276,#11284,#11286,.T.);
#11284 = VERTEX_POINT('',#11285);
#11285 = CARTESIAN_POINT('',(-0.608243103516,-1.359121551758,1.2));
#11286 = LINE('',#11287,#11288);
#11287 = CARTESIAN_POINT('',(-0.559121551758,-1.408243103516,1.2));
#11288 = VECTOR('',#11289,1.);
#11289 = DIRECTION('',(-0.707106781187,0.707106781187,0.));
#11290 = ORIENTED_EDGE('',*,*,#11291,.T.);
#11291 = EDGE_CURVE('',#11284,#11292,#11294,.T.);
#11292 = VERTEX_POINT('',#11293);
#11293 = CARTESIAN_POINT('',(-0.608243103516,1.359121551758,1.2));
#11294 = LINE('',#11295,#11296);
#11295 = CARTESIAN_POINT('',(-0.608243103516,-1.359121551758,1.2));
#11296 = VECTOR('',#11297,1.);
#11297 = DIRECTION('',(-2.22044604925E-16,1.,0.));
#11298 = ORIENTED_EDGE('',*,*,#11299,.T.);
#11299 = EDGE_CURVE('',#11292,#10488,#11300,.T.);
#11300 = LINE('',#11301,#11302);
#11301 = CARTESIAN_POINT('',(-0.608243103516,1.359121551758,1.2));
#11302 = VECTOR('',#11303,1.);
#11303 = DIRECTION('',(0.707106781187,0.707106781187,0.));
#11304 = PLANE('',#11305);
#11305 = AXIS2_PLACEMENT_3D('',#11306,#11307,#11308);
#11306 = CARTESIAN_POINT('',(-0.559121551758,1.408243103516,1.2));
#11307 = DIRECTION('',(0.,0.,1.));
#11308 = DIRECTION('',(0.369013679242,-0.929423963825,0.));
#11309 = ADVANCED_FACE('',(#11310),#11320,.F.);
#11310 = FACE_BOUND('',#11311,.F.);
#11311 = EDGE_LOOP('',(#11312,#11313,#11314,#11315));
#11312 = ORIENTED_EDGE('',*,*,#10510,.T.);
#11313 = ORIENTED_EDGE('',*,*,#10495,.T.);
#11314 = ORIENTED_EDGE('',*,*,#11299,.F.);
#11315 = ORIENTED_EDGE('',*,*,#11316,.F.);
#11316 = EDGE_CURVE('',#10511,#11292,#11317,.T.);
#11317 = B_SPLINE_CURVE_WITH_KNOTS('',1,(#11318,#11319),.UNSPECIFIED.,
  .F.,.F.,(2,2),(0.,1.),.PIECEWISE_BEZIER_KNOTS.);
#11318 = CARTESIAN_POINT('',(-0.675,1.3925,0.725));
#11319 = CARTESIAN_POINT('',(-0.608243103516,1.359121551758,1.2));
#11320 = B_SPLINE_SURFACE_WITH_KNOTS('',1,1,(
    (#11321,#11322)
    ,(#11323,#11324
    )),.UNSPECIFIED.,.F.,.F.,.F.,(2,2),(2,2),(0.,0.116672618896),(0.,1.)
  ,.PIECEWISE_BEZIER_KNOTS.);
#11321 = CARTESIAN_POINT('',(-0.675,1.3925,0.725));
#11322 = CARTESIAN_POINT('',(-0.608243103516,1.359121551758,1.2));
#11323 = CARTESIAN_POINT('',(-0.5925,1.475,0.725));
#11324 = CARTESIAN_POINT('',(-0.559121551758,1.408243103516,1.2));
#11325 = ADVANCED_FACE('',(#11326),#11343,.F.);
#11326 = FACE_BOUND('',#11327,.F.);
#11327 = EDGE_LOOP('',(#11328,#11329,#11335,#11336,#11341,#11342));
#11328 = ORIENTED_EDGE('',*,*,#10541,.T.);
#11329 = ORIENTED_EDGE('',*,*,#11330,.T.);
#11330 = EDGE_CURVE('',#10534,#10706,#11331,.T.);
#11331 = LINE('',#11332,#11333);
#11332 = CARTESIAN_POINT('',(0.675,1.3925,0.725));
#11333 = VECTOR('',#11334,1.);
#11334 = DIRECTION('',(2.22044604925E-16,-1.,0.));
#11335 = ORIENTED_EDGE('',*,*,#10721,.T.);
#11336 = ORIENTED_EDGE('',*,*,#11337,.T.);
#11337 = EDGE_CURVE('',#10715,#11260,#11338,.T.);
#11338 = B_SPLINE_CURVE_WITH_KNOTS('',1,(#11339,#11340),.UNSPECIFIED.,
  .F.,.F.,(2,2),(0.,1.),.PIECEWISE_BEZIER_KNOTS.);
#11339 = CARTESIAN_POINT('',(0.675,-1.3925,0.725));
#11340 = CARTESIAN_POINT('',(0.608243103516,-1.359121551758,1.2));
#11341 = ORIENTED_EDGE('',*,*,#11259,.F.);
#11342 = ORIENTED_EDGE('',*,*,#11235,.F.);
#11343 = B_SPLINE_SURFACE_WITH_KNOTS('',1,1,(
    (#11344,#11345)
    ,(#11346,#11347
    )),.UNSPECIFIED.,.F.,.F.,.F.,(2,2),(2,2),(0.,2.785),(0.,1.),
  .PIECEWISE_BEZIER_KNOTS.);
#11344 = CARTESIAN_POINT('',(0.675,1.3925,0.725));
#11345 = CARTESIAN_POINT('',(0.608243103516,1.359121551758,1.2));
#11346 = CARTESIAN_POINT('',(0.675,-1.3925,0.725));
#11347 = CARTESIAN_POINT('',(0.608243103516,-1.359121551758,1.2));
#11348 = ADVANCED_FACE('',(#11349),#11360,.F.);
#11349 = FACE_BOUND('',#11350,.F.);
#11350 = EDGE_LOOP('',(#11351,#11352,#11358,#11359));
#11351 = ORIENTED_EDGE('',*,*,#10533,.F.);
#11352 = ORIENTED_EDGE('',*,*,#11353,.T.);
#11353 = EDGE_CURVE('',#10158,#10180,#11354,.T.);
#11354 = LINE('',#11355,#11356);
#11355 = CARTESIAN_POINT('',(0.7,0.2,0.725));
#11356 = VECTOR('',#11357,1.);
#11357 = DIRECTION('',(2.22044604925E-16,-1.,0.));
#11358 = ORIENTED_EDGE('',*,*,#10705,.T.);
#11359 = ORIENTED_EDGE('',*,*,#11330,.F.);
#11360 = PLANE('',#11361);
#11361 = AXIS2_PLACEMENT_3D('',#11362,#11363,#11364);
#11362 = CARTESIAN_POINT('',(0.7,0.2,0.725));
#11363 = DIRECTION('',(0.,0.,-1.));
#11364 = DIRECTION('',(-1.,-2.22044604925E-16,-0.));
#11365 = ADVANCED_FACE('',(#11366),#11377,.T.);
#11366 = FACE_BOUND('',#11367,.T.);
#11367 = EDGE_LOOP('',(#11368,#11369,#11370,#11371));
#11368 = ORIENTED_EDGE('',*,*,#10615,.T.);
#11369 = ORIENTED_EDGE('',*,*,#11353,.T.);
#11370 = ORIENTED_EDGE('',*,*,#10690,.F.);
#11371 = ORIENTED_EDGE('',*,*,#11372,.F.);
#11372 = EDGE_CURVE('',#10608,#10683,#11373,.T.);
#11373 = LINE('',#11374,#11375);
#11374 = CARTESIAN_POINT('',(0.95,0.2,0.475));
#11375 = VECTOR('',#11376,1.);
#11376 = DIRECTION('',(2.22044604925E-16,-1.,0.));
#11377 = CYLINDRICAL_SURFACE('',#11378,0.25);
#11378 = AXIS2_PLACEMENT_3D('',#11379,#11380,#11381);
#11379 = CARTESIAN_POINT('',(0.7,0.2,0.475));
#11380 = DIRECTION('',(-2.22044604925E-16,1.,-0.));
#11381 = DIRECTION('',(1.,2.22044604925E-16,0.));
#11382 = ADVANCED_FACE('',(#11383),#11394,.F.);
#11383 = FACE_BOUND('',#11384,.F.);
#11384 = EDGE_LOOP('',(#11385,#11391,#11392,#11393));
#11385 = ORIENTED_EDGE('',*,*,#11386,.T.);
#11386 = EDGE_CURVE('',#10599,#10674,#11387,.T.);
#11387 = LINE('',#11388,#11389);
#11388 = CARTESIAN_POINT('',(0.95,0.2,0.25));
#11389 = VECTOR('',#11390,1.);
#11390 = DIRECTION('',(2.22044604925E-16,-1.,0.));
#11391 = ORIENTED_EDGE('',*,*,#10682,.T.);
#11392 = ORIENTED_EDGE('',*,*,#11372,.F.);
#11393 = ORIENTED_EDGE('',*,*,#10607,.F.);
#11394 = PLANE('',#11395);
#11395 = AXIS2_PLACEMENT_3D('',#11396,#11397,#11398);
#11396 = CARTESIAN_POINT('',(0.95,0.2,0.25));
#11397 = DIRECTION('',(-1.,-2.22044604925E-16,0.));
#11398 = DIRECTION('',(0.,0.,1.));
#11399 = ADVANCED_FACE('',(#11400),#11411,.F.);
#11400 = FACE_BOUND('',#11401,.F.);
#11401 = EDGE_LOOP('',(#11402,#11408,#11409,#11410));
#11402 = ORIENTED_EDGE('',*,*,#11403,.T.);
#11403 = EDGE_CURVE('',#10591,#10666,#11404,.T.);
#11404 = LINE('',#11405,#11406);
#11405 = CARTESIAN_POINT('',(1.05,0.2,0.15));
#11406 = VECTOR('',#11407,1.);
#11407 = DIRECTION('',(2.22044604925E-16,-1.,0.));
#11408 = ORIENTED_EDGE('',*,*,#10673,.T.);
#11409 = ORIENTED_EDGE('',*,*,#11386,.F.);
#11410 = ORIENTED_EDGE('',*,*,#10598,.F.);
#11411 = CYLINDRICAL_SURFACE('',#11412,0.1);
#11412 = AXIS2_PLACEMENT_3D('',#11413,#11414,#11415);
#11413 = CARTESIAN_POINT('',(1.05,0.2,0.25));
#11414 = DIRECTION('',(-2.22044604925E-16,1.,0.));
#11415 = DIRECTION('',(-2.22044604925E-15,-4.93038065763E-31,-1.));
#11416 = ADVANCED_FACE('',(#11417),#11428,.F.);
#11417 = FACE_BOUND('',#11418,.F.);
#11418 = EDGE_LOOP('',(#11419,#11425,#11426,#11427));
#11419 = ORIENTED_EDGE('',*,*,#11420,.T.);
#11420 = EDGE_CURVE('',#10583,#10658,#11421,.T.);
#11421 = LINE('',#11422,#11423);
#11422 = CARTESIAN_POINT('',(1.25,0.2,0.15));
#11423 = VECTOR('',#11424,1.);
#11424 = DIRECTION('',(2.22044604925E-16,-1.,0.));
#11425 = ORIENTED_EDGE('',*,*,#10665,.T.);
#11426 = ORIENTED_EDGE('',*,*,#11403,.F.);
#11427 = ORIENTED_EDGE('',*,*,#10590,.F.);
#11428 = PLANE('',#11429);
#11429 = AXIS2_PLACEMENT_3D('',#11430,#11431,#11432);
#11430 = CARTESIAN_POINT('',(1.25,0.2,0.15));
#11431 = DIRECTION('',(0.,0.,-1.));
#11432 = DIRECTION('',(-1.,-2.22044604925E-16,-0.));
#11433 = ADVANCED_FACE('',(#11434),#11445,.F.);
#11434 = FACE_BOUND('',#11435,.F.);
#11435 = EDGE_LOOP('',(#11436,#11442,#11443,#11444));
#11436 = ORIENTED_EDGE('',*,*,#11437,.T.);
#11437 = EDGE_CURVE('',#10575,#10650,#11438,.T.);
#11438 = LINE('',#11439,#11440);
#11439 = CARTESIAN_POINT('',(1.25,0.2,0.));
#11440 = VECTOR('',#11441,1.);
#11441 = DIRECTION('',(2.22044604925E-16,-1.,0.));
#11442 = ORIENTED_EDGE('',*,*,#10657,.T.);
#11443 = ORIENTED_EDGE('',*,*,#11420,.F.);
#11444 = ORIENTED_EDGE('',*,*,#10582,.F.);
#11445 = PLANE('',#11446);
#11446 = AXIS2_PLACEMENT_3D('',#11447,#11448,#11449);
#11447 = CARTESIAN_POINT('',(1.25,0.2,0.));
#11448 = DIRECTION('',(-1.,-2.22044604925E-16,0.));
#11449 = DIRECTION('',(0.,0.,1.));
#11450 = ADVANCED_FACE('',(#11451),#11462,.F.);
#11451 = FACE_BOUND('',#11452,.F.);
#11452 = EDGE_LOOP('',(#11453,#11459,#11460,#11461));
#11453 = ORIENTED_EDGE('',*,*,#11454,.T.);
#11454 = EDGE_CURVE('',#10566,#10641,#11455,.T.);
#11455 = LINE('',#11456,#11457);
#11456 = CARTESIAN_POINT('',(1.05,0.2,0.));
#11457 = VECTOR('',#11458,1.);
#11458 = DIRECTION('',(2.22044604925E-16,-1.,0.));
#11459 = ORIENTED_EDGE('',*,*,#10649,.T.);
#11460 = ORIENTED_EDGE('',*,*,#11437,.F.);
#11461 = ORIENTED_EDGE('',*,*,#10574,.F.);
#11462 = PLANE('',#11463);
#11463 = AXIS2_PLACEMENT_3D('',#11464,#11465,#11466);
#11464 = CARTESIAN_POINT('',(1.05,0.2,0.));
#11465 = DIRECTION('',(0.,0.,1.));
#11466 = DIRECTION('',(1.,2.22044604925E-16,-0.));
#11467 = ADVANCED_FACE('',(#11468),#11474,.T.);
#11468 = FACE_BOUND('',#11469,.T.);
#11469 = EDGE_LOOP('',(#11470,#11471,#11472,#11473));
#11470 = ORIENTED_EDGE('',*,*,#10565,.T.);
#11471 = ORIENTED_EDGE('',*,*,#11454,.T.);
#11472 = ORIENTED_EDGE('',*,*,#10640,.F.);
#11473 = ORIENTED_EDGE('',*,*,#10737,.F.);
#11474 = CYLINDRICAL_SURFACE('',#11475,0.25);
#11475 = AXIS2_PLACEMENT_3D('',#11476,#11477,#11478);
#11476 = CARTESIAN_POINT('',(1.05,0.2,0.25));
#11477 = DIRECTION('',(-2.22044604925E-16,1.,-0.));
#11478 = DIRECTION('',(-1.,-2.22044604925E-16,-4.440892098501E-16));
#11479 = ADVANCED_FACE('',(#11480),#11490,.F.);
#11480 = FACE_BOUND('',#11481,.F.);
#11481 = EDGE_LOOP('',(#11482,#11483,#11488,#11489));
#11482 = ORIENTED_EDGE('',*,*,#10760,.T.);
#11483 = ORIENTED_EDGE('',*,*,#11484,.T.);
#11484 = EDGE_CURVE('',#10754,#11268,#11485,.T.);
#11485 = B_SPLINE_CURVE_WITH_KNOTS('',1,(#11486,#11487),.UNSPECIFIED.,
  .F.,.F.,(2,2),(0.,1.),.PIECEWISE_BEZIER_KNOTS.);
#11486 = CARTESIAN_POINT('',(0.5925,-1.475,0.725));
#11487 = CARTESIAN_POINT('',(0.559121551758,-1.408243103516,1.2));
#11488 = ORIENTED_EDGE('',*,*,#11267,.F.);
#11489 = ORIENTED_EDGE('',*,*,#11337,.F.);
#11490 = B_SPLINE_SURFACE_WITH_KNOTS('',1,1,(
    (#11491,#11492)
    ,(#11493,#11494
    )),.UNSPECIFIED.,.F.,.F.,.F.,(2,2),(2,2),(0.,0.116672618896),(0.,1.)
  ,.PIECEWISE_BEZIER_KNOTS.);
#11491 = CARTESIAN_POINT('',(0.675,-1.3925,0.725));
#11492 = CARTESIAN_POINT('',(0.608243103516,-1.359121551758,1.2));
#11493 = CARTESIAN_POINT('',(0.5925,-1.475,0.725));
#11494 = CARTESIAN_POINT('',(0.559121551758,-1.408243103516,1.2));
#11495 = ADVANCED_FACE('',(#11496),#11506,.F.);
#11496 = FACE_BOUND('',#11497,.F.);
#11497 = EDGE_LOOP('',(#11498,#11499,#11504,#11505));
#11498 = ORIENTED_EDGE('',*,*,#10783,.T.);
#11499 = ORIENTED_EDGE('',*,*,#11500,.T.);
#11500 = EDGE_CURVE('',#10777,#11276,#11501,.T.);
#11501 = B_SPLINE_CURVE_WITH_KNOTS('',1,(#11502,#11503),.UNSPECIFIED.,
  .F.,.F.,(2,2),(0.,1.),.PIECEWISE_BEZIER_KNOTS.);
#11502 = CARTESIAN_POINT('',(-0.5925,-1.475,0.725));
#11503 = CARTESIAN_POINT('',(-0.559121551758,-1.408243103516,1.2));
#11504 = ORIENTED_EDGE('',*,*,#11275,.F.);
#11505 = ORIENTED_EDGE('',*,*,#11484,.F.);
#11506 = B_SPLINE_SURFACE_WITH_KNOTS('',1,1,(
    (#11507,#11508)
    ,(#11509,#11510
    )),.UNSPECIFIED.,.F.,.F.,.F.,(2,2),(2,2),(0.,1.185),(0.,1.),
  .PIECEWISE_BEZIER_KNOTS.);
#11507 = CARTESIAN_POINT('',(0.5925,-1.475,0.725));
#11508 = CARTESIAN_POINT('',(0.559121551758,-1.408243103516,1.2));
#11509 = CARTESIAN_POINT('',(-0.5925,-1.475,0.725));
#11510 = CARTESIAN_POINT('',(-0.559121551758,-1.408243103516,1.2));
#11511 = ADVANCED_FACE('',(#11512),#11522,.F.);
#11512 = FACE_BOUND('',#11513,.F.);
#11513 = EDGE_LOOP('',(#11514,#11515,#11520,#11521));
#11514 = ORIENTED_EDGE('',*,*,#10806,.T.);
#11515 = ORIENTED_EDGE('',*,*,#11516,.T.);
#11516 = EDGE_CURVE('',#10800,#11284,#11517,.T.);
#11517 = B_SPLINE_CURVE_WITH_KNOTS('',1,(#11518,#11519),.UNSPECIFIED.,
  .F.,.F.,(2,2),(0.,1.),.PIECEWISE_BEZIER_KNOTS.);
#11518 = CARTESIAN_POINT('',(-0.675,-1.3925,0.725));
#11519 = CARTESIAN_POINT('',(-0.608243103516,-1.359121551758,1.2));
#11520 = ORIENTED_EDGE('',*,*,#11283,.F.);
#11521 = ORIENTED_EDGE('',*,*,#11500,.F.);
#11522 = B_SPLINE_SURFACE_WITH_KNOTS('',1,1,(
    (#11523,#11524)
    ,(#11525,#11526
    )),.UNSPECIFIED.,.F.,.F.,.F.,(2,2),(2,2),(0.,0.116672618896),(0.,1.)
  ,.PIECEWISE_BEZIER_KNOTS.);
#11523 = CARTESIAN_POINT('',(-0.5925,-1.475,0.725));
#11524 = CARTESIAN_POINT('',(-0.559121551758,-1.408243103516,1.2));
#11525 = CARTESIAN_POINT('',(-0.675,-1.3925,0.725));
#11526 = CARTESIAN_POINT('',(-0.608243103516,-1.359121551758,1.2));
#11527 = ADVANCED_FACE('',(#11528),#11548,.F.);
#11528 = FACE_BOUND('',#11529,.F.);
#11529 = EDGE_LOOP('',(#11530,#11531,#11537,#11538,#11544,#11545,#11546,
    #11547));
#11530 = ORIENTED_EDGE('',*,*,#10831,.T.);
#11531 = ORIENTED_EDGE('',*,*,#11532,.T.);
#11532 = EDGE_CURVE('',#10824,#11204,#11533,.T.);
#11533 = LINE('',#11534,#11535);
#11534 = CARTESIAN_POINT('',(-0.675,-1.3925,0.725));
#11535 = VECTOR('',#11536,1.);
#11536 = DIRECTION('',(-2.22044604925E-16,1.,0.));
#11537 = ORIENTED_EDGE('',*,*,#11220,.T.);
#11538 = ORIENTED_EDGE('',*,*,#11539,.T.);
#11539 = EDGE_CURVE('',#11213,#10996,#11540,.T.);
#11540 = LINE('',#11541,#11542);
#11541 = CARTESIAN_POINT('',(-0.675,-1.3925,0.725));
#11542 = VECTOR('',#11543,1.);
#11543 = DIRECTION('',(-2.22044604925E-16,1.,0.));
#11544 = ORIENTED_EDGE('',*,*,#11005,.T.);
#11545 = ORIENTED_EDGE('',*,*,#11316,.T.);
#11546 = ORIENTED_EDGE('',*,*,#11291,.F.);
#11547 = ORIENTED_EDGE('',*,*,#11516,.F.);
#11548 = B_SPLINE_SURFACE_WITH_KNOTS('',1,1,(
    (#11549,#11550)
    ,(#11551,#11552
    )),.UNSPECIFIED.,.F.,.F.,.F.,(2,2),(2,2),(0.,2.785),(0.,1.),
  .PIECEWISE_BEZIER_KNOTS.);
#11549 = CARTESIAN_POINT('',(-0.675,-1.3925,0.725));
#11550 = CARTESIAN_POINT('',(-0.608243103516,-1.359121551758,1.2));
#11551 = CARTESIAN_POINT('',(-0.675,1.3925,0.725));
#11552 = CARTESIAN_POINT('',(-0.608243103516,1.359121551758,1.2));
#11553 = ADVANCED_FACE('',(#11554),#11565,.F.);
#11554 = FACE_BOUND('',#11555,.F.);
#11555 = EDGE_LOOP('',(#11556,#11557,#11563,#11564));
#11556 = ORIENTED_EDGE('',*,*,#10823,.F.);
#11557 = ORIENTED_EDGE('',*,*,#11558,.T.);
#11558 = EDGE_CURVE('',#10314,#10426,#11559,.T.);
#11559 = LINE('',#11560,#11561);
#11560 = CARTESIAN_POINT('',(-0.7,-1.15,0.725));
#11561 = VECTOR('',#11562,1.);
#11562 = DIRECTION('',(-9.95799250103E-17,1.,0.));
#11563 = ORIENTED_EDGE('',*,*,#11203,.T.);
#11564 = ORIENTED_EDGE('',*,*,#11532,.F.);
#11565 = PLANE('',#11566);
#11566 = AXIS2_PLACEMENT_3D('',#11567,#11568,#11569);
#11567 = CARTESIAN_POINT('',(-0.7,-1.15,0.725));
#11568 = DIRECTION('',(-0.,0.,-1.));
#11569 = DIRECTION('',(1.,9.95799250103E-17,0.));
#11570 = ADVANCED_FACE('',(#11571),#11582,.T.);
#11571 = FACE_BOUND('',#11572,.T.);
#11572 = EDGE_LOOP('',(#11573,#11574,#11575,#11576));
#11573 = ORIENTED_EDGE('',*,*,#10905,.T.);
#11574 = ORIENTED_EDGE('',*,*,#11558,.T.);
#11575 = ORIENTED_EDGE('',*,*,#11079,.F.);
#11576 = ORIENTED_EDGE('',*,*,#11577,.F.);
#11577 = EDGE_CURVE('',#10898,#11072,#11578,.T.);
#11578 = LINE('',#11579,#11580);
#11579 = CARTESIAN_POINT('',(-0.95,-1.15,0.475));
#11580 = VECTOR('',#11581,1.);
#11581 = DIRECTION('',(-9.95799250103E-17,1.,0.));
#11582 = CYLINDRICAL_SURFACE('',#11583,0.25);
#11583 = AXIS2_PLACEMENT_3D('',#11584,#11585,#11586);
#11584 = CARTESIAN_POINT('',(-0.7,-1.15,0.475));
#11585 = DIRECTION('',(9.95799250103E-17,-1.,-0.));
#11586 = DIRECTION('',(-1.,-9.95799250103E-17,0.));
#11587 = ADVANCED_FACE('',(#11588),#11599,.F.);
#11588 = FACE_BOUND('',#11589,.F.);
#11589 = EDGE_LOOP('',(#11590,#11596,#11597,#11598));
#11590 = ORIENTED_EDGE('',*,*,#11591,.T.);
#11591 = EDGE_CURVE('',#10889,#11063,#11592,.T.);
#11592 = LINE('',#11593,#11594);
#11593 = CARTESIAN_POINT('',(-0.95,-1.15,0.25));
#11594 = VECTOR('',#11595,1.);
#11595 = DIRECTION('',(-9.95799250103E-17,1.,0.));
#11596 = ORIENTED_EDGE('',*,*,#11071,.T.);
#11597 = ORIENTED_EDGE('',*,*,#11577,.F.);
#11598 = ORIENTED_EDGE('',*,*,#10897,.F.);
#11599 = PLANE('',#11600);
#11600 = AXIS2_PLACEMENT_3D('',#11601,#11602,#11603);
#11601 = CARTESIAN_POINT('',(-0.95,-1.15,0.25));
#11602 = DIRECTION('',(1.,9.95799250103E-17,0.));
#11603 = DIRECTION('',(0.,-0.,1.));
#11604 = ADVANCED_FACE('',(#11605),#11616,.F.);
#11605 = FACE_BOUND('',#11606,.F.);
#11606 = EDGE_LOOP('',(#11607,#11613,#11614,#11615));
#11607 = ORIENTED_EDGE('',*,*,#11608,.T.);
#11608 = EDGE_CURVE('',#10881,#11055,#11609,.T.);
#11609 = LINE('',#11610,#11611);
#11610 = CARTESIAN_POINT('',(-1.05,-1.15,0.15));
#11611 = VECTOR('',#11612,1.);
#11612 = DIRECTION('',(-9.95799250103E-17,1.,0.));
#11613 = ORIENTED_EDGE('',*,*,#11062,.T.);
#11614 = ORIENTED_EDGE('',*,*,#11591,.F.);
#11615 = ORIENTED_EDGE('',*,*,#10888,.F.);
#11616 = CYLINDRICAL_SURFACE('',#11617,0.1);
#11617 = AXIS2_PLACEMENT_3D('',#11618,#11619,#11620);
#11618 = CARTESIAN_POINT('',(-1.05,-1.15,0.25));
#11619 = DIRECTION('',(9.95799250103E-17,-1.,0.));
#11620 = DIRECTION('',(2.22044604925E-15,2.211118510737E-31,-1.));
#11621 = ADVANCED_FACE('',(#11622),#11633,.F.);
#11622 = FACE_BOUND('',#11623,.F.);
#11623 = EDGE_LOOP('',(#11624,#11630,#11631,#11632));
#11624 = ORIENTED_EDGE('',*,*,#11625,.T.);
#11625 = EDGE_CURVE('',#10873,#11047,#11626,.T.);
#11626 = LINE('',#11627,#11628);
#11627 = CARTESIAN_POINT('',(-1.25,-1.15,0.15));
#11628 = VECTOR('',#11629,1.);
#11629 = DIRECTION('',(-9.95799250103E-17,1.,0.));
#11630 = ORIENTED_EDGE('',*,*,#11054,.T.);
#11631 = ORIENTED_EDGE('',*,*,#11608,.F.);
#11632 = ORIENTED_EDGE('',*,*,#10880,.F.);
#11633 = PLANE('',#11634);
#11634 = AXIS2_PLACEMENT_3D('',#11635,#11636,#11637);
#11635 = CARTESIAN_POINT('',(-1.25,-1.15,0.15));
#11636 = DIRECTION('',(-0.,0.,-1.));
#11637 = DIRECTION('',(1.,9.95799250103E-17,0.));
#11638 = ADVANCED_FACE('',(#11639),#11650,.F.);
#11639 = FACE_BOUND('',#11640,.F.);
#11640 = EDGE_LOOP('',(#11641,#11647,#11648,#11649));
#11641 = ORIENTED_EDGE('',*,*,#11642,.T.);
#11642 = EDGE_CURVE('',#10865,#11039,#11643,.T.);
#11643 = LINE('',#11644,#11645);
#11644 = CARTESIAN_POINT('',(-1.25,-1.15,0.));
#11645 = VECTOR('',#11646,1.);
#11646 = DIRECTION('',(-9.95799250103E-17,1.,0.));
#11647 = ORIENTED_EDGE('',*,*,#11046,.T.);
#11648 = ORIENTED_EDGE('',*,*,#11625,.F.);
#11649 = ORIENTED_EDGE('',*,*,#10872,.F.);
#11650 = PLANE('',#11651);
#11651 = AXIS2_PLACEMENT_3D('',#11652,#11653,#11654);
#11652 = CARTESIAN_POINT('',(-1.25,-1.15,0.));
#11653 = DIRECTION('',(1.,9.95799250103E-17,0.));
#11654 = DIRECTION('',(0.,-0.,1.));
#11655 = ADVANCED_FACE('',(#11656),#11667,.F.);
#11656 = FACE_BOUND('',#11657,.F.);
#11657 = EDGE_LOOP('',(#11658,#11664,#11665,#11666));
#11658 = ORIENTED_EDGE('',*,*,#11659,.T.);
#11659 = EDGE_CURVE('',#10856,#11030,#11660,.T.);
#11660 = LINE('',#11661,#11662);
#11661 = CARTESIAN_POINT('',(-1.05,-1.15,0.));
#11662 = VECTOR('',#11663,1.);
#11663 = DIRECTION('',(-9.95799250103E-17,1.,0.));
#11664 = ORIENTED_EDGE('',*,*,#11038,.T.);
#11665 = ORIENTED_EDGE('',*,*,#11642,.F.);
#11666 = ORIENTED_EDGE('',*,*,#10864,.F.);
#11667 = PLANE('',#11668);
#11668 = AXIS2_PLACEMENT_3D('',#11669,#11670,#11671);
#11669 = CARTESIAN_POINT('',(-1.05,-1.15,0.));
#11670 = DIRECTION('',(0.,0.,1.));
#11671 = DIRECTION('',(-1.,-9.95799250103E-17,0.));
#11672 = ADVANCED_FACE('',(#11673),#11679,.T.);
#11673 = FACE_BOUND('',#11674,.T.);
#11674 = EDGE_LOOP('',(#11675,#11676,#11677,#11678));
#11675 = ORIENTED_EDGE('',*,*,#10855,.T.);
#11676 = ORIENTED_EDGE('',*,*,#11659,.T.);
#11677 = ORIENTED_EDGE('',*,*,#11029,.F.);
#11678 = ORIENTED_EDGE('',*,*,#11096,.F.);
#11679 = CYLINDRICAL_SURFACE('',#11680,0.25);
#11680 = AXIS2_PLACEMENT_3D('',#11681,#11682,#11683);
#11681 = CARTESIAN_POINT('',(-1.05,-1.15,0.25));
#11682 = DIRECTION('',(9.95799250103E-17,-1.,-0.));
#11683 = DIRECTION('',(1.,9.95799250103E-17,-4.440892098501E-16));
#11684 = ADVANCED_FACE('',(#11685),#11701,.T.);
#11685 = FACE_BOUND('',#11686,.T.);
#11686 = EDGE_LOOP('',(#11687,#11688,#11694,#11695));
#11687 = ORIENTED_EDGE('',*,*,#11171,.T.);
#11688 = ORIENTED_EDGE('',*,*,#11689,.T.);
#11689 = EDGE_CURVE('',#10435,#10336,#11690,.T.);
#11690 = LINE('',#11691,#11692);
#11691 = CARTESIAN_POINT('',(-0.7,0.75,0.725));
#11692 = VECTOR('',#11693,1.);
#11693 = DIRECTION('',(-9.95799250103E-17,1.,0.));
#11694 = ORIENTED_EDGE('',*,*,#10980,.F.);
#11695 = ORIENTED_EDGE('',*,*,#11696,.F.);
#11696 = EDGE_CURVE('',#11164,#10973,#11697,.T.);
#11697 = LINE('',#11698,#11699);
#11698 = CARTESIAN_POINT('',(-0.95,0.75,0.475));
#11699 = VECTOR('',#11700,1.);
#11700 = DIRECTION('',(-9.95799250103E-17,1.,0.));
#11701 = CYLINDRICAL_SURFACE('',#11702,0.25);
#11702 = AXIS2_PLACEMENT_3D('',#11703,#11704,#11705);
#11703 = CARTESIAN_POINT('',(-0.7,0.75,0.475));
#11704 = DIRECTION('',(9.95799250103E-17,-1.,-0.));
#11705 = DIRECTION('',(-1.,-9.95799250103E-17,0.));
#11706 = ADVANCED_FACE('',(#11707),#11718,.F.);
#11707 = FACE_BOUND('',#11708,.F.);
#11708 = EDGE_LOOP('',(#11709,#11715,#11716,#11717));
#11709 = ORIENTED_EDGE('',*,*,#11710,.T.);
#11710 = EDGE_CURVE('',#11155,#10964,#11711,.T.);
#11711 = LINE('',#11712,#11713);
#11712 = CARTESIAN_POINT('',(-0.95,0.75,0.25));
#11713 = VECTOR('',#11714,1.);
#11714 = DIRECTION('',(-9.95799250103E-17,1.,0.));
#11715 = ORIENTED_EDGE('',*,*,#10972,.T.);
#11716 = ORIENTED_EDGE('',*,*,#11696,.F.);
#11717 = ORIENTED_EDGE('',*,*,#11163,.F.);
#11718 = PLANE('',#11719);
#11719 = AXIS2_PLACEMENT_3D('',#11720,#11721,#11722);
#11720 = CARTESIAN_POINT('',(-0.95,0.75,0.25));
#11721 = DIRECTION('',(1.,9.95799250103E-17,0.));
#11722 = DIRECTION('',(0.,-0.,1.));
#11723 = ADVANCED_FACE('',(#11724),#11735,.F.);
#11724 = FACE_BOUND('',#11725,.F.);
#11725 = EDGE_LOOP('',(#11726,#11732,#11733,#11734));
#11726 = ORIENTED_EDGE('',*,*,#11727,.T.);
#11727 = EDGE_CURVE('',#11147,#10956,#11728,.T.);
#11728 = LINE('',#11729,#11730);
#11729 = CARTESIAN_POINT('',(-1.05,0.75,0.15));
#11730 = VECTOR('',#11731,1.);
#11731 = DIRECTION('',(-9.95799250103E-17,1.,0.));
#11732 = ORIENTED_EDGE('',*,*,#10963,.T.);
#11733 = ORIENTED_EDGE('',*,*,#11710,.F.);
#11734 = ORIENTED_EDGE('',*,*,#11154,.F.);
#11735 = CYLINDRICAL_SURFACE('',#11736,0.1);
#11736 = AXIS2_PLACEMENT_3D('',#11737,#11738,#11739);
#11737 = CARTESIAN_POINT('',(-1.05,0.75,0.25));
#11738 = DIRECTION('',(9.95799250103E-17,-1.,0.));
#11739 = DIRECTION('',(2.22044604925E-15,2.211118510737E-31,-1.));
#11740 = ADVANCED_FACE('',(#11741),#11752,.F.);
#11741 = FACE_BOUND('',#11742,.F.);
#11742 = EDGE_LOOP('',(#11743,#11749,#11750,#11751));
#11743 = ORIENTED_EDGE('',*,*,#11744,.T.);
#11744 = EDGE_CURVE('',#11139,#10948,#11745,.T.);
#11745 = LINE('',#11746,#11747);
#11746 = CARTESIAN_POINT('',(-1.25,0.75,0.15));
#11747 = VECTOR('',#11748,1.);
#11748 = DIRECTION('',(-9.95799250103E-17,1.,0.));
#11749 = ORIENTED_EDGE('',*,*,#10955,.T.);
#11750 = ORIENTED_EDGE('',*,*,#11727,.F.);
#11751 = ORIENTED_EDGE('',*,*,#11146,.F.);
#11752 = PLANE('',#11753);
#11753 = AXIS2_PLACEMENT_3D('',#11754,#11755,#11756);
#11754 = CARTESIAN_POINT('',(-1.25,0.75,0.15));
#11755 = DIRECTION('',(-0.,0.,-1.));
#11756 = DIRECTION('',(1.,9.95799250103E-17,0.));
#11757 = ADVANCED_FACE('',(#11758),#11769,.F.);
#11758 = FACE_BOUND('',#11759,.F.);
#11759 = EDGE_LOOP('',(#11760,#11766,#11767,#11768));
#11760 = ORIENTED_EDGE('',*,*,#11761,.T.);
#11761 = EDGE_CURVE('',#11131,#10940,#11762,.T.);
#11762 = LINE('',#11763,#11764);
#11763 = CARTESIAN_POINT('',(-1.25,0.75,0.));
#11764 = VECTOR('',#11765,1.);
#11765 = DIRECTION('',(-9.95799250103E-17,1.,0.));
#11766 = ORIENTED_EDGE('',*,*,#10947,.T.);
#11767 = ORIENTED_EDGE('',*,*,#11744,.F.);
#11768 = ORIENTED_EDGE('',*,*,#11138,.F.);
#11769 = PLANE('',#11770);
#11770 = AXIS2_PLACEMENT_3D('',#11771,#11772,#11773);
#11771 = CARTESIAN_POINT('',(-1.25,0.75,0.));
#11772 = DIRECTION('',(1.,9.95799250103E-17,0.));
#11773 = DIRECTION('',(0.,-0.,1.));
#11774 = ADVANCED_FACE('',(#11775),#11786,.F.);
#11775 = FACE_BOUND('',#11776,.F.);
#11776 = EDGE_LOOP('',(#11777,#11783,#11784,#11785));
#11777 = ORIENTED_EDGE('',*,*,#11778,.T.);
#11778 = EDGE_CURVE('',#11122,#10931,#11779,.T.);
#11779 = LINE('',#11780,#11781);
#11780 = CARTESIAN_POINT('',(-1.05,0.75,0.));
#11781 = VECTOR('',#11782,1.);
#11782 = DIRECTION('',(-9.95799250103E-17,1.,0.));
#11783 = ORIENTED_EDGE('',*,*,#10939,.T.);
#11784 = ORIENTED_EDGE('',*,*,#11761,.F.);
#11785 = ORIENTED_EDGE('',*,*,#11130,.F.);
#11786 = PLANE('',#11787);
#11787 = AXIS2_PLACEMENT_3D('',#11788,#11789,#11790);
#11788 = CARTESIAN_POINT('',(-1.05,0.75,0.));
#11789 = DIRECTION('',(0.,0.,1.));
#11790 = DIRECTION('',(-1.,-9.95799250103E-17,0.));
#11791 = ADVANCED_FACE('',(#11792),#11798,.T.);
#11792 = FACE_BOUND('',#11793,.T.);
#11793 = EDGE_LOOP('',(#11794,#11795,#11796,#11797));
#11794 = ORIENTED_EDGE('',*,*,#11121,.T.);
#11795 = ORIENTED_EDGE('',*,*,#11778,.T.);
#11796 = ORIENTED_EDGE('',*,*,#10930,.F.);
#11797 = ORIENTED_EDGE('',*,*,#11188,.F.);
#11798 = CYLINDRICAL_SURFACE('',#11799,0.25);
#11799 = AXIS2_PLACEMENT_3D('',#11800,#11801,#11802);
#11800 = CARTESIAN_POINT('',(-1.05,0.75,0.25));
#11801 = DIRECTION('',(9.95799250103E-17,-1.,-0.));
#11802 = DIRECTION('',(1.,9.95799250103E-17,-4.440892098501E-16));
#11803 = ADVANCED_FACE('',(#11804),#11810,.F.);
#11804 = FACE_BOUND('',#11805,.F.);
#11805 = EDGE_LOOP('',(#11806,#11807,#11808,#11809));
#11806 = ORIENTED_EDGE('',*,*,#11212,.F.);
#11807 = ORIENTED_EDGE('',*,*,#11689,.T.);
#11808 = ORIENTED_EDGE('',*,*,#10995,.T.);
#11809 = ORIENTED_EDGE('',*,*,#11539,.F.);
#11810 = PLANE('',#11811);
#11811 = AXIS2_PLACEMENT_3D('',#11812,#11813,#11814);
#11812 = CARTESIAN_POINT('',(-0.7,0.75,0.725));
#11813 = DIRECTION('',(-0.,0.,-1.));
#11814 = DIRECTION('',(1.,9.95799250103E-17,0.));
#11815 = ( GEOMETRIC_REPRESENTATION_CONTEXT(3) 
GLOBAL_UNCERTAINTY_ASSIGNED_CONTEXT((#11819)) 
GLOBAL_UNIT_ASSIGNED_CONTEXT((#11816,#11817,#11818)) 
REPRESENTATION_CONTEXT('Context #1',
  '3D Context with UNIT and UNCERTAINTY') );
#11816 = ( LENGTH_UNIT() NAMED_UNIT(*) SI_UNIT(.MILLI.,.METRE.) );
#11817 = ( NAMED_UNIT(*) PLANE_ANGLE_UNIT() SI_UNIT($,.RADIAN.) );
#11818 = ( NAMED_UNIT(*) SI_UNIT($,.STERADIAN.) SOLID_ANGLE_UNIT() );
#11819 = UNCERTAINTY_MEASURE_WITH_UNIT(LENGTH_MEASURE(2.E-06),#11816,
  'distance_accuracy_value','confusion accuracy');
#11820 = CONTEXT_DEPENDENT_SHAPE_REPRESENTATION(#11821,#11823);
#11821 = ( REPRESENTATION_RELATIONSHIP('','',#9740,#9717) 
REPRESENTATION_RELATIONSHIP_WITH_TRANSFORMATION(#11822) 
SHAPE_REPRESENTATION_RELATIONSHIP() );
#11822 = ITEM_DEFINED_TRANSFORMATION('','',#11,#9718);
#11823 = PRODUCT_DEFINITION_SHAPE('Placement','Placement of an item',
  #11824);
#11824 = NEXT_ASSEMBLY_USAGE_OCCURRENCE('14','=>[0:1:1:11]','',#9712,
  #9735,$);
#11825 = PRODUCT_RELATED_PRODUCT_CATEGORY('part',$,(#9737));
#11826 = SHAPE_DEFINITION_REPRESENTATION(#11827,#11833);
#11827 = PRODUCT_DEFINITION_SHAPE('','',#11828);
#11828 = PRODUCT_DEFINITION('design','',#11829,#11832);
#11829 = PRODUCT_DEFINITION_FORMATION('','',#11830);
#11830 = PRODUCT('R_0805_2012Metric','R_0805_2012Metric','',(#11831));
#11831 = PRODUCT_CONTEXT('',#2,'mechanical');
#11832 = PRODUCT_DEFINITION_CONTEXT('part definition',#2,'design');
#11833 = SHAPE_REPRESENTATION('',(#11,#11834),#11838);
#11834 = AXIS2_PLACEMENT_3D('',#11835,#11836,#11837);
#11835 = CARTESIAN_POINT('',(0.,0.,0.));
#11836 = DIRECTION('',(0.,0.,1.));
#11837 = DIRECTION('',(1.,0.,-0.));
#11838 = ( GEOMETRIC_REPRESENTATION_CONTEXT(3) 
GLOBAL_UNCERTAINTY_ASSIGNED_CONTEXT((#11842)) 
GLOBAL_UNIT_ASSIGNED_CONTEXT((#11839,#11840,#11841)) 
REPRESENTATION_CONTEXT('Context #1',
  '3D Context with UNIT and UNCERTAINTY') );
#11839 = ( LENGTH_UNIT() NAMED_UNIT(*) SI_UNIT(.MILLI.,.METRE.) );
#11840 = ( NAMED_UNIT(*) PLANE_ANGLE_UNIT() SI_UNIT($,.RADIAN.) );
#11841 = ( NAMED_UNIT(*) SI_UNIT($,.STERADIAN.) SOLID_ANGLE_UNIT() );
#11842 = UNCERTAINTY_MEASURE_WITH_UNIT(LENGTH_MEASURE(1.E-07),#11839,
  'distance_accuracy_value','confusion accuracy');
#11843 = CONTEXT_DEPENDENT_SHAPE_REPRESENTATION(#11844,#11846);
#11844 = ( REPRESENTATION_RELATIONSHIP('','',#11833,#10) 
REPRESENTATION_RELATIONSHIP_WITH_TRANSFORMATION(#11845) 
SHAPE_REPRESENTATION_RELATIONSHIP() );
#11845 = ITEM_DEFINED_TRANSFORMATION('','',#11,#55);
#11846 = PRODUCT_DEFINITION_SHAPE('Placement','Placement of an item',
  #11847);
#11847 = NEXT_ASSEMBLY_USAGE_OCCURRENCE('17','C3','',#5,#11828,$);
#11848 = PRODUCT_RELATED_PRODUCT_CATEGORY('part',$,(#11830));
#11849 = SHAPE_DEFINITION_REPRESENTATION(#11850,#11856);
#11850 = PRODUCT_DEFINITION_SHAPE('','',#11851);
#11851 = PRODUCT_DEFINITION('design','',#11852,#11855);
#11852 = PRODUCT_DEFINITION_FORMATION('','',#11853);
#11853 = PRODUCT('R_0805_2012Metric','R_0805_2012Metric','',(#11854));
#11854 = PRODUCT_CONTEXT('',#2,'mechanical');
#11855 = PRODUCT_DEFINITION_CONTEXT('part definition',#2,'design');
#11856 = ADVANCED_BREP_SHAPE_REPRESENTATION('',(#11,#11857),#12647);
#11857 = MANIFOLD_SOLID_BREP('',#11858);
#11858 = CLOSED_SHELL('',(#11859,#11899,#11982,#12007,#12032,#12099,
    #12116,#12133,#12182,#12199,#12216,#12265,#12282,#12351,#12382,
    #12406,#12475,#12499,#12516,#12533,#12550,#12567,#12584,#12601,
    #12618,#12635));
#11859 = ADVANCED_FACE('',(#11860),#11894,.F.);
#11860 = FACE_BOUND('',#11861,.F.);
#11861 = EDGE_LOOP('',(#11862,#11872,#11880,#11888));
#11862 = ORIENTED_EDGE('',*,*,#11863,.F.);
#11863 = EDGE_CURVE('',#11864,#11866,#11868,.T.);
#11864 = VERTEX_POINT('',#11865);
#11865 = CARTESIAN_POINT('',(-1.,-0.6,4.5E-02));
#11866 = VERTEX_POINT('',#11867);
#11867 = CARTESIAN_POINT('',(-1.,-0.6,0.405));
#11868 = LINE('',#11869,#11870);
#11869 = CARTESIAN_POINT('',(-1.,-0.6,0.));
#11870 = VECTOR('',#11871,1.);
#11871 = DIRECTION('',(0.,0.,1.));
#11872 = ORIENTED_EDGE('',*,*,#11873,.T.);
#11873 = EDGE_CURVE('',#11864,#11874,#11876,.T.);
#11874 = VERTEX_POINT('',#11875);
#11875 = CARTESIAN_POINT('',(-1.,0.6,4.5E-02));
#11876 = LINE('',#11877,#11878);
#11877 = CARTESIAN_POINT('',(-1.,-0.6,4.5E-02));
#11878 = VECTOR('',#11879,1.);
#11879 = DIRECTION('',(0.,1.,0.));
#11880 = ORIENTED_EDGE('',*,*,#11881,.T.);
#11881 = EDGE_CURVE('',#11874,#11882,#11884,.T.);
#11882 = VERTEX_POINT('',#11883);
#11883 = CARTESIAN_POINT('',(-1.,0.6,0.405));
#11884 = LINE('',#11885,#11886);
#11885 = CARTESIAN_POINT('',(-1.,0.6,0.));
#11886 = VECTOR('',#11887,1.);
#11887 = DIRECTION('',(0.,0.,1.));
#11888 = ORIENTED_EDGE('',*,*,#11889,.F.);
#11889 = EDGE_CURVE('',#11866,#11882,#11890,.T.);
#11890 = LINE('',#11891,#11892);
#11891 = CARTESIAN_POINT('',(-1.,-0.6,0.405));
#11892 = VECTOR('',#11893,1.);
#11893 = DIRECTION('',(0.,1.,0.));
#11894 = PLANE('',#11895);
#11895 = AXIS2_PLACEMENT_3D('',#11896,#11897,#11898);
#11896 = CARTESIAN_POINT('',(-1.,-0.6,0.));
#11897 = DIRECTION('',(1.,0.,0.));
#11898 = DIRECTION('',(0.,0.,1.));
#11899 = ADVANCED_FACE('',(#11900),#11977,.F.);
#11900 = FACE_BOUND('',#11901,.F.);
#11901 = EDGE_LOOP('',(#11902,#11912,#11919,#11920,#11929,#11937,#11946,
    #11954,#11962,#11970));
#11902 = ORIENTED_EDGE('',*,*,#11903,.F.);
#11903 = EDGE_CURVE('',#11904,#11906,#11908,.T.);
#11904 = VERTEX_POINT('',#11905);
#11905 = CARTESIAN_POINT('',(-0.955,-0.6,-2.775557561563E-17));
#11906 = VERTEX_POINT('',#11907);
#11907 = CARTESIAN_POINT('',(-0.745,-0.6,-2.775557561563E-17));
#11908 = LINE('',#11909,#11910);
#11909 = CARTESIAN_POINT('',(-1.,-0.6,0.));
#11910 = VECTOR('',#11911,1.);
#11911 = DIRECTION('',(1.,0.,0.));
#11912 = ORIENTED_EDGE('',*,*,#11913,.F.);
#11913 = EDGE_CURVE('',#11864,#11904,#11914,.T.);
#11914 = CIRCLE('',#11915,4.5E-02);
#11915 = AXIS2_PLACEMENT_3D('',#11916,#11917,#11918);
#11916 = CARTESIAN_POINT('',(-0.955,-0.6,4.5E-02));
#11917 = DIRECTION('',(0.,-1.,0.));
#11918 = DIRECTION('',(0.,0.,1.));
#11919 = ORIENTED_EDGE('',*,*,#11863,.T.);
#11920 = ORIENTED_EDGE('',*,*,#11921,.T.);
#11921 = EDGE_CURVE('',#11866,#11922,#11924,.T.);
#11922 = VERTEX_POINT('',#11923);
#11923 = CARTESIAN_POINT('',(-0.955,-0.6,0.45));
#11924 = CIRCLE('',#11925,4.5E-02);
#11925 = AXIS2_PLACEMENT_3D('',#11926,#11927,#11928);
#11926 = CARTESIAN_POINT('',(-0.955,-0.6,0.405));
#11927 = DIRECTION('',(0.,1.,0.));
#11928 = DIRECTION('',(0.,-0.,1.));
#11929 = ORIENTED_EDGE('',*,*,#11930,.T.);
#11930 = EDGE_CURVE('',#11922,#11931,#11933,.T.);
#11931 = VERTEX_POINT('',#11932);
#11932 = CARTESIAN_POINT('',(-0.745,-0.6,0.45));
#11933 = LINE('',#11934,#11935);
#11934 = CARTESIAN_POINT('',(-1.,-0.6,0.45));
#11935 = VECTOR('',#11936,1.);
#11936 = DIRECTION('',(1.,0.,0.));
#11937 = ORIENTED_EDGE('',*,*,#11938,.F.);
#11938 = EDGE_CURVE('',#11939,#11931,#11941,.T.);
#11939 = VERTEX_POINT('',#11940);
#11940 = CARTESIAN_POINT('',(-0.7,-0.6,0.405));
#11941 = CIRCLE('',#11942,4.5E-02);
#11942 = AXIS2_PLACEMENT_3D('',#11943,#11944,#11945);
#11943 = CARTESIAN_POINT('',(-0.745,-0.6,0.405));
#11944 = DIRECTION('',(0.,-1.,0.));
#11945 = DIRECTION('',(0.,0.,1.));
#11946 = ORIENTED_EDGE('',*,*,#11947,.F.);
#11947 = EDGE_CURVE('',#11948,#11939,#11950,.T.);
#11948 = VERTEX_POINT('',#11949);
#11949 = CARTESIAN_POINT('',(-0.955,-0.6,0.405));
#11950 = LINE('',#11951,#11952);
#11951 = CARTESIAN_POINT('',(-0.955,-0.6,0.405));
#11952 = VECTOR('',#11953,1.);
#11953 = DIRECTION('',(1.,0.,0.));
#11954 = ORIENTED_EDGE('',*,*,#11955,.F.);
#11955 = EDGE_CURVE('',#11956,#11948,#11958,.T.);
#11956 = VERTEX_POINT('',#11957);
#11957 = CARTESIAN_POINT('',(-0.955,-0.6,4.5E-02));
#11958 = LINE('',#11959,#11960);
#11959 = CARTESIAN_POINT('',(-0.955,-0.6,4.5E-02));
#11960 = VECTOR('',#11961,1.);
#11961 = DIRECTION('',(0.,0.,1.));
#11962 = ORIENTED_EDGE('',*,*,#11963,.T.);
#11963 = EDGE_CURVE('',#11956,#11964,#11966,.T.);
#11964 = VERTEX_POINT('',#11965);
#11965 = CARTESIAN_POINT('',(-0.7,-0.6,4.5E-02));
#11966 = LINE('',#11967,#11968);
#11967 = CARTESIAN_POINT('',(-0.955,-0.6,4.5E-02));
#11968 = VECTOR('',#11969,1.);
#11969 = DIRECTION('',(1.,0.,0.));
#11970 = ORIENTED_EDGE('',*,*,#11971,.T.);
#11971 = EDGE_CURVE('',#11964,#11906,#11972,.T.);
#11972 = CIRCLE('',#11973,4.5E-02);
#11973 = AXIS2_PLACEMENT_3D('',#11974,#11975,#11976);
#11974 = CARTESIAN_POINT('',(-0.745,-0.6,4.5E-02));
#11975 = DIRECTION('',(0.,1.,0.));
#11976 = DIRECTION('',(0.,-0.,1.));
#11977 = PLANE('',#11978);
#11978 = AXIS2_PLACEMENT_3D('',#11979,#11980,#11981);
#11979 = CARTESIAN_POINT('',(-1.,-0.6,0.));
#11980 = DIRECTION('',(0.,1.,0.));
#11981 = DIRECTION('',(0.,-0.,1.));
#11982 = ADVANCED_FACE('',(#11983),#12002,.T.);
#11983 = FACE_BOUND('',#11984,.T.);
#11984 = EDGE_LOOP('',(#11985,#11986,#11995,#12001));
#11985 = ORIENTED_EDGE('',*,*,#11873,.T.);
#11986 = ORIENTED_EDGE('',*,*,#11987,.T.);
#11987 = EDGE_CURVE('',#11874,#11988,#11990,.T.);
#11988 = VERTEX_POINT('',#11989);
#11989 = CARTESIAN_POINT('',(-0.955,0.6,-2.775557561563E-17));
#11990 = CIRCLE('',#11991,4.5E-02);
#11991 = AXIS2_PLACEMENT_3D('',#11992,#11993,#11994);
#11992 = CARTESIAN_POINT('',(-0.955,0.6,4.5E-02));
#11993 = DIRECTION('',(0.,-1.,0.));
#11994 = DIRECTION('',(0.,0.,1.));
#11995 = ORIENTED_EDGE('',*,*,#11996,.F.);
#11996 = EDGE_CURVE('',#11904,#11988,#11997,.T.);
#11997 = LINE('',#11998,#11999);
#11998 = CARTESIAN_POINT('',(-0.955,-0.6,-2.775557561563E-17));
#11999 = VECTOR('',#12000,1.);
#12000 = DIRECTION('',(0.,1.,0.));
#12001 = ORIENTED_EDGE('',*,*,#11913,.F.);
#12002 = CYLINDRICAL_SURFACE('',#12003,4.5E-02);
#12003 = AXIS2_PLACEMENT_3D('',#12004,#12005,#12006);
#12004 = CARTESIAN_POINT('',(-0.955,-0.6,4.5E-02));
#12005 = DIRECTION('',(0.,1.,0.));
#12006 = DIRECTION('',(-1.,0.,0.));
#12007 = ADVANCED_FACE('',(#12008),#12027,.T.);
#12008 = FACE_BOUND('',#12009,.T.);
#12009 = EDGE_LOOP('',(#12010,#12011,#12019,#12026));
#12010 = ORIENTED_EDGE('',*,*,#11921,.T.);
#12011 = ORIENTED_EDGE('',*,*,#12012,.T.);
#12012 = EDGE_CURVE('',#11922,#12013,#12015,.T.);
#12013 = VERTEX_POINT('',#12014);
#12014 = CARTESIAN_POINT('',(-0.955,0.6,0.45));
#12015 = LINE('',#12016,#12017);
#12016 = CARTESIAN_POINT('',(-0.955,-0.6,0.45));
#12017 = VECTOR('',#12018,1.);
#12018 = DIRECTION('',(0.,1.,0.));
#12019 = ORIENTED_EDGE('',*,*,#12020,.F.);
#12020 = EDGE_CURVE('',#11882,#12013,#12021,.T.);
#12021 = CIRCLE('',#12022,4.5E-02);
#12022 = AXIS2_PLACEMENT_3D('',#12023,#12024,#12025);
#12023 = CARTESIAN_POINT('',(-0.955,0.6,0.405));
#12024 = DIRECTION('',(0.,1.,0.));
#12025 = DIRECTION('',(0.,-0.,1.));
#12026 = ORIENTED_EDGE('',*,*,#11889,.F.);
#12027 = CYLINDRICAL_SURFACE('',#12028,4.5E-02);
#12028 = AXIS2_PLACEMENT_3D('',#12029,#12030,#12031);
#12029 = CARTESIAN_POINT('',(-0.955,-0.6,0.405));
#12030 = DIRECTION('',(0.,1.,0.));
#12031 = DIRECTION('',(-1.,0.,0.));
#12032 = ADVANCED_FACE('',(#12033),#12094,.T.);
#12033 = FACE_BOUND('',#12034,.T.);
#12034 = EDGE_LOOP('',(#12035,#12043,#12044,#12045,#12046,#12054,#12063,
    #12071,#12079,#12087));
#12035 = ORIENTED_EDGE('',*,*,#12036,.F.);
#12036 = EDGE_CURVE('',#11988,#12037,#12039,.T.);
#12037 = VERTEX_POINT('',#12038);
#12038 = CARTESIAN_POINT('',(-0.745,0.6,-2.775557561563E-17));
#12039 = LINE('',#12040,#12041);
#12040 = CARTESIAN_POINT('',(-1.,0.6,0.));
#12041 = VECTOR('',#12042,1.);
#12042 = DIRECTION('',(1.,0.,0.));
#12043 = ORIENTED_EDGE('',*,*,#11987,.F.);
#12044 = ORIENTED_EDGE('',*,*,#11881,.T.);
#12045 = ORIENTED_EDGE('',*,*,#12020,.T.);
#12046 = ORIENTED_EDGE('',*,*,#12047,.T.);
#12047 = EDGE_CURVE('',#12013,#12048,#12050,.T.);
#12048 = VERTEX_POINT('',#12049);
#12049 = CARTESIAN_POINT('',(-0.745,0.6,0.45));
#12050 = LINE('',#12051,#12052);
#12051 = CARTESIAN_POINT('',(-1.,0.6,0.45));
#12052 = VECTOR('',#12053,1.);
#12053 = DIRECTION('',(1.,0.,0.));
#12054 = ORIENTED_EDGE('',*,*,#12055,.F.);
#12055 = EDGE_CURVE('',#12056,#12048,#12058,.T.);
#12056 = VERTEX_POINT('',#12057);
#12057 = CARTESIAN_POINT('',(-0.7,0.6,0.405));
#12058 = CIRCLE('',#12059,4.5E-02);
#12059 = AXIS2_PLACEMENT_3D('',#12060,#12061,#12062);
#12060 = CARTESIAN_POINT('',(-0.745,0.6,0.405));
#12061 = DIRECTION('',(0.,-1.,0.));
#12062 = DIRECTION('',(0.,0.,1.));
#12063 = ORIENTED_EDGE('',*,*,#12064,.F.);
#12064 = EDGE_CURVE('',#12065,#12056,#12067,.T.);
#12065 = VERTEX_POINT('',#12066);
#12066 = CARTESIAN_POINT('',(-0.955,0.6,0.405));
#12067 = LINE('',#12068,#12069);
#12068 = CARTESIAN_POINT('',(-0.955,0.6,0.405));
#12069 = VECTOR('',#12070,1.);
#12070 = DIRECTION('',(1.,0.,0.));
#12071 = ORIENTED_EDGE('',*,*,#12072,.F.);
#12072 = EDGE_CURVE('',#12073,#12065,#12075,.T.);
#12073 = VERTEX_POINT('',#12074);
#12074 = CARTESIAN_POINT('',(-0.955,0.6,4.5E-02));
#12075 = LINE('',#12076,#12077);
#12076 = CARTESIAN_POINT('',(-0.955,0.6,4.5E-02));
#12077 = VECTOR('',#12078,1.);
#12078 = DIRECTION('',(0.,0.,1.));
#12079 = ORIENTED_EDGE('',*,*,#12080,.T.);
#12080 = EDGE_CURVE('',#12073,#12081,#12083,.T.);
#12081 = VERTEX_POINT('',#12082);
#12082 = CARTESIAN_POINT('',(-0.7,0.6,4.5E-02));
#12083 = LINE('',#12084,#12085);
#12084 = CARTESIAN_POINT('',(-0.955,0.6,4.5E-02));
#12085 = VECTOR('',#12086,1.);
#12086 = DIRECTION('',(1.,0.,0.));
#12087 = ORIENTED_EDGE('',*,*,#12088,.T.);
#12088 = EDGE_CURVE('',#12081,#12037,#12089,.T.);
#12089 = CIRCLE('',#12090,4.5E-02);
#12090 = AXIS2_PLACEMENT_3D('',#12091,#12092,#12093);
#12091 = CARTESIAN_POINT('',(-0.745,0.6,4.5E-02));
#12092 = DIRECTION('',(0.,1.,0.));
#12093 = DIRECTION('',(0.,-0.,1.));
#12094 = PLANE('',#12095);
#12095 = AXIS2_PLACEMENT_3D('',#12096,#12097,#12098);
#12096 = CARTESIAN_POINT('',(-1.,0.6,0.));
#12097 = DIRECTION('',(0.,1.,0.));
#12098 = DIRECTION('',(0.,-0.,1.));
#12099 = ADVANCED_FACE('',(#12100),#12111,.F.);
#12100 = FACE_BOUND('',#12101,.F.);
#12101 = EDGE_LOOP('',(#12102,#12103,#12104,#12105));
#12102 = ORIENTED_EDGE('',*,*,#12036,.F.);
#12103 = ORIENTED_EDGE('',*,*,#11996,.F.);
#12104 = ORIENTED_EDGE('',*,*,#11903,.T.);
#12105 = ORIENTED_EDGE('',*,*,#12106,.T.);
#12106 = EDGE_CURVE('',#11906,#12037,#12107,.T.);
#12107 = LINE('',#12108,#12109);
#12108 = CARTESIAN_POINT('',(-0.745,-0.6,-2.775557561563E-17));
#12109 = VECTOR('',#12110,1.);
#12110 = DIRECTION('',(0.,1.,0.));
#12111 = PLANE('',#12112);
#12112 = AXIS2_PLACEMENT_3D('',#12113,#12114,#12115);
#12113 = CARTESIAN_POINT('',(-1.,-0.6,0.));
#12114 = DIRECTION('',(0.,0.,1.));
#12115 = DIRECTION('',(1.,0.,-0.));
#12116 = ADVANCED_FACE('',(#12117),#12128,.T.);
#12117 = FACE_BOUND('',#12118,.T.);
#12118 = EDGE_LOOP('',(#12119,#12120,#12121,#12122));
#12119 = ORIENTED_EDGE('',*,*,#11971,.T.);
#12120 = ORIENTED_EDGE('',*,*,#12106,.T.);
#12121 = ORIENTED_EDGE('',*,*,#12088,.F.);
#12122 = ORIENTED_EDGE('',*,*,#12123,.F.);
#12123 = EDGE_CURVE('',#11964,#12081,#12124,.T.);
#12124 = LINE('',#12125,#12126);
#12125 = CARTESIAN_POINT('',(-0.7,-0.6,4.5E-02));
#12126 = VECTOR('',#12127,1.);
#12127 = DIRECTION('',(0.,1.,0.));
#12128 = CYLINDRICAL_SURFACE('',#12129,4.5E-02);
#12129 = AXIS2_PLACEMENT_3D('',#12130,#12131,#12132);
#12130 = CARTESIAN_POINT('',(-0.745,-0.6,4.5E-02));
#12131 = DIRECTION('',(0.,1.,0.));
#12132 = DIRECTION('',(1.,0.,0.));
#12133 = ADVANCED_FACE('',(#12134),#12177,.F.);
#12134 = FACE_BOUND('',#12135,.F.);
#12135 = EDGE_LOOP('',(#12136,#12137,#12138,#12139,#12147,#12155,#12163,
    #12171));
#12136 = ORIENTED_EDGE('',*,*,#11963,.F.);
#12137 = ORIENTED_EDGE('',*,*,#11955,.T.);
#12138 = ORIENTED_EDGE('',*,*,#11947,.T.);
#12139 = ORIENTED_EDGE('',*,*,#12140,.T.);
#12140 = EDGE_CURVE('',#11939,#12141,#12143,.T.);
#12141 = VERTEX_POINT('',#12142);
#12142 = CARTESIAN_POINT('',(0.7,-0.6,0.405));
#12143 = LINE('',#12144,#12145);
#12144 = CARTESIAN_POINT('',(-0.7,-0.6,0.405));
#12145 = VECTOR('',#12146,1.);
#12146 = DIRECTION('',(1.,0.,0.));
#12147 = ORIENTED_EDGE('',*,*,#12148,.T.);
#12148 = EDGE_CURVE('',#12141,#12149,#12151,.T.);
#12149 = VERTEX_POINT('',#12150);
#12150 = CARTESIAN_POINT('',(0.955,-0.6,0.405));
#12151 = LINE('',#12152,#12153);
#12152 = CARTESIAN_POINT('',(-0.955,-0.6,0.405));
#12153 = VECTOR('',#12154,1.);
#12154 = DIRECTION('',(1.,0.,0.));
#12155 = ORIENTED_EDGE('',*,*,#12156,.F.);
#12156 = EDGE_CURVE('',#12157,#12149,#12159,.T.);
#12157 = VERTEX_POINT('',#12158);
#12158 = CARTESIAN_POINT('',(0.955,-0.6,4.5E-02));
#12159 = LINE('',#12160,#12161);
#12160 = CARTESIAN_POINT('',(0.955,-0.6,4.5E-02));
#12161 = VECTOR('',#12162,1.);
#12162 = DIRECTION('',(0.,0.,1.));
#12163 = ORIENTED_EDGE('',*,*,#12164,.F.);
#12164 = EDGE_CURVE('',#12165,#12157,#12167,.T.);
#12165 = VERTEX_POINT('',#12166);
#12166 = CARTESIAN_POINT('',(0.7,-0.6,4.5E-02));
#12167 = LINE('',#12168,#12169);
#12168 = CARTESIAN_POINT('',(-0.955,-0.6,4.5E-02));
#12169 = VECTOR('',#12170,1.);
#12170 = DIRECTION('',(1.,0.,0.));
#12171 = ORIENTED_EDGE('',*,*,#12172,.F.);
#12172 = EDGE_CURVE('',#11964,#12165,#12173,.T.);
#12173 = LINE('',#12174,#12175);
#12174 = CARTESIAN_POINT('',(-0.955,-0.6,4.5E-02));
#12175 = VECTOR('',#12176,1.);
#12176 = DIRECTION('',(1.,0.,0.));
#12177 = PLANE('',#12178);
#12178 = AXIS2_PLACEMENT_3D('',#12179,#12180,#12181);
#12179 = CARTESIAN_POINT('',(-0.955,-0.6,4.5E-02));
#12180 = DIRECTION('',(0.,1.,0.));
#12181 = DIRECTION('',(0.,-0.,1.));
#12182 = ADVANCED_FACE('',(#12183),#12194,.T.);
#12183 = FACE_BOUND('',#12184,.T.);
#12184 = EDGE_LOOP('',(#12185,#12186,#12187,#12188));
#12185 = ORIENTED_EDGE('',*,*,#12047,.F.);
#12186 = ORIENTED_EDGE('',*,*,#12012,.F.);
#12187 = ORIENTED_EDGE('',*,*,#11930,.T.);
#12188 = ORIENTED_EDGE('',*,*,#12189,.T.);
#12189 = EDGE_CURVE('',#11931,#12048,#12190,.T.);
#12190 = LINE('',#12191,#12192);
#12191 = CARTESIAN_POINT('',(-0.745,-0.6,0.45));
#12192 = VECTOR('',#12193,1.);
#12193 = DIRECTION('',(0.,1.,0.));
#12194 = PLANE('',#12195);
#12195 = AXIS2_PLACEMENT_3D('',#12196,#12197,#12198);
#12196 = CARTESIAN_POINT('',(-1.,-0.6,0.45));
#12197 = DIRECTION('',(0.,0.,1.));
#12198 = DIRECTION('',(1.,0.,-0.));
#12199 = ADVANCED_FACE('',(#12200),#12211,.T.);
#12200 = FACE_BOUND('',#12201,.T.);
#12201 = EDGE_LOOP('',(#12202,#12208,#12209,#12210));
#12202 = ORIENTED_EDGE('',*,*,#12203,.T.);
#12203 = EDGE_CURVE('',#11939,#12056,#12204,.T.);
#12204 = LINE('',#12205,#12206);
#12205 = CARTESIAN_POINT('',(-0.7,-0.6,0.405));
#12206 = VECTOR('',#12207,1.);
#12207 = DIRECTION('',(0.,1.,0.));
#12208 = ORIENTED_EDGE('',*,*,#12055,.T.);
#12209 = ORIENTED_EDGE('',*,*,#12189,.F.);
#12210 = ORIENTED_EDGE('',*,*,#11938,.F.);
#12211 = CYLINDRICAL_SURFACE('',#12212,4.5E-02);
#12212 = AXIS2_PLACEMENT_3D('',#12213,#12214,#12215);
#12213 = CARTESIAN_POINT('',(-0.745,-0.6,0.405));
#12214 = DIRECTION('',(0.,1.,0.));
#12215 = DIRECTION('',(1.,0.,0.));
#12216 = ADVANCED_FACE('',(#12217),#12260,.T.);
#12217 = FACE_BOUND('',#12218,.T.);
#12218 = EDGE_LOOP('',(#12219,#12220,#12221,#12222,#12230,#12238,#12246,
    #12254));
#12219 = ORIENTED_EDGE('',*,*,#12080,.F.);
#12220 = ORIENTED_EDGE('',*,*,#12072,.T.);
#12221 = ORIENTED_EDGE('',*,*,#12064,.T.);
#12222 = ORIENTED_EDGE('',*,*,#12223,.T.);
#12223 = EDGE_CURVE('',#12056,#12224,#12226,.T.);
#12224 = VERTEX_POINT('',#12225);
#12225 = CARTESIAN_POINT('',(0.7,0.6,0.405));
#12226 = LINE('',#12227,#12228);
#12227 = CARTESIAN_POINT('',(-0.7,0.6,0.405));
#12228 = VECTOR('',#12229,1.);
#12229 = DIRECTION('',(1.,0.,0.));
#12230 = ORIENTED_EDGE('',*,*,#12231,.T.);
#12231 = EDGE_CURVE('',#12224,#12232,#12234,.T.);
#12232 = VERTEX_POINT('',#12233);
#12233 = CARTESIAN_POINT('',(0.955,0.6,0.405));
#12234 = LINE('',#12235,#12236);
#12235 = CARTESIAN_POINT('',(-0.955,0.6,0.405));
#12236 = VECTOR('',#12237,1.);
#12237 = DIRECTION('',(1.,0.,0.));
#12238 = ORIENTED_EDGE('',*,*,#12239,.F.);
#12239 = EDGE_CURVE('',#12240,#12232,#12242,.T.);
#12240 = VERTEX_POINT('',#12241);
#12241 = CARTESIAN_POINT('',(0.955,0.6,4.5E-02));
#12242 = LINE('',#12243,#12244);
#12243 = CARTESIAN_POINT('',(0.955,0.6,4.5E-02));
#12244 = VECTOR('',#12245,1.);
#12245 = DIRECTION('',(0.,0.,1.));
#12246 = ORIENTED_EDGE('',*,*,#12247,.F.);
#12247 = EDGE_CURVE('',#12248,#12240,#12250,.T.);
#12248 = VERTEX_POINT('',#12249);
#12249 = CARTESIAN_POINT('',(0.7,0.6,4.5E-02));
#12250 = LINE('',#12251,#12252);
#12251 = CARTESIAN_POINT('',(-0.955,0.6,4.5E-02));
#12252 = VECTOR('',#12253,1.);
#12253 = DIRECTION('',(1.,0.,0.));
#12254 = ORIENTED_EDGE('',*,*,#12255,.F.);
#12255 = EDGE_CURVE('',#12081,#12248,#12256,.T.);
#12256 = LINE('',#12257,#12258);
#12257 = CARTESIAN_POINT('',(-0.955,0.6,4.5E-02));
#12258 = VECTOR('',#12259,1.);
#12259 = DIRECTION('',(1.,0.,0.));
#12260 = PLANE('',#12261);
#12261 = AXIS2_PLACEMENT_3D('',#12262,#12263,#12264);
#12262 = CARTESIAN_POINT('',(-0.955,0.6,4.5E-02));
#12263 = DIRECTION('',(0.,1.,0.));
#12264 = DIRECTION('',(0.,-0.,1.));
#12265 = ADVANCED_FACE('',(#12266),#12277,.F.);
#12266 = FACE_BOUND('',#12267,.F.);
#12267 = EDGE_LOOP('',(#12268,#12269,#12270,#12276));
#12268 = ORIENTED_EDGE('',*,*,#12123,.F.);
#12269 = ORIENTED_EDGE('',*,*,#12172,.T.);
#12270 = ORIENTED_EDGE('',*,*,#12271,.T.);
#12271 = EDGE_CURVE('',#12165,#12248,#12272,.T.);
#12272 = LINE('',#12273,#12274);
#12273 = CARTESIAN_POINT('',(0.7,-0.6,4.5E-02));
#12274 = VECTOR('',#12275,1.);
#12275 = DIRECTION('',(0.,1.,0.));
#12276 = ORIENTED_EDGE('',*,*,#12255,.F.);
#12277 = PLANE('',#12278);
#12278 = AXIS2_PLACEMENT_3D('',#12279,#12280,#12281);
#12279 = CARTESIAN_POINT('',(-0.955,-0.6,4.5E-02));
#12280 = DIRECTION('',(0.,0.,1.));
#12281 = DIRECTION('',(1.,0.,-0.));
#12282 = ADVANCED_FACE('',(#12283),#12346,.F.);
#12283 = FACE_BOUND('',#12284,.F.);
#12284 = EDGE_LOOP('',(#12285,#12295,#12302,#12303,#12304,#12305,#12314,
    #12322,#12331,#12339));
#12285 = ORIENTED_EDGE('',*,*,#12286,.F.);
#12286 = EDGE_CURVE('',#12287,#12289,#12291,.T.);
#12287 = VERTEX_POINT('',#12288);
#12288 = CARTESIAN_POINT('',(0.745,-0.6,-2.775557561563E-17));
#12289 = VERTEX_POINT('',#12290);
#12290 = CARTESIAN_POINT('',(0.955,-0.6,-2.775557561563E-17));
#12291 = LINE('',#12292,#12293);
#12292 = CARTESIAN_POINT('',(0.7,-0.6,0.));
#12293 = VECTOR('',#12294,1.);
#12294 = DIRECTION('',(1.,0.,0.));
#12295 = ORIENTED_EDGE('',*,*,#12296,.F.);
#12296 = EDGE_CURVE('',#12165,#12287,#12297,.T.);
#12297 = CIRCLE('',#12298,4.5E-02);
#12298 = AXIS2_PLACEMENT_3D('',#12299,#12300,#12301);
#12299 = CARTESIAN_POINT('',(0.745,-0.6,4.5E-02));
#12300 = DIRECTION('',(0.,-1.,0.));
#12301 = DIRECTION('',(0.,0.,1.));
#12302 = ORIENTED_EDGE('',*,*,#12164,.T.);
#12303 = ORIENTED_EDGE('',*,*,#12156,.T.);
#12304 = ORIENTED_EDGE('',*,*,#12148,.F.);
#12305 = ORIENTED_EDGE('',*,*,#12306,.T.);
#12306 = EDGE_CURVE('',#12141,#12307,#12309,.T.);
#12307 = VERTEX_POINT('',#12308);
#12308 = CARTESIAN_POINT('',(0.745,-0.6,0.45));
#12309 = CIRCLE('',#12310,4.5E-02);
#12310 = AXIS2_PLACEMENT_3D('',#12311,#12312,#12313);
#12311 = CARTESIAN_POINT('',(0.745,-0.6,0.405));
#12312 = DIRECTION('',(0.,1.,0.));
#12313 = DIRECTION('',(0.,-0.,1.));
#12314 = ORIENTED_EDGE('',*,*,#12315,.T.);
#12315 = EDGE_CURVE('',#12307,#12316,#12318,.T.);
#12316 = VERTEX_POINT('',#12317);
#12317 = CARTESIAN_POINT('',(0.955,-0.6,0.45));
#12318 = LINE('',#12319,#12320);
#12319 = CARTESIAN_POINT('',(0.7,-0.6,0.45));
#12320 = VECTOR('',#12321,1.);
#12321 = DIRECTION('',(1.,0.,0.));
#12322 = ORIENTED_EDGE('',*,*,#12323,.F.);
#12323 = EDGE_CURVE('',#12324,#12316,#12326,.T.);
#12324 = VERTEX_POINT('',#12325);
#12325 = CARTESIAN_POINT('',(1.,-0.6,0.405));
#12326 = CIRCLE('',#12327,4.5E-02);
#12327 = AXIS2_PLACEMENT_3D('',#12328,#12329,#12330);
#12328 = CARTESIAN_POINT('',(0.955,-0.6,0.405));
#12329 = DIRECTION('',(0.,-1.,0.));
#12330 = DIRECTION('',(0.,0.,1.));
#12331 = ORIENTED_EDGE('',*,*,#12332,.F.);
#12332 = EDGE_CURVE('',#12333,#12324,#12335,.T.);
#12333 = VERTEX_POINT('',#12334);
#12334 = CARTESIAN_POINT('',(1.,-0.6,4.5E-02));
#12335 = LINE('',#12336,#12337);
#12336 = CARTESIAN_POINT('',(1.,-0.6,0.));
#12337 = VECTOR('',#12338,1.);
#12338 = DIRECTION('',(0.,0.,1.));
#12339 = ORIENTED_EDGE('',*,*,#12340,.T.);
#12340 = EDGE_CURVE('',#12333,#12289,#12341,.T.);
#12341 = CIRCLE('',#12342,4.5E-02);
#12342 = AXIS2_PLACEMENT_3D('',#12343,#12344,#12345);
#12343 = CARTESIAN_POINT('',(0.955,-0.6,4.5E-02));
#12344 = DIRECTION('',(0.,1.,0.));
#12345 = DIRECTION('',(0.,-0.,1.));
#12346 = PLANE('',#12347);
#12347 = AXIS2_PLACEMENT_3D('',#12348,#12349,#12350);
#12348 = CARTESIAN_POINT('',(0.7,-0.6,0.));
#12349 = DIRECTION('',(0.,1.,0.));
#12350 = DIRECTION('',(0.,-0.,1.));
#12351 = ADVANCED_FACE('',(#12352),#12377,.F.);
#12352 = FACE_BOUND('',#12353,.F.);
#12353 = EDGE_LOOP('',(#12354,#12355,#12363,#12371));
#12354 = ORIENTED_EDGE('',*,*,#12140,.F.);
#12355 = ORIENTED_EDGE('',*,*,#12356,.T.);
#12356 = EDGE_CURVE('',#11939,#12357,#12359,.T.);
#12357 = VERTEX_POINT('',#12358);
#12358 = CARTESIAN_POINT('',(-0.7,-0.6,0.45));
#12359 = LINE('',#12360,#12361);
#12360 = CARTESIAN_POINT('',(-0.7,-0.6,0.405));
#12361 = VECTOR('',#12362,1.);
#12362 = DIRECTION('',(0.,0.,1.));
#12363 = ORIENTED_EDGE('',*,*,#12364,.T.);
#12364 = EDGE_CURVE('',#12357,#12365,#12367,.T.);
#12365 = VERTEX_POINT('',#12366);
#12366 = CARTESIAN_POINT('',(0.7,-0.6,0.45));
#12367 = LINE('',#12368,#12369);
#12368 = CARTESIAN_POINT('',(-0.7,-0.6,0.45));
#12369 = VECTOR('',#12370,1.);
#12370 = DIRECTION('',(1.,0.,0.));
#12371 = ORIENTED_EDGE('',*,*,#12372,.F.);
#12372 = EDGE_CURVE('',#12141,#12365,#12373,.T.);
#12373 = LINE('',#12374,#12375);
#12374 = CARTESIAN_POINT('',(0.7,-0.6,0.405));
#12375 = VECTOR('',#12376,1.);
#12376 = DIRECTION('',(0.,0.,1.));
#12377 = PLANE('',#12378);
#12378 = AXIS2_PLACEMENT_3D('',#12379,#12380,#12381);
#12379 = CARTESIAN_POINT('',(-0.7,-0.6,0.405));
#12380 = DIRECTION('',(0.,1.,0.));
#12381 = DIRECTION('',(0.,-0.,1.));
#12382 = ADVANCED_FACE('',(#12383),#12401,.F.);
#12383 = FACE_BOUND('',#12384,.F.);
#12384 = EDGE_LOOP('',(#12385,#12386,#12387,#12395));
#12385 = ORIENTED_EDGE('',*,*,#12356,.F.);
#12386 = ORIENTED_EDGE('',*,*,#12203,.T.);
#12387 = ORIENTED_EDGE('',*,*,#12388,.T.);
#12388 = EDGE_CURVE('',#12056,#12389,#12391,.T.);
#12389 = VERTEX_POINT('',#12390);
#12390 = CARTESIAN_POINT('',(-0.7,0.6,0.45));
#12391 = LINE('',#12392,#12393);
#12392 = CARTESIAN_POINT('',(-0.7,0.6,0.405));
#12393 = VECTOR('',#12394,1.);
#12394 = DIRECTION('',(0.,0.,1.));
#12395 = ORIENTED_EDGE('',*,*,#12396,.F.);
#12396 = EDGE_CURVE('',#12357,#12389,#12397,.T.);
#12397 = LINE('',#12398,#12399);
#12398 = CARTESIAN_POINT('',(-0.7,-0.6,0.45));
#12399 = VECTOR('',#12400,1.);
#12400 = DIRECTION('',(0.,1.,0.));
#12401 = PLANE('',#12402);
#12402 = AXIS2_PLACEMENT_3D('',#12403,#12404,#12405);
#12403 = CARTESIAN_POINT('',(-0.7,-0.6,0.405));
#12404 = DIRECTION('',(1.,0.,0.));
#12405 = DIRECTION('',(0.,0.,1.));
#12406 = ADVANCED_FACE('',(#12407),#12470,.T.);
#12407 = FACE_BOUND('',#12408,.T.);
#12408 = EDGE_LOOP('',(#12409,#12419,#12426,#12427,#12428,#12429,#12438,
    #12446,#12455,#12463));
#12409 = ORIENTED_EDGE('',*,*,#12410,.F.);
#12410 = EDGE_CURVE('',#12411,#12413,#12415,.T.);
#12411 = VERTEX_POINT('',#12412);
#12412 = CARTESIAN_POINT('',(0.745,0.6,-2.775557561563E-17));
#12413 = VERTEX_POINT('',#12414);
#12414 = CARTESIAN_POINT('',(0.955,0.6,-2.775557561563E-17));
#12415 = LINE('',#12416,#12417);
#12416 = CARTESIAN_POINT('',(0.7,0.6,0.));
#12417 = VECTOR('',#12418,1.);
#12418 = DIRECTION('',(1.,0.,0.));
#12419 = ORIENTED_EDGE('',*,*,#12420,.F.);
#12420 = EDGE_CURVE('',#12248,#12411,#12421,.T.);
#12421 = CIRCLE('',#12422,4.5E-02);
#12422 = AXIS2_PLACEMENT_3D('',#12423,#12424,#12425);
#12423 = CARTESIAN_POINT('',(0.745,0.6,4.5E-02));
#12424 = DIRECTION('',(0.,-1.,0.));
#12425 = DIRECTION('',(0.,0.,1.));
#12426 = ORIENTED_EDGE('',*,*,#12247,.T.);
#12427 = ORIENTED_EDGE('',*,*,#12239,.T.);
#12428 = ORIENTED_EDGE('',*,*,#12231,.F.);
#12429 = ORIENTED_EDGE('',*,*,#12430,.T.);
#12430 = EDGE_CURVE('',#12224,#12431,#12433,.T.);
#12431 = VERTEX_POINT('',#12432);
#12432 = CARTESIAN_POINT('',(0.745,0.6,0.45));
#12433 = CIRCLE('',#12434,4.5E-02);
#12434 = AXIS2_PLACEMENT_3D('',#12435,#12436,#12437);
#12435 = CARTESIAN_POINT('',(0.745,0.6,0.405));
#12436 = DIRECTION('',(0.,1.,0.));
#12437 = DIRECTION('',(0.,-0.,1.));
#12438 = ORIENTED_EDGE('',*,*,#12439,.T.);
#12439 = EDGE_CURVE('',#12431,#12440,#12442,.T.);
#12440 = VERTEX_POINT('',#12441);
#12441 = CARTESIAN_POINT('',(0.955,0.6,0.45));
#12442 = LINE('',#12443,#12444);
#12443 = CARTESIAN_POINT('',(0.7,0.6,0.45));
#12444 = VECTOR('',#12445,1.);
#12445 = DIRECTION('',(1.,0.,0.));
#12446 = ORIENTED_EDGE('',*,*,#12447,.F.);
#12447 = EDGE_CURVE('',#12448,#12440,#12450,.T.);
#12448 = VERTEX_POINT('',#12449);
#12449 = CARTESIAN_POINT('',(1.,0.6,0.405));
#12450 = CIRCLE('',#12451,4.5E-02);
#12451 = AXIS2_PLACEMENT_3D('',#12452,#12453,#12454);
#12452 = CARTESIAN_POINT('',(0.955,0.6,0.405));
#12453 = DIRECTION('',(0.,-1.,0.));
#12454 = DIRECTION('',(0.,0.,1.));
#12455 = ORIENTED_EDGE('',*,*,#12456,.F.);
#12456 = EDGE_CURVE('',#12457,#12448,#12459,.T.);
#12457 = VERTEX_POINT('',#12458);
#12458 = CARTESIAN_POINT('',(1.,0.6,4.5E-02));
#12459 = LINE('',#12460,#12461);
#12460 = CARTESIAN_POINT('',(1.,0.6,0.));
#12461 = VECTOR('',#12462,1.);
#12462 = DIRECTION('',(0.,0.,1.));
#12463 = ORIENTED_EDGE('',*,*,#12464,.T.);
#12464 = EDGE_CURVE('',#12457,#12413,#12465,.T.);
#12465 = CIRCLE('',#12466,4.5E-02);
#12466 = AXIS2_PLACEMENT_3D('',#12467,#12468,#12469);
#12467 = CARTESIAN_POINT('',(0.955,0.6,4.5E-02));
#12468 = DIRECTION('',(0.,1.,0.));
#12469 = DIRECTION('',(0.,-0.,1.));
#12470 = PLANE('',#12471);
#12471 = AXIS2_PLACEMENT_3D('',#12472,#12473,#12474);
#12472 = CARTESIAN_POINT('',(0.7,0.6,0.));
#12473 = DIRECTION('',(0.,1.,0.));
#12474 = DIRECTION('',(0.,-0.,1.));
#12475 = ADVANCED_FACE('',(#12476),#12494,.T.);
#12476 = FACE_BOUND('',#12477,.T.);
#12477 = EDGE_LOOP('',(#12478,#12479,#12480,#12488));
#12478 = ORIENTED_EDGE('',*,*,#12223,.F.);
#12479 = ORIENTED_EDGE('',*,*,#12388,.T.);
#12480 = ORIENTED_EDGE('',*,*,#12481,.T.);
#12481 = EDGE_CURVE('',#12389,#12482,#12484,.T.);
#12482 = VERTEX_POINT('',#12483);
#12483 = CARTESIAN_POINT('',(0.7,0.6,0.45));
#12484 = LINE('',#12485,#12486);
#12485 = CARTESIAN_POINT('',(-0.7,0.6,0.45));
#12486 = VECTOR('',#12487,1.);
#12487 = DIRECTION('',(1.,0.,0.));
#12488 = ORIENTED_EDGE('',*,*,#12489,.F.);
#12489 = EDGE_CURVE('',#12224,#12482,#12490,.T.);
#12490 = LINE('',#12491,#12492);
#12491 = CARTESIAN_POINT('',(0.7,0.6,0.405));
#12492 = VECTOR('',#12493,1.);
#12493 = DIRECTION('',(0.,0.,1.));
#12494 = PLANE('',#12495);
#12495 = AXIS2_PLACEMENT_3D('',#12496,#12497,#12498);
#12496 = CARTESIAN_POINT('',(-0.7,0.6,0.405));
#12497 = DIRECTION('',(0.,1.,0.));
#12498 = DIRECTION('',(0.,-0.,1.));
#12499 = ADVANCED_FACE('',(#12500),#12511,.T.);
#12500 = FACE_BOUND('',#12501,.T.);
#12501 = EDGE_LOOP('',(#12502,#12503,#12504,#12510));
#12502 = ORIENTED_EDGE('',*,*,#12271,.T.);
#12503 = ORIENTED_EDGE('',*,*,#12420,.T.);
#12504 = ORIENTED_EDGE('',*,*,#12505,.F.);
#12505 = EDGE_CURVE('',#12287,#12411,#12506,.T.);
#12506 = LINE('',#12507,#12508);
#12507 = CARTESIAN_POINT('',(0.745,-0.6,-2.775557561563E-17));
#12508 = VECTOR('',#12509,1.);
#12509 = DIRECTION('',(0.,1.,0.));
#12510 = ORIENTED_EDGE('',*,*,#12296,.F.);
#12511 = CYLINDRICAL_SURFACE('',#12512,4.5E-02);
#12512 = AXIS2_PLACEMENT_3D('',#12513,#12514,#12515);
#12513 = CARTESIAN_POINT('',(0.745,-0.6,4.5E-02));
#12514 = DIRECTION('',(0.,1.,0.));
#12515 = DIRECTION('',(-1.,0.,0.));
#12516 = ADVANCED_FACE('',(#12517),#12528,.F.);
#12517 = FACE_BOUND('',#12518,.F.);
#12518 = EDGE_LOOP('',(#12519,#12520,#12521,#12522));
#12519 = ORIENTED_EDGE('',*,*,#12410,.F.);
#12520 = ORIENTED_EDGE('',*,*,#12505,.F.);
#12521 = ORIENTED_EDGE('',*,*,#12286,.T.);
#12522 = ORIENTED_EDGE('',*,*,#12523,.T.);
#12523 = EDGE_CURVE('',#12289,#12413,#12524,.T.);
#12524 = LINE('',#12525,#12526);
#12525 = CARTESIAN_POINT('',(0.955,-0.6,-2.775557561563E-17));
#12526 = VECTOR('',#12527,1.);
#12527 = DIRECTION('',(0.,1.,0.));
#12528 = PLANE('',#12529);
#12529 = AXIS2_PLACEMENT_3D('',#12530,#12531,#12532);
#12530 = CARTESIAN_POINT('',(0.7,-0.6,0.));
#12531 = DIRECTION('',(0.,0.,1.));
#12532 = DIRECTION('',(1.,0.,-0.));
#12533 = ADVANCED_FACE('',(#12534),#12545,.T.);
#12534 = FACE_BOUND('',#12535,.T.);
#12535 = EDGE_LOOP('',(#12536,#12537,#12538,#12539));
#12536 = ORIENTED_EDGE('',*,*,#12340,.T.);
#12537 = ORIENTED_EDGE('',*,*,#12523,.T.);
#12538 = ORIENTED_EDGE('',*,*,#12464,.F.);
#12539 = ORIENTED_EDGE('',*,*,#12540,.F.);
#12540 = EDGE_CURVE('',#12333,#12457,#12541,.T.);
#12541 = LINE('',#12542,#12543);
#12542 = CARTESIAN_POINT('',(1.,-0.6,4.5E-02));
#12543 = VECTOR('',#12544,1.);
#12544 = DIRECTION('',(0.,1.,0.));
#12545 = CYLINDRICAL_SURFACE('',#12546,4.5E-02);
#12546 = AXIS2_PLACEMENT_3D('',#12547,#12548,#12549);
#12547 = CARTESIAN_POINT('',(0.955,-0.6,4.5E-02));
#12548 = DIRECTION('',(0.,1.,0.));
#12549 = DIRECTION('',(1.,0.,0.));
#12550 = ADVANCED_FACE('',(#12551),#12562,.T.);
#12551 = FACE_BOUND('',#12552,.T.);
#12552 = EDGE_LOOP('',(#12553,#12554,#12555,#12556));
#12553 = ORIENTED_EDGE('',*,*,#12332,.F.);
#12554 = ORIENTED_EDGE('',*,*,#12540,.T.);
#12555 = ORIENTED_EDGE('',*,*,#12456,.T.);
#12556 = ORIENTED_EDGE('',*,*,#12557,.F.);
#12557 = EDGE_CURVE('',#12324,#12448,#12558,.T.);
#12558 = LINE('',#12559,#12560);
#12559 = CARTESIAN_POINT('',(1.,-0.6,0.405));
#12560 = VECTOR('',#12561,1.);
#12561 = DIRECTION('',(0.,1.,0.));
#12562 = PLANE('',#12563);
#12563 = AXIS2_PLACEMENT_3D('',#12564,#12565,#12566);
#12564 = CARTESIAN_POINT('',(1.,-0.6,0.));
#12565 = DIRECTION('',(1.,0.,0.));
#12566 = DIRECTION('',(0.,0.,1.));
#12567 = ADVANCED_FACE('',(#12568),#12579,.T.);
#12568 = FACE_BOUND('',#12569,.T.);
#12569 = EDGE_LOOP('',(#12570,#12571,#12572,#12578));
#12570 = ORIENTED_EDGE('',*,*,#12557,.T.);
#12571 = ORIENTED_EDGE('',*,*,#12447,.T.);
#12572 = ORIENTED_EDGE('',*,*,#12573,.F.);
#12573 = EDGE_CURVE('',#12316,#12440,#12574,.T.);
#12574 = LINE('',#12575,#12576);
#12575 = CARTESIAN_POINT('',(0.955,-0.6,0.45));
#12576 = VECTOR('',#12577,1.);
#12577 = DIRECTION('',(0.,1.,0.));
#12578 = ORIENTED_EDGE('',*,*,#12323,.F.);
#12579 = CYLINDRICAL_SURFACE('',#12580,4.5E-02);
#12580 = AXIS2_PLACEMENT_3D('',#12581,#12582,#12583);
#12581 = CARTESIAN_POINT('',(0.955,-0.6,0.405));
#12582 = DIRECTION('',(0.,1.,0.));
#12583 = DIRECTION('',(1.,0.,0.));
#12584 = ADVANCED_FACE('',(#12585),#12596,.T.);
#12585 = FACE_BOUND('',#12586,.T.);
#12586 = EDGE_LOOP('',(#12587,#12588,#12594,#12595));
#12587 = ORIENTED_EDGE('',*,*,#12439,.F.);
#12588 = ORIENTED_EDGE('',*,*,#12589,.F.);
#12589 = EDGE_CURVE('',#12307,#12431,#12590,.T.);
#12590 = LINE('',#12591,#12592);
#12591 = CARTESIAN_POINT('',(0.745,-0.6,0.45));
#12592 = VECTOR('',#12593,1.);
#12593 = DIRECTION('',(0.,1.,0.));
#12594 = ORIENTED_EDGE('',*,*,#12315,.T.);
#12595 = ORIENTED_EDGE('',*,*,#12573,.T.);
#12596 = PLANE('',#12597);
#12597 = AXIS2_PLACEMENT_3D('',#12598,#12599,#12600);
#12598 = CARTESIAN_POINT('',(0.7,-0.6,0.45));
#12599 = DIRECTION('',(0.,0.,1.));
#12600 = DIRECTION('',(1.,0.,-0.));
#12601 = ADVANCED_FACE('',(#12602),#12613,.T.);
#12602 = FACE_BOUND('',#12603,.T.);
#12603 = EDGE_LOOP('',(#12604,#12605,#12606,#12607));
#12604 = ORIENTED_EDGE('',*,*,#12306,.T.);
#12605 = ORIENTED_EDGE('',*,*,#12589,.T.);
#12606 = ORIENTED_EDGE('',*,*,#12430,.F.);
#12607 = ORIENTED_EDGE('',*,*,#12608,.F.);
#12608 = EDGE_CURVE('',#12141,#12224,#12609,.T.);
#12609 = LINE('',#12610,#12611);
#12610 = CARTESIAN_POINT('',(0.7,-0.6,0.405));
#12611 = VECTOR('',#12612,1.);
#12612 = DIRECTION('',(0.,1.,0.));
#12613 = CYLINDRICAL_SURFACE('',#12614,4.5E-02);
#12614 = AXIS2_PLACEMENT_3D('',#12615,#12616,#12617);
#12615 = CARTESIAN_POINT('',(0.745,-0.6,0.405));
#12616 = DIRECTION('',(0.,1.,0.));
#12617 = DIRECTION('',(-1.,0.,0.));
#12618 = ADVANCED_FACE('',(#12619),#12630,.T.);
#12619 = FACE_BOUND('',#12620,.T.);
#12620 = EDGE_LOOP('',(#12621,#12622,#12623,#12624));
#12621 = ORIENTED_EDGE('',*,*,#12372,.F.);
#12622 = ORIENTED_EDGE('',*,*,#12608,.T.);
#12623 = ORIENTED_EDGE('',*,*,#12489,.T.);
#12624 = ORIENTED_EDGE('',*,*,#12625,.F.);
#12625 = EDGE_CURVE('',#12365,#12482,#12626,.T.);
#12626 = LINE('',#12627,#12628);
#12627 = CARTESIAN_POINT('',(0.7,-0.6,0.45));
#12628 = VECTOR('',#12629,1.);
#12629 = DIRECTION('',(0.,1.,0.));
#12630 = PLANE('',#12631);
#12631 = AXIS2_PLACEMENT_3D('',#12632,#12633,#12634);
#12632 = CARTESIAN_POINT('',(0.7,-0.6,0.405));
#12633 = DIRECTION('',(1.,0.,0.));
#12634 = DIRECTION('',(0.,0.,1.));
#12635 = ADVANCED_FACE('',(#12636),#12642,.T.);
#12636 = FACE_BOUND('',#12637,.T.);
#12637 = EDGE_LOOP('',(#12638,#12639,#12640,#12641));
#12638 = ORIENTED_EDGE('',*,*,#12396,.F.);
#12639 = ORIENTED_EDGE('',*,*,#12364,.T.);
#12640 = ORIENTED_EDGE('',*,*,#12625,.T.);
#12641 = ORIENTED_EDGE('',*,*,#12481,.F.);
#12642 = PLANE('',#12643);
#12643 = AXIS2_PLACEMENT_3D('',#12644,#12645,#12646);
#12644 = CARTESIAN_POINT('',(-0.7,-0.6,0.45));
#12645 = DIRECTION('',(0.,0.,1.));
#12646 = DIRECTION('',(1.,0.,-0.));
#12647 = ( GEOMETRIC_REPRESENTATION_CONTEXT(3) 
GLOBAL_UNCERTAINTY_ASSIGNED_CONTEXT((#12651)) 
GLOBAL_UNIT_ASSIGNED_CONTEXT((#12648,#12649,#12650)) 
REPRESENTATION_CONTEXT('Context #1',
  '3D Context with UNIT and UNCERTAINTY') );
#12648 = ( LENGTH_UNIT() NAMED_UNIT(*) SI_UNIT(.MILLI.,.METRE.) );
#12649 = ( NAMED_UNIT(*) PLANE_ANGLE_UNIT() SI_UNIT($,.RADIAN.) );
#12650 = ( NAMED_UNIT(*) SI_UNIT($,.STERADIAN.) SOLID_ANGLE_UNIT() );
#12651 = UNCERTAINTY_MEASURE_WITH_UNIT(LENGTH_MEASURE(1.E-07),#12648,
  'distance_accuracy_value','confusion accuracy');
#12652 = CONTEXT_DEPENDENT_SHAPE_REPRESENTATION(#12653,#12655);
#12653 = ( REPRESENTATION_RELATIONSHIP('','',#11856,#11833) 
REPRESENTATION_RELATIONSHIP_WITH_TRANSFORMATION(#12654) 
SHAPE_REPRESENTATION_RELATIONSHIP() );
#12654 = ITEM_DEFINED_TRANSFORMATION('','',#11,#11834);
#12655 = PRODUCT_DEFINITION_SHAPE('Placement','Placement of an item',
  #12656);
#12656 = NEXT_ASSEMBLY_USAGE_OCCURRENCE('16','=>[0:1:1:13]','',#11828,
  #11851,$);
#12657 = PRODUCT_RELATED_PRODUCT_CATEGORY('part',$,(#11853));
#12658 = SHAPE_DEFINITION_REPRESENTATION(#12659,#12665);
#12659 = PRODUCT_DEFINITION_SHAPE('','',#12660);
#12660 = PRODUCT_DEFINITION('design','',#12661,#12664);
#12661 = PRODUCT_DEFINITION_FORMATION('','',#12662);
#12662 = PRODUCT('SOT-23-5','SOT-23-5','',(#12663));
#12663 = PRODUCT_CONTEXT('',#2,'mechanical');
#12664 = PRODUCT_DEFINITION_CONTEXT('part definition',#2,'design');
#12665 = SHAPE_REPRESENTATION('',(#11,#12666),#12670);
#12666 = AXIS2_PLACEMENT_3D('',#12667,#12668,#12669);
#12667 = CARTESIAN_POINT('',(0.,0.,0.));
#12668 = DIRECTION('',(0.,0.,1.));
#12669 = DIRECTION('',(1.,0.,-0.));
#12670 = ( GEOMETRIC_REPRESENTATION_CONTEXT(3) 
GLOBAL_UNCERTAINTY_ASSIGNED_CONTEXT((#12674)) 
GLOBAL_UNIT_ASSIGNED_CONTEXT((#12671,#12672,#12673)) 
REPRESENTATION_CONTEXT('Context #1',
  '3D Context with UNIT and UNCERTAINTY') );
#12671 = ( LENGTH_UNIT() NAMED_UNIT(*) SI_UNIT(.MILLI.,.METRE.) );
#12672 = ( NAMED_UNIT(*) PLANE_ANGLE_UNIT() SI_UNIT($,.RADIAN.) );
#12673 = ( NAMED_UNIT(*) SI_UNIT($,.STERADIAN.) SOLID_ANGLE_UNIT() );
#12674 = UNCERTAINTY_MEASURE_WITH_UNIT(LENGTH_MEASURE(2.E-06),#12671,
  'distance_accuracy_value','confusion accuracy');
#12675 = CONTEXT_DEPENDENT_SHAPE_REPRESENTATION(#12676,#12678);
#12676 = ( REPRESENTATION_RELATIONSHIP('','',#12665,#10) 
REPRESENTATION_RELATIONSHIP_WITH_TRANSFORMATION(#12677) 
SHAPE_REPRESENTATION_RELATIONSHIP() );
#12677 = ITEM_DEFINED_TRANSFORMATION('','',#11,#59);
#12678 = PRODUCT_DEFINITION_SHAPE('Placement','Placement of an item',
  #12679);
#12679 = NEXT_ASSEMBLY_USAGE_OCCURRENCE('19','U3','',#5,#12660,$);
#12680 = PRODUCT_RELATED_PRODUCT_CATEGORY('part',$,(#12662));
#12681 = SHAPE_DEFINITION_REPRESENTATION(#12682,#12688);
#12682 = PRODUCT_DEFINITION_SHAPE('','',#12683);
#12683 = PRODUCT_DEFINITION('design','',#12684,#12687);
#12684 = PRODUCT_DEFINITION_FORMATION('','',#12685);
#12685 = PRODUCT('SOT_23_5','SOT_23_5','',(#12686));
#12686 = PRODUCT_CONTEXT('',#2,'mechanical');
#12687 = PRODUCT_DEFINITION_CONTEXT('part definition',#2,'design');
#12688 = ADVANCED_BREP_SHAPE_REPRESENTATION('',(#11,#12689),#15850);
#12689 = MANIFOLD_SOLID_BREP('',#12690);
#12690 = CLOSED_SHELL('',(#12691,#12729,#12792,#12815,#12844,#12867,
    #12922,#12945,#12968,#12991,#13056,#13079,#13108,#13131,#13155,
    #13185,#13216,#13247,#13278,#13301,#13324,#13347,#13371,#13395,
    #13426,#13457,#13488,#13519,#13550,#13573,#13602,#13625,#13649,
    #13741,#13833,#13863,#13888,#13972,#14064,#14081,#14112,#14135,
    #14158,#14181,#14205,#14297,#14389,#14413,#14438,#14522,#14614,
    #14631,#14662,#14754,#14846,#14877,#14894,#14917,#14973,#14989,
    #15019,#15038,#15055,#15072,#15089,#15106,#15123,#15140,#15157,
    #15169,#15188,#15205,#15222,#15239,#15256,#15273,#15290,#15307,
    #15319,#15335,#15351,#15367,#15400,#15419,#15436,#15453,#15470,
    #15487,#15504,#15521,#15538,#15550,#15569,#15586,#15603,#15620,
    #15637,#15654,#15671,#15688,#15700,#15719,#15736,#15753,#15770,
    #15787,#15804,#15821,#15838));
#12691 = ADVANCED_FACE('',(#12692),#12724,.F.);
#12692 = FACE_BOUND('',#12693,.F.);
#12693 = EDGE_LOOP('',(#12694,#12704,#12711,#12719));
#12694 = ORIENTED_EDGE('',*,*,#12695,.T.);
#12695 = EDGE_CURVE('',#12696,#12698,#12700,.T.);
#12696 = VERTEX_POINT('',#12697);
#12697 = CARTESIAN_POINT('',(-0.659324228722,1.358648457443,0.1));
#12698 = VERTEX_POINT('',#12699);
#12699 = CARTESIAN_POINT('',(0.659324228722,1.358648457443,0.1));
#12700 = LINE('',#12701,#12702);
#12701 = CARTESIAN_POINT('',(-0.659324228722,1.358648457443,0.1));
#12702 = VECTOR('',#12703,1.);
#12703 = DIRECTION('',(1.,2.22044604925E-16,0.));
#12704 = ORIENTED_EDGE('',*,*,#12705,.T.);
#12705 = EDGE_CURVE('',#12698,#12706,#12708,.T.);
#12706 = VERTEX_POINT('',#12707);
#12707 = CARTESIAN_POINT('',(0.705,1.45,0.75));
#12708 = B_SPLINE_CURVE_WITH_KNOTS('',1,(#12709,#12710),.UNSPECIFIED.,
  .F.,.F.,(2,2),(0.,1.),.PIECEWISE_BEZIER_KNOTS.);
#12709 = CARTESIAN_POINT('',(0.659324228722,1.358648457443,0.1));
#12710 = CARTESIAN_POINT('',(0.705,1.45,0.75));
#12711 = ORIENTED_EDGE('',*,*,#12712,.F.);
#12712 = EDGE_CURVE('',#12713,#12706,#12715,.T.);
#12713 = VERTEX_POINT('',#12714);
#12714 = CARTESIAN_POINT('',(-0.705,1.45,0.75));
#12715 = LINE('',#12716,#12717);
#12716 = CARTESIAN_POINT('',(-0.705,1.45,0.75));
#12717 = VECTOR('',#12718,1.);
#12718 = DIRECTION('',(1.,2.22044604925E-16,0.));
#12719 = ORIENTED_EDGE('',*,*,#12720,.F.);
#12720 = EDGE_CURVE('',#12696,#12713,#12721,.T.);
#12721 = B_SPLINE_CURVE_WITH_KNOTS('',1,(#12722,#12723),.UNSPECIFIED.,
  .F.,.F.,(2,2),(0.,1.),.PIECEWISE_BEZIER_KNOTS.);
#12722 = CARTESIAN_POINT('',(-0.659324228722,1.358648457443,0.1));
#12723 = CARTESIAN_POINT('',(-0.705,1.45,0.75));
#12724 = B_SPLINE_SURFACE_WITH_KNOTS('',1,1,(
    (#12725,#12726)
    ,(#12727,#12728
    )),.UNSPECIFIED.,.F.,.F.,.F.,(2,2),(2,2),(0.,1.41),(0.,1.),
  .PIECEWISE_BEZIER_KNOTS.);
#12725 = CARTESIAN_POINT('',(-0.659324228722,1.358648457443,0.1));
#12726 = CARTESIAN_POINT('',(-0.705,1.45,0.75));
#12727 = CARTESIAN_POINT('',(0.659324228722,1.358648457443,0.1));
#12728 = CARTESIAN_POINT('',(0.705,1.45,0.75));
#12729 = ADVANCED_FACE('',(#12730),#12787,.F.);
#12730 = FACE_BOUND('',#12731,.T.);
#12731 = EDGE_LOOP('',(#12732,#12733,#12741,#12749,#12757,#12765,#12773,
    #12781));
#12732 = ORIENTED_EDGE('',*,*,#12695,.T.);
#12733 = ORIENTED_EDGE('',*,*,#12734,.T.);
#12734 = EDGE_CURVE('',#12698,#12735,#12737,.T.);
#12735 = VERTEX_POINT('',#12736);
#12736 = CARTESIAN_POINT('',(0.708648457443,1.309324228722,0.1));
#12737 = LINE('',#12738,#12739);
#12738 = CARTESIAN_POINT('',(0.659324228722,1.358648457443,0.1));
#12739 = VECTOR('',#12740,1.);
#12740 = DIRECTION('',(0.707106781187,-0.707106781187,0.));
#12741 = ORIENTED_EDGE('',*,*,#12742,.T.);
#12742 = EDGE_CURVE('',#12735,#12743,#12745,.T.);
#12743 = VERTEX_POINT('',#12744);
#12744 = CARTESIAN_POINT('',(0.708648457443,-1.309324228722,0.1));
#12745 = LINE('',#12746,#12747);
#12746 = CARTESIAN_POINT('',(0.708648457443,1.309324228722,0.1));
#12747 = VECTOR('',#12748,1.);
#12748 = DIRECTION('',(2.22044604925E-16,-1.,0.));
#12749 = ORIENTED_EDGE('',*,*,#12750,.T.);
#12750 = EDGE_CURVE('',#12743,#12751,#12753,.T.);
#12751 = VERTEX_POINT('',#12752);
#12752 = CARTESIAN_POINT('',(0.659324228722,-1.358648457443,0.1));
#12753 = LINE('',#12754,#12755);
#12754 = CARTESIAN_POINT('',(0.708648457443,-1.309324228722,0.1));
#12755 = VECTOR('',#12756,1.);
#12756 = DIRECTION('',(-0.707106781187,-0.707106781187,0.));
#12757 = ORIENTED_EDGE('',*,*,#12758,.T.);
#12758 = EDGE_CURVE('',#12751,#12759,#12761,.T.);
#12759 = VERTEX_POINT('',#12760);
#12760 = CARTESIAN_POINT('',(-0.659324228722,-1.358648457443,0.1));
#12761 = LINE('',#12762,#12763);
#12762 = CARTESIAN_POINT('',(0.659324228722,-1.358648457443,0.1));
#12763 = VECTOR('',#12764,1.);
#12764 = DIRECTION('',(-1.,-2.22044604925E-16,0.));
#12765 = ORIENTED_EDGE('',*,*,#12766,.T.);
#12766 = EDGE_CURVE('',#12759,#12767,#12769,.T.);
#12767 = VERTEX_POINT('',#12768);
#12768 = CARTESIAN_POINT('',(-0.708648457443,-1.309324228722,0.1));
#12769 = LINE('',#12770,#12771);
#12770 = CARTESIAN_POINT('',(-0.659324228722,-1.358648457443,0.1));
#12771 = VECTOR('',#12772,1.);
#12772 = DIRECTION('',(-0.707106781187,0.707106781187,0.));
#12773 = ORIENTED_EDGE('',*,*,#12774,.T.);
#12774 = EDGE_CURVE('',#12767,#12775,#12777,.T.);
#12775 = VERTEX_POINT('',#12776);
#12776 = CARTESIAN_POINT('',(-0.708648457443,1.309324228722,0.1));
#12777 = LINE('',#12778,#12779);
#12778 = CARTESIAN_POINT('',(-0.708648457443,-1.309324228722,0.1));
#12779 = VECTOR('',#12780,1.);
#12780 = DIRECTION('',(-2.22044604925E-16,1.,0.));
#12781 = ORIENTED_EDGE('',*,*,#12782,.T.);
#12782 = EDGE_CURVE('',#12775,#12696,#12783,.T.);
#12783 = LINE('',#12784,#12785);
#12784 = CARTESIAN_POINT('',(-0.708648457443,1.309324228722,0.1));
#12785 = VECTOR('',#12786,1.);
#12786 = DIRECTION('',(0.707106781187,0.707106781187,0.));
#12787 = PLANE('',#12788);
#12788 = AXIS2_PLACEMENT_3D('',#12789,#12790,#12791);
#12789 = CARTESIAN_POINT('',(-0.659324228722,1.358648457443,0.1));
#12790 = DIRECTION('',(0.,0.,1.));
#12791 = DIRECTION('',(0.436587433964,-0.899661832304,0.));
#12792 = ADVANCED_FACE('',(#12793),#12810,.F.);
#12793 = FACE_BOUND('',#12794,.F.);
#12794 = EDGE_LOOP('',(#12795,#12796,#12803,#12809));
#12795 = ORIENTED_EDGE('',*,*,#12734,.T.);
#12796 = ORIENTED_EDGE('',*,*,#12797,.T.);
#12797 = EDGE_CURVE('',#12735,#12798,#12800,.T.);
#12798 = VERTEX_POINT('',#12799);
#12799 = CARTESIAN_POINT('',(0.8,1.355,0.75));
#12800 = B_SPLINE_CURVE_WITH_KNOTS('',1,(#12801,#12802),.UNSPECIFIED.,
  .F.,.F.,(2,2),(0.,1.),.PIECEWISE_BEZIER_KNOTS.);
#12801 = CARTESIAN_POINT('',(0.708648457443,1.309324228722,0.1));
#12802 = CARTESIAN_POINT('',(0.8,1.355,0.75));
#12803 = ORIENTED_EDGE('',*,*,#12804,.F.);
#12804 = EDGE_CURVE('',#12706,#12798,#12805,.T.);
#12805 = LINE('',#12806,#12807);
#12806 = CARTESIAN_POINT('',(0.705,1.45,0.75));
#12807 = VECTOR('',#12808,1.);
#12808 = DIRECTION('',(0.707106781187,-0.707106781187,0.));
#12809 = ORIENTED_EDGE('',*,*,#12705,.F.);
#12810 = B_SPLINE_SURFACE_WITH_KNOTS('',1,1,(
    (#12811,#12812)
    ,(#12813,#12814
    )),.UNSPECIFIED.,.F.,.F.,.F.,(2,2),(2,2),(0.,0.134350288425),(0.,1.)
  ,.PIECEWISE_BEZIER_KNOTS.);
#12811 = CARTESIAN_POINT('',(0.659324228722,1.358648457443,0.1));
#12812 = CARTESIAN_POINT('',(0.705,1.45,0.75));
#12813 = CARTESIAN_POINT('',(0.708648457443,1.309324228722,0.1));
#12814 = CARTESIAN_POINT('',(0.8,1.355,0.75));
#12815 = ADVANCED_FACE('',(#12816),#12839,.F.);
#12816 = FACE_BOUND('',#12817,.F.);
#12817 = EDGE_LOOP('',(#12818,#12819,#12826,#12834));
#12818 = ORIENTED_EDGE('',*,*,#12712,.T.);
#12819 = ORIENTED_EDGE('',*,*,#12820,.T.);
#12820 = EDGE_CURVE('',#12706,#12821,#12823,.T.);
#12821 = VERTEX_POINT('',#12822);
#12822 = CARTESIAN_POINT('',(0.705,1.45,0.9));
#12823 = B_SPLINE_CURVE_WITH_KNOTS('',1,(#12824,#12825),.UNSPECIFIED.,
  .F.,.F.,(2,2),(0.,1.),.PIECEWISE_BEZIER_KNOTS.);
#12824 = CARTESIAN_POINT('',(0.705,1.45,0.75));
#12825 = CARTESIAN_POINT('',(0.705,1.45,0.9));
#12826 = ORIENTED_EDGE('',*,*,#12827,.F.);
#12827 = EDGE_CURVE('',#12828,#12821,#12830,.T.);
#12828 = VERTEX_POINT('',#12829);
#12829 = CARTESIAN_POINT('',(-0.705,1.45,0.9));
#12830 = LINE('',#12831,#12832);
#12831 = CARTESIAN_POINT('',(-0.705,1.45,0.9));
#12832 = VECTOR('',#12833,1.);
#12833 = DIRECTION('',(1.,2.22044604925E-16,0.));
#12834 = ORIENTED_EDGE('',*,*,#12835,.F.);
#12835 = EDGE_CURVE('',#12713,#12828,#12836,.T.);
#12836 = B_SPLINE_CURVE_WITH_KNOTS('',1,(#12837,#12838),.UNSPECIFIED.,
  .F.,.F.,(2,2),(0.,1.),.PIECEWISE_BEZIER_KNOTS.);
#12837 = CARTESIAN_POINT('',(-0.705,1.45,0.75));
#12838 = CARTESIAN_POINT('',(-0.705,1.45,0.9));
#12839 = PLANE('',#12840);
#12840 = AXIS2_PLACEMENT_3D('',#12841,#12842,#12843);
#12841 = CARTESIAN_POINT('',(-0.705,1.45,0.9));
#12842 = DIRECTION('',(2.22044604925E-16,-1.,0.));
#12843 = DIRECTION('',(1.,2.22044604925E-16,0.));
#12844 = ADVANCED_FACE('',(#12845),#12862,.F.);
#12845 = FACE_BOUND('',#12846,.F.);
#12846 = EDGE_LOOP('',(#12847,#12848,#12849,#12857));
#12847 = ORIENTED_EDGE('',*,*,#12782,.T.);
#12848 = ORIENTED_EDGE('',*,*,#12720,.T.);
#12849 = ORIENTED_EDGE('',*,*,#12850,.F.);
#12850 = EDGE_CURVE('',#12851,#12713,#12853,.T.);
#12851 = VERTEX_POINT('',#12852);
#12852 = CARTESIAN_POINT('',(-0.8,1.355,0.75));
#12853 = LINE('',#12854,#12855);
#12854 = CARTESIAN_POINT('',(-0.8,1.355,0.75));
#12855 = VECTOR('',#12856,1.);
#12856 = DIRECTION('',(0.707106781187,0.707106781187,0.));
#12857 = ORIENTED_EDGE('',*,*,#12858,.F.);
#12858 = EDGE_CURVE('',#12775,#12851,#12859,.T.);
#12859 = B_SPLINE_CURVE_WITH_KNOTS('',1,(#12860,#12861),.UNSPECIFIED.,
  .F.,.F.,(2,2),(0.,1.),.PIECEWISE_BEZIER_KNOTS.);
#12860 = CARTESIAN_POINT('',(-0.708648457443,1.309324228722,0.1));
#12861 = CARTESIAN_POINT('',(-0.8,1.355,0.75));
#12862 = B_SPLINE_SURFACE_WITH_KNOTS('',1,1,(
    (#12863,#12864)
    ,(#12865,#12866
    )),.UNSPECIFIED.,.F.,.F.,.F.,(2,2),(2,2),(0.,0.134350288425),(0.,1.)
  ,.PIECEWISE_BEZIER_KNOTS.);
#12863 = CARTESIAN_POINT('',(-0.708648457443,1.309324228722,0.1));
#12864 = CARTESIAN_POINT('',(-0.8,1.355,0.75));
#12865 = CARTESIAN_POINT('',(-0.659324228722,1.358648457443,0.1));
#12866 = CARTESIAN_POINT('',(-0.705,1.45,0.75));
#12867 = ADVANCED_FACE('',(#12868),#12917,.F.);
#12868 = FACE_BOUND('',#12869,.F.);
#12869 = EDGE_LOOP('',(#12870,#12871,#12878,#12886,#12894,#12902,#12910,
    #12916));
#12870 = ORIENTED_EDGE('',*,*,#12742,.T.);
#12871 = ORIENTED_EDGE('',*,*,#12872,.T.);
#12872 = EDGE_CURVE('',#12743,#12873,#12875,.T.);
#12873 = VERTEX_POINT('',#12874);
#12874 = CARTESIAN_POINT('',(0.8,-1.355,0.75));
#12875 = B_SPLINE_CURVE_WITH_KNOTS('',1,(#12876,#12877),.UNSPECIFIED.,
  .F.,.F.,(2,2),(0.,1.),.PIECEWISE_BEZIER_KNOTS.);
#12876 = CARTESIAN_POINT('',(0.708648457443,-1.309324228722,0.1));
#12877 = CARTESIAN_POINT('',(0.8,-1.355,0.75));
#12878 = ORIENTED_EDGE('',*,*,#12879,.F.);
#12879 = EDGE_CURVE('',#12880,#12873,#12882,.T.);
#12880 = VERTEX_POINT('',#12881);
#12881 = CARTESIAN_POINT('',(0.8,-1.2,0.75));
#12882 = LINE('',#12883,#12884);
#12883 = CARTESIAN_POINT('',(0.8,1.355,0.75));
#12884 = VECTOR('',#12885,1.);
#12885 = DIRECTION('',(2.22044604925E-16,-1.,0.));
#12886 = ORIENTED_EDGE('',*,*,#12887,.F.);
#12887 = EDGE_CURVE('',#12888,#12880,#12890,.T.);
#12888 = VERTEX_POINT('',#12889);
#12889 = CARTESIAN_POINT('',(0.8,-0.7,0.75));
#12890 = LINE('',#12891,#12892);
#12891 = CARTESIAN_POINT('',(0.8,1.355,0.75));
#12892 = VECTOR('',#12893,1.);
#12893 = DIRECTION('',(2.22044604925E-16,-1.,0.));
#12894 = ORIENTED_EDGE('',*,*,#12895,.F.);
#12895 = EDGE_CURVE('',#12896,#12888,#12898,.T.);
#12896 = VERTEX_POINT('',#12897);
#12897 = CARTESIAN_POINT('',(0.8,0.7,0.75));
#12898 = LINE('',#12899,#12900);
#12899 = CARTESIAN_POINT('',(0.8,1.355,0.75));
#12900 = VECTOR('',#12901,1.);
#12901 = DIRECTION('',(2.22044604925E-16,-1.,0.));
#12902 = ORIENTED_EDGE('',*,*,#12903,.F.);
#12903 = EDGE_CURVE('',#12904,#12896,#12906,.T.);
#12904 = VERTEX_POINT('',#12905);
#12905 = CARTESIAN_POINT('',(0.8,1.2,0.75));
#12906 = LINE('',#12907,#12908);
#12907 = CARTESIAN_POINT('',(0.8,1.355,0.75));
#12908 = VECTOR('',#12909,1.);
#12909 = DIRECTION('',(2.22044604925E-16,-1.,0.));
#12910 = ORIENTED_EDGE('',*,*,#12911,.F.);
#12911 = EDGE_CURVE('',#12798,#12904,#12912,.T.);
#12912 = LINE('',#12913,#12914);
#12913 = CARTESIAN_POINT('',(0.8,1.355,0.75));
#12914 = VECTOR('',#12915,1.);
#12915 = DIRECTION('',(2.22044604925E-16,-1.,0.));
#12916 = ORIENTED_EDGE('',*,*,#12797,.F.);
#12917 = B_SPLINE_SURFACE_WITH_KNOTS('',1,1,(
    (#12918,#12919)
    ,(#12920,#12921
    )),.UNSPECIFIED.,.F.,.F.,.F.,(2,2),(2,2),(0.,2.71),(0.,1.),
  .PIECEWISE_BEZIER_KNOTS.);
#12918 = CARTESIAN_POINT('',(0.708648457443,1.309324228722,0.1));
#12919 = CARTESIAN_POINT('',(0.8,1.355,0.75));
#12920 = CARTESIAN_POINT('',(0.708648457443,-1.309324228722,0.1));
#12921 = CARTESIAN_POINT('',(0.8,-1.355,0.75));
#12922 = ADVANCED_FACE('',(#12923),#12940,.F.);
#12923 = FACE_BOUND('',#12924,.F.);
#12924 = EDGE_LOOP('',(#12925,#12926,#12933,#12939));
#12925 = ORIENTED_EDGE('',*,*,#12750,.T.);
#12926 = ORIENTED_EDGE('',*,*,#12927,.T.);
#12927 = EDGE_CURVE('',#12751,#12928,#12930,.T.);
#12928 = VERTEX_POINT('',#12929);
#12929 = CARTESIAN_POINT('',(0.705,-1.45,0.75));
#12930 = B_SPLINE_CURVE_WITH_KNOTS('',1,(#12931,#12932),.UNSPECIFIED.,
  .F.,.F.,(2,2),(0.,1.),.PIECEWISE_BEZIER_KNOTS.);
#12931 = CARTESIAN_POINT('',(0.659324228722,-1.358648457443,0.1));
#12932 = CARTESIAN_POINT('',(0.705,-1.45,0.75));
#12933 = ORIENTED_EDGE('',*,*,#12934,.F.);
#12934 = EDGE_CURVE('',#12873,#12928,#12935,.T.);
#12935 = LINE('',#12936,#12937);
#12936 = CARTESIAN_POINT('',(0.8,-1.355,0.75));
#12937 = VECTOR('',#12938,1.);
#12938 = DIRECTION('',(-0.707106781187,-0.707106781187,0.));
#12939 = ORIENTED_EDGE('',*,*,#12872,.F.);
#12940 = B_SPLINE_SURFACE_WITH_KNOTS('',1,1,(
    (#12941,#12942)
    ,(#12943,#12944
    )),.UNSPECIFIED.,.F.,.F.,.F.,(2,2),(2,2),(0.,0.134350288425),(0.,1.)
  ,.PIECEWISE_BEZIER_KNOTS.);
#12941 = CARTESIAN_POINT('',(0.708648457443,-1.309324228722,0.1));
#12942 = CARTESIAN_POINT('',(0.8,-1.355,0.75));
#12943 = CARTESIAN_POINT('',(0.659324228722,-1.358648457443,0.1));
#12944 = CARTESIAN_POINT('',(0.705,-1.45,0.75));
#12945 = ADVANCED_FACE('',(#12946),#12963,.F.);
#12946 = FACE_BOUND('',#12947,.F.);
#12947 = EDGE_LOOP('',(#12948,#12949,#12956,#12962));
#12948 = ORIENTED_EDGE('',*,*,#12758,.T.);
#12949 = ORIENTED_EDGE('',*,*,#12950,.T.);
#12950 = EDGE_CURVE('',#12759,#12951,#12953,.T.);
#12951 = VERTEX_POINT('',#12952);
#12952 = CARTESIAN_POINT('',(-0.705,-1.45,0.75));
#12953 = B_SPLINE_CURVE_WITH_KNOTS('',1,(#12954,#12955),.UNSPECIFIED.,
  .F.,.F.,(2,2),(0.,1.),.PIECEWISE_BEZIER_KNOTS.);
#12954 = CARTESIAN_POINT('',(-0.659324228722,-1.358648457443,0.1));
#12955 = CARTESIAN_POINT('',(-0.705,-1.45,0.75));
#12956 = ORIENTED_EDGE('',*,*,#12957,.F.);
#12957 = EDGE_CURVE('',#12928,#12951,#12958,.T.);
#12958 = LINE('',#12959,#12960);
#12959 = CARTESIAN_POINT('',(0.705,-1.45,0.75));
#12960 = VECTOR('',#12961,1.);
#12961 = DIRECTION('',(-1.,-2.22044604925E-16,0.));
#12962 = ORIENTED_EDGE('',*,*,#12927,.F.);
#12963 = B_SPLINE_SURFACE_WITH_KNOTS('',1,1,(
    (#12964,#12965)
    ,(#12966,#12967
    )),.UNSPECIFIED.,.F.,.F.,.F.,(2,2),(2,2),(0.,1.41),(0.,1.),
  .PIECEWISE_BEZIER_KNOTS.);
#12964 = CARTESIAN_POINT('',(0.659324228722,-1.358648457443,0.1));
#12965 = CARTESIAN_POINT('',(0.705,-1.45,0.75));
#12966 = CARTESIAN_POINT('',(-0.659324228722,-1.358648457443,0.1));
#12967 = CARTESIAN_POINT('',(-0.705,-1.45,0.75));
#12968 = ADVANCED_FACE('',(#12969),#12986,.F.);
#12969 = FACE_BOUND('',#12970,.F.);
#12970 = EDGE_LOOP('',(#12971,#12972,#12979,#12985));
#12971 = ORIENTED_EDGE('',*,*,#12766,.T.);
#12972 = ORIENTED_EDGE('',*,*,#12973,.T.);
#12973 = EDGE_CURVE('',#12767,#12974,#12976,.T.);
#12974 = VERTEX_POINT('',#12975);
#12975 = CARTESIAN_POINT('',(-0.8,-1.355,0.75));
#12976 = B_SPLINE_CURVE_WITH_KNOTS('',1,(#12977,#12978),.UNSPECIFIED.,
  .F.,.F.,(2,2),(0.,1.),.PIECEWISE_BEZIER_KNOTS.);
#12977 = CARTESIAN_POINT('',(-0.708648457443,-1.309324228722,0.1));
#12978 = CARTESIAN_POINT('',(-0.8,-1.355,0.75));
#12979 = ORIENTED_EDGE('',*,*,#12980,.F.);
#12980 = EDGE_CURVE('',#12951,#12974,#12981,.T.);
#12981 = LINE('',#12982,#12983);
#12982 = CARTESIAN_POINT('',(-0.705,-1.45,0.75));
#12983 = VECTOR('',#12984,1.);
#12984 = DIRECTION('',(-0.707106781187,0.707106781187,0.));
#12985 = ORIENTED_EDGE('',*,*,#12950,.F.);
#12986 = B_SPLINE_SURFACE_WITH_KNOTS('',1,1,(
    (#12987,#12988)
    ,(#12989,#12990
    )),.UNSPECIFIED.,.F.,.F.,.F.,(2,2),(2,2),(0.,0.134350288425),(0.,1.)
  ,.PIECEWISE_BEZIER_KNOTS.);
#12987 = CARTESIAN_POINT('',(-0.659324228722,-1.358648457443,0.1));
#12988 = CARTESIAN_POINT('',(-0.705,-1.45,0.75));
#12989 = CARTESIAN_POINT('',(-0.708648457443,-1.309324228722,0.1));
#12990 = CARTESIAN_POINT('',(-0.8,-1.355,0.75));
#12991 = ADVANCED_FACE('',(#12992),#13051,.F.);
#12992 = FACE_BOUND('',#12993,.F.);
#12993 = EDGE_LOOP('',(#12994,#12995,#12996,#13004,#13012,#13020,#13028,
    #13036,#13044,#13050));
#12994 = ORIENTED_EDGE('',*,*,#12774,.T.);
#12995 = ORIENTED_EDGE('',*,*,#12858,.T.);
#12996 = ORIENTED_EDGE('',*,*,#12997,.F.);
#12997 = EDGE_CURVE('',#12998,#12851,#13000,.T.);
#12998 = VERTEX_POINT('',#12999);
#12999 = CARTESIAN_POINT('',(-0.8,1.2,0.75));
#13000 = LINE('',#13001,#13002);
#13001 = CARTESIAN_POINT('',(-0.8,-1.355,0.75));
#13002 = VECTOR('',#13003,1.);
#13003 = DIRECTION('',(-2.22044604925E-16,1.,0.));
#13004 = ORIENTED_EDGE('',*,*,#13005,.F.);
#13005 = EDGE_CURVE('',#13006,#12998,#13008,.T.);
#13006 = VERTEX_POINT('',#13007);
#13007 = CARTESIAN_POINT('',(-0.8,0.7,0.75));
#13008 = LINE('',#13009,#13010);
#13009 = CARTESIAN_POINT('',(-0.8,-1.355,0.75));
#13010 = VECTOR('',#13011,1.);
#13011 = DIRECTION('',(-2.22044604925E-16,1.,0.));
#13012 = ORIENTED_EDGE('',*,*,#13013,.F.);
#13013 = EDGE_CURVE('',#13014,#13006,#13016,.T.);
#13014 = VERTEX_POINT('',#13015);
#13015 = CARTESIAN_POINT('',(-0.8,0.25,0.75));
#13016 = LINE('',#13017,#13018);
#13017 = CARTESIAN_POINT('',(-0.8,-1.355,0.75));
#13018 = VECTOR('',#13019,1.);
#13019 = DIRECTION('',(-2.22044604925E-16,1.,0.));
#13020 = ORIENTED_EDGE('',*,*,#13021,.F.);
#13021 = EDGE_CURVE('',#13022,#13014,#13024,.T.);
#13022 = VERTEX_POINT('',#13023);
#13023 = CARTESIAN_POINT('',(-0.8,-0.25,0.75));
#13024 = LINE('',#13025,#13026);
#13025 = CARTESIAN_POINT('',(-0.8,-1.355,0.75));
#13026 = VECTOR('',#13027,1.);
#13027 = DIRECTION('',(-2.22044604925E-16,1.,0.));
#13028 = ORIENTED_EDGE('',*,*,#13029,.F.);
#13029 = EDGE_CURVE('',#13030,#13022,#13032,.T.);
#13030 = VERTEX_POINT('',#13031);
#13031 = CARTESIAN_POINT('',(-0.8,-0.7,0.75));
#13032 = LINE('',#13033,#13034);
#13033 = CARTESIAN_POINT('',(-0.8,-1.355,0.75));
#13034 = VECTOR('',#13035,1.);
#13035 = DIRECTION('',(-2.22044604925E-16,1.,0.));
#13036 = ORIENTED_EDGE('',*,*,#13037,.F.);
#13037 = EDGE_CURVE('',#13038,#13030,#13040,.T.);
#13038 = VERTEX_POINT('',#13039);
#13039 = CARTESIAN_POINT('',(-0.8,-1.2,0.75));
#13040 = LINE('',#13041,#13042);
#13041 = CARTESIAN_POINT('',(-0.8,-1.355,0.75));
#13042 = VECTOR('',#13043,1.);
#13043 = DIRECTION('',(-2.22044604925E-16,1.,0.));
#13044 = ORIENTED_EDGE('',*,*,#13045,.F.);
#13045 = EDGE_CURVE('',#12974,#13038,#13046,.T.);
#13046 = LINE('',#13047,#13048);
#13047 = CARTESIAN_POINT('',(-0.8,-1.355,0.75));
#13048 = VECTOR('',#13049,1.);
#13049 = DIRECTION('',(-2.22044604925E-16,1.,0.));
#13050 = ORIENTED_EDGE('',*,*,#12973,.F.);
#13051 = B_SPLINE_SURFACE_WITH_KNOTS('',1,1,(
    (#13052,#13053)
    ,(#13054,#13055
    )),.UNSPECIFIED.,.F.,.F.,.F.,(2,2),(2,2),(0.,2.71),(0.,1.),
  .PIECEWISE_BEZIER_KNOTS.);
#13052 = CARTESIAN_POINT('',(-0.708648457443,-1.309324228722,0.1));
#13053 = CARTESIAN_POINT('',(-0.8,-1.355,0.75));
#13054 = CARTESIAN_POINT('',(-0.708648457443,1.309324228722,0.1));
#13055 = CARTESIAN_POINT('',(-0.8,1.355,0.75));
#13056 = ADVANCED_FACE('',(#13057),#13074,.F.);
#13057 = FACE_BOUND('',#13058,.F.);
#13058 = EDGE_LOOP('',(#13059,#13060,#13067,#13073));
#13059 = ORIENTED_EDGE('',*,*,#12804,.T.);
#13060 = ORIENTED_EDGE('',*,*,#13061,.T.);
#13061 = EDGE_CURVE('',#12798,#13062,#13064,.T.);
#13062 = VERTEX_POINT('',#13063);
#13063 = CARTESIAN_POINT('',(0.8,1.355,0.9));
#13064 = B_SPLINE_CURVE_WITH_KNOTS('',1,(#13065,#13066),.UNSPECIFIED.,
  .F.,.F.,(2,2),(0.,1.),.PIECEWISE_BEZIER_KNOTS.);
#13065 = CARTESIAN_POINT('',(0.8,1.355,0.75));
#13066 = CARTESIAN_POINT('',(0.8,1.355,0.9));
#13067 = ORIENTED_EDGE('',*,*,#13068,.F.);
#13068 = EDGE_CURVE('',#12821,#13062,#13069,.T.);
#13069 = LINE('',#13070,#13071);
#13070 = CARTESIAN_POINT('',(0.705,1.45,0.9));
#13071 = VECTOR('',#13072,1.);
#13072 = DIRECTION('',(0.707106781187,-0.707106781187,0.));
#13073 = ORIENTED_EDGE('',*,*,#12820,.F.);
#13074 = PLANE('',#13075);
#13075 = AXIS2_PLACEMENT_3D('',#13076,#13077,#13078);
#13076 = CARTESIAN_POINT('',(0.705,1.45,0.9));
#13077 = DIRECTION('',(-0.707106781187,-0.707106781187,0.));
#13078 = DIRECTION('',(0.707106781187,-0.707106781187,0.));
#13079 = ADVANCED_FACE('',(#13080),#13103,.F.);
#13080 = FACE_BOUND('',#13081,.F.);
#13081 = EDGE_LOOP('',(#13082,#13083,#13090,#13098));
#13082 = ORIENTED_EDGE('',*,*,#12827,.T.);
#13083 = ORIENTED_EDGE('',*,*,#13084,.T.);
#13084 = EDGE_CURVE('',#12821,#13085,#13087,.T.);
#13085 = VERTEX_POINT('',#13086);
#13086 = CARTESIAN_POINT('',(0.6925,1.425,0.9));
#13087 = B_SPLINE_CURVE_WITH_KNOTS('',1,(#13088,#13089),.UNSPECIFIED.,
  .F.,.F.,(2,2),(0.,1.),.PIECEWISE_BEZIER_KNOTS.);
#13088 = CARTESIAN_POINT('',(0.705,1.45,0.9));
#13089 = CARTESIAN_POINT('',(0.6925,1.425,0.9));
#13090 = ORIENTED_EDGE('',*,*,#13091,.F.);
#13091 = EDGE_CURVE('',#13092,#13085,#13094,.T.);
#13092 = VERTEX_POINT('',#13093);
#13093 = CARTESIAN_POINT('',(-0.6925,1.425,0.9));
#13094 = LINE('',#13095,#13096);
#13095 = CARTESIAN_POINT('',(-0.6925,1.425,0.9));
#13096 = VECTOR('',#13097,1.);
#13097 = DIRECTION('',(1.,2.22044604925E-16,0.));
#13098 = ORIENTED_EDGE('',*,*,#13099,.F.);
#13099 = EDGE_CURVE('',#12828,#13092,#13100,.T.);
#13100 = B_SPLINE_CURVE_WITH_KNOTS('',1,(#13101,#13102),.UNSPECIFIED.,
  .F.,.F.,(2,2),(0.,1.),.PIECEWISE_BEZIER_KNOTS.);
#13101 = CARTESIAN_POINT('',(-0.705,1.45,0.9));
#13102 = CARTESIAN_POINT('',(-0.6925,1.425,0.9));
#13103 = B_SPLINE_SURFACE_WITH_KNOTS('',1,1,(
    (#13104,#13105)
    ,(#13106,#13107
    )),.UNSPECIFIED.,.F.,.F.,.F.,(2,2),(2,2),(0.,1.41),(0.,1.),
  .PIECEWISE_BEZIER_KNOTS.);
#13104 = CARTESIAN_POINT('',(-0.705,1.45,0.9));
#13105 = CARTESIAN_POINT('',(-0.6925,1.425,0.9));
#13106 = CARTESIAN_POINT('',(0.705,1.45,0.9));
#13107 = CARTESIAN_POINT('',(0.6925,1.425,0.9));
#13108 = ADVANCED_FACE('',(#13109),#13126,.F.);
#13109 = FACE_BOUND('',#13110,.F.);
#13110 = EDGE_LOOP('',(#13111,#13112,#13113,#13121));
#13111 = ORIENTED_EDGE('',*,*,#12850,.T.);
#13112 = ORIENTED_EDGE('',*,*,#12835,.T.);
#13113 = ORIENTED_EDGE('',*,*,#13114,.F.);
#13114 = EDGE_CURVE('',#13115,#12828,#13117,.T.);
#13115 = VERTEX_POINT('',#13116);
#13116 = CARTESIAN_POINT('',(-0.8,1.355,0.9));
#13117 = LINE('',#13118,#13119);
#13118 = CARTESIAN_POINT('',(-0.8,1.355,0.9));
#13119 = VECTOR('',#13120,1.);
#13120 = DIRECTION('',(0.707106781187,0.707106781187,0.));
#13121 = ORIENTED_EDGE('',*,*,#13122,.F.);
#13122 = EDGE_CURVE('',#12851,#13115,#13123,.T.);
#13123 = B_SPLINE_CURVE_WITH_KNOTS('',1,(#13124,#13125),.UNSPECIFIED.,
  .F.,.F.,(2,2),(0.,1.),.PIECEWISE_BEZIER_KNOTS.);
#13124 = CARTESIAN_POINT('',(-0.8,1.355,0.75));
#13125 = CARTESIAN_POINT('',(-0.8,1.355,0.9));
#13126 = PLANE('',#13127);
#13127 = AXIS2_PLACEMENT_3D('',#13128,#13129,#13130);
#13128 = CARTESIAN_POINT('',(-0.8,1.355,0.9));
#13129 = DIRECTION('',(0.707106781187,-0.707106781187,0.));
#13130 = DIRECTION('',(0.707106781187,0.707106781187,0.));
#13131 = ADVANCED_FACE('',(#13132),#13150,.F.);
#13132 = FACE_BOUND('',#13133,.F.);
#13133 = EDGE_LOOP('',(#13134,#13135,#13136,#13144));
#13134 = ORIENTED_EDGE('',*,*,#13061,.F.);
#13135 = ORIENTED_EDGE('',*,*,#12911,.T.);
#13136 = ORIENTED_EDGE('',*,*,#13137,.T.);
#13137 = EDGE_CURVE('',#12904,#13138,#13140,.T.);
#13138 = VERTEX_POINT('',#13139);
#13139 = CARTESIAN_POINT('',(0.8,1.2,0.9));
#13140 = LINE('',#13141,#13142);
#13141 = CARTESIAN_POINT('',(0.8,1.2,0.661544864752));
#13142 = VECTOR('',#13143,1.);
#13143 = DIRECTION('',(0.,0.,1.));
#13144 = ORIENTED_EDGE('',*,*,#13145,.F.);
#13145 = EDGE_CURVE('',#13062,#13138,#13146,.T.);
#13146 = LINE('',#13147,#13148);
#13147 = CARTESIAN_POINT('',(0.8,1.355,0.9));
#13148 = VECTOR('',#13149,1.);
#13149 = DIRECTION('',(2.22044604925E-16,-1.,0.));
#13150 = PLANE('',#13151);
#13151 = AXIS2_PLACEMENT_3D('',#13152,#13153,#13154);
#13152 = CARTESIAN_POINT('',(0.8,1.355,0.9));
#13153 = DIRECTION('',(-1.,-2.22044604925E-16,0.));
#13154 = DIRECTION('',(2.22044604925E-16,-1.,0.));
#13155 = ADVANCED_FACE('',(#13156),#13180,.F.);
#13156 = FACE_BOUND('',#13157,.F.);
#13157 = EDGE_LOOP('',(#13158,#13166,#13167,#13174));
#13158 = ORIENTED_EDGE('',*,*,#13159,.F.);
#13159 = EDGE_CURVE('',#12880,#13160,#13162,.T.);
#13160 = VERTEX_POINT('',#13161);
#13161 = CARTESIAN_POINT('',(0.8,-1.2,0.9));
#13162 = LINE('',#13163,#13164);
#13163 = CARTESIAN_POINT('',(0.8,-1.2,0.661544864752));
#13164 = VECTOR('',#13165,1.);
#13165 = DIRECTION('',(0.,0.,1.));
#13166 = ORIENTED_EDGE('',*,*,#12879,.T.);
#13167 = ORIENTED_EDGE('',*,*,#13168,.T.);
#13168 = EDGE_CURVE('',#12873,#13169,#13171,.T.);
#13169 = VERTEX_POINT('',#13170);
#13170 = CARTESIAN_POINT('',(0.8,-1.355,0.9));
#13171 = B_SPLINE_CURVE_WITH_KNOTS('',1,(#13172,#13173),.UNSPECIFIED.,
  .F.,.F.,(2,2),(0.,1.),.PIECEWISE_BEZIER_KNOTS.);
#13172 = CARTESIAN_POINT('',(0.8,-1.355,0.75));
#13173 = CARTESIAN_POINT('',(0.8,-1.355,0.9));
#13174 = ORIENTED_EDGE('',*,*,#13175,.F.);
#13175 = EDGE_CURVE('',#13160,#13169,#13176,.T.);
#13176 = LINE('',#13177,#13178);
#13177 = CARTESIAN_POINT('',(0.8,1.355,0.9));
#13178 = VECTOR('',#13179,1.);
#13179 = DIRECTION('',(2.22044604925E-16,-1.,0.));
#13180 = PLANE('',#13181);
#13181 = AXIS2_PLACEMENT_3D('',#13182,#13183,#13184);
#13182 = CARTESIAN_POINT('',(0.8,1.355,0.9));
#13183 = DIRECTION('',(-1.,-2.22044604925E-16,0.));
#13184 = DIRECTION('',(2.22044604925E-16,-1.,0.));
#13185 = ADVANCED_FACE('',(#13186),#13211,.F.);
#13186 = FACE_BOUND('',#13187,.F.);
#13187 = EDGE_LOOP('',(#13188,#13196,#13197,#13205));
#13188 = ORIENTED_EDGE('',*,*,#13189,.F.);
#13189 = EDGE_CURVE('',#12904,#13190,#13192,.T.);
#13190 = VERTEX_POINT('',#13191);
#13191 = CARTESIAN_POINT('',(0.85,1.2,0.75));
#13192 = LINE('',#13193,#13194);
#13193 = CARTESIAN_POINT('',(0.75,1.2,0.75));
#13194 = VECTOR('',#13195,1.);
#13195 = DIRECTION('',(1.,2.22044604925E-16,0.));
#13196 = ORIENTED_EDGE('',*,*,#12903,.T.);
#13197 = ORIENTED_EDGE('',*,*,#13198,.T.);
#13198 = EDGE_CURVE('',#12896,#13199,#13201,.T.);
#13199 = VERTEX_POINT('',#13200);
#13200 = CARTESIAN_POINT('',(0.85,0.7,0.75));
#13201 = LINE('',#13202,#13203);
#13202 = CARTESIAN_POINT('',(0.75,0.7,0.75));
#13203 = VECTOR('',#13204,1.);
#13204 = DIRECTION('',(1.,2.22044604925E-16,0.));
#13205 = ORIENTED_EDGE('',*,*,#13206,.F.);
#13206 = EDGE_CURVE('',#13190,#13199,#13207,.T.);
#13207 = LINE('',#13208,#13209);
#13208 = CARTESIAN_POINT('',(0.85,1.2,0.75));
#13209 = VECTOR('',#13210,1.);
#13210 = DIRECTION('',(2.22044604925E-16,-1.,0.));
#13211 = PLANE('',#13212);
#13212 = AXIS2_PLACEMENT_3D('',#13213,#13214,#13215);
#13213 = CARTESIAN_POINT('',(0.75,1.2,0.75));
#13214 = DIRECTION('',(0.,0.,1.));
#13215 = DIRECTION('',(1.,2.22044604925E-16,-0.));
#13216 = ADVANCED_FACE('',(#13217),#13242,.F.);
#13217 = FACE_BOUND('',#13218,.F.);
#13218 = EDGE_LOOP('',(#13219,#13227,#13228,#13236));
#13219 = ORIENTED_EDGE('',*,*,#13220,.F.);
#13220 = EDGE_CURVE('',#12888,#13221,#13223,.T.);
#13221 = VERTEX_POINT('',#13222);
#13222 = CARTESIAN_POINT('',(0.85,-0.7,0.75));
#13223 = LINE('',#13224,#13225);
#13224 = CARTESIAN_POINT('',(0.75,-0.7,0.75));
#13225 = VECTOR('',#13226,1.);
#13226 = DIRECTION('',(1.,2.22044604925E-16,0.));
#13227 = ORIENTED_EDGE('',*,*,#12887,.T.);
#13228 = ORIENTED_EDGE('',*,*,#13229,.T.);
#13229 = EDGE_CURVE('',#12880,#13230,#13232,.T.);
#13230 = VERTEX_POINT('',#13231);
#13231 = CARTESIAN_POINT('',(0.85,-1.2,0.75));
#13232 = LINE('',#13233,#13234);
#13233 = CARTESIAN_POINT('',(0.75,-1.2,0.75));
#13234 = VECTOR('',#13235,1.);
#13235 = DIRECTION('',(1.,2.22044604925E-16,0.));
#13236 = ORIENTED_EDGE('',*,*,#13237,.F.);
#13237 = EDGE_CURVE('',#13221,#13230,#13238,.T.);
#13238 = LINE('',#13239,#13240);
#13239 = CARTESIAN_POINT('',(0.85,-0.7,0.75));
#13240 = VECTOR('',#13241,1.);
#13241 = DIRECTION('',(2.22044604925E-16,-1.,0.));
#13242 = PLANE('',#13243);
#13243 = AXIS2_PLACEMENT_3D('',#13244,#13245,#13246);
#13244 = CARTESIAN_POINT('',(0.75,-0.7,0.75));
#13245 = DIRECTION('',(0.,0.,1.));
#13246 = DIRECTION('',(1.,2.22044604925E-16,-0.));
#13247 = ADVANCED_FACE('',(#13248),#13273,.F.);
#13248 = FACE_BOUND('',#13249,.F.);
#13249 = EDGE_LOOP('',(#13250,#13258,#13259,#13267));
#13250 = ORIENTED_EDGE('',*,*,#13251,.F.);
#13251 = EDGE_CURVE('',#12896,#13252,#13254,.T.);
#13252 = VERTEX_POINT('',#13253);
#13253 = CARTESIAN_POINT('',(0.8,0.7,0.9));
#13254 = LINE('',#13255,#13256);
#13255 = CARTESIAN_POINT('',(0.8,0.7,0.661544864752));
#13256 = VECTOR('',#13257,1.);
#13257 = DIRECTION('',(0.,0.,1.));
#13258 = ORIENTED_EDGE('',*,*,#12895,.T.);
#13259 = ORIENTED_EDGE('',*,*,#13260,.T.);
#13260 = EDGE_CURVE('',#12888,#13261,#13263,.T.);
#13261 = VERTEX_POINT('',#13262);
#13262 = CARTESIAN_POINT('',(0.8,-0.7,0.9));
#13263 = LINE('',#13264,#13265);
#13264 = CARTESIAN_POINT('',(0.8,-0.7,0.661544864752));
#13265 = VECTOR('',#13266,1.);
#13266 = DIRECTION('',(0.,0.,1.));
#13267 = ORIENTED_EDGE('',*,*,#13268,.F.);
#13268 = EDGE_CURVE('',#13252,#13261,#13269,.T.);
#13269 = LINE('',#13270,#13271);
#13270 = CARTESIAN_POINT('',(0.8,1.355,0.9));
#13271 = VECTOR('',#13272,1.);
#13272 = DIRECTION('',(2.22044604925E-16,-1.,0.));
#13273 = PLANE('',#13274);
#13274 = AXIS2_PLACEMENT_3D('',#13275,#13276,#13277);
#13275 = CARTESIAN_POINT('',(0.8,1.355,0.9));
#13276 = DIRECTION('',(-1.,-2.22044604925E-16,0.));
#13277 = DIRECTION('',(2.22044604925E-16,-1.,0.));
#13278 = ADVANCED_FACE('',(#13279),#13296,.F.);
#13279 = FACE_BOUND('',#13280,.F.);
#13280 = EDGE_LOOP('',(#13281,#13282,#13289,#13295));
#13281 = ORIENTED_EDGE('',*,*,#12934,.T.);
#13282 = ORIENTED_EDGE('',*,*,#13283,.T.);
#13283 = EDGE_CURVE('',#12928,#13284,#13286,.T.);
#13284 = VERTEX_POINT('',#13285);
#13285 = CARTESIAN_POINT('',(0.705,-1.45,0.9));
#13286 = B_SPLINE_CURVE_WITH_KNOTS('',1,(#13287,#13288),.UNSPECIFIED.,
  .F.,.F.,(2,2),(0.,1.),.PIECEWISE_BEZIER_KNOTS.);
#13287 = CARTESIAN_POINT('',(0.705,-1.45,0.75));
#13288 = CARTESIAN_POINT('',(0.705,-1.45,0.9));
#13289 = ORIENTED_EDGE('',*,*,#13290,.F.);
#13290 = EDGE_CURVE('',#13169,#13284,#13291,.T.);
#13291 = LINE('',#13292,#13293);
#13292 = CARTESIAN_POINT('',(0.8,-1.355,0.9));
#13293 = VECTOR('',#13294,1.);
#13294 = DIRECTION('',(-0.707106781187,-0.707106781187,0.));
#13295 = ORIENTED_EDGE('',*,*,#13168,.F.);
#13296 = PLANE('',#13297);
#13297 = AXIS2_PLACEMENT_3D('',#13298,#13299,#13300);
#13298 = CARTESIAN_POINT('',(0.8,-1.355,0.9));
#13299 = DIRECTION('',(-0.707106781187,0.707106781187,0.));
#13300 = DIRECTION('',(-0.707106781187,-0.707106781187,0.));
#13301 = ADVANCED_FACE('',(#13302),#13319,.F.);
#13302 = FACE_BOUND('',#13303,.F.);
#13303 = EDGE_LOOP('',(#13304,#13305,#13312,#13318));
#13304 = ORIENTED_EDGE('',*,*,#12957,.T.);
#13305 = ORIENTED_EDGE('',*,*,#13306,.T.);
#13306 = EDGE_CURVE('',#12951,#13307,#13309,.T.);
#13307 = VERTEX_POINT('',#13308);
#13308 = CARTESIAN_POINT('',(-0.705,-1.45,0.9));
#13309 = B_SPLINE_CURVE_WITH_KNOTS('',1,(#13310,#13311),.UNSPECIFIED.,
  .F.,.F.,(2,2),(0.,1.),.PIECEWISE_BEZIER_KNOTS.);
#13310 = CARTESIAN_POINT('',(-0.705,-1.45,0.75));
#13311 = CARTESIAN_POINT('',(-0.705,-1.45,0.9));
#13312 = ORIENTED_EDGE('',*,*,#13313,.F.);
#13313 = EDGE_CURVE('',#13284,#13307,#13314,.T.);
#13314 = LINE('',#13315,#13316);
#13315 = CARTESIAN_POINT('',(0.705,-1.45,0.9));
#13316 = VECTOR('',#13317,1.);
#13317 = DIRECTION('',(-1.,-2.22044604925E-16,0.));
#13318 = ORIENTED_EDGE('',*,*,#13283,.F.);
#13319 = PLANE('',#13320);
#13320 = AXIS2_PLACEMENT_3D('',#13321,#13322,#13323);
#13321 = CARTESIAN_POINT('',(0.705,-1.45,0.9));
#13322 = DIRECTION('',(-2.22044604925E-16,1.,0.));
#13323 = DIRECTION('',(-1.,-2.22044604925E-16,0.));
#13324 = ADVANCED_FACE('',(#13325),#13342,.F.);
#13325 = FACE_BOUND('',#13326,.F.);
#13326 = EDGE_LOOP('',(#13327,#13328,#13335,#13341));
#13327 = ORIENTED_EDGE('',*,*,#12980,.T.);
#13328 = ORIENTED_EDGE('',*,*,#13329,.T.);
#13329 = EDGE_CURVE('',#12974,#13330,#13332,.T.);
#13330 = VERTEX_POINT('',#13331);
#13331 = CARTESIAN_POINT('',(-0.8,-1.355,0.9));
#13332 = B_SPLINE_CURVE_WITH_KNOTS('',1,(#13333,#13334),.UNSPECIFIED.,
  .F.,.F.,(2,2),(0.,1.),.PIECEWISE_BEZIER_KNOTS.);
#13333 = CARTESIAN_POINT('',(-0.8,-1.355,0.75));
#13334 = CARTESIAN_POINT('',(-0.8,-1.355,0.9));
#13335 = ORIENTED_EDGE('',*,*,#13336,.F.);
#13336 = EDGE_CURVE('',#13307,#13330,#13337,.T.);
#13337 = LINE('',#13338,#13339);
#13338 = CARTESIAN_POINT('',(-0.705,-1.45,0.9));
#13339 = VECTOR('',#13340,1.);
#13340 = DIRECTION('',(-0.707106781187,0.707106781187,0.));
#13341 = ORIENTED_EDGE('',*,*,#13306,.F.);
#13342 = PLANE('',#13343);
#13343 = AXIS2_PLACEMENT_3D('',#13344,#13345,#13346);
#13344 = CARTESIAN_POINT('',(-0.705,-1.45,0.9));
#13345 = DIRECTION('',(0.707106781187,0.707106781187,0.));
#13346 = DIRECTION('',(-0.707106781187,0.707106781187,0.));
#13347 = ADVANCED_FACE('',(#13348),#13366,.F.);
#13348 = FACE_BOUND('',#13349,.F.);
#13349 = EDGE_LOOP('',(#13350,#13351,#13352,#13360));
#13350 = ORIENTED_EDGE('',*,*,#13329,.F.);
#13351 = ORIENTED_EDGE('',*,*,#13045,.T.);
#13352 = ORIENTED_EDGE('',*,*,#13353,.T.);
#13353 = EDGE_CURVE('',#13038,#13354,#13356,.T.);
#13354 = VERTEX_POINT('',#13355);
#13355 = CARTESIAN_POINT('',(-0.8,-1.2,0.9));
#13356 = LINE('',#13357,#13358);
#13357 = CARTESIAN_POINT('',(-0.8,-1.2,0.661544864752));
#13358 = VECTOR('',#13359,1.);
#13359 = DIRECTION('',(0.,0.,1.));
#13360 = ORIENTED_EDGE('',*,*,#13361,.F.);
#13361 = EDGE_CURVE('',#13330,#13354,#13362,.T.);
#13362 = LINE('',#13363,#13364);
#13363 = CARTESIAN_POINT('',(-0.8,-1.355,0.9));
#13364 = VECTOR('',#13365,1.);
#13365 = DIRECTION('',(-2.22044604925E-16,1.,0.));
#13366 = PLANE('',#13367);
#13367 = AXIS2_PLACEMENT_3D('',#13368,#13369,#13370);
#13368 = CARTESIAN_POINT('',(-0.8,-1.355,0.9));
#13369 = DIRECTION('',(1.,2.22044604925E-16,0.));
#13370 = DIRECTION('',(-2.22044604925E-16,1.,0.));
#13371 = ADVANCED_FACE('',(#13372),#13390,.F.);
#13372 = FACE_BOUND('',#13373,.F.);
#13373 = EDGE_LOOP('',(#13374,#13382,#13383,#13384));
#13374 = ORIENTED_EDGE('',*,*,#13375,.F.);
#13375 = EDGE_CURVE('',#12998,#13376,#13378,.T.);
#13376 = VERTEX_POINT('',#13377);
#13377 = CARTESIAN_POINT('',(-0.8,1.2,0.9));
#13378 = LINE('',#13379,#13380);
#13379 = CARTESIAN_POINT('',(-0.8,1.2,0.661544864752));
#13380 = VECTOR('',#13381,1.);
#13381 = DIRECTION('',(0.,0.,1.));
#13382 = ORIENTED_EDGE('',*,*,#12997,.T.);
#13383 = ORIENTED_EDGE('',*,*,#13122,.T.);
#13384 = ORIENTED_EDGE('',*,*,#13385,.F.);
#13385 = EDGE_CURVE('',#13376,#13115,#13386,.T.);
#13386 = LINE('',#13387,#13388);
#13387 = CARTESIAN_POINT('',(-0.8,-1.355,0.9));
#13388 = VECTOR('',#13389,1.);
#13389 = DIRECTION('',(-2.22044604925E-16,1.,0.));
#13390 = PLANE('',#13391);
#13391 = AXIS2_PLACEMENT_3D('',#13392,#13393,#13394);
#13392 = CARTESIAN_POINT('',(-0.8,-1.355,0.9));
#13393 = DIRECTION('',(1.,2.22044604925E-16,0.));
#13394 = DIRECTION('',(-2.22044604925E-16,1.,0.));
#13395 = ADVANCED_FACE('',(#13396),#13421,.F.);
#13396 = FACE_BOUND('',#13397,.F.);
#13397 = EDGE_LOOP('',(#13398,#13406,#13407,#13415));
#13398 = ORIENTED_EDGE('',*,*,#13399,.F.);
#13399 = EDGE_CURVE('',#13038,#13400,#13402,.T.);
#13400 = VERTEX_POINT('',#13401);
#13401 = CARTESIAN_POINT('',(-0.85,-1.2,0.75));
#13402 = LINE('',#13403,#13404);
#13403 = CARTESIAN_POINT('',(-0.75,-1.2,0.75));
#13404 = VECTOR('',#13405,1.);
#13405 = DIRECTION('',(-1.,-9.95799250103E-17,0.));
#13406 = ORIENTED_EDGE('',*,*,#13037,.T.);
#13407 = ORIENTED_EDGE('',*,*,#13408,.T.);
#13408 = EDGE_CURVE('',#13030,#13409,#13411,.T.);
#13409 = VERTEX_POINT('',#13410);
#13410 = CARTESIAN_POINT('',(-0.85,-0.7,0.75));
#13411 = LINE('',#13412,#13413);
#13412 = CARTESIAN_POINT('',(-0.75,-0.7,0.75));
#13413 = VECTOR('',#13414,1.);
#13414 = DIRECTION('',(-1.,-9.95799250103E-17,0.));
#13415 = ORIENTED_EDGE('',*,*,#13416,.F.);
#13416 = EDGE_CURVE('',#13400,#13409,#13417,.T.);
#13417 = LINE('',#13418,#13419);
#13418 = CARTESIAN_POINT('',(-0.85,-1.2,0.75));
#13419 = VECTOR('',#13420,1.);
#13420 = DIRECTION('',(-9.95799250103E-17,1.,0.));
#13421 = PLANE('',#13422);
#13422 = AXIS2_PLACEMENT_3D('',#13423,#13424,#13425);
#13423 = CARTESIAN_POINT('',(-0.75,-1.2,0.75));
#13424 = DIRECTION('',(0.,0.,1.));
#13425 = DIRECTION('',(-1.,-9.95799250103E-17,0.));
#13426 = ADVANCED_FACE('',(#13427),#13452,.F.);
#13427 = FACE_BOUND('',#13428,.F.);
#13428 = EDGE_LOOP('',(#13429,#13437,#13438,#13446));
#13429 = ORIENTED_EDGE('',*,*,#13430,.F.);
#13430 = EDGE_CURVE('',#13006,#13431,#13433,.T.);
#13431 = VERTEX_POINT('',#13432);
#13432 = CARTESIAN_POINT('',(-0.85,0.7,0.75));
#13433 = LINE('',#13434,#13435);
#13434 = CARTESIAN_POINT('',(-0.75,0.7,0.75));
#13435 = VECTOR('',#13436,1.);
#13436 = DIRECTION('',(-1.,-9.95799250103E-17,0.));
#13437 = ORIENTED_EDGE('',*,*,#13005,.T.);
#13438 = ORIENTED_EDGE('',*,*,#13439,.T.);
#13439 = EDGE_CURVE('',#12998,#13440,#13442,.T.);
#13440 = VERTEX_POINT('',#13441);
#13441 = CARTESIAN_POINT('',(-0.85,1.2,0.75));
#13442 = LINE('',#13443,#13444);
#13443 = CARTESIAN_POINT('',(-0.75,1.2,0.75));
#13444 = VECTOR('',#13445,1.);
#13445 = DIRECTION('',(-1.,-9.95799250103E-17,0.));
#13446 = ORIENTED_EDGE('',*,*,#13447,.F.);
#13447 = EDGE_CURVE('',#13431,#13440,#13448,.T.);
#13448 = LINE('',#13449,#13450);
#13449 = CARTESIAN_POINT('',(-0.85,0.7,0.75));
#13450 = VECTOR('',#13451,1.);
#13451 = DIRECTION('',(-9.95799250103E-17,1.,0.));
#13452 = PLANE('',#13453);
#13453 = AXIS2_PLACEMENT_3D('',#13454,#13455,#13456);
#13454 = CARTESIAN_POINT('',(-0.75,0.7,0.75));
#13455 = DIRECTION('',(0.,0.,1.));
#13456 = DIRECTION('',(-1.,-9.95799250103E-17,0.));
#13457 = ADVANCED_FACE('',(#13458),#13483,.F.);
#13458 = FACE_BOUND('',#13459,.F.);
#13459 = EDGE_LOOP('',(#13460,#13468,#13469,#13477));
#13460 = ORIENTED_EDGE('',*,*,#13461,.F.);
#13461 = EDGE_CURVE('',#13030,#13462,#13464,.T.);
#13462 = VERTEX_POINT('',#13463);
#13463 = CARTESIAN_POINT('',(-0.8,-0.7,0.9));
#13464 = LINE('',#13465,#13466);
#13465 = CARTESIAN_POINT('',(-0.8,-0.7,0.661544864752));
#13466 = VECTOR('',#13467,1.);
#13467 = DIRECTION('',(0.,0.,1.));
#13468 = ORIENTED_EDGE('',*,*,#13029,.T.);
#13469 = ORIENTED_EDGE('',*,*,#13470,.T.);
#13470 = EDGE_CURVE('',#13022,#13471,#13473,.T.);
#13471 = VERTEX_POINT('',#13472);
#13472 = CARTESIAN_POINT('',(-0.8,-0.25,0.9));
#13473 = LINE('',#13474,#13475);
#13474 = CARTESIAN_POINT('',(-0.8,-0.25,0.661544864752));
#13475 = VECTOR('',#13476,1.);
#13476 = DIRECTION('',(0.,0.,1.));
#13477 = ORIENTED_EDGE('',*,*,#13478,.F.);
#13478 = EDGE_CURVE('',#13462,#13471,#13479,.T.);
#13479 = LINE('',#13480,#13481);
#13480 = CARTESIAN_POINT('',(-0.8,-1.355,0.9));
#13481 = VECTOR('',#13482,1.);
#13482 = DIRECTION('',(-2.22044604925E-16,1.,0.));
#13483 = PLANE('',#13484);
#13484 = AXIS2_PLACEMENT_3D('',#13485,#13486,#13487);
#13485 = CARTESIAN_POINT('',(-0.8,-1.355,0.9));
#13486 = DIRECTION('',(1.,2.22044604925E-16,0.));
#13487 = DIRECTION('',(-2.22044604925E-16,1.,0.));
#13488 = ADVANCED_FACE('',(#13489),#13514,.F.);
#13489 = FACE_BOUND('',#13490,.F.);
#13490 = EDGE_LOOP('',(#13491,#13499,#13500,#13508));
#13491 = ORIENTED_EDGE('',*,*,#13492,.F.);
#13492 = EDGE_CURVE('',#13014,#13493,#13495,.T.);
#13493 = VERTEX_POINT('',#13494);
#13494 = CARTESIAN_POINT('',(-0.8,0.25,0.9));
#13495 = LINE('',#13496,#13497);
#13496 = CARTESIAN_POINT('',(-0.8,0.25,0.661544864752));
#13497 = VECTOR('',#13498,1.);
#13498 = DIRECTION('',(0.,0.,1.));
#13499 = ORIENTED_EDGE('',*,*,#13013,.T.);
#13500 = ORIENTED_EDGE('',*,*,#13501,.T.);
#13501 = EDGE_CURVE('',#13006,#13502,#13504,.T.);
#13502 = VERTEX_POINT('',#13503);
#13503 = CARTESIAN_POINT('',(-0.8,0.7,0.9));
#13504 = LINE('',#13505,#13506);
#13505 = CARTESIAN_POINT('',(-0.8,0.7,0.661544864752));
#13506 = VECTOR('',#13507,1.);
#13507 = DIRECTION('',(0.,0.,1.));
#13508 = ORIENTED_EDGE('',*,*,#13509,.F.);
#13509 = EDGE_CURVE('',#13493,#13502,#13510,.T.);
#13510 = LINE('',#13511,#13512);
#13511 = CARTESIAN_POINT('',(-0.8,-1.355,0.9));
#13512 = VECTOR('',#13513,1.);
#13513 = DIRECTION('',(-2.22044604925E-16,1.,0.));
#13514 = PLANE('',#13515);
#13515 = AXIS2_PLACEMENT_3D('',#13516,#13517,#13518);
#13516 = CARTESIAN_POINT('',(-0.8,-1.355,0.9));
#13517 = DIRECTION('',(1.,2.22044604925E-16,0.));
#13518 = DIRECTION('',(-2.22044604925E-16,1.,0.));
#13519 = ADVANCED_FACE('',(#13520),#13545,.F.);
#13520 = FACE_BOUND('',#13521,.F.);
#13521 = EDGE_LOOP('',(#13522,#13530,#13531,#13539));
#13522 = ORIENTED_EDGE('',*,*,#13523,.F.);
#13523 = EDGE_CURVE('',#13022,#13524,#13526,.T.);
#13524 = VERTEX_POINT('',#13525);
#13525 = CARTESIAN_POINT('',(-0.85,-0.25,0.75));
#13526 = LINE('',#13527,#13528);
#13527 = CARTESIAN_POINT('',(-0.75,-0.25,0.75));
#13528 = VECTOR('',#13529,1.);
#13529 = DIRECTION('',(-1.,-9.95799250103E-17,0.));
#13530 = ORIENTED_EDGE('',*,*,#13021,.T.);
#13531 = ORIENTED_EDGE('',*,*,#13532,.T.);
#13532 = EDGE_CURVE('',#13014,#13533,#13535,.T.);
#13533 = VERTEX_POINT('',#13534);
#13534 = CARTESIAN_POINT('',(-0.85,0.25,0.75));
#13535 = LINE('',#13536,#13537);
#13536 = CARTESIAN_POINT('',(-0.75,0.25,0.75));
#13537 = VECTOR('',#13538,1.);
#13538 = DIRECTION('',(-1.,-9.95799250103E-17,0.));
#13539 = ORIENTED_EDGE('',*,*,#13540,.F.);
#13540 = EDGE_CURVE('',#13524,#13533,#13541,.T.);
#13541 = LINE('',#13542,#13543);
#13542 = CARTESIAN_POINT('',(-0.85,-0.25,0.75));
#13543 = VECTOR('',#13544,1.);
#13544 = DIRECTION('',(-9.95799250103E-17,1.,0.));
#13545 = PLANE('',#13546);
#13546 = AXIS2_PLACEMENT_3D('',#13547,#13548,#13549);
#13547 = CARTESIAN_POINT('',(-0.75,-0.25,0.75));
#13548 = DIRECTION('',(0.,0.,1.));
#13549 = DIRECTION('',(-1.,-9.95799250103E-17,0.));
#13550 = ADVANCED_FACE('',(#13551),#13568,.F.);
#13551 = FACE_BOUND('',#13552,.F.);
#13552 = EDGE_LOOP('',(#13553,#13554,#13561,#13567));
#13553 = ORIENTED_EDGE('',*,*,#13068,.T.);
#13554 = ORIENTED_EDGE('',*,*,#13555,.T.);
#13555 = EDGE_CURVE('',#13062,#13556,#13558,.T.);
#13556 = VERTEX_POINT('',#13557);
#13557 = CARTESIAN_POINT('',(0.775,1.3425,0.9));
#13558 = B_SPLINE_CURVE_WITH_KNOTS('',1,(#13559,#13560),.UNSPECIFIED.,
  .F.,.F.,(2,2),(0.,1.),.PIECEWISE_BEZIER_KNOTS.);
#13559 = CARTESIAN_POINT('',(0.8,1.355,0.9));
#13560 = CARTESIAN_POINT('',(0.775,1.3425,0.9));
#13561 = ORIENTED_EDGE('',*,*,#13562,.F.);
#13562 = EDGE_CURVE('',#13085,#13556,#13563,.T.);
#13563 = LINE('',#13564,#13565);
#13564 = CARTESIAN_POINT('',(0.6925,1.425,0.9));
#13565 = VECTOR('',#13566,1.);
#13566 = DIRECTION('',(0.707106781187,-0.707106781187,0.));
#13567 = ORIENTED_EDGE('',*,*,#13084,.F.);
#13568 = B_SPLINE_SURFACE_WITH_KNOTS('',1,1,(
    (#13569,#13570)
    ,(#13571,#13572
    )),.UNSPECIFIED.,.F.,.F.,.F.,(2,2),(2,2),(0.,0.134350288425),(0.,1.)
  ,.PIECEWISE_BEZIER_KNOTS.);
#13569 = CARTESIAN_POINT('',(0.705,1.45,0.9));
#13570 = CARTESIAN_POINT('',(0.6925,1.425,0.9));
#13571 = CARTESIAN_POINT('',(0.8,1.355,0.9));
#13572 = CARTESIAN_POINT('',(0.775,1.3425,0.9));
#13573 = ADVANCED_FACE('',(#13574),#13597,.F.);
#13574 = FACE_BOUND('',#13575,.F.);
#13575 = EDGE_LOOP('',(#13576,#13577,#13584,#13592));
#13576 = ORIENTED_EDGE('',*,*,#13091,.T.);
#13577 = ORIENTED_EDGE('',*,*,#13578,.T.);
#13578 = EDGE_CURVE('',#13085,#13579,#13581,.T.);
#13579 = VERTEX_POINT('',#13580);
#13580 = CARTESIAN_POINT('',(0.646824228722,1.333648457443,1.55));
#13581 = B_SPLINE_CURVE_WITH_KNOTS('',1,(#13582,#13583),.UNSPECIFIED.,
  .F.,.F.,(2,2),(0.,1.),.PIECEWISE_BEZIER_KNOTS.);
#13582 = CARTESIAN_POINT('',(0.6925,1.425,0.9));
#13583 = CARTESIAN_POINT('',(0.646824228722,1.333648457443,1.55));
#13584 = ORIENTED_EDGE('',*,*,#13585,.F.);
#13585 = EDGE_CURVE('',#13586,#13579,#13588,.T.);
#13586 = VERTEX_POINT('',#13587);
#13587 = CARTESIAN_POINT('',(-0.646824228722,1.333648457443,1.55));
#13588 = LINE('',#13589,#13590);
#13589 = CARTESIAN_POINT('',(-0.646824228722,1.333648457443,1.55));
#13590 = VECTOR('',#13591,1.);
#13591 = DIRECTION('',(1.,2.22044604925E-16,0.));
#13592 = ORIENTED_EDGE('',*,*,#13593,.F.);
#13593 = EDGE_CURVE('',#13092,#13586,#13594,.T.);
#13594 = B_SPLINE_CURVE_WITH_KNOTS('',1,(#13595,#13596),.UNSPECIFIED.,
  .F.,.F.,(2,2),(0.,1.),.PIECEWISE_BEZIER_KNOTS.);
#13595 = CARTESIAN_POINT('',(-0.6925,1.425,0.9));
#13596 = CARTESIAN_POINT('',(-0.646824228722,1.333648457443,1.55));
#13597 = B_SPLINE_SURFACE_WITH_KNOTS('',1,1,(
    (#13598,#13599)
    ,(#13600,#13601
    )),.UNSPECIFIED.,.F.,.F.,.F.,(2,2),(2,2),(0.,1.385),(0.,1.),
  .PIECEWISE_BEZIER_KNOTS.);
#13598 = CARTESIAN_POINT('',(-0.6925,1.425,0.9));
#13599 = CARTESIAN_POINT('',(-0.646824228722,1.333648457443,1.55));
#13600 = CARTESIAN_POINT('',(0.6925,1.425,0.9));
#13601 = CARTESIAN_POINT('',(0.646824228722,1.333648457443,1.55));
#13602 = ADVANCED_FACE('',(#13603),#13620,.F.);
#13603 = FACE_BOUND('',#13604,.F.);
#13604 = EDGE_LOOP('',(#13605,#13606,#13607,#13615));
#13605 = ORIENTED_EDGE('',*,*,#13114,.T.);
#13606 = ORIENTED_EDGE('',*,*,#13099,.T.);
#13607 = ORIENTED_EDGE('',*,*,#13608,.F.);
#13608 = EDGE_CURVE('',#13609,#13092,#13611,.T.);
#13609 = VERTEX_POINT('',#13610);
#13610 = CARTESIAN_POINT('',(-0.775,1.3425,0.9));
#13611 = LINE('',#13612,#13613);
#13612 = CARTESIAN_POINT('',(-0.775,1.3425,0.9));
#13613 = VECTOR('',#13614,1.);
#13614 = DIRECTION('',(0.707106781187,0.707106781187,0.));
#13615 = ORIENTED_EDGE('',*,*,#13616,.F.);
#13616 = EDGE_CURVE('',#13115,#13609,#13617,.T.);
#13617 = B_SPLINE_CURVE_WITH_KNOTS('',1,(#13618,#13619),.UNSPECIFIED.,
  .F.,.F.,(2,2),(0.,1.),.PIECEWISE_BEZIER_KNOTS.);
#13618 = CARTESIAN_POINT('',(-0.8,1.355,0.9));
#13619 = CARTESIAN_POINT('',(-0.775,1.3425,0.9));
#13620 = B_SPLINE_SURFACE_WITH_KNOTS('',1,1,(
    (#13621,#13622)
    ,(#13623,#13624
    )),.UNSPECIFIED.,.F.,.F.,.F.,(2,2),(2,2),(0.,0.134350288425),(0.,1.)
  ,.PIECEWISE_BEZIER_KNOTS.);
#13621 = CARTESIAN_POINT('',(-0.8,1.355,0.9));
#13622 = CARTESIAN_POINT('',(-0.775,1.3425,0.9));
#13623 = CARTESIAN_POINT('',(-0.705,1.45,0.9));
#13624 = CARTESIAN_POINT('',(-0.6925,1.425,0.9));
#13625 = ADVANCED_FACE('',(#13626),#13644,.F.);
#13626 = FACE_BOUND('',#13627,.F.);
#13627 = EDGE_LOOP('',(#13628,#13629,#13630,#13638));
#13628 = ORIENTED_EDGE('',*,*,#13555,.F.);
#13629 = ORIENTED_EDGE('',*,*,#13145,.T.);
#13630 = ORIENTED_EDGE('',*,*,#13631,.T.);
#13631 = EDGE_CURVE('',#13138,#13632,#13634,.T.);
#13632 = VERTEX_POINT('',#13633);
#13633 = CARTESIAN_POINT('',(0.775,1.2,0.9));
#13634 = LINE('',#13635,#13636);
#13635 = CARTESIAN_POINT('',(0.85,1.2,0.9));
#13636 = VECTOR('',#13637,1.);
#13637 = DIRECTION('',(-1.,-2.22044604925E-16,0.));
#13638 = ORIENTED_EDGE('',*,*,#13639,.F.);
#13639 = EDGE_CURVE('',#13556,#13632,#13640,.T.);
#13640 = LINE('',#13641,#13642);
#13641 = CARTESIAN_POINT('',(0.775,1.3425,0.9));
#13642 = VECTOR('',#13643,1.);
#13643 = DIRECTION('',(2.22044604925E-16,-1.,0.));
#13644 = B_SPLINE_SURFACE_WITH_KNOTS('',1,1,(
    (#13645,#13646)
    ,(#13647,#13648
    )),.UNSPECIFIED.,.F.,.F.,.F.,(2,2),(2,2),(0.,2.71),(0.,1.),
  .PIECEWISE_BEZIER_KNOTS.);
#13645 = CARTESIAN_POINT('',(0.8,1.355,0.9));
#13646 = CARTESIAN_POINT('',(0.775,1.3425,0.9));
#13647 = CARTESIAN_POINT('',(0.8,-1.355,0.9));
#13648 = CARTESIAN_POINT('',(0.775,-1.3425,0.9));
#13649 = ADVANCED_FACE('',(#13650),#13736,.F.);
#13650 = FACE_BOUND('',#13651,.F.);
#13651 = EDGE_LOOP('',(#13652,#13653,#13654,#13663,#13671,#13680,#13688,
    #13696,#13704,#13713,#13721,#13730));
#13652 = ORIENTED_EDGE('',*,*,#13137,.F.);
#13653 = ORIENTED_EDGE('',*,*,#13189,.T.);
#13654 = ORIENTED_EDGE('',*,*,#13655,.T.);
#13655 = EDGE_CURVE('',#13190,#13656,#13658,.T.);
#13656 = VERTEX_POINT('',#13657);
#13657 = CARTESIAN_POINT('',(0.95,1.2,0.65));
#13658 = CIRCLE('',#13659,0.1);
#13659 = AXIS2_PLACEMENT_3D('',#13660,#13661,#13662);
#13660 = CARTESIAN_POINT('',(0.85,1.2,0.65));
#13661 = DIRECTION('',(-2.22044604925E-16,1.,0.));
#13662 = DIRECTION('',(-1.110223024625E-15,-2.465190328815E-31,1.));
#13663 = ORIENTED_EDGE('',*,*,#13664,.T.);
#13664 = EDGE_CURVE('',#13656,#13665,#13667,.T.);
#13665 = VERTEX_POINT('',#13666);
#13666 = CARTESIAN_POINT('',(0.95,1.2,0.25));
#13667 = LINE('',#13668,#13669);
#13668 = CARTESIAN_POINT('',(0.95,1.2,0.65));
#13669 = VECTOR('',#13670,1.);
#13670 = DIRECTION('',(0.,0.,-1.));
#13671 = ORIENTED_EDGE('',*,*,#13672,.T.);
#13672 = EDGE_CURVE('',#13665,#13673,#13675,.T.);
#13673 = VERTEX_POINT('',#13674);
#13674 = CARTESIAN_POINT('',(1.2,1.2,0.));
#13675 = CIRCLE('',#13676,0.25);
#13676 = AXIS2_PLACEMENT_3D('',#13677,#13678,#13679);
#13677 = CARTESIAN_POINT('',(1.2,1.2,0.25));
#13678 = DIRECTION('',(2.22044604925E-16,-1.,0.));
#13679 = DIRECTION('',(-1.,-2.22044604925E-16,-4.440892098501E-16));
#13680 = ORIENTED_EDGE('',*,*,#13681,.T.);
#13681 = EDGE_CURVE('',#13673,#13682,#13684,.T.);
#13682 = VERTEX_POINT('',#13683);
#13683 = CARTESIAN_POINT('',(1.4,1.2,0.));
#13684 = LINE('',#13685,#13686);
#13685 = CARTESIAN_POINT('',(1.2,1.2,0.));
#13686 = VECTOR('',#13687,1.);
#13687 = DIRECTION('',(1.,2.22044604925E-16,0.));
#13688 = ORIENTED_EDGE('',*,*,#13689,.T.);
#13689 = EDGE_CURVE('',#13682,#13690,#13692,.T.);
#13690 = VERTEX_POINT('',#13691);
#13691 = CARTESIAN_POINT('',(1.4,1.2,0.15));
#13692 = LINE('',#13693,#13694);
#13693 = CARTESIAN_POINT('',(1.4,1.2,0.));
#13694 = VECTOR('',#13695,1.);
#13695 = DIRECTION('',(0.,0.,1.));
#13696 = ORIENTED_EDGE('',*,*,#13697,.T.);
#13697 = EDGE_CURVE('',#13690,#13698,#13700,.T.);
#13698 = VERTEX_POINT('',#13699);
#13699 = CARTESIAN_POINT('',(1.2,1.2,0.15));
#13700 = LINE('',#13701,#13702);
#13701 = CARTESIAN_POINT('',(1.4,1.2,0.15));
#13702 = VECTOR('',#13703,1.);
#13703 = DIRECTION('',(-1.,-2.22044604925E-16,0.));
#13704 = ORIENTED_EDGE('',*,*,#13705,.T.);
#13705 = EDGE_CURVE('',#13698,#13706,#13708,.T.);
#13706 = VERTEX_POINT('',#13707);
#13707 = CARTESIAN_POINT('',(1.1,1.2,0.25));
#13708 = CIRCLE('',#13709,0.1);
#13709 = AXIS2_PLACEMENT_3D('',#13710,#13711,#13712);
#13710 = CARTESIAN_POINT('',(1.2,1.2,0.25));
#13711 = DIRECTION('',(-2.22044604925E-16,1.,0.));
#13712 = DIRECTION('',(0.,0.,-1.));
#13713 = ORIENTED_EDGE('',*,*,#13714,.T.);
#13714 = EDGE_CURVE('',#13706,#13715,#13717,.T.);
#13715 = VERTEX_POINT('',#13716);
#13716 = CARTESIAN_POINT('',(1.1,1.2,0.65));
#13717 = LINE('',#13718,#13719);
#13718 = CARTESIAN_POINT('',(1.1,1.2,0.25));
#13719 = VECTOR('',#13720,1.);
#13720 = DIRECTION('',(0.,0.,1.));
#13721 = ORIENTED_EDGE('',*,*,#13722,.T.);
#13722 = EDGE_CURVE('',#13715,#13723,#13725,.T.);
#13723 = VERTEX_POINT('',#13724);
#13724 = CARTESIAN_POINT('',(0.85,1.2,0.9));
#13725 = CIRCLE('',#13726,0.25);
#13726 = AXIS2_PLACEMENT_3D('',#13727,#13728,#13729);
#13727 = CARTESIAN_POINT('',(0.85,1.2,0.65));
#13728 = DIRECTION('',(2.22044604925E-16,-1.,0.));
#13729 = DIRECTION('',(1.,2.22044604925E-16,1.33226762955E-15));
#13730 = ORIENTED_EDGE('',*,*,#13731,.T.);
#13731 = EDGE_CURVE('',#13723,#13138,#13732,.T.);
#13732 = LINE('',#13733,#13734);
#13733 = CARTESIAN_POINT('',(0.85,1.2,0.9));
#13734 = VECTOR('',#13735,1.);
#13735 = DIRECTION('',(-1.,-2.22044604925E-16,0.));
#13736 = PLANE('',#13737);
#13737 = AXIS2_PLACEMENT_3D('',#13738,#13739,#13740);
#13738 = CARTESIAN_POINT('',(1.05370428853,1.2,0.423089729504));
#13739 = DIRECTION('',(2.22044604925E-16,-1.,0.));
#13740 = DIRECTION('',(0.,0.,1.));
#13741 = ADVANCED_FACE('',(#13742),#13828,.T.);
#13742 = FACE_BOUND('',#13743,.T.);
#13743 = EDGE_LOOP('',(#13744,#13745,#13746,#13755,#13763,#13772,#13780,
    #13788,#13796,#13805,#13813,#13822));
#13744 = ORIENTED_EDGE('',*,*,#13159,.F.);
#13745 = ORIENTED_EDGE('',*,*,#13229,.T.);
#13746 = ORIENTED_EDGE('',*,*,#13747,.T.);
#13747 = EDGE_CURVE('',#13230,#13748,#13750,.T.);
#13748 = VERTEX_POINT('',#13749);
#13749 = CARTESIAN_POINT('',(0.95,-1.2,0.65));
#13750 = CIRCLE('',#13751,0.1);
#13751 = AXIS2_PLACEMENT_3D('',#13752,#13753,#13754);
#13752 = CARTESIAN_POINT('',(0.85,-1.2,0.65));
#13753 = DIRECTION('',(-2.22044604925E-16,1.,0.));
#13754 = DIRECTION('',(-1.110223024625E-15,-2.465190328815E-31,1.));
#13755 = ORIENTED_EDGE('',*,*,#13756,.T.);
#13756 = EDGE_CURVE('',#13748,#13757,#13759,.T.);
#13757 = VERTEX_POINT('',#13758);
#13758 = CARTESIAN_POINT('',(0.95,-1.2,0.25));
#13759 = LINE('',#13760,#13761);
#13760 = CARTESIAN_POINT('',(0.95,-1.2,0.65));
#13761 = VECTOR('',#13762,1.);
#13762 = DIRECTION('',(0.,0.,-1.));
#13763 = ORIENTED_EDGE('',*,*,#13764,.T.);
#13764 = EDGE_CURVE('',#13757,#13765,#13767,.T.);
#13765 = VERTEX_POINT('',#13766);
#13766 = CARTESIAN_POINT('',(1.2,-1.2,0.));
#13767 = CIRCLE('',#13768,0.25);
#13768 = AXIS2_PLACEMENT_3D('',#13769,#13770,#13771);
#13769 = CARTESIAN_POINT('',(1.2,-1.2,0.25));
#13770 = DIRECTION('',(2.22044604925E-16,-1.,0.));
#13771 = DIRECTION('',(-1.,-2.22044604925E-16,-4.440892098501E-16));
#13772 = ORIENTED_EDGE('',*,*,#13773,.T.);
#13773 = EDGE_CURVE('',#13765,#13774,#13776,.T.);
#13774 = VERTEX_POINT('',#13775);
#13775 = CARTESIAN_POINT('',(1.4,-1.2,0.));
#13776 = LINE('',#13777,#13778);
#13777 = CARTESIAN_POINT('',(1.2,-1.2,0.));
#13778 = VECTOR('',#13779,1.);
#13779 = DIRECTION('',(1.,2.22044604925E-16,0.));
#13780 = ORIENTED_EDGE('',*,*,#13781,.T.);
#13781 = EDGE_CURVE('',#13774,#13782,#13784,.T.);
#13782 = VERTEX_POINT('',#13783);
#13783 = CARTESIAN_POINT('',(1.4,-1.2,0.15));
#13784 = LINE('',#13785,#13786);
#13785 = CARTESIAN_POINT('',(1.4,-1.2,0.));
#13786 = VECTOR('',#13787,1.);
#13787 = DIRECTION('',(0.,0.,1.));
#13788 = ORIENTED_EDGE('',*,*,#13789,.T.);
#13789 = EDGE_CURVE('',#13782,#13790,#13792,.T.);
#13790 = VERTEX_POINT('',#13791);
#13791 = CARTESIAN_POINT('',(1.2,-1.2,0.15));
#13792 = LINE('',#13793,#13794);
#13793 = CARTESIAN_POINT('',(1.4,-1.2,0.15));
#13794 = VECTOR('',#13795,1.);
#13795 = DIRECTION('',(-1.,-2.22044604925E-16,0.));
#13796 = ORIENTED_EDGE('',*,*,#13797,.T.);
#13797 = EDGE_CURVE('',#13790,#13798,#13800,.T.);
#13798 = VERTEX_POINT('',#13799);
#13799 = CARTESIAN_POINT('',(1.1,-1.2,0.25));
#13800 = CIRCLE('',#13801,0.1);
#13801 = AXIS2_PLACEMENT_3D('',#13802,#13803,#13804);
#13802 = CARTESIAN_POINT('',(1.2,-1.2,0.25));
#13803 = DIRECTION('',(-2.22044604925E-16,1.,0.));
#13804 = DIRECTION('',(0.,0.,-1.));
#13805 = ORIENTED_EDGE('',*,*,#13806,.T.);
#13806 = EDGE_CURVE('',#13798,#13807,#13809,.T.);
#13807 = VERTEX_POINT('',#13808);
#13808 = CARTESIAN_POINT('',(1.1,-1.2,0.65));
#13809 = LINE('',#13810,#13811);
#13810 = CARTESIAN_POINT('',(1.1,-1.2,0.25));
#13811 = VECTOR('',#13812,1.);
#13812 = DIRECTION('',(0.,0.,1.));
#13813 = ORIENTED_EDGE('',*,*,#13814,.T.);
#13814 = EDGE_CURVE('',#13807,#13815,#13817,.T.);
#13815 = VERTEX_POINT('',#13816);
#13816 = CARTESIAN_POINT('',(0.85,-1.2,0.9));
#13817 = CIRCLE('',#13818,0.25);
#13818 = AXIS2_PLACEMENT_3D('',#13819,#13820,#13821);
#13819 = CARTESIAN_POINT('',(0.85,-1.2,0.65));
#13820 = DIRECTION('',(2.22044604925E-16,-1.,0.));
#13821 = DIRECTION('',(1.,2.22044604925E-16,1.33226762955E-15));
#13822 = ORIENTED_EDGE('',*,*,#13823,.T.);
#13823 = EDGE_CURVE('',#13815,#13160,#13824,.T.);
#13824 = LINE('',#13825,#13826);
#13825 = CARTESIAN_POINT('',(0.85,-1.2,0.9));
#13826 = VECTOR('',#13827,1.);
#13827 = DIRECTION('',(-1.,-2.22044604925E-16,0.));
#13828 = PLANE('',#13829);
#13829 = AXIS2_PLACEMENT_3D('',#13830,#13831,#13832);
#13830 = CARTESIAN_POINT('',(1.05370428853,-1.2,0.423089729504));
#13831 = DIRECTION('',(2.22044604925E-16,-1.,0.));
#13832 = DIRECTION('',(0.,0.,1.));
#13833 = ADVANCED_FACE('',(#13834),#13858,.F.);
#13834 = FACE_BOUND('',#13835,.F.);
#13835 = EDGE_LOOP('',(#13836,#13844,#13845,#13852));
#13836 = ORIENTED_EDGE('',*,*,#13837,.F.);
#13837 = EDGE_CURVE('',#13160,#13838,#13840,.T.);
#13838 = VERTEX_POINT('',#13839);
#13839 = CARTESIAN_POINT('',(0.775,-1.2,0.9));
#13840 = LINE('',#13841,#13842);
#13841 = CARTESIAN_POINT('',(0.85,-1.2,0.9));
#13842 = VECTOR('',#13843,1.);
#13843 = DIRECTION('',(-1.,-2.22044604925E-16,0.));
#13844 = ORIENTED_EDGE('',*,*,#13175,.T.);
#13845 = ORIENTED_EDGE('',*,*,#13846,.T.);
#13846 = EDGE_CURVE('',#13169,#13847,#13849,.T.);
#13847 = VERTEX_POINT('',#13848);
#13848 = CARTESIAN_POINT('',(0.775,-1.3425,0.9));
#13849 = B_SPLINE_CURVE_WITH_KNOTS('',1,(#13850,#13851),.UNSPECIFIED.,
  .F.,.F.,(2,2),(0.,1.),.PIECEWISE_BEZIER_KNOTS.);
#13850 = CARTESIAN_POINT('',(0.8,-1.355,0.9));
#13851 = CARTESIAN_POINT('',(0.775,-1.3425,0.9));
#13852 = ORIENTED_EDGE('',*,*,#13853,.F.);
#13853 = EDGE_CURVE('',#13838,#13847,#13854,.T.);
#13854 = LINE('',#13855,#13856);
#13855 = CARTESIAN_POINT('',(0.775,1.3425,0.9));
#13856 = VECTOR('',#13857,1.);
#13857 = DIRECTION('',(2.22044604925E-16,-1.,0.));
#13858 = B_SPLINE_SURFACE_WITH_KNOTS('',1,1,(
    (#13859,#13860)
    ,(#13861,#13862
    )),.UNSPECIFIED.,.F.,.F.,.F.,(2,2),(2,2),(0.,2.71),(0.,1.),
  .PIECEWISE_BEZIER_KNOTS.);
#13859 = CARTESIAN_POINT('',(0.8,1.355,0.9));
#13860 = CARTESIAN_POINT('',(0.775,1.3425,0.9));
#13861 = CARTESIAN_POINT('',(0.8,-1.355,0.9));
#13862 = CARTESIAN_POINT('',(0.775,-1.3425,0.9));
#13863 = ADVANCED_FACE('',(#13864),#13883,.F.);
#13864 = FACE_BOUND('',#13865,.F.);
#13865 = EDGE_LOOP('',(#13866,#13867,#13876,#13882));
#13866 = ORIENTED_EDGE('',*,*,#13206,.T.);
#13867 = ORIENTED_EDGE('',*,*,#13868,.T.);
#13868 = EDGE_CURVE('',#13199,#13869,#13871,.T.);
#13869 = VERTEX_POINT('',#13870);
#13870 = CARTESIAN_POINT('',(0.95,0.7,0.65));
#13871 = CIRCLE('',#13872,0.1);
#13872 = AXIS2_PLACEMENT_3D('',#13873,#13874,#13875);
#13873 = CARTESIAN_POINT('',(0.85,0.7,0.65));
#13874 = DIRECTION('',(-2.22044604925E-16,1.,0.));
#13875 = DIRECTION('',(-1.110223024625E-15,-2.465190328815E-31,1.));
#13876 = ORIENTED_EDGE('',*,*,#13877,.F.);
#13877 = EDGE_CURVE('',#13656,#13869,#13878,.T.);
#13878 = LINE('',#13879,#13880);
#13879 = CARTESIAN_POINT('',(0.95,1.2,0.65));
#13880 = VECTOR('',#13881,1.);
#13881 = DIRECTION('',(2.22044604925E-16,-1.,0.));
#13882 = ORIENTED_EDGE('',*,*,#13655,.F.);
#13883 = CYLINDRICAL_SURFACE('',#13884,0.1);
#13884 = AXIS2_PLACEMENT_3D('',#13885,#13886,#13887);
#13885 = CARTESIAN_POINT('',(0.85,1.2,0.65));
#13886 = DIRECTION('',(-2.22044604925E-16,1.,0.));
#13887 = DIRECTION('',(-1.110223024625E-15,-2.465190328815E-31,1.));
#13888 = ADVANCED_FACE('',(#13889),#13967,.T.);
#13889 = FACE_BOUND('',#13890,.T.);
#13890 = EDGE_LOOP('',(#13891,#13892,#13893,#13894,#13902,#13911,#13919,
    #13927,#13935,#13944,#13952,#13961));
#13891 = ORIENTED_EDGE('',*,*,#13251,.F.);
#13892 = ORIENTED_EDGE('',*,*,#13198,.T.);
#13893 = ORIENTED_EDGE('',*,*,#13868,.T.);
#13894 = ORIENTED_EDGE('',*,*,#13895,.T.);
#13895 = EDGE_CURVE('',#13869,#13896,#13898,.T.);
#13896 = VERTEX_POINT('',#13897);
#13897 = CARTESIAN_POINT('',(0.95,0.7,0.25));
#13898 = LINE('',#13899,#13900);
#13899 = CARTESIAN_POINT('',(0.95,0.7,0.65));
#13900 = VECTOR('',#13901,1.);
#13901 = DIRECTION('',(0.,0.,-1.));
#13902 = ORIENTED_EDGE('',*,*,#13903,.T.);
#13903 = EDGE_CURVE('',#13896,#13904,#13906,.T.);
#13904 = VERTEX_POINT('',#13905);
#13905 = CARTESIAN_POINT('',(1.2,0.7,0.));
#13906 = CIRCLE('',#13907,0.25);
#13907 = AXIS2_PLACEMENT_3D('',#13908,#13909,#13910);
#13908 = CARTESIAN_POINT('',(1.2,0.7,0.25));
#13909 = DIRECTION('',(2.22044604925E-16,-1.,0.));
#13910 = DIRECTION('',(-1.,-2.22044604925E-16,-4.440892098501E-16));
#13911 = ORIENTED_EDGE('',*,*,#13912,.T.);
#13912 = EDGE_CURVE('',#13904,#13913,#13915,.T.);
#13913 = VERTEX_POINT('',#13914);
#13914 = CARTESIAN_POINT('',(1.4,0.7,0.));
#13915 = LINE('',#13916,#13917);
#13916 = CARTESIAN_POINT('',(1.2,0.7,0.));
#13917 = VECTOR('',#13918,1.);
#13918 = DIRECTION('',(1.,2.22044604925E-16,0.));
#13919 = ORIENTED_EDGE('',*,*,#13920,.T.);
#13920 = EDGE_CURVE('',#13913,#13921,#13923,.T.);
#13921 = VERTEX_POINT('',#13922);
#13922 = CARTESIAN_POINT('',(1.4,0.7,0.15));
#13923 = LINE('',#13924,#13925);
#13924 = CARTESIAN_POINT('',(1.4,0.7,0.));
#13925 = VECTOR('',#13926,1.);
#13926 = DIRECTION('',(0.,0.,1.));
#13927 = ORIENTED_EDGE('',*,*,#13928,.T.);
#13928 = EDGE_CURVE('',#13921,#13929,#13931,.T.);
#13929 = VERTEX_POINT('',#13930);
#13930 = CARTESIAN_POINT('',(1.2,0.7,0.15));
#13931 = LINE('',#13932,#13933);
#13932 = CARTESIAN_POINT('',(1.4,0.7,0.15));
#13933 = VECTOR('',#13934,1.);
#13934 = DIRECTION('',(-1.,-2.22044604925E-16,0.));
#13935 = ORIENTED_EDGE('',*,*,#13936,.T.);
#13936 = EDGE_CURVE('',#13929,#13937,#13939,.T.);
#13937 = VERTEX_POINT('',#13938);
#13938 = CARTESIAN_POINT('',(1.1,0.7,0.25));
#13939 = CIRCLE('',#13940,0.1);
#13940 = AXIS2_PLACEMENT_3D('',#13941,#13942,#13943);
#13941 = CARTESIAN_POINT('',(1.2,0.7,0.25));
#13942 = DIRECTION('',(-2.22044604925E-16,1.,0.));
#13943 = DIRECTION('',(0.,0.,-1.));
#13944 = ORIENTED_EDGE('',*,*,#13945,.T.);
#13945 = EDGE_CURVE('',#13937,#13946,#13948,.T.);
#13946 = VERTEX_POINT('',#13947);
#13947 = CARTESIAN_POINT('',(1.1,0.7,0.65));
#13948 = LINE('',#13949,#13950);
#13949 = CARTESIAN_POINT('',(1.1,0.7,0.25));
#13950 = VECTOR('',#13951,1.);
#13951 = DIRECTION('',(0.,0.,1.));
#13952 = ORIENTED_EDGE('',*,*,#13953,.T.);
#13953 = EDGE_CURVE('',#13946,#13954,#13956,.T.);
#13954 = VERTEX_POINT('',#13955);
#13955 = CARTESIAN_POINT('',(0.85,0.7,0.9));
#13956 = CIRCLE('',#13957,0.25);
#13957 = AXIS2_PLACEMENT_3D('',#13958,#13959,#13960);
#13958 = CARTESIAN_POINT('',(0.85,0.7,0.65));
#13959 = DIRECTION('',(2.22044604925E-16,-1.,0.));
#13960 = DIRECTION('',(1.,2.22044604925E-16,1.33226762955E-15));
#13961 = ORIENTED_EDGE('',*,*,#13962,.T.);
#13962 = EDGE_CURVE('',#13954,#13252,#13963,.T.);
#13963 = LINE('',#13964,#13965);
#13964 = CARTESIAN_POINT('',(0.85,0.7,0.9));
#13965 = VECTOR('',#13966,1.);
#13966 = DIRECTION('',(-1.,-2.22044604925E-16,0.));
#13967 = PLANE('',#13968);
#13968 = AXIS2_PLACEMENT_3D('',#13969,#13970,#13971);
#13969 = CARTESIAN_POINT('',(1.05370428853,0.7,0.423089729504));
#13970 = DIRECTION('',(2.22044604925E-16,-1.,0.));
#13971 = DIRECTION('',(0.,0.,1.));
#13972 = ADVANCED_FACE('',(#13973),#14059,.F.);
#13973 = FACE_BOUND('',#13974,.F.);
#13974 = EDGE_LOOP('',(#13975,#13976,#13977,#13986,#13994,#14003,#14011,
    #14019,#14027,#14036,#14044,#14053));
#13975 = ORIENTED_EDGE('',*,*,#13260,.F.);
#13976 = ORIENTED_EDGE('',*,*,#13220,.T.);
#13977 = ORIENTED_EDGE('',*,*,#13978,.T.);
#13978 = EDGE_CURVE('',#13221,#13979,#13981,.T.);
#13979 = VERTEX_POINT('',#13980);
#13980 = CARTESIAN_POINT('',(0.95,-0.7,0.65));
#13981 = CIRCLE('',#13982,0.1);
#13982 = AXIS2_PLACEMENT_3D('',#13983,#13984,#13985);
#13983 = CARTESIAN_POINT('',(0.85,-0.7,0.65));
#13984 = DIRECTION('',(-2.22044604925E-16,1.,0.));
#13985 = DIRECTION('',(-1.110223024625E-15,-2.465190328815E-31,1.));
#13986 = ORIENTED_EDGE('',*,*,#13987,.T.);
#13987 = EDGE_CURVE('',#13979,#13988,#13990,.T.);
#13988 = VERTEX_POINT('',#13989);
#13989 = CARTESIAN_POINT('',(0.95,-0.7,0.25));
#13990 = LINE('',#13991,#13992);
#13991 = CARTESIAN_POINT('',(0.95,-0.7,0.65));
#13992 = VECTOR('',#13993,1.);
#13993 = DIRECTION('',(0.,0.,-1.));
#13994 = ORIENTED_EDGE('',*,*,#13995,.T.);
#13995 = EDGE_CURVE('',#13988,#13996,#13998,.T.);
#13996 = VERTEX_POINT('',#13997);
#13997 = CARTESIAN_POINT('',(1.2,-0.7,0.));
#13998 = CIRCLE('',#13999,0.25);
#13999 = AXIS2_PLACEMENT_3D('',#14000,#14001,#14002);
#14000 = CARTESIAN_POINT('',(1.2,-0.7,0.25));
#14001 = DIRECTION('',(2.22044604925E-16,-1.,0.));
#14002 = DIRECTION('',(-1.,-2.22044604925E-16,-4.440892098501E-16));
#14003 = ORIENTED_EDGE('',*,*,#14004,.T.);
#14004 = EDGE_CURVE('',#13996,#14005,#14007,.T.);
#14005 = VERTEX_POINT('',#14006);
#14006 = CARTESIAN_POINT('',(1.4,-0.7,0.));
#14007 = LINE('',#14008,#14009);
#14008 = CARTESIAN_POINT('',(1.2,-0.7,0.));
#14009 = VECTOR('',#14010,1.);
#14010 = DIRECTION('',(1.,2.22044604925E-16,0.));
#14011 = ORIENTED_EDGE('',*,*,#14012,.T.);
#14012 = EDGE_CURVE('',#14005,#14013,#14015,.T.);
#14013 = VERTEX_POINT('',#14014);
#14014 = CARTESIAN_POINT('',(1.4,-0.7,0.15));
#14015 = LINE('',#14016,#14017);
#14016 = CARTESIAN_POINT('',(1.4,-0.7,0.));
#14017 = VECTOR('',#14018,1.);
#14018 = DIRECTION('',(0.,0.,1.));
#14019 = ORIENTED_EDGE('',*,*,#14020,.T.);
#14020 = EDGE_CURVE('',#14013,#14021,#14023,.T.);
#14021 = VERTEX_POINT('',#14022);
#14022 = CARTESIAN_POINT('',(1.2,-0.7,0.15));
#14023 = LINE('',#14024,#14025);
#14024 = CARTESIAN_POINT('',(1.4,-0.7,0.15));
#14025 = VECTOR('',#14026,1.);
#14026 = DIRECTION('',(-1.,-2.22044604925E-16,0.));
#14027 = ORIENTED_EDGE('',*,*,#14028,.T.);
#14028 = EDGE_CURVE('',#14021,#14029,#14031,.T.);
#14029 = VERTEX_POINT('',#14030);
#14030 = CARTESIAN_POINT('',(1.1,-0.7,0.25));
#14031 = CIRCLE('',#14032,0.1);
#14032 = AXIS2_PLACEMENT_3D('',#14033,#14034,#14035);
#14033 = CARTESIAN_POINT('',(1.2,-0.7,0.25));
#14034 = DIRECTION('',(-2.22044604925E-16,1.,0.));
#14035 = DIRECTION('',(0.,0.,-1.));
#14036 = ORIENTED_EDGE('',*,*,#14037,.T.);
#14037 = EDGE_CURVE('',#14029,#14038,#14040,.T.);
#14038 = VERTEX_POINT('',#14039);
#14039 = CARTESIAN_POINT('',(1.1,-0.7,0.65));
#14040 = LINE('',#14041,#14042);
#14041 = CARTESIAN_POINT('',(1.1,-0.7,0.25));
#14042 = VECTOR('',#14043,1.);
#14043 = DIRECTION('',(0.,0.,1.));
#14044 = ORIENTED_EDGE('',*,*,#14045,.T.);
#14045 = EDGE_CURVE('',#14038,#14046,#14048,.T.);
#14046 = VERTEX_POINT('',#14047);
#14047 = CARTESIAN_POINT('',(0.85,-0.7,0.9));
#14048 = CIRCLE('',#14049,0.25);
#14049 = AXIS2_PLACEMENT_3D('',#14050,#14051,#14052);
#14050 = CARTESIAN_POINT('',(0.85,-0.7,0.65));
#14051 = DIRECTION('',(2.22044604925E-16,-1.,0.));
#14052 = DIRECTION('',(1.,2.22044604925E-16,1.33226762955E-15));
#14053 = ORIENTED_EDGE('',*,*,#14054,.T.);
#14054 = EDGE_CURVE('',#14046,#13261,#14055,.T.);
#14055 = LINE('',#14056,#14057);
#14056 = CARTESIAN_POINT('',(0.85,-0.7,0.9));
#14057 = VECTOR('',#14058,1.);
#14058 = DIRECTION('',(-1.,-2.22044604925E-16,0.));
#14059 = PLANE('',#14060);
#14060 = AXIS2_PLACEMENT_3D('',#14061,#14062,#14063);
#14061 = CARTESIAN_POINT('',(1.05370428853,-0.7,0.423089729504));
#14062 = DIRECTION('',(2.22044604925E-16,-1.,0.));
#14063 = DIRECTION('',(0.,0.,1.));
#14064 = ADVANCED_FACE('',(#14065),#14076,.F.);
#14065 = FACE_BOUND('',#14066,.F.);
#14066 = EDGE_LOOP('',(#14067,#14068,#14069,#14075));
#14067 = ORIENTED_EDGE('',*,*,#13237,.T.);
#14068 = ORIENTED_EDGE('',*,*,#13747,.T.);
#14069 = ORIENTED_EDGE('',*,*,#14070,.F.);
#14070 = EDGE_CURVE('',#13979,#13748,#14071,.T.);
#14071 = LINE('',#14072,#14073);
#14072 = CARTESIAN_POINT('',(0.95,-0.7,0.65));
#14073 = VECTOR('',#14074,1.);
#14074 = DIRECTION('',(2.22044604925E-16,-1.,0.));
#14075 = ORIENTED_EDGE('',*,*,#13978,.F.);
#14076 = CYLINDRICAL_SURFACE('',#14077,0.1);
#14077 = AXIS2_PLACEMENT_3D('',#14078,#14079,#14080);
#14078 = CARTESIAN_POINT('',(0.85,-0.7,0.65));
#14079 = DIRECTION('',(-2.22044604925E-16,1.,0.));
#14080 = DIRECTION('',(-1.110223024625E-15,-2.465190328815E-31,1.));
#14081 = ADVANCED_FACE('',(#14082),#14107,.F.);
#14082 = FACE_BOUND('',#14083,.F.);
#14083 = EDGE_LOOP('',(#14084,#14092,#14093,#14101));
#14084 = ORIENTED_EDGE('',*,*,#14085,.F.);
#14085 = EDGE_CURVE('',#13252,#14086,#14088,.T.);
#14086 = VERTEX_POINT('',#14087);
#14087 = CARTESIAN_POINT('',(0.775,0.7,0.9));
#14088 = LINE('',#14089,#14090);
#14089 = CARTESIAN_POINT('',(0.85,0.7,0.9));
#14090 = VECTOR('',#14091,1.);
#14091 = DIRECTION('',(-1.,-2.22044604925E-16,0.));
#14092 = ORIENTED_EDGE('',*,*,#13268,.T.);
#14093 = ORIENTED_EDGE('',*,*,#14094,.T.);
#14094 = EDGE_CURVE('',#13261,#14095,#14097,.T.);
#14095 = VERTEX_POINT('',#14096);
#14096 = CARTESIAN_POINT('',(0.775,-0.7,0.9));
#14097 = LINE('',#14098,#14099);
#14098 = CARTESIAN_POINT('',(0.85,-0.7,0.9));
#14099 = VECTOR('',#14100,1.);
#14100 = DIRECTION('',(-1.,-2.22044604925E-16,0.));
#14101 = ORIENTED_EDGE('',*,*,#14102,.F.);
#14102 = EDGE_CURVE('',#14086,#14095,#14103,.T.);
#14103 = LINE('',#14104,#14105);
#14104 = CARTESIAN_POINT('',(0.775,1.3425,0.9));
#14105 = VECTOR('',#14106,1.);
#14106 = DIRECTION('',(2.22044604925E-16,-1.,0.));
#14107 = B_SPLINE_SURFACE_WITH_KNOTS('',1,1,(
    (#14108,#14109)
    ,(#14110,#14111
    )),.UNSPECIFIED.,.F.,.F.,.F.,(2,2),(2,2),(0.,2.71),(0.,1.),
  .PIECEWISE_BEZIER_KNOTS.);
#14108 = CARTESIAN_POINT('',(0.8,1.355,0.9));
#14109 = CARTESIAN_POINT('',(0.775,1.3425,0.9));
#14110 = CARTESIAN_POINT('',(0.8,-1.355,0.9));
#14111 = CARTESIAN_POINT('',(0.775,-1.3425,0.9));
#14112 = ADVANCED_FACE('',(#14113),#14130,.F.);
#14113 = FACE_BOUND('',#14114,.F.);
#14114 = EDGE_LOOP('',(#14115,#14116,#14123,#14129));
#14115 = ORIENTED_EDGE('',*,*,#13290,.T.);
#14116 = ORIENTED_EDGE('',*,*,#14117,.T.);
#14117 = EDGE_CURVE('',#13284,#14118,#14120,.T.);
#14118 = VERTEX_POINT('',#14119);
#14119 = CARTESIAN_POINT('',(0.6925,-1.425,0.9));
#14120 = B_SPLINE_CURVE_WITH_KNOTS('',1,(#14121,#14122),.UNSPECIFIED.,
  .F.,.F.,(2,2),(0.,1.),.PIECEWISE_BEZIER_KNOTS.);
#14121 = CARTESIAN_POINT('',(0.705,-1.45,0.9));
#14122 = CARTESIAN_POINT('',(0.6925,-1.425,0.9));
#14123 = ORIENTED_EDGE('',*,*,#14124,.F.);
#14124 = EDGE_CURVE('',#13847,#14118,#14125,.T.);
#14125 = LINE('',#14126,#14127);
#14126 = CARTESIAN_POINT('',(0.775,-1.3425,0.9));
#14127 = VECTOR('',#14128,1.);
#14128 = DIRECTION('',(-0.707106781187,-0.707106781187,0.));
#14129 = ORIENTED_EDGE('',*,*,#13846,.F.);
#14130 = B_SPLINE_SURFACE_WITH_KNOTS('',1,1,(
    (#14131,#14132)
    ,(#14133,#14134
    )),.UNSPECIFIED.,.F.,.F.,.F.,(2,2),(2,2),(0.,0.134350288425),(0.,1.)
  ,.PIECEWISE_BEZIER_KNOTS.);
#14131 = CARTESIAN_POINT('',(0.8,-1.355,0.9));
#14132 = CARTESIAN_POINT('',(0.775,-1.3425,0.9));
#14133 = CARTESIAN_POINT('',(0.705,-1.45,0.9));
#14134 = CARTESIAN_POINT('',(0.6925,-1.425,0.9));
#14135 = ADVANCED_FACE('',(#14136),#14153,.F.);
#14136 = FACE_BOUND('',#14137,.F.);
#14137 = EDGE_LOOP('',(#14138,#14139,#14146,#14152));
#14138 = ORIENTED_EDGE('',*,*,#13313,.T.);
#14139 = ORIENTED_EDGE('',*,*,#14140,.T.);
#14140 = EDGE_CURVE('',#13307,#14141,#14143,.T.);
#14141 = VERTEX_POINT('',#14142);
#14142 = CARTESIAN_POINT('',(-0.6925,-1.425,0.9));
#14143 = B_SPLINE_CURVE_WITH_KNOTS('',1,(#14144,#14145),.UNSPECIFIED.,
  .F.,.F.,(2,2),(0.,1.),.PIECEWISE_BEZIER_KNOTS.);
#14144 = CARTESIAN_POINT('',(-0.705,-1.45,0.9));
#14145 = CARTESIAN_POINT('',(-0.6925,-1.425,0.9));
#14146 = ORIENTED_EDGE('',*,*,#14147,.F.);
#14147 = EDGE_CURVE('',#14118,#14141,#14148,.T.);
#14148 = LINE('',#14149,#14150);
#14149 = CARTESIAN_POINT('',(0.6925,-1.425,0.9));
#14150 = VECTOR('',#14151,1.);
#14151 = DIRECTION('',(-1.,-2.22044604925E-16,0.));
#14152 = ORIENTED_EDGE('',*,*,#14117,.F.);
#14153 = B_SPLINE_SURFACE_WITH_KNOTS('',1,1,(
    (#14154,#14155)
    ,(#14156,#14157
    )),.UNSPECIFIED.,.F.,.F.,.F.,(2,2),(2,2),(0.,1.41),(0.,1.),
  .PIECEWISE_BEZIER_KNOTS.);
#14154 = CARTESIAN_POINT('',(0.705,-1.45,0.9));
#14155 = CARTESIAN_POINT('',(0.6925,-1.425,0.9));
#14156 = CARTESIAN_POINT('',(-0.705,-1.45,0.9));
#14157 = CARTESIAN_POINT('',(-0.6925,-1.425,0.9));
#14158 = ADVANCED_FACE('',(#14159),#14176,.F.);
#14159 = FACE_BOUND('',#14160,.F.);
#14160 = EDGE_LOOP('',(#14161,#14162,#14169,#14175));
#14161 = ORIENTED_EDGE('',*,*,#13336,.T.);
#14162 = ORIENTED_EDGE('',*,*,#14163,.T.);
#14163 = EDGE_CURVE('',#13330,#14164,#14166,.T.);
#14164 = VERTEX_POINT('',#14165);
#14165 = CARTESIAN_POINT('',(-0.775,-1.3425,0.9));
#14166 = B_SPLINE_CURVE_WITH_KNOTS('',1,(#14167,#14168),.UNSPECIFIED.,
  .F.,.F.,(2,2),(0.,1.),.PIECEWISE_BEZIER_KNOTS.);
#14167 = CARTESIAN_POINT('',(-0.8,-1.355,0.9));
#14168 = CARTESIAN_POINT('',(-0.775,-1.3425,0.9));
#14169 = ORIENTED_EDGE('',*,*,#14170,.F.);
#14170 = EDGE_CURVE('',#14141,#14164,#14171,.T.);
#14171 = LINE('',#14172,#14173);
#14172 = CARTESIAN_POINT('',(-0.6925,-1.425,0.9));
#14173 = VECTOR('',#14174,1.);
#14174 = DIRECTION('',(-0.707106781187,0.707106781187,0.));
#14175 = ORIENTED_EDGE('',*,*,#14140,.F.);
#14176 = B_SPLINE_SURFACE_WITH_KNOTS('',1,1,(
    (#14177,#14178)
    ,(#14179,#14180
    )),.UNSPECIFIED.,.F.,.F.,.F.,(2,2),(2,2),(0.,0.134350288425),(0.,1.)
  ,.PIECEWISE_BEZIER_KNOTS.);
#14177 = CARTESIAN_POINT('',(-0.705,-1.45,0.9));
#14178 = CARTESIAN_POINT('',(-0.6925,-1.425,0.9));
#14179 = CARTESIAN_POINT('',(-0.8,-1.355,0.9));
#14180 = CARTESIAN_POINT('',(-0.775,-1.3425,0.9));
#14181 = ADVANCED_FACE('',(#14182),#14200,.F.);
#14182 = FACE_BOUND('',#14183,.F.);
#14183 = EDGE_LOOP('',(#14184,#14185,#14186,#14194));
#14184 = ORIENTED_EDGE('',*,*,#14163,.F.);
#14185 = ORIENTED_EDGE('',*,*,#13361,.T.);
#14186 = ORIENTED_EDGE('',*,*,#14187,.T.);
#14187 = EDGE_CURVE('',#13354,#14188,#14190,.T.);
#14188 = VERTEX_POINT('',#14189);
#14189 = CARTESIAN_POINT('',(-0.775,-1.2,0.9));
#14190 = LINE('',#14191,#14192);
#14191 = CARTESIAN_POINT('',(-0.85,-1.2,0.9));
#14192 = VECTOR('',#14193,1.);
#14193 = DIRECTION('',(1.,9.95799250103E-17,0.));
#14194 = ORIENTED_EDGE('',*,*,#14195,.F.);
#14195 = EDGE_CURVE('',#14164,#14188,#14196,.T.);
#14196 = LINE('',#14197,#14198);
#14197 = CARTESIAN_POINT('',(-0.775,-1.3425,0.9));
#14198 = VECTOR('',#14199,1.);
#14199 = DIRECTION('',(-2.22044604925E-16,1.,0.));
#14200 = B_SPLINE_SURFACE_WITH_KNOTS('',1,1,(
    (#14201,#14202)
    ,(#14203,#14204
    )),.UNSPECIFIED.,.F.,.F.,.F.,(2,2),(2,2),(0.,2.71),(0.,1.),
  .PIECEWISE_BEZIER_KNOTS.);
#14201 = CARTESIAN_POINT('',(-0.8,-1.355,0.9));
#14202 = CARTESIAN_POINT('',(-0.775,-1.3425,0.9));
#14203 = CARTESIAN_POINT('',(-0.8,1.355,0.9));
#14204 = CARTESIAN_POINT('',(-0.775,1.3425,0.9));
#14205 = ADVANCED_FACE('',(#14206),#14292,.F.);
#14206 = FACE_BOUND('',#14207,.F.);
#14207 = EDGE_LOOP('',(#14208,#14209,#14210,#14219,#14227,#14236,#14244,
    #14252,#14260,#14269,#14277,#14286));
#14208 = ORIENTED_EDGE('',*,*,#13353,.F.);
#14209 = ORIENTED_EDGE('',*,*,#13399,.T.);
#14210 = ORIENTED_EDGE('',*,*,#14211,.T.);
#14211 = EDGE_CURVE('',#13400,#14212,#14214,.T.);
#14212 = VERTEX_POINT('',#14213);
#14213 = CARTESIAN_POINT('',(-0.95,-1.2,0.65));
#14214 = CIRCLE('',#14215,0.1);
#14215 = AXIS2_PLACEMENT_3D('',#14216,#14217,#14218);
#14216 = CARTESIAN_POINT('',(-0.85,-1.2,0.65));
#14217 = DIRECTION('',(9.95799250103E-17,-1.,0.));
#14218 = DIRECTION('',(1.110223024625E-15,1.105559255369E-31,1.));
#14219 = ORIENTED_EDGE('',*,*,#14220,.T.);
#14220 = EDGE_CURVE('',#14212,#14221,#14223,.T.);
#14221 = VERTEX_POINT('',#14222);
#14222 = CARTESIAN_POINT('',(-0.95,-1.2,0.25));
#14223 = LINE('',#14224,#14225);
#14224 = CARTESIAN_POINT('',(-0.95,-1.2,0.65));
#14225 = VECTOR('',#14226,1.);
#14226 = DIRECTION('',(-0.,0.,-1.));
#14227 = ORIENTED_EDGE('',*,*,#14228,.T.);
#14228 = EDGE_CURVE('',#14221,#14229,#14231,.T.);
#14229 = VERTEX_POINT('',#14230);
#14230 = CARTESIAN_POINT('',(-1.2,-1.2,0.));
#14231 = CIRCLE('',#14232,0.25);
#14232 = AXIS2_PLACEMENT_3D('',#14233,#14234,#14235);
#14233 = CARTESIAN_POINT('',(-1.2,-1.2,0.25));
#14234 = DIRECTION('',(-9.95799250103E-17,1.,0.));
#14235 = DIRECTION('',(1.,9.95799250103E-17,-4.440892098501E-16));
#14236 = ORIENTED_EDGE('',*,*,#14237,.T.);
#14237 = EDGE_CURVE('',#14229,#14238,#14240,.T.);
#14238 = VERTEX_POINT('',#14239);
#14239 = CARTESIAN_POINT('',(-1.4,-1.2,0.));
#14240 = LINE('',#14241,#14242);
#14241 = CARTESIAN_POINT('',(-1.2,-1.2,0.));
#14242 = VECTOR('',#14243,1.);
#14243 = DIRECTION('',(-1.,-9.95799250103E-17,0.));
#14244 = ORIENTED_EDGE('',*,*,#14245,.T.);
#14245 = EDGE_CURVE('',#14238,#14246,#14248,.T.);
#14246 = VERTEX_POINT('',#14247);
#14247 = CARTESIAN_POINT('',(-1.4,-1.2,0.15));
#14248 = LINE('',#14249,#14250);
#14249 = CARTESIAN_POINT('',(-1.4,-1.2,0.));
#14250 = VECTOR('',#14251,1.);
#14251 = DIRECTION('',(0.,0.,1.));
#14252 = ORIENTED_EDGE('',*,*,#14253,.T.);
#14253 = EDGE_CURVE('',#14246,#14254,#14256,.T.);
#14254 = VERTEX_POINT('',#14255);
#14255 = CARTESIAN_POINT('',(-1.2,-1.2,0.15));
#14256 = LINE('',#14257,#14258);
#14257 = CARTESIAN_POINT('',(-1.4,-1.2,0.15));
#14258 = VECTOR('',#14259,1.);
#14259 = DIRECTION('',(1.,9.95799250103E-17,0.));
#14260 = ORIENTED_EDGE('',*,*,#14261,.T.);
#14261 = EDGE_CURVE('',#14254,#14262,#14264,.T.);
#14262 = VERTEX_POINT('',#14263);
#14263 = CARTESIAN_POINT('',(-1.1,-1.2,0.25));
#14264 = CIRCLE('',#14265,0.1);
#14265 = AXIS2_PLACEMENT_3D('',#14266,#14267,#14268);
#14266 = CARTESIAN_POINT('',(-1.2,-1.2,0.25));
#14267 = DIRECTION('',(9.95799250103E-17,-1.,-0.));
#14268 = DIRECTION('',(-0.,0.,-1.));
#14269 = ORIENTED_EDGE('',*,*,#14270,.T.);
#14270 = EDGE_CURVE('',#14262,#14271,#14273,.T.);
#14271 = VERTEX_POINT('',#14272);
#14272 = CARTESIAN_POINT('',(-1.1,-1.2,0.65));
#14273 = LINE('',#14274,#14275);
#14274 = CARTESIAN_POINT('',(-1.1,-1.2,0.25));
#14275 = VECTOR('',#14276,1.);
#14276 = DIRECTION('',(0.,0.,1.));
#14277 = ORIENTED_EDGE('',*,*,#14278,.T.);
#14278 = EDGE_CURVE('',#14271,#14279,#14281,.T.);
#14279 = VERTEX_POINT('',#14280);
#14280 = CARTESIAN_POINT('',(-0.85,-1.2,0.9));
#14281 = CIRCLE('',#14282,0.25);
#14282 = AXIS2_PLACEMENT_3D('',#14283,#14284,#14285);
#14283 = CARTESIAN_POINT('',(-0.85,-1.2,0.65));
#14284 = DIRECTION('',(-9.95799250103E-17,1.,0.));
#14285 = DIRECTION('',(-1.,-9.95799250103E-17,1.33226762955E-15));
#14286 = ORIENTED_EDGE('',*,*,#14287,.T.);
#14287 = EDGE_CURVE('',#14279,#13354,#14288,.T.);
#14288 = LINE('',#14289,#14290);
#14289 = CARTESIAN_POINT('',(-0.85,-1.2,0.9));
#14290 = VECTOR('',#14291,1.);
#14291 = DIRECTION('',(1.,9.95799250103E-17,0.));
#14292 = PLANE('',#14293);
#14293 = AXIS2_PLACEMENT_3D('',#14294,#14295,#14296);
#14294 = CARTESIAN_POINT('',(-1.05370428853,-1.2,0.423089729504));
#14295 = DIRECTION('',(-9.95799250103E-17,1.,0.));
#14296 = DIRECTION('',(0.,0.,1.));
#14297 = ADVANCED_FACE('',(#14298),#14384,.T.);
#14298 = FACE_BOUND('',#14299,.T.);
#14299 = EDGE_LOOP('',(#14300,#14301,#14302,#14311,#14319,#14328,#14336,
    #14344,#14352,#14361,#14369,#14378));
#14300 = ORIENTED_EDGE('',*,*,#13375,.F.);
#14301 = ORIENTED_EDGE('',*,*,#13439,.T.);
#14302 = ORIENTED_EDGE('',*,*,#14303,.T.);
#14303 = EDGE_CURVE('',#13440,#14304,#14306,.T.);
#14304 = VERTEX_POINT('',#14305);
#14305 = CARTESIAN_POINT('',(-0.95,1.2,0.65));
#14306 = CIRCLE('',#14307,0.1);
#14307 = AXIS2_PLACEMENT_3D('',#14308,#14309,#14310);
#14308 = CARTESIAN_POINT('',(-0.85,1.2,0.65));
#14309 = DIRECTION('',(9.95799250103E-17,-1.,0.));
#14310 = DIRECTION('',(1.110223024625E-15,1.105559255369E-31,1.));
#14311 = ORIENTED_EDGE('',*,*,#14312,.T.);
#14312 = EDGE_CURVE('',#14304,#14313,#14315,.T.);
#14313 = VERTEX_POINT('',#14314);
#14314 = CARTESIAN_POINT('',(-0.95,1.2,0.25));
#14315 = LINE('',#14316,#14317);
#14316 = CARTESIAN_POINT('',(-0.95,1.2,0.65));
#14317 = VECTOR('',#14318,1.);
#14318 = DIRECTION('',(-0.,0.,-1.));
#14319 = ORIENTED_EDGE('',*,*,#14320,.T.);
#14320 = EDGE_CURVE('',#14313,#14321,#14323,.T.);
#14321 = VERTEX_POINT('',#14322);
#14322 = CARTESIAN_POINT('',(-1.2,1.2,0.));
#14323 = CIRCLE('',#14324,0.25);
#14324 = AXIS2_PLACEMENT_3D('',#14325,#14326,#14327);
#14325 = CARTESIAN_POINT('',(-1.2,1.2,0.25));
#14326 = DIRECTION('',(-9.95799250103E-17,1.,0.));
#14327 = DIRECTION('',(1.,9.95799250103E-17,-4.440892098501E-16));
#14328 = ORIENTED_EDGE('',*,*,#14329,.T.);
#14329 = EDGE_CURVE('',#14321,#14330,#14332,.T.);
#14330 = VERTEX_POINT('',#14331);
#14331 = CARTESIAN_POINT('',(-1.4,1.2,0.));
#14332 = LINE('',#14333,#14334);
#14333 = CARTESIAN_POINT('',(-1.2,1.2,0.));
#14334 = VECTOR('',#14335,1.);
#14335 = DIRECTION('',(-1.,-9.95799250103E-17,0.));
#14336 = ORIENTED_EDGE('',*,*,#14337,.T.);
#14337 = EDGE_CURVE('',#14330,#14338,#14340,.T.);
#14338 = VERTEX_POINT('',#14339);
#14339 = CARTESIAN_POINT('',(-1.4,1.2,0.15));
#14340 = LINE('',#14341,#14342);
#14341 = CARTESIAN_POINT('',(-1.4,1.2,0.));
#14342 = VECTOR('',#14343,1.);
#14343 = DIRECTION('',(0.,0.,1.));
#14344 = ORIENTED_EDGE('',*,*,#14345,.T.);
#14345 = EDGE_CURVE('',#14338,#14346,#14348,.T.);
#14346 = VERTEX_POINT('',#14347);
#14347 = CARTESIAN_POINT('',(-1.2,1.2,0.15));
#14348 = LINE('',#14349,#14350);
#14349 = CARTESIAN_POINT('',(-1.4,1.2,0.15));
#14350 = VECTOR('',#14351,1.);
#14351 = DIRECTION('',(1.,9.95799250103E-17,0.));
#14352 = ORIENTED_EDGE('',*,*,#14353,.T.);
#14353 = EDGE_CURVE('',#14346,#14354,#14356,.T.);
#14354 = VERTEX_POINT('',#14355);
#14355 = CARTESIAN_POINT('',(-1.1,1.2,0.25));
#14356 = CIRCLE('',#14357,0.1);
#14357 = AXIS2_PLACEMENT_3D('',#14358,#14359,#14360);
#14358 = CARTESIAN_POINT('',(-1.2,1.2,0.25));
#14359 = DIRECTION('',(9.95799250103E-17,-1.,-0.));
#14360 = DIRECTION('',(-0.,0.,-1.));
#14361 = ORIENTED_EDGE('',*,*,#14362,.T.);
#14362 = EDGE_CURVE('',#14354,#14363,#14365,.T.);
#14363 = VERTEX_POINT('',#14364);
#14364 = CARTESIAN_POINT('',(-1.1,1.2,0.65));
#14365 = LINE('',#14366,#14367);
#14366 = CARTESIAN_POINT('',(-1.1,1.2,0.25));
#14367 = VECTOR('',#14368,1.);
#14368 = DIRECTION('',(0.,0.,1.));
#14369 = ORIENTED_EDGE('',*,*,#14370,.T.);
#14370 = EDGE_CURVE('',#14363,#14371,#14373,.T.);
#14371 = VERTEX_POINT('',#14372);
#14372 = CARTESIAN_POINT('',(-0.85,1.2,0.9));
#14373 = CIRCLE('',#14374,0.25);
#14374 = AXIS2_PLACEMENT_3D('',#14375,#14376,#14377);
#14375 = CARTESIAN_POINT('',(-0.85,1.2,0.65));
#14376 = DIRECTION('',(-9.95799250103E-17,1.,0.));
#14377 = DIRECTION('',(-1.,-9.95799250103E-17,1.33226762955E-15));
#14378 = ORIENTED_EDGE('',*,*,#14379,.T.);
#14379 = EDGE_CURVE('',#14371,#13376,#14380,.T.);
#14380 = LINE('',#14381,#14382);
#14381 = CARTESIAN_POINT('',(-0.85,1.2,0.9));
#14382 = VECTOR('',#14383,1.);
#14383 = DIRECTION('',(1.,9.95799250103E-17,0.));
#14384 = PLANE('',#14385);
#14385 = AXIS2_PLACEMENT_3D('',#14386,#14387,#14388);
#14386 = CARTESIAN_POINT('',(-1.05370428853,1.2,0.423089729504));
#14387 = DIRECTION('',(-9.95799250103E-17,1.,0.));
#14388 = DIRECTION('',(0.,0.,1.));
#14389 = ADVANCED_FACE('',(#14390),#14408,.F.);
#14390 = FACE_BOUND('',#14391,.F.);
#14391 = EDGE_LOOP('',(#14392,#14400,#14401,#14402));
#14392 = ORIENTED_EDGE('',*,*,#14393,.F.);
#14393 = EDGE_CURVE('',#13376,#14394,#14396,.T.);
#14394 = VERTEX_POINT('',#14395);
#14395 = CARTESIAN_POINT('',(-0.775,1.2,0.9));
#14396 = LINE('',#14397,#14398);
#14397 = CARTESIAN_POINT('',(-0.85,1.2,0.9));
#14398 = VECTOR('',#14399,1.);
#14399 = DIRECTION('',(1.,9.95799250103E-17,0.));
#14400 = ORIENTED_EDGE('',*,*,#13385,.T.);
#14401 = ORIENTED_EDGE('',*,*,#13616,.T.);
#14402 = ORIENTED_EDGE('',*,*,#14403,.F.);
#14403 = EDGE_CURVE('',#14394,#13609,#14404,.T.);
#14404 = LINE('',#14405,#14406);
#14405 = CARTESIAN_POINT('',(-0.775,-1.3425,0.9));
#14406 = VECTOR('',#14407,1.);
#14407 = DIRECTION('',(-2.22044604925E-16,1.,0.));
#14408 = B_SPLINE_SURFACE_WITH_KNOTS('',1,1,(
    (#14409,#14410)
    ,(#14411,#14412
    )),.UNSPECIFIED.,.F.,.F.,.F.,(2,2),(2,2),(0.,2.71),(0.,1.),
  .PIECEWISE_BEZIER_KNOTS.);
#14409 = CARTESIAN_POINT('',(-0.8,-1.355,0.9));
#14410 = CARTESIAN_POINT('',(-0.775,-1.3425,0.9));
#14411 = CARTESIAN_POINT('',(-0.8,1.355,0.9));
#14412 = CARTESIAN_POINT('',(-0.775,1.3425,0.9));
#14413 = ADVANCED_FACE('',(#14414),#14433,.F.);
#14414 = FACE_BOUND('',#14415,.F.);
#14415 = EDGE_LOOP('',(#14416,#14417,#14426,#14432));
#14416 = ORIENTED_EDGE('',*,*,#13416,.T.);
#14417 = ORIENTED_EDGE('',*,*,#14418,.T.);
#14418 = EDGE_CURVE('',#13409,#14419,#14421,.T.);
#14419 = VERTEX_POINT('',#14420);
#14420 = CARTESIAN_POINT('',(-0.95,-0.7,0.65));
#14421 = CIRCLE('',#14422,0.1);
#14422 = AXIS2_PLACEMENT_3D('',#14423,#14424,#14425);
#14423 = CARTESIAN_POINT('',(-0.85,-0.7,0.65));
#14424 = DIRECTION('',(9.95799250103E-17,-1.,0.));
#14425 = DIRECTION('',(1.110223024625E-15,1.105559255369E-31,1.));
#14426 = ORIENTED_EDGE('',*,*,#14427,.F.);
#14427 = EDGE_CURVE('',#14212,#14419,#14428,.T.);
#14428 = LINE('',#14429,#14430);
#14429 = CARTESIAN_POINT('',(-0.95,-1.2,0.65));
#14430 = VECTOR('',#14431,1.);
#14431 = DIRECTION('',(-9.95799250103E-17,1.,0.));
#14432 = ORIENTED_EDGE('',*,*,#14211,.F.);
#14433 = CYLINDRICAL_SURFACE('',#14434,0.1);
#14434 = AXIS2_PLACEMENT_3D('',#14435,#14436,#14437);
#14435 = CARTESIAN_POINT('',(-0.85,-1.2,0.65));
#14436 = DIRECTION('',(9.95799250103E-17,-1.,0.));
#14437 = DIRECTION('',(1.110223024625E-15,1.105559255369E-31,1.));
#14438 = ADVANCED_FACE('',(#14439),#14517,.T.);
#14439 = FACE_BOUND('',#14440,.T.);
#14440 = EDGE_LOOP('',(#14441,#14442,#14443,#14444,#14452,#14461,#14469,
    #14477,#14485,#14494,#14502,#14511));
#14441 = ORIENTED_EDGE('',*,*,#13461,.F.);
#14442 = ORIENTED_EDGE('',*,*,#13408,.T.);
#14443 = ORIENTED_EDGE('',*,*,#14418,.T.);
#14444 = ORIENTED_EDGE('',*,*,#14445,.T.);
#14445 = EDGE_CURVE('',#14419,#14446,#14448,.T.);
#14446 = VERTEX_POINT('',#14447);
#14447 = CARTESIAN_POINT('',(-0.95,-0.7,0.25));
#14448 = LINE('',#14449,#14450);
#14449 = CARTESIAN_POINT('',(-0.95,-0.7,0.65));
#14450 = VECTOR('',#14451,1.);
#14451 = DIRECTION('',(-0.,0.,-1.));
#14452 = ORIENTED_EDGE('',*,*,#14453,.T.);
#14453 = EDGE_CURVE('',#14446,#14454,#14456,.T.);
#14454 = VERTEX_POINT('',#14455);
#14455 = CARTESIAN_POINT('',(-1.2,-0.7,0.));
#14456 = CIRCLE('',#14457,0.25);
#14457 = AXIS2_PLACEMENT_3D('',#14458,#14459,#14460);
#14458 = CARTESIAN_POINT('',(-1.2,-0.7,0.25));
#14459 = DIRECTION('',(-9.95799250103E-17,1.,0.));
#14460 = DIRECTION('',(1.,9.95799250103E-17,-4.440892098501E-16));
#14461 = ORIENTED_EDGE('',*,*,#14462,.T.);
#14462 = EDGE_CURVE('',#14454,#14463,#14465,.T.);
#14463 = VERTEX_POINT('',#14464);
#14464 = CARTESIAN_POINT('',(-1.4,-0.7,0.));
#14465 = LINE('',#14466,#14467);
#14466 = CARTESIAN_POINT('',(-1.2,-0.7,0.));
#14467 = VECTOR('',#14468,1.);
#14468 = DIRECTION('',(-1.,-9.95799250103E-17,0.));
#14469 = ORIENTED_EDGE('',*,*,#14470,.T.);
#14470 = EDGE_CURVE('',#14463,#14471,#14473,.T.);
#14471 = VERTEX_POINT('',#14472);
#14472 = CARTESIAN_POINT('',(-1.4,-0.7,0.15));
#14473 = LINE('',#14474,#14475);
#14474 = CARTESIAN_POINT('',(-1.4,-0.7,0.));
#14475 = VECTOR('',#14476,1.);
#14476 = DIRECTION('',(0.,0.,1.));
#14477 = ORIENTED_EDGE('',*,*,#14478,.T.);
#14478 = EDGE_CURVE('',#14471,#14479,#14481,.T.);
#14479 = VERTEX_POINT('',#14480);
#14480 = CARTESIAN_POINT('',(-1.2,-0.7,0.15));
#14481 = LINE('',#14482,#14483);
#14482 = CARTESIAN_POINT('',(-1.4,-0.7,0.15));
#14483 = VECTOR('',#14484,1.);
#14484 = DIRECTION('',(1.,9.95799250103E-17,0.));
#14485 = ORIENTED_EDGE('',*,*,#14486,.T.);
#14486 = EDGE_CURVE('',#14479,#14487,#14489,.T.);
#14487 = VERTEX_POINT('',#14488);
#14488 = CARTESIAN_POINT('',(-1.1,-0.7,0.25));
#14489 = CIRCLE('',#14490,0.1);
#14490 = AXIS2_PLACEMENT_3D('',#14491,#14492,#14493);
#14491 = CARTESIAN_POINT('',(-1.2,-0.7,0.25));
#14492 = DIRECTION('',(9.95799250103E-17,-1.,-0.));
#14493 = DIRECTION('',(-0.,0.,-1.));
#14494 = ORIENTED_EDGE('',*,*,#14495,.T.);
#14495 = EDGE_CURVE('',#14487,#14496,#14498,.T.);
#14496 = VERTEX_POINT('',#14497);
#14497 = CARTESIAN_POINT('',(-1.1,-0.7,0.65));
#14498 = LINE('',#14499,#14500);
#14499 = CARTESIAN_POINT('',(-1.1,-0.7,0.25));
#14500 = VECTOR('',#14501,1.);
#14501 = DIRECTION('',(0.,0.,1.));
#14502 = ORIENTED_EDGE('',*,*,#14503,.T.);
#14503 = EDGE_CURVE('',#14496,#14504,#14506,.T.);
#14504 = VERTEX_POINT('',#14505);
#14505 = CARTESIAN_POINT('',(-0.85,-0.7,0.9));
#14506 = CIRCLE('',#14507,0.25);
#14507 = AXIS2_PLACEMENT_3D('',#14508,#14509,#14510);
#14508 = CARTESIAN_POINT('',(-0.85,-0.7,0.65));
#14509 = DIRECTION('',(-9.95799250103E-17,1.,0.));
#14510 = DIRECTION('',(-1.,-9.95799250103E-17,1.33226762955E-15));
#14511 = ORIENTED_EDGE('',*,*,#14512,.T.);
#14512 = EDGE_CURVE('',#14504,#13462,#14513,.T.);
#14513 = LINE('',#14514,#14515);
#14514 = CARTESIAN_POINT('',(-0.85,-0.7,0.9));
#14515 = VECTOR('',#14516,1.);
#14516 = DIRECTION('',(1.,9.95799250103E-17,0.));
#14517 = PLANE('',#14518);
#14518 = AXIS2_PLACEMENT_3D('',#14519,#14520,#14521);
#14519 = CARTESIAN_POINT('',(-1.05370428853,-0.7,0.423089729504));
#14520 = DIRECTION('',(-9.95799250103E-17,1.,0.));
#14521 = DIRECTION('',(0.,0.,1.));
#14522 = ADVANCED_FACE('',(#14523),#14609,.F.);
#14523 = FACE_BOUND('',#14524,.F.);
#14524 = EDGE_LOOP('',(#14525,#14526,#14527,#14536,#14544,#14553,#14561,
    #14569,#14577,#14586,#14594,#14603));
#14525 = ORIENTED_EDGE('',*,*,#13501,.F.);
#14526 = ORIENTED_EDGE('',*,*,#13430,.T.);
#14527 = ORIENTED_EDGE('',*,*,#14528,.T.);
#14528 = EDGE_CURVE('',#13431,#14529,#14531,.T.);
#14529 = VERTEX_POINT('',#14530);
#14530 = CARTESIAN_POINT('',(-0.95,0.7,0.65));
#14531 = CIRCLE('',#14532,0.1);
#14532 = AXIS2_PLACEMENT_3D('',#14533,#14534,#14535);
#14533 = CARTESIAN_POINT('',(-0.85,0.7,0.65));
#14534 = DIRECTION('',(9.95799250103E-17,-1.,0.));
#14535 = DIRECTION('',(1.110223024625E-15,1.105559255369E-31,1.));
#14536 = ORIENTED_EDGE('',*,*,#14537,.T.);
#14537 = EDGE_CURVE('',#14529,#14538,#14540,.T.);
#14538 = VERTEX_POINT('',#14539);
#14539 = CARTESIAN_POINT('',(-0.95,0.7,0.25));
#14540 = LINE('',#14541,#14542);
#14541 = CARTESIAN_POINT('',(-0.95,0.7,0.65));
#14542 = VECTOR('',#14543,1.);
#14543 = DIRECTION('',(-0.,0.,-1.));
#14544 = ORIENTED_EDGE('',*,*,#14545,.T.);
#14545 = EDGE_CURVE('',#14538,#14546,#14548,.T.);
#14546 = VERTEX_POINT('',#14547);
#14547 = CARTESIAN_POINT('',(-1.2,0.7,0.));
#14548 = CIRCLE('',#14549,0.25);
#14549 = AXIS2_PLACEMENT_3D('',#14550,#14551,#14552);
#14550 = CARTESIAN_POINT('',(-1.2,0.7,0.25));
#14551 = DIRECTION('',(-9.95799250103E-17,1.,0.));
#14552 = DIRECTION('',(1.,9.95799250103E-17,-4.440892098501E-16));
#14553 = ORIENTED_EDGE('',*,*,#14554,.T.);
#14554 = EDGE_CURVE('',#14546,#14555,#14557,.T.);
#14555 = VERTEX_POINT('',#14556);
#14556 = CARTESIAN_POINT('',(-1.4,0.7,0.));
#14557 = LINE('',#14558,#14559);
#14558 = CARTESIAN_POINT('',(-1.2,0.7,0.));
#14559 = VECTOR('',#14560,1.);
#14560 = DIRECTION('',(-1.,-9.95799250103E-17,0.));
#14561 = ORIENTED_EDGE('',*,*,#14562,.T.);
#14562 = EDGE_CURVE('',#14555,#14563,#14565,.T.);
#14563 = VERTEX_POINT('',#14564);
#14564 = CARTESIAN_POINT('',(-1.4,0.7,0.15));
#14565 = LINE('',#14566,#14567);
#14566 = CARTESIAN_POINT('',(-1.4,0.7,0.));
#14567 = VECTOR('',#14568,1.);
#14568 = DIRECTION('',(0.,0.,1.));
#14569 = ORIENTED_EDGE('',*,*,#14570,.T.);
#14570 = EDGE_CURVE('',#14563,#14571,#14573,.T.);
#14571 = VERTEX_POINT('',#14572);
#14572 = CARTESIAN_POINT('',(-1.2,0.7,0.15));
#14573 = LINE('',#14574,#14575);
#14574 = CARTESIAN_POINT('',(-1.4,0.7,0.15));
#14575 = VECTOR('',#14576,1.);
#14576 = DIRECTION('',(1.,9.95799250103E-17,0.));
#14577 = ORIENTED_EDGE('',*,*,#14578,.T.);
#14578 = EDGE_CURVE('',#14571,#14579,#14581,.T.);
#14579 = VERTEX_POINT('',#14580);
#14580 = CARTESIAN_POINT('',(-1.1,0.7,0.25));
#14581 = CIRCLE('',#14582,0.1);
#14582 = AXIS2_PLACEMENT_3D('',#14583,#14584,#14585);
#14583 = CARTESIAN_POINT('',(-1.2,0.7,0.25));
#14584 = DIRECTION('',(9.95799250103E-17,-1.,-0.));
#14585 = DIRECTION('',(-0.,0.,-1.));
#14586 = ORIENTED_EDGE('',*,*,#14587,.T.);
#14587 = EDGE_CURVE('',#14579,#14588,#14590,.T.);
#14588 = VERTEX_POINT('',#14589);
#14589 = CARTESIAN_POINT('',(-1.1,0.7,0.65));
#14590 = LINE('',#14591,#14592);
#14591 = CARTESIAN_POINT('',(-1.1,0.7,0.25));
#14592 = VECTOR('',#14593,1.);
#14593 = DIRECTION('',(0.,0.,1.));
#14594 = ORIENTED_EDGE('',*,*,#14595,.T.);
#14595 = EDGE_CURVE('',#14588,#14596,#14598,.T.);
#14596 = VERTEX_POINT('',#14597);
#14597 = CARTESIAN_POINT('',(-0.85,0.7,0.9));
#14598 = CIRCLE('',#14599,0.25);
#14599 = AXIS2_PLACEMENT_3D('',#14600,#14601,#14602);
#14600 = CARTESIAN_POINT('',(-0.85,0.7,0.65));
#14601 = DIRECTION('',(-9.95799250103E-17,1.,0.));
#14602 = DIRECTION('',(-1.,-9.95799250103E-17,1.33226762955E-15));
#14603 = ORIENTED_EDGE('',*,*,#14604,.T.);
#14604 = EDGE_CURVE('',#14596,#13502,#14605,.T.);
#14605 = LINE('',#14606,#14607);
#14606 = CARTESIAN_POINT('',(-0.85,0.7,0.9));
#14607 = VECTOR('',#14608,1.);
#14608 = DIRECTION('',(1.,9.95799250103E-17,0.));
#14609 = PLANE('',#14610);
#14610 = AXIS2_PLACEMENT_3D('',#14611,#14612,#14613);
#14611 = CARTESIAN_POINT('',(-1.05370428853,0.7,0.423089729504));
#14612 = DIRECTION('',(-9.95799250103E-17,1.,0.));
#14613 = DIRECTION('',(0.,0.,1.));
#14614 = ADVANCED_FACE('',(#14615),#14626,.F.);
#14615 = FACE_BOUND('',#14616,.F.);
#14616 = EDGE_LOOP('',(#14617,#14618,#14619,#14625));
#14617 = ORIENTED_EDGE('',*,*,#13447,.T.);
#14618 = ORIENTED_EDGE('',*,*,#14303,.T.);
#14619 = ORIENTED_EDGE('',*,*,#14620,.F.);
#14620 = EDGE_CURVE('',#14529,#14304,#14621,.T.);
#14621 = LINE('',#14622,#14623);
#14622 = CARTESIAN_POINT('',(-0.95,0.7,0.65));
#14623 = VECTOR('',#14624,1.);
#14624 = DIRECTION('',(-9.95799250103E-17,1.,0.));
#14625 = ORIENTED_EDGE('',*,*,#14528,.F.);
#14626 = CYLINDRICAL_SURFACE('',#14627,0.1);
#14627 = AXIS2_PLACEMENT_3D('',#14628,#14629,#14630);
#14628 = CARTESIAN_POINT('',(-0.85,0.7,0.65));
#14629 = DIRECTION('',(9.95799250103E-17,-1.,0.));
#14630 = DIRECTION('',(1.110223024625E-15,1.105559255369E-31,1.));
#14631 = ADVANCED_FACE('',(#14632),#14657,.F.);
#14632 = FACE_BOUND('',#14633,.F.);
#14633 = EDGE_LOOP('',(#14634,#14642,#14643,#14651));
#14634 = ORIENTED_EDGE('',*,*,#14635,.F.);
#14635 = EDGE_CURVE('',#13462,#14636,#14638,.T.);
#14636 = VERTEX_POINT('',#14637);
#14637 = CARTESIAN_POINT('',(-0.775,-0.7,0.9));
#14638 = LINE('',#14639,#14640);
#14639 = CARTESIAN_POINT('',(-0.85,-0.7,0.9));
#14640 = VECTOR('',#14641,1.);
#14641 = DIRECTION('',(1.,9.95799250103E-17,0.));
#14642 = ORIENTED_EDGE('',*,*,#13478,.T.);
#14643 = ORIENTED_EDGE('',*,*,#14644,.T.);
#14644 = EDGE_CURVE('',#13471,#14645,#14647,.T.);
#14645 = VERTEX_POINT('',#14646);
#14646 = CARTESIAN_POINT('',(-0.775,-0.25,0.9));
#14647 = LINE('',#14648,#14649);
#14648 = CARTESIAN_POINT('',(-0.85,-0.25,0.9));
#14649 = VECTOR('',#14650,1.);
#14650 = DIRECTION('',(1.,9.95799250103E-17,0.));
#14651 = ORIENTED_EDGE('',*,*,#14652,.F.);
#14652 = EDGE_CURVE('',#14636,#14645,#14653,.T.);
#14653 = LINE('',#14654,#14655);
#14654 = CARTESIAN_POINT('',(-0.775,-1.3425,0.9));
#14655 = VECTOR('',#14656,1.);
#14656 = DIRECTION('',(-2.22044604925E-16,1.,0.));
#14657 = B_SPLINE_SURFACE_WITH_KNOTS('',1,1,(
    (#14658,#14659)
    ,(#14660,#14661
    )),.UNSPECIFIED.,.F.,.F.,.F.,(2,2),(2,2),(0.,2.71),(0.,1.),
  .PIECEWISE_BEZIER_KNOTS.);
#14658 = CARTESIAN_POINT('',(-0.8,-1.355,0.9));
#14659 = CARTESIAN_POINT('',(-0.775,-1.3425,0.9));
#14660 = CARTESIAN_POINT('',(-0.8,1.355,0.9));
#14661 = CARTESIAN_POINT('',(-0.775,1.3425,0.9));
#14662 = ADVANCED_FACE('',(#14663),#14749,.F.);
#14663 = FACE_BOUND('',#14664,.F.);
#14664 = EDGE_LOOP('',(#14665,#14666,#14667,#14676,#14684,#14693,#14701,
    #14709,#14717,#14726,#14734,#14743));
#14665 = ORIENTED_EDGE('',*,*,#13470,.F.);
#14666 = ORIENTED_EDGE('',*,*,#13523,.T.);
#14667 = ORIENTED_EDGE('',*,*,#14668,.T.);
#14668 = EDGE_CURVE('',#13524,#14669,#14671,.T.);
#14669 = VERTEX_POINT('',#14670);
#14670 = CARTESIAN_POINT('',(-0.95,-0.25,0.65));
#14671 = CIRCLE('',#14672,0.1);
#14672 = AXIS2_PLACEMENT_3D('',#14673,#14674,#14675);
#14673 = CARTESIAN_POINT('',(-0.85,-0.25,0.65));
#14674 = DIRECTION('',(9.95799250103E-17,-1.,0.));
#14675 = DIRECTION('',(1.110223024625E-15,1.105559255369E-31,1.));
#14676 = ORIENTED_EDGE('',*,*,#14677,.T.);
#14677 = EDGE_CURVE('',#14669,#14678,#14680,.T.);
#14678 = VERTEX_POINT('',#14679);
#14679 = CARTESIAN_POINT('',(-0.95,-0.25,0.25));
#14680 = LINE('',#14681,#14682);
#14681 = CARTESIAN_POINT('',(-0.95,-0.25,0.65));
#14682 = VECTOR('',#14683,1.);
#14683 = DIRECTION('',(-0.,0.,-1.));
#14684 = ORIENTED_EDGE('',*,*,#14685,.T.);
#14685 = EDGE_CURVE('',#14678,#14686,#14688,.T.);
#14686 = VERTEX_POINT('',#14687);
#14687 = CARTESIAN_POINT('',(-1.2,-0.25,0.));
#14688 = CIRCLE('',#14689,0.25);
#14689 = AXIS2_PLACEMENT_3D('',#14690,#14691,#14692);
#14690 = CARTESIAN_POINT('',(-1.2,-0.25,0.25));
#14691 = DIRECTION('',(-9.95799250103E-17,1.,0.));
#14692 = DIRECTION('',(1.,9.95799250103E-17,-4.440892098501E-16));
#14693 = ORIENTED_EDGE('',*,*,#14694,.T.);
#14694 = EDGE_CURVE('',#14686,#14695,#14697,.T.);
#14695 = VERTEX_POINT('',#14696);
#14696 = CARTESIAN_POINT('',(-1.4,-0.25,0.));
#14697 = LINE('',#14698,#14699);
#14698 = CARTESIAN_POINT('',(-1.2,-0.25,0.));
#14699 = VECTOR('',#14700,1.);
#14700 = DIRECTION('',(-1.,-9.95799250103E-17,0.));
#14701 = ORIENTED_EDGE('',*,*,#14702,.T.);
#14702 = EDGE_CURVE('',#14695,#14703,#14705,.T.);
#14703 = VERTEX_POINT('',#14704);
#14704 = CARTESIAN_POINT('',(-1.4,-0.25,0.15));
#14705 = LINE('',#14706,#14707);
#14706 = CARTESIAN_POINT('',(-1.4,-0.25,0.));
#14707 = VECTOR('',#14708,1.);
#14708 = DIRECTION('',(0.,0.,1.));
#14709 = ORIENTED_EDGE('',*,*,#14710,.T.);
#14710 = EDGE_CURVE('',#14703,#14711,#14713,.T.);
#14711 = VERTEX_POINT('',#14712);
#14712 = CARTESIAN_POINT('',(-1.2,-0.25,0.15));
#14713 = LINE('',#14714,#14715);
#14714 = CARTESIAN_POINT('',(-1.4,-0.25,0.15));
#14715 = VECTOR('',#14716,1.);
#14716 = DIRECTION('',(1.,9.95799250103E-17,0.));
#14717 = ORIENTED_EDGE('',*,*,#14718,.T.);
#14718 = EDGE_CURVE('',#14711,#14719,#14721,.T.);
#14719 = VERTEX_POINT('',#14720);
#14720 = CARTESIAN_POINT('',(-1.1,-0.25,0.25));
#14721 = CIRCLE('',#14722,0.1);
#14722 = AXIS2_PLACEMENT_3D('',#14723,#14724,#14725);
#14723 = CARTESIAN_POINT('',(-1.2,-0.25,0.25));
#14724 = DIRECTION('',(9.95799250103E-17,-1.,-0.));
#14725 = DIRECTION('',(-0.,0.,-1.));
#14726 = ORIENTED_EDGE('',*,*,#14727,.T.);
#14727 = EDGE_CURVE('',#14719,#14728,#14730,.T.);
#14728 = VERTEX_POINT('',#14729);
#14729 = CARTESIAN_POINT('',(-1.1,-0.25,0.65));
#14730 = LINE('',#14731,#14732);
#14731 = CARTESIAN_POINT('',(-1.1,-0.25,0.25));
#14732 = VECTOR('',#14733,1.);
#14733 = DIRECTION('',(0.,0.,1.));
#14734 = ORIENTED_EDGE('',*,*,#14735,.T.);
#14735 = EDGE_CURVE('',#14728,#14736,#14738,.T.);
#14736 = VERTEX_POINT('',#14737);
#14737 = CARTESIAN_POINT('',(-0.85,-0.25,0.9));
#14738 = CIRCLE('',#14739,0.25);
#14739 = AXIS2_PLACEMENT_3D('',#14740,#14741,#14742);
#14740 = CARTESIAN_POINT('',(-0.85,-0.25,0.65));
#14741 = DIRECTION('',(-9.95799250103E-17,1.,0.));
#14742 = DIRECTION('',(-1.,-9.95799250103E-17,1.33226762955E-15));
#14743 = ORIENTED_EDGE('',*,*,#14744,.T.);
#14744 = EDGE_CURVE('',#14736,#13471,#14745,.T.);
#14745 = LINE('',#14746,#14747);
#14746 = CARTESIAN_POINT('',(-0.85,-0.25,0.9));
#14747 = VECTOR('',#14748,1.);
#14748 = DIRECTION('',(1.,9.95799250103E-17,0.));
#14749 = PLANE('',#14750);
#14750 = AXIS2_PLACEMENT_3D('',#14751,#14752,#14753);
#14751 = CARTESIAN_POINT('',(-1.05370428853,-0.25,0.423089729504));
#14752 = DIRECTION('',(-9.95799250103E-17,1.,0.));
#14753 = DIRECTION('',(0.,0.,1.));
#14754 = ADVANCED_FACE('',(#14755),#14841,.T.);
#14755 = FACE_BOUND('',#14756,.T.);
#14756 = EDGE_LOOP('',(#14757,#14758,#14759,#14768,#14776,#14785,#14793,
    #14801,#14809,#14818,#14826,#14835));
#14757 = ORIENTED_EDGE('',*,*,#13492,.F.);
#14758 = ORIENTED_EDGE('',*,*,#13532,.T.);
#14759 = ORIENTED_EDGE('',*,*,#14760,.T.);
#14760 = EDGE_CURVE('',#13533,#14761,#14763,.T.);
#14761 = VERTEX_POINT('',#14762);
#14762 = CARTESIAN_POINT('',(-0.95,0.25,0.65));
#14763 = CIRCLE('',#14764,0.1);
#14764 = AXIS2_PLACEMENT_3D('',#14765,#14766,#14767);
#14765 = CARTESIAN_POINT('',(-0.85,0.25,0.65));
#14766 = DIRECTION('',(9.95799250103E-17,-1.,0.));
#14767 = DIRECTION('',(1.110223024625E-15,1.105559255369E-31,1.));
#14768 = ORIENTED_EDGE('',*,*,#14769,.T.);
#14769 = EDGE_CURVE('',#14761,#14770,#14772,.T.);
#14770 = VERTEX_POINT('',#14771);
#14771 = CARTESIAN_POINT('',(-0.95,0.25,0.25));
#14772 = LINE('',#14773,#14774);
#14773 = CARTESIAN_POINT('',(-0.95,0.25,0.65));
#14774 = VECTOR('',#14775,1.);
#14775 = DIRECTION('',(-0.,0.,-1.));
#14776 = ORIENTED_EDGE('',*,*,#14777,.T.);
#14777 = EDGE_CURVE('',#14770,#14778,#14780,.T.);
#14778 = VERTEX_POINT('',#14779);
#14779 = CARTESIAN_POINT('',(-1.2,0.25,0.));
#14780 = CIRCLE('',#14781,0.25);
#14781 = AXIS2_PLACEMENT_3D('',#14782,#14783,#14784);
#14782 = CARTESIAN_POINT('',(-1.2,0.25,0.25));
#14783 = DIRECTION('',(-9.95799250103E-17,1.,0.));
#14784 = DIRECTION('',(1.,9.95799250103E-17,-4.440892098501E-16));
#14785 = ORIENTED_EDGE('',*,*,#14786,.T.);
#14786 = EDGE_CURVE('',#14778,#14787,#14789,.T.);
#14787 = VERTEX_POINT('',#14788);
#14788 = CARTESIAN_POINT('',(-1.4,0.25,0.));
#14789 = LINE('',#14790,#14791);
#14790 = CARTESIAN_POINT('',(-1.2,0.25,0.));
#14791 = VECTOR('',#14792,1.);
#14792 = DIRECTION('',(-1.,-9.95799250103E-17,0.));
#14793 = ORIENTED_EDGE('',*,*,#14794,.T.);
#14794 = EDGE_CURVE('',#14787,#14795,#14797,.T.);
#14795 = VERTEX_POINT('',#14796);
#14796 = CARTESIAN_POINT('',(-1.4,0.25,0.15));
#14797 = LINE('',#14798,#14799);
#14798 = CARTESIAN_POINT('',(-1.4,0.25,0.));
#14799 = VECTOR('',#14800,1.);
#14800 = DIRECTION('',(0.,0.,1.));
#14801 = ORIENTED_EDGE('',*,*,#14802,.T.);
#14802 = EDGE_CURVE('',#14795,#14803,#14805,.T.);
#14803 = VERTEX_POINT('',#14804);
#14804 = CARTESIAN_POINT('',(-1.2,0.25,0.15));
#14805 = LINE('',#14806,#14807);
#14806 = CARTESIAN_POINT('',(-1.4,0.25,0.15));
#14807 = VECTOR('',#14808,1.);
#14808 = DIRECTION('',(1.,9.95799250103E-17,0.));
#14809 = ORIENTED_EDGE('',*,*,#14810,.T.);
#14810 = EDGE_CURVE('',#14803,#14811,#14813,.T.);
#14811 = VERTEX_POINT('',#14812);
#14812 = CARTESIAN_POINT('',(-1.1,0.25,0.25));
#14813 = CIRCLE('',#14814,0.1);
#14814 = AXIS2_PLACEMENT_3D('',#14815,#14816,#14817);
#14815 = CARTESIAN_POINT('',(-1.2,0.25,0.25));
#14816 = DIRECTION('',(9.95799250103E-17,-1.,-0.));
#14817 = DIRECTION('',(-0.,0.,-1.));
#14818 = ORIENTED_EDGE('',*,*,#14819,.T.);
#14819 = EDGE_CURVE('',#14811,#14820,#14822,.T.);
#14820 = VERTEX_POINT('',#14821);
#14821 = CARTESIAN_POINT('',(-1.1,0.25,0.65));
#14822 = LINE('',#14823,#14824);
#14823 = CARTESIAN_POINT('',(-1.1,0.25,0.25));
#14824 = VECTOR('',#14825,1.);
#14825 = DIRECTION('',(0.,0.,1.));
#14826 = ORIENTED_EDGE('',*,*,#14827,.T.);
#14827 = EDGE_CURVE('',#14820,#14828,#14830,.T.);
#14828 = VERTEX_POINT('',#14829);
#14829 = CARTESIAN_POINT('',(-0.85,0.25,0.9));
#14830 = CIRCLE('',#14831,0.25);
#14831 = AXIS2_PLACEMENT_3D('',#14832,#14833,#14834);
#14832 = CARTESIAN_POINT('',(-0.85,0.25,0.65));
#14833 = DIRECTION('',(-9.95799250103E-17,1.,0.));
#14834 = DIRECTION('',(-1.,-9.95799250103E-17,1.33226762955E-15));
#14835 = ORIENTED_EDGE('',*,*,#14836,.T.);
#14836 = EDGE_CURVE('',#14828,#13493,#14837,.T.);
#14837 = LINE('',#14838,#14839);
#14838 = CARTESIAN_POINT('',(-0.85,0.25,0.9));
#14839 = VECTOR('',#14840,1.);
#14840 = DIRECTION('',(1.,9.95799250103E-17,0.));
#14841 = PLANE('',#14842);
#14842 = AXIS2_PLACEMENT_3D('',#14843,#14844,#14845);
#14843 = CARTESIAN_POINT('',(-1.05370428853,0.25,0.423089729504));
#14844 = DIRECTION('',(-9.95799250103E-17,1.,0.));
#14845 = DIRECTION('',(0.,0.,1.));
#14846 = ADVANCED_FACE('',(#14847),#14872,.F.);
#14847 = FACE_BOUND('',#14848,.F.);
#14848 = EDGE_LOOP('',(#14849,#14857,#14858,#14866));
#14849 = ORIENTED_EDGE('',*,*,#14850,.F.);
#14850 = EDGE_CURVE('',#13493,#14851,#14853,.T.);
#14851 = VERTEX_POINT('',#14852);
#14852 = CARTESIAN_POINT('',(-0.775,0.25,0.9));
#14853 = LINE('',#14854,#14855);
#14854 = CARTESIAN_POINT('',(-0.85,0.25,0.9));
#14855 = VECTOR('',#14856,1.);
#14856 = DIRECTION('',(1.,9.95799250103E-17,0.));
#14857 = ORIENTED_EDGE('',*,*,#13509,.T.);
#14858 = ORIENTED_EDGE('',*,*,#14859,.T.);
#14859 = EDGE_CURVE('',#13502,#14860,#14862,.T.);
#14860 = VERTEX_POINT('',#14861);
#14861 = CARTESIAN_POINT('',(-0.775,0.7,0.9));
#14862 = LINE('',#14863,#14864);
#14863 = CARTESIAN_POINT('',(-0.85,0.7,0.9));
#14864 = VECTOR('',#14865,1.);
#14865 = DIRECTION('',(1.,9.95799250103E-17,0.));
#14866 = ORIENTED_EDGE('',*,*,#14867,.F.);
#14867 = EDGE_CURVE('',#14851,#14860,#14868,.T.);
#14868 = LINE('',#14869,#14870);
#14869 = CARTESIAN_POINT('',(-0.775,-1.3425,0.9));
#14870 = VECTOR('',#14871,1.);
#14871 = DIRECTION('',(-2.22044604925E-16,1.,0.));
#14872 = B_SPLINE_SURFACE_WITH_KNOTS('',1,1,(
    (#14873,#14874)
    ,(#14875,#14876
    )),.UNSPECIFIED.,.F.,.F.,.F.,(2,2),(2,2),(0.,2.71),(0.,1.),
  .PIECEWISE_BEZIER_KNOTS.);
#14873 = CARTESIAN_POINT('',(-0.8,-1.355,0.9));
#14874 = CARTESIAN_POINT('',(-0.775,-1.3425,0.9));
#14875 = CARTESIAN_POINT('',(-0.8,1.355,0.9));
#14876 = CARTESIAN_POINT('',(-0.775,1.3425,0.9));
#14877 = ADVANCED_FACE('',(#14878),#14889,.F.);
#14878 = FACE_BOUND('',#14879,.F.);
#14879 = EDGE_LOOP('',(#14880,#14881,#14882,#14888));
#14880 = ORIENTED_EDGE('',*,*,#13540,.T.);
#14881 = ORIENTED_EDGE('',*,*,#14760,.T.);
#14882 = ORIENTED_EDGE('',*,*,#14883,.F.);
#14883 = EDGE_CURVE('',#14669,#14761,#14884,.T.);
#14884 = LINE('',#14885,#14886);
#14885 = CARTESIAN_POINT('',(-0.95,-0.25,0.65));
#14886 = VECTOR('',#14887,1.);
#14887 = DIRECTION('',(-9.95799250103E-17,1.,0.));
#14888 = ORIENTED_EDGE('',*,*,#14668,.F.);
#14889 = CYLINDRICAL_SURFACE('',#14890,0.1);
#14890 = AXIS2_PLACEMENT_3D('',#14891,#14892,#14893);
#14891 = CARTESIAN_POINT('',(-0.85,-0.25,0.65));
#14892 = DIRECTION('',(9.95799250103E-17,-1.,0.));
#14893 = DIRECTION('',(1.110223024625E-15,1.105559255369E-31,1.));
#14894 = ADVANCED_FACE('',(#14895),#14912,.F.);
#14895 = FACE_BOUND('',#14896,.F.);
#14896 = EDGE_LOOP('',(#14897,#14898,#14905,#14911));
#14897 = ORIENTED_EDGE('',*,*,#13562,.T.);
#14898 = ORIENTED_EDGE('',*,*,#14899,.T.);
#14899 = EDGE_CURVE('',#13556,#14900,#14902,.T.);
#14900 = VERTEX_POINT('',#14901);
#14901 = CARTESIAN_POINT('',(0.683648457443,1.296824228722,1.55));
#14902 = B_SPLINE_CURVE_WITH_KNOTS('',1,(#14903,#14904),.UNSPECIFIED.,
  .F.,.F.,(2,2),(0.,1.),.PIECEWISE_BEZIER_KNOTS.);
#14903 = CARTESIAN_POINT('',(0.775,1.3425,0.9));
#14904 = CARTESIAN_POINT('',(0.683648457443,1.296824228722,1.55));
#14905 = ORIENTED_EDGE('',*,*,#14906,.F.);
#14906 = EDGE_CURVE('',#13579,#14900,#14907,.T.);
#14907 = LINE('',#14908,#14909);
#14908 = CARTESIAN_POINT('',(0.646824228722,1.333648457443,1.55));
#14909 = VECTOR('',#14910,1.);
#14910 = DIRECTION('',(0.707106781187,-0.707106781187,0.));
#14911 = ORIENTED_EDGE('',*,*,#13578,.F.);
#14912 = B_SPLINE_SURFACE_WITH_KNOTS('',1,1,(
    (#14913,#14914)
    ,(#14915,#14916
    )),.UNSPECIFIED.,.F.,.F.,.F.,(2,2),(2,2),(0.,0.116672618896),(0.,1.)
  ,.PIECEWISE_BEZIER_KNOTS.);
#14913 = CARTESIAN_POINT('',(0.6925,1.425,0.9));
#14914 = CARTESIAN_POINT('',(0.646824228722,1.333648457443,1.55));
#14915 = CARTESIAN_POINT('',(0.775,1.3425,0.9));
#14916 = CARTESIAN_POINT('',(0.683648457443,1.296824228722,1.55));
#14917 = ADVANCED_FACE('',(#14918),#14968,.T.);
#14918 = FACE_BOUND('',#14919,.F.);
#14919 = EDGE_LOOP('',(#14920,#14921,#14922,#14930,#14938,#14946,#14954,
    #14962));
#14920 = ORIENTED_EDGE('',*,*,#13585,.T.);
#14921 = ORIENTED_EDGE('',*,*,#14906,.T.);
#14922 = ORIENTED_EDGE('',*,*,#14923,.T.);
#14923 = EDGE_CURVE('',#14900,#14924,#14926,.T.);
#14924 = VERTEX_POINT('',#14925);
#14925 = CARTESIAN_POINT('',(0.683648457443,-1.296824228722,1.55));
#14926 = LINE('',#14927,#14928);
#14927 = CARTESIAN_POINT('',(0.683648457443,1.296824228722,1.55));
#14928 = VECTOR('',#14929,1.);
#14929 = DIRECTION('',(2.22044604925E-16,-1.,0.));
#14930 = ORIENTED_EDGE('',*,*,#14931,.T.);
#14931 = EDGE_CURVE('',#14924,#14932,#14934,.T.);
#14932 = VERTEX_POINT('',#14933);
#14933 = CARTESIAN_POINT('',(0.646824228722,-1.333648457443,1.55));
#14934 = LINE('',#14935,#14936);
#14935 = CARTESIAN_POINT('',(0.683648457443,-1.296824228722,1.55));
#14936 = VECTOR('',#14937,1.);
#14937 = DIRECTION('',(-0.707106781187,-0.707106781187,0.));
#14938 = ORIENTED_EDGE('',*,*,#14939,.T.);
#14939 = EDGE_CURVE('',#14932,#14940,#14942,.T.);
#14940 = VERTEX_POINT('',#14941);
#14941 = CARTESIAN_POINT('',(-0.646824228722,-1.333648457443,1.55));
#14942 = LINE('',#14943,#14944);
#14943 = CARTESIAN_POINT('',(0.646824228722,-1.333648457443,1.55));
#14944 = VECTOR('',#14945,1.);
#14945 = DIRECTION('',(-1.,-2.22044604925E-16,0.));
#14946 = ORIENTED_EDGE('',*,*,#14947,.T.);
#14947 = EDGE_CURVE('',#14940,#14948,#14950,.T.);
#14948 = VERTEX_POINT('',#14949);
#14949 = CARTESIAN_POINT('',(-0.683648457443,-1.296824228722,1.55));
#14950 = LINE('',#14951,#14952);
#14951 = CARTESIAN_POINT('',(-0.646824228722,-1.333648457443,1.55));
#14952 = VECTOR('',#14953,1.);
#14953 = DIRECTION('',(-0.707106781187,0.707106781187,0.));
#14954 = ORIENTED_EDGE('',*,*,#14955,.T.);
#14955 = EDGE_CURVE('',#14948,#14956,#14958,.T.);
#14956 = VERTEX_POINT('',#14957);
#14957 = CARTESIAN_POINT('',(-0.683648457443,1.296824228722,1.55));
#14958 = LINE('',#14959,#14960);
#14959 = CARTESIAN_POINT('',(-0.683648457443,-1.296824228722,1.55));
#14960 = VECTOR('',#14961,1.);
#14961 = DIRECTION('',(-2.22044604925E-16,1.,0.));
#14962 = ORIENTED_EDGE('',*,*,#14963,.T.);
#14963 = EDGE_CURVE('',#14956,#13586,#14964,.T.);
#14964 = LINE('',#14965,#14966);
#14965 = CARTESIAN_POINT('',(-0.683648457443,1.296824228722,1.55));
#14966 = VECTOR('',#14967,1.);
#14967 = DIRECTION('',(0.707106781187,0.707106781187,0.));
#14968 = PLANE('',#14969);
#14969 = AXIS2_PLACEMENT_3D('',#14970,#14971,#14972);
#14970 = CARTESIAN_POINT('',(-0.646824228722,1.333648457443,1.55));
#14971 = DIRECTION('',(0.,0.,1.));
#14972 = DIRECTION('',(0.436386464522,-0.899759330922,0.));
#14973 = ADVANCED_FACE('',(#14974),#14984,.F.);
#14974 = FACE_BOUND('',#14975,.F.);
#14975 = EDGE_LOOP('',(#14976,#14977,#14978,#14979));
#14976 = ORIENTED_EDGE('',*,*,#13608,.T.);
#14977 = ORIENTED_EDGE('',*,*,#13593,.T.);
#14978 = ORIENTED_EDGE('',*,*,#14963,.F.);
#14979 = ORIENTED_EDGE('',*,*,#14980,.F.);
#14980 = EDGE_CURVE('',#13609,#14956,#14981,.T.);
#14981 = B_SPLINE_CURVE_WITH_KNOTS('',1,(#14982,#14983),.UNSPECIFIED.,
  .F.,.F.,(2,2),(0.,1.),.PIECEWISE_BEZIER_KNOTS.);
#14982 = CARTESIAN_POINT('',(-0.775,1.3425,0.9));
#14983 = CARTESIAN_POINT('',(-0.683648457443,1.296824228722,1.55));
#14984 = B_SPLINE_SURFACE_WITH_KNOTS('',1,1,(
    (#14985,#14986)
    ,(#14987,#14988
    )),.UNSPECIFIED.,.F.,.F.,.F.,(2,2),(2,2),(0.,0.116672618896),(0.,1.)
  ,.PIECEWISE_BEZIER_KNOTS.);
#14985 = CARTESIAN_POINT('',(-0.775,1.3425,0.9));
#14986 = CARTESIAN_POINT('',(-0.683648457443,1.296824228722,1.55));
#14987 = CARTESIAN_POINT('',(-0.6925,1.425,0.9));
#14988 = CARTESIAN_POINT('',(-0.646824228722,1.333648457443,1.55));
#14989 = ADVANCED_FACE('',(#14990),#15014,.F.);
#14990 = FACE_BOUND('',#14991,.F.);
#14991 = EDGE_LOOP('',(#14992,#14993,#14999,#15000,#15006,#15007,#15012,
    #15013));
#14992 = ORIENTED_EDGE('',*,*,#13639,.T.);
#14993 = ORIENTED_EDGE('',*,*,#14994,.T.);
#14994 = EDGE_CURVE('',#13632,#14086,#14995,.T.);
#14995 = LINE('',#14996,#14997);
#14996 = CARTESIAN_POINT('',(0.775,1.3425,0.9));
#14997 = VECTOR('',#14998,1.);
#14998 = DIRECTION('',(2.22044604925E-16,-1.,0.));
#14999 = ORIENTED_EDGE('',*,*,#14102,.T.);
#15000 = ORIENTED_EDGE('',*,*,#15001,.T.);
#15001 = EDGE_CURVE('',#14095,#13838,#15002,.T.);
#15002 = LINE('',#15003,#15004);
#15003 = CARTESIAN_POINT('',(0.775,1.3425,0.9));
#15004 = VECTOR('',#15005,1.);
#15005 = DIRECTION('',(2.22044604925E-16,-1.,0.));
#15006 = ORIENTED_EDGE('',*,*,#13853,.T.);
#15007 = ORIENTED_EDGE('',*,*,#15008,.T.);
#15008 = EDGE_CURVE('',#13847,#14924,#15009,.T.);
#15009 = B_SPLINE_CURVE_WITH_KNOTS('',1,(#15010,#15011),.UNSPECIFIED.,
  .F.,.F.,(2,2),(0.,1.),.PIECEWISE_BEZIER_KNOTS.);
#15010 = CARTESIAN_POINT('',(0.775,-1.3425,0.9));
#15011 = CARTESIAN_POINT('',(0.683648457443,-1.296824228722,1.55));
#15012 = ORIENTED_EDGE('',*,*,#14923,.F.);
#15013 = ORIENTED_EDGE('',*,*,#14899,.F.);
#15014 = B_SPLINE_SURFACE_WITH_KNOTS('',1,1,(
    (#15015,#15016)
    ,(#15017,#15018
    )),.UNSPECIFIED.,.F.,.F.,.F.,(2,2),(2,2),(0.,2.685),(0.,1.),
  .PIECEWISE_BEZIER_KNOTS.);
#15015 = CARTESIAN_POINT('',(0.775,1.3425,0.9));
#15016 = CARTESIAN_POINT('',(0.683648457443,1.296824228722,1.55));
#15017 = CARTESIAN_POINT('',(0.775,-1.3425,0.9));
#15018 = CARTESIAN_POINT('',(0.683648457443,-1.296824228722,1.55));
#15019 = ADVANCED_FACE('',(#15020),#15033,.F.);
#15020 = FACE_BOUND('',#15021,.F.);
#15021 = EDGE_LOOP('',(#15022,#15023,#15029,#15030,#15031,#15032));
#15022 = ORIENTED_EDGE('',*,*,#13731,.F.);
#15023 = ORIENTED_EDGE('',*,*,#15024,.T.);
#15024 = EDGE_CURVE('',#13723,#13954,#15025,.T.);
#15025 = LINE('',#15026,#15027);
#15026 = CARTESIAN_POINT('',(0.85,1.2,0.9));
#15027 = VECTOR('',#15028,1.);
#15028 = DIRECTION('',(2.22044604925E-16,-1.,0.));
#15029 = ORIENTED_EDGE('',*,*,#13962,.T.);
#15030 = ORIENTED_EDGE('',*,*,#14085,.T.);
#15031 = ORIENTED_EDGE('',*,*,#14994,.F.);
#15032 = ORIENTED_EDGE('',*,*,#13631,.F.);
#15033 = PLANE('',#15034);
#15034 = AXIS2_PLACEMENT_3D('',#15035,#15036,#15037);
#15035 = CARTESIAN_POINT('',(0.85,1.2,0.9));
#15036 = DIRECTION('',(0.,0.,-1.));
#15037 = DIRECTION('',(-1.,-2.22044604925E-16,-0.));
#15038 = ADVANCED_FACE('',(#15039),#15050,.T.);
#15039 = FACE_BOUND('',#15040,.T.);
#15040 = EDGE_LOOP('',(#15041,#15042,#15043,#15044));
#15041 = ORIENTED_EDGE('',*,*,#13722,.T.);
#15042 = ORIENTED_EDGE('',*,*,#15024,.T.);
#15043 = ORIENTED_EDGE('',*,*,#13953,.F.);
#15044 = ORIENTED_EDGE('',*,*,#15045,.F.);
#15045 = EDGE_CURVE('',#13715,#13946,#15046,.T.);
#15046 = LINE('',#15047,#15048);
#15047 = CARTESIAN_POINT('',(1.1,1.2,0.65));
#15048 = VECTOR('',#15049,1.);
#15049 = DIRECTION('',(2.22044604925E-16,-1.,0.));
#15050 = CYLINDRICAL_SURFACE('',#15051,0.25);
#15051 = AXIS2_PLACEMENT_3D('',#15052,#15053,#15054);
#15052 = CARTESIAN_POINT('',(0.85,1.2,0.65));
#15053 = DIRECTION('',(-2.22044604925E-16,1.,-0.));
#15054 = DIRECTION('',(1.,2.22044604925E-16,1.33226762955E-15));
#15055 = ADVANCED_FACE('',(#15056),#15067,.F.);
#15056 = FACE_BOUND('',#15057,.F.);
#15057 = EDGE_LOOP('',(#15058,#15064,#15065,#15066));
#15058 = ORIENTED_EDGE('',*,*,#15059,.T.);
#15059 = EDGE_CURVE('',#13706,#13937,#15060,.T.);
#15060 = LINE('',#15061,#15062);
#15061 = CARTESIAN_POINT('',(1.1,1.2,0.25));
#15062 = VECTOR('',#15063,1.);
#15063 = DIRECTION('',(2.22044604925E-16,-1.,0.));
#15064 = ORIENTED_EDGE('',*,*,#13945,.T.);
#15065 = ORIENTED_EDGE('',*,*,#15045,.F.);
#15066 = ORIENTED_EDGE('',*,*,#13714,.F.);
#15067 = PLANE('',#15068);
#15068 = AXIS2_PLACEMENT_3D('',#15069,#15070,#15071);
#15069 = CARTESIAN_POINT('',(1.1,1.2,0.25));
#15070 = DIRECTION('',(-1.,-2.22044604925E-16,0.));
#15071 = DIRECTION('',(0.,0.,1.));
#15072 = ADVANCED_FACE('',(#15073),#15084,.F.);
#15073 = FACE_BOUND('',#15074,.F.);
#15074 = EDGE_LOOP('',(#15075,#15081,#15082,#15083));
#15075 = ORIENTED_EDGE('',*,*,#15076,.T.);
#15076 = EDGE_CURVE('',#13698,#13929,#15077,.T.);
#15077 = LINE('',#15078,#15079);
#15078 = CARTESIAN_POINT('',(1.2,1.2,0.15));
#15079 = VECTOR('',#15080,1.);
#15080 = DIRECTION('',(2.22044604925E-16,-1.,0.));
#15081 = ORIENTED_EDGE('',*,*,#13936,.T.);
#15082 = ORIENTED_EDGE('',*,*,#15059,.F.);
#15083 = ORIENTED_EDGE('',*,*,#13705,.F.);
#15084 = CYLINDRICAL_SURFACE('',#15085,0.1);
#15085 = AXIS2_PLACEMENT_3D('',#15086,#15087,#15088);
#15086 = CARTESIAN_POINT('',(1.2,1.2,0.25));
#15087 = DIRECTION('',(-2.22044604925E-16,1.,0.));
#15088 = DIRECTION('',(0.,0.,-1.));
#15089 = ADVANCED_FACE('',(#15090),#15101,.F.);
#15090 = FACE_BOUND('',#15091,.F.);
#15091 = EDGE_LOOP('',(#15092,#15098,#15099,#15100));
#15092 = ORIENTED_EDGE('',*,*,#15093,.T.);
#15093 = EDGE_CURVE('',#13690,#13921,#15094,.T.);
#15094 = LINE('',#15095,#15096);
#15095 = CARTESIAN_POINT('',(1.4,1.2,0.15));
#15096 = VECTOR('',#15097,1.);
#15097 = DIRECTION('',(2.22044604925E-16,-1.,0.));
#15098 = ORIENTED_EDGE('',*,*,#13928,.T.);
#15099 = ORIENTED_EDGE('',*,*,#15076,.F.);
#15100 = ORIENTED_EDGE('',*,*,#13697,.F.);
#15101 = PLANE('',#15102);
#15102 = AXIS2_PLACEMENT_3D('',#15103,#15104,#15105);
#15103 = CARTESIAN_POINT('',(1.4,1.2,0.15));
#15104 = DIRECTION('',(0.,0.,-1.));
#15105 = DIRECTION('',(-1.,-2.22044604925E-16,-0.));
#15106 = ADVANCED_FACE('',(#15107),#15118,.F.);
#15107 = FACE_BOUND('',#15108,.F.);
#15108 = EDGE_LOOP('',(#15109,#15115,#15116,#15117));
#15109 = ORIENTED_EDGE('',*,*,#15110,.T.);
#15110 = EDGE_CURVE('',#13682,#13913,#15111,.T.);
#15111 = LINE('',#15112,#15113);
#15112 = CARTESIAN_POINT('',(1.4,1.2,0.));
#15113 = VECTOR('',#15114,1.);
#15114 = DIRECTION('',(2.22044604925E-16,-1.,0.));
#15115 = ORIENTED_EDGE('',*,*,#13920,.T.);
#15116 = ORIENTED_EDGE('',*,*,#15093,.F.);
#15117 = ORIENTED_EDGE('',*,*,#13689,.F.);
#15118 = PLANE('',#15119);
#15119 = AXIS2_PLACEMENT_3D('',#15120,#15121,#15122);
#15120 = CARTESIAN_POINT('',(1.4,1.2,0.));
#15121 = DIRECTION('',(-1.,-2.22044604925E-16,0.));
#15122 = DIRECTION('',(0.,0.,1.));
#15123 = ADVANCED_FACE('',(#15124),#15135,.F.);
#15124 = FACE_BOUND('',#15125,.F.);
#15125 = EDGE_LOOP('',(#15126,#15132,#15133,#15134));
#15126 = ORIENTED_EDGE('',*,*,#15127,.T.);
#15127 = EDGE_CURVE('',#13673,#13904,#15128,.T.);
#15128 = LINE('',#15129,#15130);
#15129 = CARTESIAN_POINT('',(1.2,1.2,0.));
#15130 = VECTOR('',#15131,1.);
#15131 = DIRECTION('',(2.22044604925E-16,-1.,0.));
#15132 = ORIENTED_EDGE('',*,*,#13912,.T.);
#15133 = ORIENTED_EDGE('',*,*,#15110,.F.);
#15134 = ORIENTED_EDGE('',*,*,#13681,.F.);
#15135 = PLANE('',#15136);
#15136 = AXIS2_PLACEMENT_3D('',#15137,#15138,#15139);
#15137 = CARTESIAN_POINT('',(1.2,1.2,0.));
#15138 = DIRECTION('',(0.,0.,1.));
#15139 = DIRECTION('',(1.,2.22044604925E-16,-0.));
#15140 = ADVANCED_FACE('',(#15141),#15152,.T.);
#15141 = FACE_BOUND('',#15142,.T.);
#15142 = EDGE_LOOP('',(#15143,#15144,#15145,#15146));
#15143 = ORIENTED_EDGE('',*,*,#13672,.T.);
#15144 = ORIENTED_EDGE('',*,*,#15127,.T.);
#15145 = ORIENTED_EDGE('',*,*,#13903,.F.);
#15146 = ORIENTED_EDGE('',*,*,#15147,.F.);
#15147 = EDGE_CURVE('',#13665,#13896,#15148,.T.);
#15148 = LINE('',#15149,#15150);
#15149 = CARTESIAN_POINT('',(0.95,1.2,0.25));
#15150 = VECTOR('',#15151,1.);
#15151 = DIRECTION('',(2.22044604925E-16,-1.,0.));
#15152 = CYLINDRICAL_SURFACE('',#15153,0.25);
#15153 = AXIS2_PLACEMENT_3D('',#15154,#15155,#15156);
#15154 = CARTESIAN_POINT('',(1.2,1.2,0.25));
#15155 = DIRECTION('',(-2.22044604925E-16,1.,-0.));
#15156 = DIRECTION('',(-1.,-2.22044604925E-16,-4.440892098501E-16));
#15157 = ADVANCED_FACE('',(#15158),#15164,.F.);
#15158 = FACE_BOUND('',#15159,.F.);
#15159 = EDGE_LOOP('',(#15160,#15161,#15162,#15163));
#15160 = ORIENTED_EDGE('',*,*,#13877,.T.);
#15161 = ORIENTED_EDGE('',*,*,#13895,.T.);
#15162 = ORIENTED_EDGE('',*,*,#15147,.F.);
#15163 = ORIENTED_EDGE('',*,*,#13664,.F.);
#15164 = PLANE('',#15165);
#15165 = AXIS2_PLACEMENT_3D('',#15166,#15167,#15168);
#15166 = CARTESIAN_POINT('',(0.95,1.2,0.65));
#15167 = DIRECTION('',(1.,2.22044604925E-16,0.));
#15168 = DIRECTION('',(0.,0.,-1.));
#15169 = ADVANCED_FACE('',(#15170),#15183,.F.);
#15170 = FACE_BOUND('',#15171,.F.);
#15171 = EDGE_LOOP('',(#15172,#15173,#15179,#15180,#15181,#15182));
#15172 = ORIENTED_EDGE('',*,*,#14054,.F.);
#15173 = ORIENTED_EDGE('',*,*,#15174,.T.);
#15174 = EDGE_CURVE('',#14046,#13815,#15175,.T.);
#15175 = LINE('',#15176,#15177);
#15176 = CARTESIAN_POINT('',(0.85,-0.7,0.9));
#15177 = VECTOR('',#15178,1.);
#15178 = DIRECTION('',(2.22044604925E-16,-1.,0.));
#15179 = ORIENTED_EDGE('',*,*,#13823,.T.);
#15180 = ORIENTED_EDGE('',*,*,#13837,.T.);
#15181 = ORIENTED_EDGE('',*,*,#15001,.F.);
#15182 = ORIENTED_EDGE('',*,*,#14094,.F.);
#15183 = PLANE('',#15184);
#15184 = AXIS2_PLACEMENT_3D('',#15185,#15186,#15187);
#15185 = CARTESIAN_POINT('',(0.85,-0.7,0.9));
#15186 = DIRECTION('',(0.,0.,-1.));
#15187 = DIRECTION('',(-1.,-2.22044604925E-16,-0.));
#15188 = ADVANCED_FACE('',(#15189),#15200,.T.);
#15189 = FACE_BOUND('',#15190,.T.);
#15190 = EDGE_LOOP('',(#15191,#15192,#15193,#15194));
#15191 = ORIENTED_EDGE('',*,*,#14045,.T.);
#15192 = ORIENTED_EDGE('',*,*,#15174,.T.);
#15193 = ORIENTED_EDGE('',*,*,#13814,.F.);
#15194 = ORIENTED_EDGE('',*,*,#15195,.F.);
#15195 = EDGE_CURVE('',#14038,#13807,#15196,.T.);
#15196 = LINE('',#15197,#15198);
#15197 = CARTESIAN_POINT('',(1.1,-0.7,0.65));
#15198 = VECTOR('',#15199,1.);
#15199 = DIRECTION('',(2.22044604925E-16,-1.,0.));
#15200 = CYLINDRICAL_SURFACE('',#15201,0.25);
#15201 = AXIS2_PLACEMENT_3D('',#15202,#15203,#15204);
#15202 = CARTESIAN_POINT('',(0.85,-0.7,0.65));
#15203 = DIRECTION('',(-2.22044604925E-16,1.,-0.));
#15204 = DIRECTION('',(1.,2.22044604925E-16,1.33226762955E-15));
#15205 = ADVANCED_FACE('',(#15206),#15217,.F.);
#15206 = FACE_BOUND('',#15207,.F.);
#15207 = EDGE_LOOP('',(#15208,#15214,#15215,#15216));
#15208 = ORIENTED_EDGE('',*,*,#15209,.T.);
#15209 = EDGE_CURVE('',#14029,#13798,#15210,.T.);
#15210 = LINE('',#15211,#15212);
#15211 = CARTESIAN_POINT('',(1.1,-0.7,0.25));
#15212 = VECTOR('',#15213,1.);
#15213 = DIRECTION('',(2.22044604925E-16,-1.,0.));
#15214 = ORIENTED_EDGE('',*,*,#13806,.T.);
#15215 = ORIENTED_EDGE('',*,*,#15195,.F.);
#15216 = ORIENTED_EDGE('',*,*,#14037,.F.);
#15217 = PLANE('',#15218);
#15218 = AXIS2_PLACEMENT_3D('',#15219,#15220,#15221);
#15219 = CARTESIAN_POINT('',(1.1,-0.7,0.25));
#15220 = DIRECTION('',(-1.,-2.22044604925E-16,0.));
#15221 = DIRECTION('',(0.,0.,1.));
#15222 = ADVANCED_FACE('',(#15223),#15234,.F.);
#15223 = FACE_BOUND('',#15224,.F.);
#15224 = EDGE_LOOP('',(#15225,#15231,#15232,#15233));
#15225 = ORIENTED_EDGE('',*,*,#15226,.T.);
#15226 = EDGE_CURVE('',#14021,#13790,#15227,.T.);
#15227 = LINE('',#15228,#15229);
#15228 = CARTESIAN_POINT('',(1.2,-0.7,0.15));
#15229 = VECTOR('',#15230,1.);
#15230 = DIRECTION('',(2.22044604925E-16,-1.,0.));
#15231 = ORIENTED_EDGE('',*,*,#13797,.T.);
#15232 = ORIENTED_EDGE('',*,*,#15209,.F.);
#15233 = ORIENTED_EDGE('',*,*,#14028,.F.);
#15234 = CYLINDRICAL_SURFACE('',#15235,0.1);
#15235 = AXIS2_PLACEMENT_3D('',#15236,#15237,#15238);
#15236 = CARTESIAN_POINT('',(1.2,-0.7,0.25));
#15237 = DIRECTION('',(-2.22044604925E-16,1.,0.));
#15238 = DIRECTION('',(0.,0.,-1.));
#15239 = ADVANCED_FACE('',(#15240),#15251,.F.);
#15240 = FACE_BOUND('',#15241,.F.);
#15241 = EDGE_LOOP('',(#15242,#15248,#15249,#15250));
#15242 = ORIENTED_EDGE('',*,*,#15243,.T.);
#15243 = EDGE_CURVE('',#14013,#13782,#15244,.T.);
#15244 = LINE('',#15245,#15246);
#15245 = CARTESIAN_POINT('',(1.4,-0.7,0.15));
#15246 = VECTOR('',#15247,1.);
#15247 = DIRECTION('',(2.22044604925E-16,-1.,0.));
#15248 = ORIENTED_EDGE('',*,*,#13789,.T.);
#15249 = ORIENTED_EDGE('',*,*,#15226,.F.);
#15250 = ORIENTED_EDGE('',*,*,#14020,.F.);
#15251 = PLANE('',#15252);
#15252 = AXIS2_PLACEMENT_3D('',#15253,#15254,#15255);
#15253 = CARTESIAN_POINT('',(1.4,-0.7,0.15));
#15254 = DIRECTION('',(0.,0.,-1.));
#15255 = DIRECTION('',(-1.,-2.22044604925E-16,-0.));
#15256 = ADVANCED_FACE('',(#15257),#15268,.F.);
#15257 = FACE_BOUND('',#15258,.F.);
#15258 = EDGE_LOOP('',(#15259,#15265,#15266,#15267));
#15259 = ORIENTED_EDGE('',*,*,#15260,.T.);
#15260 = EDGE_CURVE('',#14005,#13774,#15261,.T.);
#15261 = LINE('',#15262,#15263);
#15262 = CARTESIAN_POINT('',(1.4,-0.7,0.));
#15263 = VECTOR('',#15264,1.);
#15264 = DIRECTION('',(2.22044604925E-16,-1.,0.));
#15265 = ORIENTED_EDGE('',*,*,#13781,.T.);
#15266 = ORIENTED_EDGE('',*,*,#15243,.F.);
#15267 = ORIENTED_EDGE('',*,*,#14012,.F.);
#15268 = PLANE('',#15269);
#15269 = AXIS2_PLACEMENT_3D('',#15270,#15271,#15272);
#15270 = CARTESIAN_POINT('',(1.4,-0.7,0.));
#15271 = DIRECTION('',(-1.,-2.22044604925E-16,0.));
#15272 = DIRECTION('',(0.,0.,1.));
#15273 = ADVANCED_FACE('',(#15274),#15285,.F.);
#15274 = FACE_BOUND('',#15275,.F.);
#15275 = EDGE_LOOP('',(#15276,#15282,#15283,#15284));
#15276 = ORIENTED_EDGE('',*,*,#15277,.T.);
#15277 = EDGE_CURVE('',#13996,#13765,#15278,.T.);
#15278 = LINE('',#15279,#15280);
#15279 = CARTESIAN_POINT('',(1.2,-0.7,0.));
#15280 = VECTOR('',#15281,1.);
#15281 = DIRECTION('',(2.22044604925E-16,-1.,0.));
#15282 = ORIENTED_EDGE('',*,*,#13773,.T.);
#15283 = ORIENTED_EDGE('',*,*,#15260,.F.);
#15284 = ORIENTED_EDGE('',*,*,#14004,.F.);
#15285 = PLANE('',#15286);
#15286 = AXIS2_PLACEMENT_3D('',#15287,#15288,#15289);
#15287 = CARTESIAN_POINT('',(1.2,-0.7,0.));
#15288 = DIRECTION('',(0.,0.,1.));
#15289 = DIRECTION('',(1.,2.22044604925E-16,-0.));
#15290 = ADVANCED_FACE('',(#15291),#15302,.T.);
#15291 = FACE_BOUND('',#15292,.T.);
#15292 = EDGE_LOOP('',(#15293,#15294,#15295,#15296));
#15293 = ORIENTED_EDGE('',*,*,#13995,.T.);
#15294 = ORIENTED_EDGE('',*,*,#15277,.T.);
#15295 = ORIENTED_EDGE('',*,*,#13764,.F.);
#15296 = ORIENTED_EDGE('',*,*,#15297,.F.);
#15297 = EDGE_CURVE('',#13988,#13757,#15298,.T.);
#15298 = LINE('',#15299,#15300);
#15299 = CARTESIAN_POINT('',(0.95,-0.7,0.25));
#15300 = VECTOR('',#15301,1.);
#15301 = DIRECTION('',(2.22044604925E-16,-1.,0.));
#15302 = CYLINDRICAL_SURFACE('',#15303,0.25);
#15303 = AXIS2_PLACEMENT_3D('',#15304,#15305,#15306);
#15304 = CARTESIAN_POINT('',(1.2,-0.7,0.25));
#15305 = DIRECTION('',(-2.22044604925E-16,1.,-0.));
#15306 = DIRECTION('',(-1.,-2.22044604925E-16,-4.440892098501E-16));
#15307 = ADVANCED_FACE('',(#15308),#15314,.F.);
#15308 = FACE_BOUND('',#15309,.F.);
#15309 = EDGE_LOOP('',(#15310,#15311,#15312,#15313));
#15310 = ORIENTED_EDGE('',*,*,#14070,.T.);
#15311 = ORIENTED_EDGE('',*,*,#13756,.T.);
#15312 = ORIENTED_EDGE('',*,*,#15297,.F.);
#15313 = ORIENTED_EDGE('',*,*,#13987,.F.);
#15314 = PLANE('',#15315);
#15315 = AXIS2_PLACEMENT_3D('',#15316,#15317,#15318);
#15316 = CARTESIAN_POINT('',(0.95,-0.7,0.65));
#15317 = DIRECTION('',(1.,2.22044604925E-16,0.));
#15318 = DIRECTION('',(0.,0.,-1.));
#15319 = ADVANCED_FACE('',(#15320),#15330,.F.);
#15320 = FACE_BOUND('',#15321,.F.);
#15321 = EDGE_LOOP('',(#15322,#15323,#15328,#15329));
#15322 = ORIENTED_EDGE('',*,*,#14124,.T.);
#15323 = ORIENTED_EDGE('',*,*,#15324,.T.);
#15324 = EDGE_CURVE('',#14118,#14932,#15325,.T.);
#15325 = B_SPLINE_CURVE_WITH_KNOTS('',1,(#15326,#15327),.UNSPECIFIED.,
  .F.,.F.,(2,2),(0.,1.),.PIECEWISE_BEZIER_KNOTS.);
#15326 = CARTESIAN_POINT('',(0.6925,-1.425,0.9));
#15327 = CARTESIAN_POINT('',(0.646824228722,-1.333648457443,1.55));
#15328 = ORIENTED_EDGE('',*,*,#14931,.F.);
#15329 = ORIENTED_EDGE('',*,*,#15008,.F.);
#15330 = B_SPLINE_SURFACE_WITH_KNOTS('',1,1,(
    (#15331,#15332)
    ,(#15333,#15334
    )),.UNSPECIFIED.,.F.,.F.,.F.,(2,2),(2,2),(0.,0.116672618896),(0.,1.)
  ,.PIECEWISE_BEZIER_KNOTS.);
#15331 = CARTESIAN_POINT('',(0.775,-1.3425,0.9));
#15332 = CARTESIAN_POINT('',(0.683648457443,-1.296824228722,1.55));
#15333 = CARTESIAN_POINT('',(0.6925,-1.425,0.9));
#15334 = CARTESIAN_POINT('',(0.646824228722,-1.333648457443,1.55));
#15335 = ADVANCED_FACE('',(#15336),#15346,.F.);
#15336 = FACE_BOUND('',#15337,.F.);
#15337 = EDGE_LOOP('',(#15338,#15339,#15344,#15345));
#15338 = ORIENTED_EDGE('',*,*,#14147,.T.);
#15339 = ORIENTED_EDGE('',*,*,#15340,.T.);
#15340 = EDGE_CURVE('',#14141,#14940,#15341,.T.);
#15341 = B_SPLINE_CURVE_WITH_KNOTS('',1,(#15342,#15343),.UNSPECIFIED.,
  .F.,.F.,(2,2),(0.,1.),.PIECEWISE_BEZIER_KNOTS.);
#15342 = CARTESIAN_POINT('',(-0.6925,-1.425,0.9));
#15343 = CARTESIAN_POINT('',(-0.646824228722,-1.333648457443,1.55));
#15344 = ORIENTED_EDGE('',*,*,#14939,.F.);
#15345 = ORIENTED_EDGE('',*,*,#15324,.F.);
#15346 = B_SPLINE_SURFACE_WITH_KNOTS('',1,1,(
    (#15347,#15348)
    ,(#15349,#15350
    )),.UNSPECIFIED.,.F.,.F.,.F.,(2,2),(2,2),(0.,1.385),(0.,1.),
  .PIECEWISE_BEZIER_KNOTS.);
#15347 = CARTESIAN_POINT('',(0.6925,-1.425,0.9));
#15348 = CARTESIAN_POINT('',(0.646824228722,-1.333648457443,1.55));
#15349 = CARTESIAN_POINT('',(-0.6925,-1.425,0.9));
#15350 = CARTESIAN_POINT('',(-0.646824228722,-1.333648457443,1.55));
#15351 = ADVANCED_FACE('',(#15352),#15362,.F.);
#15352 = FACE_BOUND('',#15353,.F.);
#15353 = EDGE_LOOP('',(#15354,#15355,#15360,#15361));
#15354 = ORIENTED_EDGE('',*,*,#14170,.T.);
#15355 = ORIENTED_EDGE('',*,*,#15356,.T.);
#15356 = EDGE_CURVE('',#14164,#14948,#15357,.T.);
#15357 = B_SPLINE_CURVE_WITH_KNOTS('',1,(#15358,#15359),.UNSPECIFIED.,
  .F.,.F.,(2,2),(0.,1.),.PIECEWISE_BEZIER_KNOTS.);
#15358 = CARTESIAN_POINT('',(-0.775,-1.3425,0.9));
#15359 = CARTESIAN_POINT('',(-0.683648457443,-1.296824228722,1.55));
#15360 = ORIENTED_EDGE('',*,*,#14947,.F.);
#15361 = ORIENTED_EDGE('',*,*,#15340,.F.);
#15362 = B_SPLINE_SURFACE_WITH_KNOTS('',1,1,(
    (#15363,#15364)
    ,(#15365,#15366
    )),.UNSPECIFIED.,.F.,.F.,.F.,(2,2),(2,2),(0.,0.116672618896),(0.,1.)
  ,.PIECEWISE_BEZIER_KNOTS.);
#15363 = CARTESIAN_POINT('',(-0.6925,-1.425,0.9));
#15364 = CARTESIAN_POINT('',(-0.646824228722,-1.333648457443,1.55));
#15365 = CARTESIAN_POINT('',(-0.775,-1.3425,0.9));
#15366 = CARTESIAN_POINT('',(-0.683648457443,-1.296824228722,1.55));
#15367 = ADVANCED_FACE('',(#15368),#15395,.F.);
#15368 = FACE_BOUND('',#15369,.F.);
#15369 = EDGE_LOOP('',(#15370,#15371,#15377,#15378,#15384,#15385,#15391,
    #15392,#15393,#15394));
#15370 = ORIENTED_EDGE('',*,*,#14195,.T.);
#15371 = ORIENTED_EDGE('',*,*,#15372,.T.);
#15372 = EDGE_CURVE('',#14188,#14636,#15373,.T.);
#15373 = LINE('',#15374,#15375);
#15374 = CARTESIAN_POINT('',(-0.775,-1.3425,0.9));
#15375 = VECTOR('',#15376,1.);
#15376 = DIRECTION('',(-2.22044604925E-16,1.,0.));
#15377 = ORIENTED_EDGE('',*,*,#14652,.T.);
#15378 = ORIENTED_EDGE('',*,*,#15379,.T.);
#15379 = EDGE_CURVE('',#14645,#14851,#15380,.T.);
#15380 = LINE('',#15381,#15382);
#15381 = CARTESIAN_POINT('',(-0.775,-1.3425,0.9));
#15382 = VECTOR('',#15383,1.);
#15383 = DIRECTION('',(-2.22044604925E-16,1.,0.));
#15384 = ORIENTED_EDGE('',*,*,#14867,.T.);
#15385 = ORIENTED_EDGE('',*,*,#15386,.T.);
#15386 = EDGE_CURVE('',#14860,#14394,#15387,.T.);
#15387 = LINE('',#15388,#15389);
#15388 = CARTESIAN_POINT('',(-0.775,-1.3425,0.9));
#15389 = VECTOR('',#15390,1.);
#15390 = DIRECTION('',(-2.22044604925E-16,1.,0.));
#15391 = ORIENTED_EDGE('',*,*,#14403,.T.);
#15392 = ORIENTED_EDGE('',*,*,#14980,.T.);
#15393 = ORIENTED_EDGE('',*,*,#14955,.F.);
#15394 = ORIENTED_EDGE('',*,*,#15356,.F.);
#15395 = B_SPLINE_SURFACE_WITH_KNOTS('',1,1,(
    (#15396,#15397)
    ,(#15398,#15399
    )),.UNSPECIFIED.,.F.,.F.,.F.,(2,2),(2,2),(0.,2.685),(0.,1.),
  .PIECEWISE_BEZIER_KNOTS.);
#15396 = CARTESIAN_POINT('',(-0.775,-1.3425,0.9));
#15397 = CARTESIAN_POINT('',(-0.683648457443,-1.296824228722,1.55));
#15398 = CARTESIAN_POINT('',(-0.775,1.3425,0.9));
#15399 = CARTESIAN_POINT('',(-0.683648457443,1.296824228722,1.55));
#15400 = ADVANCED_FACE('',(#15401),#15414,.F.);
#15401 = FACE_BOUND('',#15402,.F.);
#15402 = EDGE_LOOP('',(#15403,#15404,#15410,#15411,#15412,#15413));
#15403 = ORIENTED_EDGE('',*,*,#14287,.F.);
#15404 = ORIENTED_EDGE('',*,*,#15405,.T.);
#15405 = EDGE_CURVE('',#14279,#14504,#15406,.T.);
#15406 = LINE('',#15407,#15408);
#15407 = CARTESIAN_POINT('',(-0.85,-1.2,0.9));
#15408 = VECTOR('',#15409,1.);
#15409 = DIRECTION('',(-9.95799250103E-17,1.,0.));
#15410 = ORIENTED_EDGE('',*,*,#14512,.T.);
#15411 = ORIENTED_EDGE('',*,*,#14635,.T.);
#15412 = ORIENTED_EDGE('',*,*,#15372,.F.);
#15413 = ORIENTED_EDGE('',*,*,#14187,.F.);
#15414 = PLANE('',#15415);
#15415 = AXIS2_PLACEMENT_3D('',#15416,#15417,#15418);
#15416 = CARTESIAN_POINT('',(-0.85,-1.2,0.9));
#15417 = DIRECTION('',(-0.,0.,-1.));
#15418 = DIRECTION('',(1.,9.95799250103E-17,0.));
#15419 = ADVANCED_FACE('',(#15420),#15431,.T.);
#15420 = FACE_BOUND('',#15421,.T.);
#15421 = EDGE_LOOP('',(#15422,#15423,#15424,#15425));
#15422 = ORIENTED_EDGE('',*,*,#14278,.T.);
#15423 = ORIENTED_EDGE('',*,*,#15405,.T.);
#15424 = ORIENTED_EDGE('',*,*,#14503,.F.);
#15425 = ORIENTED_EDGE('',*,*,#15426,.F.);
#15426 = EDGE_CURVE('',#14271,#14496,#15427,.T.);
#15427 = LINE('',#15428,#15429);
#15428 = CARTESIAN_POINT('',(-1.1,-1.2,0.65));
#15429 = VECTOR('',#15430,1.);
#15430 = DIRECTION('',(-9.95799250103E-17,1.,0.));
#15431 = CYLINDRICAL_SURFACE('',#15432,0.25);
#15432 = AXIS2_PLACEMENT_3D('',#15433,#15434,#15435);
#15433 = CARTESIAN_POINT('',(-0.85,-1.2,0.65));
#15434 = DIRECTION('',(9.95799250103E-17,-1.,-0.));
#15435 = DIRECTION('',(-1.,-9.95799250103E-17,1.33226762955E-15));
#15436 = ADVANCED_FACE('',(#15437),#15448,.F.);
#15437 = FACE_BOUND('',#15438,.F.);
#15438 = EDGE_LOOP('',(#15439,#15445,#15446,#15447));
#15439 = ORIENTED_EDGE('',*,*,#15440,.T.);
#15440 = EDGE_CURVE('',#14262,#14487,#15441,.T.);
#15441 = LINE('',#15442,#15443);
#15442 = CARTESIAN_POINT('',(-1.1,-1.2,0.25));
#15443 = VECTOR('',#15444,1.);
#15444 = DIRECTION('',(-9.95799250103E-17,1.,0.));
#15445 = ORIENTED_EDGE('',*,*,#14495,.T.);
#15446 = ORIENTED_EDGE('',*,*,#15426,.F.);
#15447 = ORIENTED_EDGE('',*,*,#14270,.F.);
#15448 = PLANE('',#15449);
#15449 = AXIS2_PLACEMENT_3D('',#15450,#15451,#15452);
#15450 = CARTESIAN_POINT('',(-1.1,-1.2,0.25));
#15451 = DIRECTION('',(1.,9.95799250103E-17,0.));
#15452 = DIRECTION('',(0.,-0.,1.));
#15453 = ADVANCED_FACE('',(#15454),#15465,.F.);
#15454 = FACE_BOUND('',#15455,.F.);
#15455 = EDGE_LOOP('',(#15456,#15462,#15463,#15464));
#15456 = ORIENTED_EDGE('',*,*,#15457,.T.);
#15457 = EDGE_CURVE('',#14254,#14479,#15458,.T.);
#15458 = LINE('',#15459,#15460);
#15459 = CARTESIAN_POINT('',(-1.2,-1.2,0.15));
#15460 = VECTOR('',#15461,1.);
#15461 = DIRECTION('',(-9.95799250103E-17,1.,0.));
#15462 = ORIENTED_EDGE('',*,*,#14486,.T.);
#15463 = ORIENTED_EDGE('',*,*,#15440,.F.);
#15464 = ORIENTED_EDGE('',*,*,#14261,.F.);
#15465 = CYLINDRICAL_SURFACE('',#15466,0.1);
#15466 = AXIS2_PLACEMENT_3D('',#15467,#15468,#15469);
#15467 = CARTESIAN_POINT('',(-1.2,-1.2,0.25));
#15468 = DIRECTION('',(9.95799250103E-17,-1.,0.));
#15469 = DIRECTION('',(0.,-0.,-1.));
#15470 = ADVANCED_FACE('',(#15471),#15482,.F.);
#15471 = FACE_BOUND('',#15472,.F.);
#15472 = EDGE_LOOP('',(#15473,#15479,#15480,#15481));
#15473 = ORIENTED_EDGE('',*,*,#15474,.T.);
#15474 = EDGE_CURVE('',#14246,#14471,#15475,.T.);
#15475 = LINE('',#15476,#15477);
#15476 = CARTESIAN_POINT('',(-1.4,-1.2,0.15));
#15477 = VECTOR('',#15478,1.);
#15478 = DIRECTION('',(-9.95799250103E-17,1.,0.));
#15479 = ORIENTED_EDGE('',*,*,#14478,.T.);
#15480 = ORIENTED_EDGE('',*,*,#15457,.F.);
#15481 = ORIENTED_EDGE('',*,*,#14253,.F.);
#15482 = PLANE('',#15483);
#15483 = AXIS2_PLACEMENT_3D('',#15484,#15485,#15486);
#15484 = CARTESIAN_POINT('',(-1.4,-1.2,0.15));
#15485 = DIRECTION('',(-0.,0.,-1.));
#15486 = DIRECTION('',(1.,9.95799250103E-17,0.));
#15487 = ADVANCED_FACE('',(#15488),#15499,.F.);
#15488 = FACE_BOUND('',#15489,.F.);
#15489 = EDGE_LOOP('',(#15490,#15496,#15497,#15498));
#15490 = ORIENTED_EDGE('',*,*,#15491,.T.);
#15491 = EDGE_CURVE('',#14238,#14463,#15492,.T.);
#15492 = LINE('',#15493,#15494);
#15493 = CARTESIAN_POINT('',(-1.4,-1.2,0.));
#15494 = VECTOR('',#15495,1.);
#15495 = DIRECTION('',(-9.95799250103E-17,1.,0.));
#15496 = ORIENTED_EDGE('',*,*,#14470,.T.);
#15497 = ORIENTED_EDGE('',*,*,#15474,.F.);
#15498 = ORIENTED_EDGE('',*,*,#14245,.F.);
#15499 = PLANE('',#15500);
#15500 = AXIS2_PLACEMENT_3D('',#15501,#15502,#15503);
#15501 = CARTESIAN_POINT('',(-1.4,-1.2,0.));
#15502 = DIRECTION('',(1.,9.95799250103E-17,0.));
#15503 = DIRECTION('',(0.,-0.,1.));
#15504 = ADVANCED_FACE('',(#15505),#15516,.F.);
#15505 = FACE_BOUND('',#15506,.F.);
#15506 = EDGE_LOOP('',(#15507,#15513,#15514,#15515));
#15507 = ORIENTED_EDGE('',*,*,#15508,.T.);
#15508 = EDGE_CURVE('',#14229,#14454,#15509,.T.);
#15509 = LINE('',#15510,#15511);
#15510 = CARTESIAN_POINT('',(-1.2,-1.2,0.));
#15511 = VECTOR('',#15512,1.);
#15512 = DIRECTION('',(-9.95799250103E-17,1.,0.));
#15513 = ORIENTED_EDGE('',*,*,#14462,.T.);
#15514 = ORIENTED_EDGE('',*,*,#15491,.F.);
#15515 = ORIENTED_EDGE('',*,*,#14237,.F.);
#15516 = PLANE('',#15517);
#15517 = AXIS2_PLACEMENT_3D('',#15518,#15519,#15520);
#15518 = CARTESIAN_POINT('',(-1.2,-1.2,0.));
#15519 = DIRECTION('',(0.,0.,1.));
#15520 = DIRECTION('',(-1.,-9.95799250103E-17,0.));
#15521 = ADVANCED_FACE('',(#15522),#15533,.T.);
#15522 = FACE_BOUND('',#15523,.T.);
#15523 = EDGE_LOOP('',(#15524,#15525,#15526,#15527));
#15524 = ORIENTED_EDGE('',*,*,#14228,.T.);
#15525 = ORIENTED_EDGE('',*,*,#15508,.T.);
#15526 = ORIENTED_EDGE('',*,*,#14453,.F.);
#15527 = ORIENTED_EDGE('',*,*,#15528,.F.);
#15528 = EDGE_CURVE('',#14221,#14446,#15529,.T.);
#15529 = LINE('',#15530,#15531);
#15530 = CARTESIAN_POINT('',(-0.95,-1.2,0.25));
#15531 = VECTOR('',#15532,1.);
#15532 = DIRECTION('',(-9.95799250103E-17,1.,0.));
#15533 = CYLINDRICAL_SURFACE('',#15534,0.25);
#15534 = AXIS2_PLACEMENT_3D('',#15535,#15536,#15537);
#15535 = CARTESIAN_POINT('',(-1.2,-1.2,0.25));
#15536 = DIRECTION('',(9.95799250103E-17,-1.,-0.));
#15537 = DIRECTION('',(1.,9.95799250103E-17,-4.440892098501E-16));
#15538 = ADVANCED_FACE('',(#15539),#15545,.F.);
#15539 = FACE_BOUND('',#15540,.F.);
#15540 = EDGE_LOOP('',(#15541,#15542,#15543,#15544));
#15541 = ORIENTED_EDGE('',*,*,#14427,.T.);
#15542 = ORIENTED_EDGE('',*,*,#14445,.T.);
#15543 = ORIENTED_EDGE('',*,*,#15528,.F.);
#15544 = ORIENTED_EDGE('',*,*,#14220,.F.);
#15545 = PLANE('',#15546);
#15546 = AXIS2_PLACEMENT_3D('',#15547,#15548,#15549);
#15547 = CARTESIAN_POINT('',(-0.95,-1.2,0.65));
#15548 = DIRECTION('',(-1.,-9.95799250103E-17,0.));
#15549 = DIRECTION('',(-0.,0.,-1.));
#15550 = ADVANCED_FACE('',(#15551),#15564,.F.);
#15551 = FACE_BOUND('',#15552,.F.);
#15552 = EDGE_LOOP('',(#15553,#15554,#15560,#15561,#15562,#15563));
#15553 = ORIENTED_EDGE('',*,*,#14604,.F.);
#15554 = ORIENTED_EDGE('',*,*,#15555,.T.);
#15555 = EDGE_CURVE('',#14596,#14371,#15556,.T.);
#15556 = LINE('',#15557,#15558);
#15557 = CARTESIAN_POINT('',(-0.85,0.7,0.9));
#15558 = VECTOR('',#15559,1.);
#15559 = DIRECTION('',(-9.95799250103E-17,1.,0.));
#15560 = ORIENTED_EDGE('',*,*,#14379,.T.);
#15561 = ORIENTED_EDGE('',*,*,#14393,.T.);
#15562 = ORIENTED_EDGE('',*,*,#15386,.F.);
#15563 = ORIENTED_EDGE('',*,*,#14859,.F.);
#15564 = PLANE('',#15565);
#15565 = AXIS2_PLACEMENT_3D('',#15566,#15567,#15568);
#15566 = CARTESIAN_POINT('',(-0.85,0.7,0.9));
#15567 = DIRECTION('',(-0.,0.,-1.));
#15568 = DIRECTION('',(1.,9.95799250103E-17,0.));
#15569 = ADVANCED_FACE('',(#15570),#15581,.T.);
#15570 = FACE_BOUND('',#15571,.T.);
#15571 = EDGE_LOOP('',(#15572,#15573,#15574,#15575));
#15572 = ORIENTED_EDGE('',*,*,#14595,.T.);
#15573 = ORIENTED_EDGE('',*,*,#15555,.T.);
#15574 = ORIENTED_EDGE('',*,*,#14370,.F.);
#15575 = ORIENTED_EDGE('',*,*,#15576,.F.);
#15576 = EDGE_CURVE('',#14588,#14363,#15577,.T.);
#15577 = LINE('',#15578,#15579);
#15578 = CARTESIAN_POINT('',(-1.1,0.7,0.65));
#15579 = VECTOR('',#15580,1.);
#15580 = DIRECTION('',(-9.95799250103E-17,1.,0.));
#15581 = CYLINDRICAL_SURFACE('',#15582,0.25);
#15582 = AXIS2_PLACEMENT_3D('',#15583,#15584,#15585);
#15583 = CARTESIAN_POINT('',(-0.85,0.7,0.65));
#15584 = DIRECTION('',(9.95799250103E-17,-1.,-0.));
#15585 = DIRECTION('',(-1.,-9.95799250103E-17,1.33226762955E-15));
#15586 = ADVANCED_FACE('',(#15587),#15598,.F.);
#15587 = FACE_BOUND('',#15588,.F.);
#15588 = EDGE_LOOP('',(#15589,#15595,#15596,#15597));
#15589 = ORIENTED_EDGE('',*,*,#15590,.T.);
#15590 = EDGE_CURVE('',#14579,#14354,#15591,.T.);
#15591 = LINE('',#15592,#15593);
#15592 = CARTESIAN_POINT('',(-1.1,0.7,0.25));
#15593 = VECTOR('',#15594,1.);
#15594 = DIRECTION('',(-9.95799250103E-17,1.,0.));
#15595 = ORIENTED_EDGE('',*,*,#14362,.T.);
#15596 = ORIENTED_EDGE('',*,*,#15576,.F.);
#15597 = ORIENTED_EDGE('',*,*,#14587,.F.);
#15598 = PLANE('',#15599);
#15599 = AXIS2_PLACEMENT_3D('',#15600,#15601,#15602);
#15600 = CARTESIAN_POINT('',(-1.1,0.7,0.25));
#15601 = DIRECTION('',(1.,9.95799250103E-17,0.));
#15602 = DIRECTION('',(0.,-0.,1.));
#15603 = ADVANCED_FACE('',(#15604),#15615,.F.);
#15604 = FACE_BOUND('',#15605,.F.);
#15605 = EDGE_LOOP('',(#15606,#15612,#15613,#15614));
#15606 = ORIENTED_EDGE('',*,*,#15607,.T.);
#15607 = EDGE_CURVE('',#14571,#14346,#15608,.T.);
#15608 = LINE('',#15609,#15610);
#15609 = CARTESIAN_POINT('',(-1.2,0.7,0.15));
#15610 = VECTOR('',#15611,1.);
#15611 = DIRECTION('',(-9.95799250103E-17,1.,0.));
#15612 = ORIENTED_EDGE('',*,*,#14353,.T.);
#15613 = ORIENTED_EDGE('',*,*,#15590,.F.);
#15614 = ORIENTED_EDGE('',*,*,#14578,.F.);
#15615 = CYLINDRICAL_SURFACE('',#15616,0.1);
#15616 = AXIS2_PLACEMENT_3D('',#15617,#15618,#15619);
#15617 = CARTESIAN_POINT('',(-1.2,0.7,0.25));
#15618 = DIRECTION('',(9.95799250103E-17,-1.,0.));
#15619 = DIRECTION('',(0.,-0.,-1.));
#15620 = ADVANCED_FACE('',(#15621),#15632,.F.);
#15621 = FACE_BOUND('',#15622,.F.);
#15622 = EDGE_LOOP('',(#15623,#15629,#15630,#15631));
#15623 = ORIENTED_EDGE('',*,*,#15624,.T.);
#15624 = EDGE_CURVE('',#14563,#14338,#15625,.T.);
#15625 = LINE('',#15626,#15627);
#15626 = CARTESIAN_POINT('',(-1.4,0.7,0.15));
#15627 = VECTOR('',#15628,1.);
#15628 = DIRECTION('',(-9.95799250103E-17,1.,0.));
#15629 = ORIENTED_EDGE('',*,*,#14345,.T.);
#15630 = ORIENTED_EDGE('',*,*,#15607,.F.);
#15631 = ORIENTED_EDGE('',*,*,#14570,.F.);
#15632 = PLANE('',#15633);
#15633 = AXIS2_PLACEMENT_3D('',#15634,#15635,#15636);
#15634 = CARTESIAN_POINT('',(-1.4,0.7,0.15));
#15635 = DIRECTION('',(-0.,0.,-1.));
#15636 = DIRECTION('',(1.,9.95799250103E-17,0.));
#15637 = ADVANCED_FACE('',(#15638),#15649,.F.);
#15638 = FACE_BOUND('',#15639,.F.);
#15639 = EDGE_LOOP('',(#15640,#15646,#15647,#15648));
#15640 = ORIENTED_EDGE('',*,*,#15641,.T.);
#15641 = EDGE_CURVE('',#14555,#14330,#15642,.T.);
#15642 = LINE('',#15643,#15644);
#15643 = CARTESIAN_POINT('',(-1.4,0.7,0.));
#15644 = VECTOR('',#15645,1.);
#15645 = DIRECTION('',(-9.95799250103E-17,1.,0.));
#15646 = ORIENTED_EDGE('',*,*,#14337,.T.);
#15647 = ORIENTED_EDGE('',*,*,#15624,.F.);
#15648 = ORIENTED_EDGE('',*,*,#14562,.F.);
#15649 = PLANE('',#15650);
#15650 = AXIS2_PLACEMENT_3D('',#15651,#15652,#15653);
#15651 = CARTESIAN_POINT('',(-1.4,0.7,0.));
#15652 = DIRECTION('',(1.,9.95799250103E-17,0.));
#15653 = DIRECTION('',(0.,-0.,1.));
#15654 = ADVANCED_FACE('',(#15655),#15666,.F.);
#15655 = FACE_BOUND('',#15656,.F.);
#15656 = EDGE_LOOP('',(#15657,#15663,#15664,#15665));
#15657 = ORIENTED_EDGE('',*,*,#15658,.T.);
#15658 = EDGE_CURVE('',#14546,#14321,#15659,.T.);
#15659 = LINE('',#15660,#15661);
#15660 = CARTESIAN_POINT('',(-1.2,0.7,0.));
#15661 = VECTOR('',#15662,1.);
#15662 = DIRECTION('',(-9.95799250103E-17,1.,0.));
#15663 = ORIENTED_EDGE('',*,*,#14329,.T.);
#15664 = ORIENTED_EDGE('',*,*,#15641,.F.);
#15665 = ORIENTED_EDGE('',*,*,#14554,.F.);
#15666 = PLANE('',#15667);
#15667 = AXIS2_PLACEMENT_3D('',#15668,#15669,#15670);
#15668 = CARTESIAN_POINT('',(-1.2,0.7,0.));
#15669 = DIRECTION('',(0.,0.,1.));
#15670 = DIRECTION('',(-1.,-9.95799250103E-17,0.));
#15671 = ADVANCED_FACE('',(#15672),#15683,.T.);
#15672 = FACE_BOUND('',#15673,.T.);
#15673 = EDGE_LOOP('',(#15674,#15675,#15676,#15677));
#15674 = ORIENTED_EDGE('',*,*,#14545,.T.);
#15675 = ORIENTED_EDGE('',*,*,#15658,.T.);
#15676 = ORIENTED_EDGE('',*,*,#14320,.F.);
#15677 = ORIENTED_EDGE('',*,*,#15678,.F.);
#15678 = EDGE_CURVE('',#14538,#14313,#15679,.T.);
#15679 = LINE('',#15680,#15681);
#15680 = CARTESIAN_POINT('',(-0.95,0.7,0.25));
#15681 = VECTOR('',#15682,1.);
#15682 = DIRECTION('',(-9.95799250103E-17,1.,0.));
#15683 = CYLINDRICAL_SURFACE('',#15684,0.25);
#15684 = AXIS2_PLACEMENT_3D('',#15685,#15686,#15687);
#15685 = CARTESIAN_POINT('',(-1.2,0.7,0.25));
#15686 = DIRECTION('',(9.95799250103E-17,-1.,-0.));
#15687 = DIRECTION('',(1.,9.95799250103E-17,-4.440892098501E-16));
#15688 = ADVANCED_FACE('',(#15689),#15695,.F.);
#15689 = FACE_BOUND('',#15690,.F.);
#15690 = EDGE_LOOP('',(#15691,#15692,#15693,#15694));
#15691 = ORIENTED_EDGE('',*,*,#14620,.T.);
#15692 = ORIENTED_EDGE('',*,*,#14312,.T.);
#15693 = ORIENTED_EDGE('',*,*,#15678,.F.);
#15694 = ORIENTED_EDGE('',*,*,#14537,.F.);
#15695 = PLANE('',#15696);
#15696 = AXIS2_PLACEMENT_3D('',#15697,#15698,#15699);
#15697 = CARTESIAN_POINT('',(-0.95,0.7,0.65));
#15698 = DIRECTION('',(-1.,-9.95799250103E-17,0.));
#15699 = DIRECTION('',(-0.,0.,-1.));
#15700 = ADVANCED_FACE('',(#15701),#15714,.F.);
#15701 = FACE_BOUND('',#15702,.F.);
#15702 = EDGE_LOOP('',(#15703,#15704,#15710,#15711,#15712,#15713));
#15703 = ORIENTED_EDGE('',*,*,#14744,.F.);
#15704 = ORIENTED_EDGE('',*,*,#15705,.T.);
#15705 = EDGE_CURVE('',#14736,#14828,#15706,.T.);
#15706 = LINE('',#15707,#15708);
#15707 = CARTESIAN_POINT('',(-0.85,-0.25,0.9));
#15708 = VECTOR('',#15709,1.);
#15709 = DIRECTION('',(-9.95799250103E-17,1.,0.));
#15710 = ORIENTED_EDGE('',*,*,#14836,.T.);
#15711 = ORIENTED_EDGE('',*,*,#14850,.T.);
#15712 = ORIENTED_EDGE('',*,*,#15379,.F.);
#15713 = ORIENTED_EDGE('',*,*,#14644,.F.);
#15714 = PLANE('',#15715);
#15715 = AXIS2_PLACEMENT_3D('',#15716,#15717,#15718);
#15716 = CARTESIAN_POINT('',(-0.85,-0.25,0.9));
#15717 = DIRECTION('',(-0.,0.,-1.));
#15718 = DIRECTION('',(1.,9.95799250103E-17,0.));
#15719 = ADVANCED_FACE('',(#15720),#15731,.T.);
#15720 = FACE_BOUND('',#15721,.T.);
#15721 = EDGE_LOOP('',(#15722,#15723,#15724,#15725));
#15722 = ORIENTED_EDGE('',*,*,#14735,.T.);
#15723 = ORIENTED_EDGE('',*,*,#15705,.T.);
#15724 = ORIENTED_EDGE('',*,*,#14827,.F.);
#15725 = ORIENTED_EDGE('',*,*,#15726,.F.);
#15726 = EDGE_CURVE('',#14728,#14820,#15727,.T.);
#15727 = LINE('',#15728,#15729);
#15728 = CARTESIAN_POINT('',(-1.1,-0.25,0.65));
#15729 = VECTOR('',#15730,1.);
#15730 = DIRECTION('',(-9.95799250103E-17,1.,0.));
#15731 = CYLINDRICAL_SURFACE('',#15732,0.25);
#15732 = AXIS2_PLACEMENT_3D('',#15733,#15734,#15735);
#15733 = CARTESIAN_POINT('',(-0.85,-0.25,0.65));
#15734 = DIRECTION('',(9.95799250103E-17,-1.,-0.));
#15735 = DIRECTION('',(-1.,-9.95799250103E-17,1.33226762955E-15));
#15736 = ADVANCED_FACE('',(#15737),#15748,.F.);
#15737 = FACE_BOUND('',#15738,.F.);
#15738 = EDGE_LOOP('',(#15739,#15745,#15746,#15747));
#15739 = ORIENTED_EDGE('',*,*,#15740,.T.);
#15740 = EDGE_CURVE('',#14719,#14811,#15741,.T.);
#15741 = LINE('',#15742,#15743);
#15742 = CARTESIAN_POINT('',(-1.1,-0.25,0.25));
#15743 = VECTOR('',#15744,1.);
#15744 = DIRECTION('',(-9.95799250103E-17,1.,0.));
#15745 = ORIENTED_EDGE('',*,*,#14819,.T.);
#15746 = ORIENTED_EDGE('',*,*,#15726,.F.);
#15747 = ORIENTED_EDGE('',*,*,#14727,.F.);
#15748 = PLANE('',#15749);
#15749 = AXIS2_PLACEMENT_3D('',#15750,#15751,#15752);
#15750 = CARTESIAN_POINT('',(-1.1,-0.25,0.25));
#15751 = DIRECTION('',(1.,9.95799250103E-17,0.));
#15752 = DIRECTION('',(0.,-0.,1.));
#15753 = ADVANCED_FACE('',(#15754),#15765,.F.);
#15754 = FACE_BOUND('',#15755,.F.);
#15755 = EDGE_LOOP('',(#15756,#15762,#15763,#15764));
#15756 = ORIENTED_EDGE('',*,*,#15757,.T.);
#15757 = EDGE_CURVE('',#14711,#14803,#15758,.T.);
#15758 = LINE('',#15759,#15760);
#15759 = CARTESIAN_POINT('',(-1.2,-0.25,0.15));
#15760 = VECTOR('',#15761,1.);
#15761 = DIRECTION('',(-9.95799250103E-17,1.,0.));
#15762 = ORIENTED_EDGE('',*,*,#14810,.T.);
#15763 = ORIENTED_EDGE('',*,*,#15740,.F.);
#15764 = ORIENTED_EDGE('',*,*,#14718,.F.);
#15765 = CYLINDRICAL_SURFACE('',#15766,0.1);
#15766 = AXIS2_PLACEMENT_3D('',#15767,#15768,#15769);
#15767 = CARTESIAN_POINT('',(-1.2,-0.25,0.25));
#15768 = DIRECTION('',(9.95799250103E-17,-1.,0.));
#15769 = DIRECTION('',(0.,-0.,-1.));
#15770 = ADVANCED_FACE('',(#15771),#15782,.F.);
#15771 = FACE_BOUND('',#15772,.F.);
#15772 = EDGE_LOOP('',(#15773,#15779,#15780,#15781));
#15773 = ORIENTED_EDGE('',*,*,#15774,.T.);
#15774 = EDGE_CURVE('',#14703,#14795,#15775,.T.);
#15775 = LINE('',#15776,#15777);
#15776 = CARTESIAN_POINT('',(-1.4,-0.25,0.15));
#15777 = VECTOR('',#15778,1.);
#15778 = DIRECTION('',(-9.95799250103E-17,1.,0.));
#15779 = ORIENTED_EDGE('',*,*,#14802,.T.);
#15780 = ORIENTED_EDGE('',*,*,#15757,.F.);
#15781 = ORIENTED_EDGE('',*,*,#14710,.F.);
#15782 = PLANE('',#15783);
#15783 = AXIS2_PLACEMENT_3D('',#15784,#15785,#15786);
#15784 = CARTESIAN_POINT('',(-1.4,-0.25,0.15));
#15785 = DIRECTION('',(-0.,0.,-1.));
#15786 = DIRECTION('',(1.,9.95799250103E-17,0.));
#15787 = ADVANCED_FACE('',(#15788),#15799,.F.);
#15788 = FACE_BOUND('',#15789,.F.);
#15789 = EDGE_LOOP('',(#15790,#15796,#15797,#15798));
#15790 = ORIENTED_EDGE('',*,*,#15791,.T.);
#15791 = EDGE_CURVE('',#14695,#14787,#15792,.T.);
#15792 = LINE('',#15793,#15794);
#15793 = CARTESIAN_POINT('',(-1.4,-0.25,0.));
#15794 = VECTOR('',#15795,1.);
#15795 = DIRECTION('',(-9.95799250103E-17,1.,0.));
#15796 = ORIENTED_EDGE('',*,*,#14794,.T.);
#15797 = ORIENTED_EDGE('',*,*,#15774,.F.);
#15798 = ORIENTED_EDGE('',*,*,#14702,.F.);
#15799 = PLANE('',#15800);
#15800 = AXIS2_PLACEMENT_3D('',#15801,#15802,#15803);
#15801 = CARTESIAN_POINT('',(-1.4,-0.25,0.));
#15802 = DIRECTION('',(1.,9.95799250103E-17,0.));
#15803 = DIRECTION('',(0.,-0.,1.));
#15804 = ADVANCED_FACE('',(#15805),#15816,.F.);
#15805 = FACE_BOUND('',#15806,.F.);
#15806 = EDGE_LOOP('',(#15807,#15813,#15814,#15815));
#15807 = ORIENTED_EDGE('',*,*,#15808,.T.);
#15808 = EDGE_CURVE('',#14686,#14778,#15809,.T.);
#15809 = LINE('',#15810,#15811);
#15810 = CARTESIAN_POINT('',(-1.2,-0.25,0.));
#15811 = VECTOR('',#15812,1.);
#15812 = DIRECTION('',(-9.95799250103E-17,1.,0.));
#15813 = ORIENTED_EDGE('',*,*,#14786,.T.);
#15814 = ORIENTED_EDGE('',*,*,#15791,.F.);
#15815 = ORIENTED_EDGE('',*,*,#14694,.F.);
#15816 = PLANE('',#15817);
#15817 = AXIS2_PLACEMENT_3D('',#15818,#15819,#15820);
#15818 = CARTESIAN_POINT('',(-1.2,-0.25,0.));
#15819 = DIRECTION('',(0.,0.,1.));
#15820 = DIRECTION('',(-1.,-9.95799250103E-17,0.));
#15821 = ADVANCED_FACE('',(#15822),#15833,.T.);
#15822 = FACE_BOUND('',#15823,.T.);
#15823 = EDGE_LOOP('',(#15824,#15825,#15826,#15827));
#15824 = ORIENTED_EDGE('',*,*,#14685,.T.);
#15825 = ORIENTED_EDGE('',*,*,#15808,.T.);
#15826 = ORIENTED_EDGE('',*,*,#14777,.F.);
#15827 = ORIENTED_EDGE('',*,*,#15828,.F.);
#15828 = EDGE_CURVE('',#14678,#14770,#15829,.T.);
#15829 = LINE('',#15830,#15831);
#15830 = CARTESIAN_POINT('',(-0.95,-0.25,0.25));
#15831 = VECTOR('',#15832,1.);
#15832 = DIRECTION('',(-9.95799250103E-17,1.,0.));
#15833 = CYLINDRICAL_SURFACE('',#15834,0.25);
#15834 = AXIS2_PLACEMENT_3D('',#15835,#15836,#15837);
#15835 = CARTESIAN_POINT('',(-1.2,-0.25,0.25));
#15836 = DIRECTION('',(9.95799250103E-17,-1.,-0.));
#15837 = DIRECTION('',(1.,9.95799250103E-17,-4.440892098501E-16));
#15838 = ADVANCED_FACE('',(#15839),#15845,.F.);
#15839 = FACE_BOUND('',#15840,.F.);
#15840 = EDGE_LOOP('',(#15841,#15842,#15843,#15844));
#15841 = ORIENTED_EDGE('',*,*,#14883,.T.);
#15842 = ORIENTED_EDGE('',*,*,#14769,.T.);
#15843 = ORIENTED_EDGE('',*,*,#15828,.F.);
#15844 = ORIENTED_EDGE('',*,*,#14677,.F.);
#15845 = PLANE('',#15846);
#15846 = AXIS2_PLACEMENT_3D('',#15847,#15848,#15849);
#15847 = CARTESIAN_POINT('',(-0.95,-0.25,0.65));
#15848 = DIRECTION('',(-1.,-9.95799250103E-17,0.));
#15849 = DIRECTION('',(-0.,0.,-1.));
#15850 = ( GEOMETRIC_REPRESENTATION_CONTEXT(3) 
GLOBAL_UNCERTAINTY_ASSIGNED_CONTEXT((#15854)) 
GLOBAL_UNIT_ASSIGNED_CONTEXT((#15851,#15852,#15853)) 
REPRESENTATION_CONTEXT('Context #1',
  '3D Context with UNIT and UNCERTAINTY') );
#15851 = ( LENGTH_UNIT() NAMED_UNIT(*) SI_UNIT(.MILLI.,.METRE.) );
#15852 = ( NAMED_UNIT(*) PLANE_ANGLE_UNIT() SI_UNIT($,.RADIAN.) );
#15853 = ( NAMED_UNIT(*) SI_UNIT($,.STERADIAN.) SOLID_ANGLE_UNIT() );
#15854 = UNCERTAINTY_MEASURE_WITH_UNIT(LENGTH_MEASURE(2.E-06),#15851,
  'distance_accuracy_value','confusion accuracy');
#15855 = CONTEXT_DEPENDENT_SHAPE_REPRESENTATION(#15856,#15858);
#15856 = ( REPRESENTATION_RELATIONSHIP('','',#12688,#12665) 
REPRESENTATION_RELATIONSHIP_WITH_TRANSFORMATION(#15857) 
SHAPE_REPRESENTATION_RELATIONSHIP() );
#15857 = ITEM_DEFINED_TRANSFORMATION('','',#11,#12666);
#15858 = PRODUCT_DEFINITION_SHAPE('Placement','Placement of an item',
  #15859);
#15859 = NEXT_ASSEMBLY_USAGE_OCCURRENCE('18','=>[0:1:1:15]','',#12660,
  #12683,$);
#15860 = PRODUCT_RELATED_PRODUCT_CATEGORY('part',$,(#12685));
#15861 = CONTEXT_DEPENDENT_SHAPE_REPRESENTATION(#15862,#15864);
#15862 = ( REPRESENTATION_RELATIONSHIP('','',#1657,#10) 
REPRESENTATION_RELATIONSHIP_WITH_TRANSFORMATION(#15863) 
SHAPE_REPRESENTATION_RELATIONSHIP() );
#15863 = ITEM_DEFINED_TRANSFORMATION('','',#11,#63);
#15864 = PRODUCT_DEFINITION_SHAPE('Placement','Placement of an item',
  #15865);
#15865 = NEXT_ASSEMBLY_USAGE_OCCURRENCE('20','R3','',#5,#1652,$);
#15866 = CONTEXT_DEPENDENT_SHAPE_REPRESENTATION(#15867,#15869);
#15867 = ( REPRESENTATION_RELATIONSHIP('','',#1657,#10) 
REPRESENTATION_RELATIONSHIP_WITH_TRANSFORMATION(#15868) 
SHAPE_REPRESENTATION_RELATIONSHIP() );
#15868 = ITEM_DEFINED_TRANSFORMATION('','',#11,#67);
#15869 = PRODUCT_DEFINITION_SHAPE('Placement','Placement of an item',
  #15870);
#15870 = NEXT_ASSEMBLY_USAGE_OCCURRENCE('21','R10','',#5,#1652,$);
#15871 = CONTEXT_DEPENDENT_SHAPE_REPRESENTATION(#15872,#15874);
#15872 = ( REPRESENTATION_RELATIONSHIP('','',#1657,#10) 
REPRESENTATION_RELATIONSHIP_WITH_TRANSFORMATION(#15873) 
SHAPE_REPRESENTATION_RELATIONSHIP() );
#15873 = ITEM_DEFINED_TRANSFORMATION('','',#11,#71);
#15874 = PRODUCT_DEFINITION_SHAPE('Placement','Placement of an item',
  #15875);
#15875 = NEXT_ASSEMBLY_USAGE_OCCURRENCE('22','R1','',#5,#1652,$);
#15876 = SHAPE_DEFINITION_REPRESENTATION(#15877,#15883);
#15877 = PRODUCT_DEFINITION_SHAPE('','',#15878);
#15878 = PRODUCT_DEFINITION('design','',#15879,#15882);
#15879 = PRODUCT_DEFINITION_FORMATION('','',#15880);
#15880 = PRODUCT('kibot_k8tr6jyj_PCB','kibot_k8tr6jyj_PCB','',(#15881));
#15881 = PRODUCT_CONTEXT('',#2,'mechanical');
#15882 = PRODUCT_DEFINITION_CONTEXT('part definition',#2,'design');
#15883 = ADVANCED_BREP_SHAPE_REPRESENTATION('',(#11,#15884),#17831);
#15884 = MANIFOLD_SOLID_BREP('',#15885);
#15885 = CLOSED_SHELL('',(#15886,#15926,#16422,#16447,#16935,#16952,
    #16969,#16986,#17003,#17020,#17037,#17054,#17071,#17088,#17105,
    #17122,#17139,#17156,#17173,#17190,#17207,#17219,#17241,#17258,
    #17275,#17292,#17309,#17326,#17343,#17360,#17377,#17394,#17411,
    #17423,#17440,#17457,#17474,#17491,#17508,#17525,#17547,#17564,
    #17581,#17598,#17615,#17632,#17649,#17666,#17683,#17700,#17717,
    #17729,#17746,#17763,#17780,#17797,#17814));
#15886 = ADVANCED_FACE('',(#15887),#15921,.T.);
#15887 = FACE_BOUND('',#15888,.T.);
#15888 = EDGE_LOOP('',(#15889,#15899,#15907,#15915));
#15889 = ORIENTED_EDGE('',*,*,#15890,.F.);
#15890 = EDGE_CURVE('',#15891,#15893,#15895,.T.);
#15891 = VERTEX_POINT('',#15892);
#15892 = CARTESIAN_POINT('',(30.,-0.,0.));
#15893 = VERTEX_POINT('',#15894);
#15894 = CARTESIAN_POINT('',(24.,0.,0.));
#15895 = LINE('',#15896,#15897);
#15896 = CARTESIAN_POINT('',(30.,-0.,0.));
#15897 = VECTOR('',#15898,1.);
#15898 = DIRECTION('',(-1.,0.,0.));
#15899 = ORIENTED_EDGE('',*,*,#15900,.T.);
#15900 = EDGE_CURVE('',#15891,#15901,#15903,.T.);
#15901 = VERTEX_POINT('',#15902);
#15902 = CARTESIAN_POINT('',(30.,0.,0.89));
#15903 = LINE('',#15904,#15905);
#15904 = CARTESIAN_POINT('',(30.,-0.,0.));
#15905 = VECTOR('',#15906,1.);
#15906 = DIRECTION('',(0.,0.,1.));
#15907 = ORIENTED_EDGE('',*,*,#15908,.T.);
#15908 = EDGE_CURVE('',#15901,#15909,#15911,.T.);
#15909 = VERTEX_POINT('',#15910);
#15910 = CARTESIAN_POINT('',(24.,0.,0.89));
#15911 = LINE('',#15912,#15913);
#15912 = CARTESIAN_POINT('',(30.,0.,0.89));
#15913 = VECTOR('',#15914,1.);
#15914 = DIRECTION('',(-1.,0.,0.));
#15915 = ORIENTED_EDGE('',*,*,#15916,.T.);
#15916 = EDGE_CURVE('',#15909,#15893,#15917,.T.);
#15917 = LINE('',#15918,#15919);
#15918 = CARTESIAN_POINT('',(24.,0.,-4.5E-02));
#15919 = VECTOR('',#15920,1.);
#15920 = DIRECTION('',(-0.,-0.,-1.));
#15921 = PLANE('',#15922);
#15922 = AXIS2_PLACEMENT_3D('',#15923,#15924,#15925);
#15923 = CARTESIAN_POINT('',(30.,0.,0.));
#15924 = DIRECTION('',(0.,-1.,0.));
#15925 = DIRECTION('',(-1.,0.,0.));
#15926 = ADVANCED_FACE('',(#15927,#16081,#16183,#16194,#16205,#16216,
    #16227,#16238,#16249,#16351,#16362,#16373,#16384,#16395,#16406),
  #16417,.F.);
#15927 = FACE_BOUND('',#15928,.F.);
#15928 = EDGE_LOOP('',(#15929,#15930,#15938,#15946,#15955,#15964,#15972,
    #15981,#15990,#15998,#16007,#16016,#16024,#16032,#16040,#16049,
    #16057,#16066,#16074));
#15929 = ORIENTED_EDGE('',*,*,#15890,.F.);
#15930 = ORIENTED_EDGE('',*,*,#15931,.F.);
#15931 = EDGE_CURVE('',#15932,#15891,#15934,.T.);
#15932 = VERTEX_POINT('',#15933);
#15933 = CARTESIAN_POINT('',(30.,15.,0.));
#15934 = LINE('',#15935,#15936);
#15935 = CARTESIAN_POINT('',(30.,15.,0.));
#15936 = VECTOR('',#15937,1.);
#15937 = DIRECTION('',(0.,-1.,0.));
#15938 = ORIENTED_EDGE('',*,*,#15939,.F.);
#15939 = EDGE_CURVE('',#15940,#15932,#15942,.T.);
#15940 = VERTEX_POINT('',#15941);
#15941 = CARTESIAN_POINT('',(24.,15.,0.));
#15942 = LINE('',#15943,#15944);
#15943 = CARTESIAN_POINT('',(0.,15.,0.));
#15944 = VECTOR('',#15945,1.);
#15945 = DIRECTION('',(1.,0.,0.));
#15946 = ORIENTED_EDGE('',*,*,#15947,.T.);
#15947 = EDGE_CURVE('',#15940,#15948,#15950,.T.);
#15948 = VERTEX_POINT('',#15949);
#15949 = CARTESIAN_POINT('',(22.5,13.5,0.));
#15950 = CIRCLE('',#15951,1.5);
#15951 = AXIS2_PLACEMENT_3D('',#15952,#15953,#15954);
#15952 = CARTESIAN_POINT('',(22.5,15.,0.));
#15953 = DIRECTION('',(-0.,0.,-1.));
#15954 = DIRECTION('',(-0.,-1.,0.));
#15955 = ORIENTED_EDGE('',*,*,#15956,.T.);
#15956 = EDGE_CURVE('',#15948,#15957,#15959,.T.);
#15957 = VERTEX_POINT('',#15958);
#15958 = CARTESIAN_POINT('',(21.,15.,0.));
#15959 = CIRCLE('',#15960,1.5);
#15960 = AXIS2_PLACEMENT_3D('',#15961,#15962,#15963);
#15961 = CARTESIAN_POINT('',(22.5,15.,0.));
#15962 = DIRECTION('',(-0.,0.,-1.));
#15963 = DIRECTION('',(-0.,-1.,0.));
#15964 = ORIENTED_EDGE('',*,*,#15965,.F.);
#15965 = EDGE_CURVE('',#15966,#15957,#15968,.T.);
#15966 = VERTEX_POINT('',#15967);
#15967 = CARTESIAN_POINT('',(14.,15.,0.));
#15968 = LINE('',#15969,#15970);
#15969 = CARTESIAN_POINT('',(0.,15.,0.));
#15970 = VECTOR('',#15971,1.);
#15971 = DIRECTION('',(1.,0.,0.));
#15972 = ORIENTED_EDGE('',*,*,#15973,.T.);
#15973 = EDGE_CURVE('',#15966,#15974,#15976,.T.);
#15974 = VERTEX_POINT('',#15975);
#15975 = CARTESIAN_POINT('',(12.5,13.5,0.));
#15976 = CIRCLE('',#15977,1.5);
#15977 = AXIS2_PLACEMENT_3D('',#15978,#15979,#15980);
#15978 = CARTESIAN_POINT('',(12.5,15.,0.));
#15979 = DIRECTION('',(-0.,0.,-1.));
#15980 = DIRECTION('',(-0.,-1.,0.));
#15981 = ORIENTED_EDGE('',*,*,#15982,.T.);
#15982 = EDGE_CURVE('',#15974,#15983,#15985,.T.);
#15983 = VERTEX_POINT('',#15984);
#15984 = CARTESIAN_POINT('',(11.,15.,0.));
#15985 = CIRCLE('',#15986,1.5);
#15986 = AXIS2_PLACEMENT_3D('',#15987,#15988,#15989);
#15987 = CARTESIAN_POINT('',(12.5,15.,0.));
#15988 = DIRECTION('',(-0.,0.,-1.));
#15989 = DIRECTION('',(-0.,-1.,0.));
#15990 = ORIENTED_EDGE('',*,*,#15991,.F.);
#15991 = EDGE_CURVE('',#15992,#15983,#15994,.T.);
#15992 = VERTEX_POINT('',#15993);
#15993 = CARTESIAN_POINT('',(4.,15.,0.));
#15994 = LINE('',#15995,#15996);
#15995 = CARTESIAN_POINT('',(0.,15.,0.));
#15996 = VECTOR('',#15997,1.);
#15997 = DIRECTION('',(1.,0.,0.));
#15998 = ORIENTED_EDGE('',*,*,#15999,.T.);
#15999 = EDGE_CURVE('',#15992,#16000,#16002,.T.);
#16000 = VERTEX_POINT('',#16001);
#16001 = CARTESIAN_POINT('',(2.5,13.5,0.));
#16002 = CIRCLE('',#16003,1.5);
#16003 = AXIS2_PLACEMENT_3D('',#16004,#16005,#16006);
#16004 = CARTESIAN_POINT('',(2.5,15.,0.));
#16005 = DIRECTION('',(-0.,0.,-1.));
#16006 = DIRECTION('',(-0.,-1.,0.));
#16007 = ORIENTED_EDGE('',*,*,#16008,.T.);
#16008 = EDGE_CURVE('',#16000,#16009,#16011,.T.);
#16009 = VERTEX_POINT('',#16010);
#16010 = CARTESIAN_POINT('',(1.,15.,0.));
#16011 = CIRCLE('',#16012,1.5);
#16012 = AXIS2_PLACEMENT_3D('',#16013,#16014,#16015);
#16013 = CARTESIAN_POINT('',(2.5,15.,0.));
#16014 = DIRECTION('',(-0.,0.,-1.));
#16015 = DIRECTION('',(-0.,-1.,0.));
#16016 = ORIENTED_EDGE('',*,*,#16017,.F.);
#16017 = EDGE_CURVE('',#16018,#16009,#16020,.T.);
#16018 = VERTEX_POINT('',#16019);
#16019 = CARTESIAN_POINT('',(0.,15.,0.));
#16020 = LINE('',#16021,#16022);
#16021 = CARTESIAN_POINT('',(0.,15.,0.));
#16022 = VECTOR('',#16023,1.);
#16023 = DIRECTION('',(1.,0.,0.));
#16024 = ORIENTED_EDGE('',*,*,#16025,.F.);
#16025 = EDGE_CURVE('',#16026,#16018,#16028,.T.);
#16026 = VERTEX_POINT('',#16027);
#16027 = CARTESIAN_POINT('',(0.,-0.,0.));
#16028 = LINE('',#16029,#16030);
#16029 = CARTESIAN_POINT('',(0.,-0.,0.));
#16030 = VECTOR('',#16031,1.);
#16031 = DIRECTION('',(0.,1.,0.));
#16032 = ORIENTED_EDGE('',*,*,#16033,.F.);
#16033 = EDGE_CURVE('',#16034,#16026,#16036,.T.);
#16034 = VERTEX_POINT('',#16035);
#16035 = CARTESIAN_POINT('',(1.,0.,0.));
#16036 = LINE('',#16037,#16038);
#16037 = CARTESIAN_POINT('',(30.,-0.,0.));
#16038 = VECTOR('',#16039,1.);
#16039 = DIRECTION('',(-1.,0.,0.));
#16040 = ORIENTED_EDGE('',*,*,#16041,.T.);
#16041 = EDGE_CURVE('',#16034,#16042,#16044,.T.);
#16042 = VERTEX_POINT('',#16043);
#16043 = CARTESIAN_POINT('',(4.,0.,0.));
#16044 = CIRCLE('',#16045,1.5);
#16045 = AXIS2_PLACEMENT_3D('',#16046,#16047,#16048);
#16046 = CARTESIAN_POINT('',(2.5,2.775557561563E-16,0.));
#16047 = DIRECTION('',(-0.,0.,-1.));
#16048 = DIRECTION('',(-0.,-1.,0.));
#16049 = ORIENTED_EDGE('',*,*,#16050,.F.);
#16050 = EDGE_CURVE('',#16051,#16042,#16053,.T.);
#16051 = VERTEX_POINT('',#16052);
#16052 = CARTESIAN_POINT('',(11.,0.,0.));
#16053 = LINE('',#16054,#16055);
#16054 = CARTESIAN_POINT('',(30.,-0.,0.));
#16055 = VECTOR('',#16056,1.);
#16056 = DIRECTION('',(-1.,0.,0.));
#16057 = ORIENTED_EDGE('',*,*,#16058,.T.);
#16058 = EDGE_CURVE('',#16051,#16059,#16061,.T.);
#16059 = VERTEX_POINT('',#16060);
#16060 = CARTESIAN_POINT('',(14.,0.,0.));
#16061 = CIRCLE('',#16062,1.5);
#16062 = AXIS2_PLACEMENT_3D('',#16063,#16064,#16065);
#16063 = CARTESIAN_POINT('',(12.5,2.775557561563E-16,0.));
#16064 = DIRECTION('',(-0.,0.,-1.));
#16065 = DIRECTION('',(-0.,-1.,0.));
#16066 = ORIENTED_EDGE('',*,*,#16067,.F.);
#16067 = EDGE_CURVE('',#16068,#16059,#16070,.T.);
#16068 = VERTEX_POINT('',#16069);
#16069 = CARTESIAN_POINT('',(21.,0.,0.));
#16070 = LINE('',#16071,#16072);
#16071 = CARTESIAN_POINT('',(30.,-0.,0.));
#16072 = VECTOR('',#16073,1.);
#16073 = DIRECTION('',(-1.,0.,0.));
#16074 = ORIENTED_EDGE('',*,*,#16075,.T.);
#16075 = EDGE_CURVE('',#16068,#15893,#16076,.T.);
#16076 = CIRCLE('',#16077,1.5);
#16077 = AXIS2_PLACEMENT_3D('',#16078,#16079,#16080);
#16078 = CARTESIAN_POINT('',(22.5,2.775557561563E-16,0.));
#16079 = DIRECTION('',(-0.,0.,-1.));
#16080 = DIRECTION('',(-0.,-1.,0.));
#16081 = FACE_BOUND('',#16082,.F.);
#16082 = EDGE_LOOP('',(#16083,#16094,#16102,#16110,#16119,#16127,#16135,
    #16144,#16152,#16160,#16169,#16177));
#16083 = ORIENTED_EDGE('',*,*,#16084,.F.);
#16084 = EDGE_CURVE('',#16085,#16087,#16089,.T.);
#16085 = VERTEX_POINT('',#16086);
#16086 = CARTESIAN_POINT('',(7.6409,2.997118,0.));
#16087 = VERTEX_POINT('',#16088);
#16088 = CARTESIAN_POINT('',(7.4,2.7,0.));
#16089 = CIRCLE('',#16090,0.29657812768);
#16090 = AXIS2_PLACEMENT_3D('',#16091,#16092,#16093);
#16091 = CARTESIAN_POINT('',(7.696521364127,2.705802278367,0.));
#16092 = DIRECTION('',(0.,0.,1.));
#16093 = DIRECTION('',(-0.187543715926,0.982256257102,0.));
#16094 = ORIENTED_EDGE('',*,*,#16095,.F.);
#16095 = EDGE_CURVE('',#16096,#16085,#16098,.T.);
#16096 = VERTEX_POINT('',#16097);
#16097 = CARTESIAN_POINT('',(7.7,3.,0.));
#16098 = LINE('',#16099,#16100);
#16099 = CARTESIAN_POINT('',(7.7,3.,0.));
#16100 = VECTOR('',#16101,1.);
#16101 = DIRECTION('',(-0.998813113275,-4.870692711438E-02,0.));
#16102 = ORIENTED_EDGE('',*,*,#16103,.F.);
#16103 = EDGE_CURVE('',#16104,#16096,#16106,.T.);
#16104 = VERTEX_POINT('',#16105);
#16105 = CARTESIAN_POINT('',(9.3,3.,0.));
#16106 = LINE('',#16107,#16108);
#16107 = CARTESIAN_POINT('',(9.3,3.,0.));
#16108 = VECTOR('',#16109,1.);
#16109 = DIRECTION('',(-1.,0.,0.));
#16110 = ORIENTED_EDGE('',*,*,#16111,.F.);
#16111 = EDGE_CURVE('',#16112,#16104,#16114,.T.);
#16112 = VERTEX_POINT('',#16113);
#16113 = CARTESIAN_POINT('',(9.597118,2.7591,0.));
#16114 = CIRCLE('',#16115,0.29657812768);
#16115 = AXIS2_PLACEMENT_3D('',#16116,#16117,#16118);
#16116 = CARTESIAN_POINT('',(9.305802278367,2.703478635873,0.));
#16117 = DIRECTION('',(0.,0.,1.));
#16118 = DIRECTION('',(0.982256257102,0.187543715926,-0.));
#16119 = ORIENTED_EDGE('',*,*,#16120,.F.);
#16120 = EDGE_CURVE('',#16121,#16112,#16123,.T.);
#16121 = VERTEX_POINT('',#16122);
#16122 = CARTESIAN_POINT('',(9.6,2.7,0.));
#16123 = LINE('',#16124,#16125);
#16124 = CARTESIAN_POINT('',(9.6,2.7,0.));
#16125 = VECTOR('',#16126,1.);
#16126 = DIRECTION('',(-4.870692711438E-02,0.998813113275,0.));
#16127 = ORIENTED_EDGE('',*,*,#16128,.F.);
#16128 = EDGE_CURVE('',#16129,#16121,#16131,.T.);
#16129 = VERTEX_POINT('',#16130);
#16130 = CARTESIAN_POINT('',(9.6,1.3,0.));
#16131 = LINE('',#16132,#16133);
#16132 = CARTESIAN_POINT('',(9.6,1.3,0.));
#16133 = VECTOR('',#16134,1.);
#16134 = DIRECTION('',(0.,1.,0.));
#16135 = ORIENTED_EDGE('',*,*,#16136,.F.);
#16136 = EDGE_CURVE('',#16137,#16129,#16139,.T.);
#16137 = VERTEX_POINT('',#16138);
#16138 = CARTESIAN_POINT('',(9.3591,1.002882,0.));
#16139 = CIRCLE('',#16140,0.29657812768);
#16140 = AXIS2_PLACEMENT_3D('',#16141,#16142,#16143);
#16141 = CARTESIAN_POINT('',(9.303478635873,1.294197721633,0.));
#16142 = DIRECTION('',(0.,0.,1.));
#16143 = DIRECTION('',(0.187543715926,-0.982256257102,0.));
#16144 = ORIENTED_EDGE('',*,*,#16145,.F.);
#16145 = EDGE_CURVE('',#16146,#16137,#16148,.T.);
#16146 = VERTEX_POINT('',#16147);
#16147 = CARTESIAN_POINT('',(9.3,1.,0.));
#16148 = LINE('',#16149,#16150);
#16149 = CARTESIAN_POINT('',(9.3,1.,0.));
#16150 = VECTOR('',#16151,1.);
#16151 = DIRECTION('',(0.998813113275,4.870692711438E-02,0.));
#16152 = ORIENTED_EDGE('',*,*,#16153,.F.);
#16153 = EDGE_CURVE('',#16154,#16146,#16156,.T.);
#16154 = VERTEX_POINT('',#16155);
#16155 = CARTESIAN_POINT('',(7.7,1.,0.));
#16156 = LINE('',#16157,#16158);
#16157 = CARTESIAN_POINT('',(7.7,1.,0.));
#16158 = VECTOR('',#16159,1.);
#16159 = DIRECTION('',(1.,0.,0.));
#16160 = ORIENTED_EDGE('',*,*,#16161,.F.);
#16161 = EDGE_CURVE('',#16162,#16154,#16164,.T.);
#16162 = VERTEX_POINT('',#16163);
#16163 = CARTESIAN_POINT('',(7.402882,1.2409,0.));
#16164 = CIRCLE('',#16165,0.29657812768);
#16165 = AXIS2_PLACEMENT_3D('',#16166,#16167,#16168);
#16166 = CARTESIAN_POINT('',(7.694197721633,1.296521364127,0.));
#16167 = DIRECTION('',(0.,0.,1.));
#16168 = DIRECTION('',(-0.982256257102,-0.187543715926,0.));
#16169 = ORIENTED_EDGE('',*,*,#16170,.F.);
#16170 = EDGE_CURVE('',#16171,#16162,#16173,.T.);
#16171 = VERTEX_POINT('',#16172);
#16172 = CARTESIAN_POINT('',(7.4,1.3,0.));
#16173 = LINE('',#16174,#16175);
#16174 = CARTESIAN_POINT('',(7.4,1.3,0.));
#16175 = VECTOR('',#16176,1.);
#16176 = DIRECTION('',(4.870692711437E-02,-0.998813113275,0.));
#16177 = ORIENTED_EDGE('',*,*,#16178,.F.);
#16178 = EDGE_CURVE('',#16087,#16171,#16179,.T.);
#16179 = LINE('',#16180,#16181);
#16180 = CARTESIAN_POINT('',(7.4,2.7,0.));
#16181 = VECTOR('',#16182,1.);
#16182 = DIRECTION('',(0.,-1.,0.));
#16183 = FACE_BOUND('',#16184,.F.);
#16184 = EDGE_LOOP('',(#16185));
#16185 = ORIENTED_EDGE('',*,*,#16186,.T.);
#16186 = EDGE_CURVE('',#16187,#16187,#16189,.T.);
#16187 = VERTEX_POINT('',#16188);
#16188 = CARTESIAN_POINT('',(22.8092,2.4718,0.));
#16189 = CIRCLE('',#16190,0.5);
#16190 = AXIS2_PLACEMENT_3D('',#16191,#16192,#16193);
#16191 = CARTESIAN_POINT('',(22.8092,2.9718,0.));
#16192 = DIRECTION('',(-0.,0.,-1.));
#16193 = DIRECTION('',(-0.,-1.,0.));
#16194 = FACE_BOUND('',#16195,.F.);
#16195 = EDGE_LOOP('',(#16196));
#16196 = ORIENTED_EDGE('',*,*,#16197,.T.);
#16197 = EDGE_CURVE('',#16198,#16198,#16200,.T.);
#16198 = VERTEX_POINT('',#16199);
#16199 = CARTESIAN_POINT('',(24.003,1.3682,0.));
#16200 = CIRCLE('',#16201,0.5);
#16201 = AXIS2_PLACEMENT_3D('',#16202,#16203,#16204);
#16202 = CARTESIAN_POINT('',(24.003,1.8682,0.));
#16203 = DIRECTION('',(-0.,0.,-1.));
#16204 = DIRECTION('',(-0.,-1.,0.));
#16205 = FACE_BOUND('',#16206,.F.);
#16206 = EDGE_LOOP('',(#16207));
#16207 = ORIENTED_EDGE('',*,*,#16208,.T.);
#16208 = EDGE_CURVE('',#16209,#16209,#16211,.T.);
#16209 = VERTEX_POINT('',#16210);
#16210 = CARTESIAN_POINT('',(21.675,3.75,0.));
#16211 = CIRCLE('',#16212,0.5);
#16212 = AXIS2_PLACEMENT_3D('',#16213,#16214,#16215);
#16213 = CARTESIAN_POINT('',(21.675,4.25,0.));
#16214 = DIRECTION('',(-0.,0.,-1.));
#16215 = DIRECTION('',(-0.,-1.,0.));
#16216 = FACE_BOUND('',#16217,.F.);
#16217 = EDGE_LOOP('',(#16218));
#16218 = ORIENTED_EDGE('',*,*,#16219,.T.);
#16219 = EDGE_CURVE('',#16220,#16220,#16222,.T.);
#16220 = VERTEX_POINT('',#16221);
#16221 = CARTESIAN_POINT('',(23.65,4.45,0.));
#16222 = CIRCLE('',#16223,0.5);
#16223 = AXIS2_PLACEMENT_3D('',#16224,#16225,#16226);
#16224 = CARTESIAN_POINT('',(23.65,4.95,0.));
#16225 = DIRECTION('',(-0.,0.,-1.));
#16226 = DIRECTION('',(-0.,-1.,0.));
#16227 = FACE_BOUND('',#16228,.F.);
#16228 = EDGE_LOOP('',(#16229));
#16229 = ORIENTED_EDGE('',*,*,#16230,.T.);
#16230 = EDGE_CURVE('',#16231,#16231,#16233,.T.);
#16231 = VERTEX_POINT('',#16232);
#16232 = CARTESIAN_POINT('',(21.675,5.75,0.));
#16233 = CIRCLE('',#16234,0.5);
#16234 = AXIS2_PLACEMENT_3D('',#16235,#16236,#16237);
#16235 = CARTESIAN_POINT('',(21.675,6.25,0.));
#16236 = DIRECTION('',(-0.,0.,-1.));
#16237 = DIRECTION('',(-0.,-1.,0.));
#16238 = FACE_BOUND('',#16239,.F.);
#16239 = EDGE_LOOP('',(#16240));
#16240 = ORIENTED_EDGE('',*,*,#16241,.T.);
#16241 = EDGE_CURVE('',#16242,#16242,#16244,.T.);
#16242 = VERTEX_POINT('',#16243);
#16243 = CARTESIAN_POINT('',(28.75,4.45,0.));
#16244 = CIRCLE('',#16245,0.5);
#16245 = AXIS2_PLACEMENT_3D('',#16246,#16247,#16248);
#16246 = CARTESIAN_POINT('',(28.75,4.95,0.));
#16247 = DIRECTION('',(-0.,0.,-1.));
#16248 = DIRECTION('',(-0.,-1.,0.));
#16249 = FACE_BOUND('',#16250,.F.);
#16250 = EDGE_LOOP('',(#16251,#16262,#16270,#16278,#16287,#16295,#16303,
    #16312,#16320,#16328,#16337,#16345));
#16251 = ORIENTED_EDGE('',*,*,#16252,.F.);
#16252 = EDGE_CURVE('',#16253,#16255,#16257,.T.);
#16253 = VERTEX_POINT('',#16254);
#16254 = CARTESIAN_POINT('',(7.6409,13.997118,0.));
#16255 = VERTEX_POINT('',#16256);
#16256 = CARTESIAN_POINT('',(7.4,13.7,0.));
#16257 = CIRCLE('',#16258,0.29657812768);
#16258 = AXIS2_PLACEMENT_3D('',#16259,#16260,#16261);
#16259 = CARTESIAN_POINT('',(7.696521364127,13.705802278367,0.));
#16260 = DIRECTION('',(0.,0.,1.));
#16261 = DIRECTION('',(-0.187543715926,0.982256257102,0.));
#16262 = ORIENTED_EDGE('',*,*,#16263,.F.);
#16263 = EDGE_CURVE('',#16264,#16253,#16266,.T.);
#16264 = VERTEX_POINT('',#16265);
#16265 = CARTESIAN_POINT('',(7.7,14.,0.));
#16266 = LINE('',#16267,#16268);
#16267 = CARTESIAN_POINT('',(7.7,14.,0.));
#16268 = VECTOR('',#16269,1.);
#16269 = DIRECTION('',(-0.998813113275,-4.870692711438E-02,0.));
#16270 = ORIENTED_EDGE('',*,*,#16271,.F.);
#16271 = EDGE_CURVE('',#16272,#16264,#16274,.T.);
#16272 = VERTEX_POINT('',#16273);
#16273 = CARTESIAN_POINT('',(9.3,14.,0.));
#16274 = LINE('',#16275,#16276);
#16275 = CARTESIAN_POINT('',(9.3,14.,0.));
#16276 = VECTOR('',#16277,1.);
#16277 = DIRECTION('',(-1.,0.,0.));
#16278 = ORIENTED_EDGE('',*,*,#16279,.F.);
#16279 = EDGE_CURVE('',#16280,#16272,#16282,.T.);
#16280 = VERTEX_POINT('',#16281);
#16281 = CARTESIAN_POINT('',(9.597118,13.7591,0.));
#16282 = CIRCLE('',#16283,0.29657812768);
#16283 = AXIS2_PLACEMENT_3D('',#16284,#16285,#16286);
#16284 = CARTESIAN_POINT('',(9.305802278367,13.703478635873,0.));
#16285 = DIRECTION('',(0.,0.,1.));
#16286 = DIRECTION('',(0.982256257102,0.187543715926,-0.));
#16287 = ORIENTED_EDGE('',*,*,#16288,.F.);
#16288 = EDGE_CURVE('',#16289,#16280,#16291,.T.);
#16289 = VERTEX_POINT('',#16290);
#16290 = CARTESIAN_POINT('',(9.6,13.7,0.));
#16291 = LINE('',#16292,#16293);
#16292 = CARTESIAN_POINT('',(9.6,13.7,0.));
#16293 = VECTOR('',#16294,1.);
#16294 = DIRECTION('',(-4.870692711437E-02,0.998813113275,0.));
#16295 = ORIENTED_EDGE('',*,*,#16296,.F.);
#16296 = EDGE_CURVE('',#16297,#16289,#16299,.T.);
#16297 = VERTEX_POINT('',#16298);
#16298 = CARTESIAN_POINT('',(9.6,12.3,0.));
#16299 = LINE('',#16300,#16301);
#16300 = CARTESIAN_POINT('',(9.6,12.3,0.));
#16301 = VECTOR('',#16302,1.);
#16302 = DIRECTION('',(0.,1.,0.));
#16303 = ORIENTED_EDGE('',*,*,#16304,.F.);
#16304 = EDGE_CURVE('',#16305,#16297,#16307,.T.);
#16305 = VERTEX_POINT('',#16306);
#16306 = CARTESIAN_POINT('',(9.3591,12.002882,0.));
#16307 = CIRCLE('',#16308,0.29657812768);
#16308 = AXIS2_PLACEMENT_3D('',#16309,#16310,#16311);
#16309 = CARTESIAN_POINT('',(9.303478635873,12.294197721633,0.));
#16310 = DIRECTION('',(0.,0.,1.));
#16311 = DIRECTION('',(0.187543715926,-0.982256257102,0.));
#16312 = ORIENTED_EDGE('',*,*,#16313,.F.);
#16313 = EDGE_CURVE('',#16314,#16305,#16316,.T.);
#16314 = VERTEX_POINT('',#16315);
#16315 = CARTESIAN_POINT('',(9.3,12.,0.));
#16316 = LINE('',#16317,#16318);
#16317 = CARTESIAN_POINT('',(9.3,12.,0.));
#16318 = VECTOR('',#16319,1.);
#16319 = DIRECTION('',(0.998813113275,4.870692711438E-02,0.));
#16320 = ORIENTED_EDGE('',*,*,#16321,.F.);
#16321 = EDGE_CURVE('',#16322,#16314,#16324,.T.);
#16322 = VERTEX_POINT('',#16323);
#16323 = CARTESIAN_POINT('',(7.7,12.,0.));
#16324 = LINE('',#16325,#16326);
#16325 = CARTESIAN_POINT('',(7.7,12.,0.));
#16326 = VECTOR('',#16327,1.);
#16327 = DIRECTION('',(1.,0.,0.));
#16328 = ORIENTED_EDGE('',*,*,#16329,.F.);
#16329 = EDGE_CURVE('',#16330,#16322,#16332,.T.);
#16330 = VERTEX_POINT('',#16331);
#16331 = CARTESIAN_POINT('',(7.402882,12.2409,0.));
#16332 = CIRCLE('',#16333,0.29657812768);
#16333 = AXIS2_PLACEMENT_3D('',#16334,#16335,#16336);
#16334 = CARTESIAN_POINT('',(7.694197721633,12.296521364127,0.));
#16335 = DIRECTION('',(0.,0.,1.));
#16336 = DIRECTION('',(-0.982256257102,-0.187543715926,0.));
#16337 = ORIENTED_EDGE('',*,*,#16338,.F.);
#16338 = EDGE_CURVE('',#16339,#16330,#16341,.T.);
#16339 = VERTEX_POINT('',#16340);
#16340 = CARTESIAN_POINT('',(7.4,12.3,0.));
#16341 = LINE('',#16342,#16343);
#16342 = CARTESIAN_POINT('',(7.4,12.3,0.));
#16343 = VECTOR('',#16344,1.);
#16344 = DIRECTION('',(4.870692711437E-02,-0.998813113275,0.));
#16345 = ORIENTED_EDGE('',*,*,#16346,.F.);
#16346 = EDGE_CURVE('',#16255,#16339,#16347,.T.);
#16347 = LINE('',#16348,#16349);
#16348 = CARTESIAN_POINT('',(7.4,13.7,0.));
#16349 = VECTOR('',#16350,1.);
#16350 = DIRECTION('',(0.,-1.,0.));
#16351 = FACE_BOUND('',#16352,.F.);
#16352 = EDGE_LOOP('',(#16353));
#16353 = ORIENTED_EDGE('',*,*,#16354,.T.);
#16354 = EDGE_CURVE('',#16355,#16355,#16357,.T.);
#16355 = VERTEX_POINT('',#16356);
#16356 = CARTESIAN_POINT('',(21.675,8.25,0.));
#16357 = CIRCLE('',#16358,0.5);
#16358 = AXIS2_PLACEMENT_3D('',#16359,#16360,#16361);
#16359 = CARTESIAN_POINT('',(21.675,8.75,0.));
#16360 = DIRECTION('',(-0.,0.,-1.));
#16361 = DIRECTION('',(-0.,-1.,0.));
#16362 = FACE_BOUND('',#16363,.F.);
#16363 = EDGE_LOOP('',(#16364));
#16364 = ORIENTED_EDGE('',*,*,#16365,.T.);
#16365 = EDGE_CURVE('',#16366,#16366,#16368,.T.);
#16366 = VERTEX_POINT('',#16367);
#16367 = CARTESIAN_POINT('',(21.675,10.25,0.));
#16368 = CIRCLE('',#16369,0.5);
#16369 = AXIS2_PLACEMENT_3D('',#16370,#16371,#16372);
#16370 = CARTESIAN_POINT('',(21.675,10.75,0.));
#16371 = DIRECTION('',(-0.,0.,-1.));
#16372 = DIRECTION('',(-0.,-1.,0.));
#16373 = FACE_BOUND('',#16374,.F.);
#16374 = EDGE_LOOP('',(#16375));
#16375 = ORIENTED_EDGE('',*,*,#16376,.T.);
#16376 = EDGE_CURVE('',#16377,#16377,#16379,.T.);
#16377 = VERTEX_POINT('',#16378);
#16378 = CARTESIAN_POINT('',(23.65,9.55,0.));
#16379 = CIRCLE('',#16380,0.5);
#16380 = AXIS2_PLACEMENT_3D('',#16381,#16382,#16383);
#16381 = CARTESIAN_POINT('',(23.65,10.05,0.));
#16382 = DIRECTION('',(-0.,0.,-1.));
#16383 = DIRECTION('',(-0.,-1.,0.));
#16384 = FACE_BOUND('',#16385,.F.);
#16385 = EDGE_LOOP('',(#16386));
#16386 = ORIENTED_EDGE('',*,*,#16387,.T.);
#16387 = EDGE_CURVE('',#16388,#16388,#16390,.T.);
#16388 = VERTEX_POINT('',#16389);
#16389 = CARTESIAN_POINT('',(28.75,9.55,0.));
#16390 = CIRCLE('',#16391,0.5);
#16391 = AXIS2_PLACEMENT_3D('',#16392,#16393,#16394);
#16392 = CARTESIAN_POINT('',(28.75,10.05,0.));
#16393 = DIRECTION('',(-0.,0.,-1.));
#16394 = DIRECTION('',(-0.,-1.,0.));
#16395 = FACE_BOUND('',#16396,.F.);
#16396 = EDGE_LOOP('',(#16397));
#16397 = ORIENTED_EDGE('',*,*,#16398,.T.);
#16398 = EDGE_CURVE('',#16399,#16399,#16401,.T.);
#16399 = VERTEX_POINT('',#16400);
#16400 = CARTESIAN_POINT('',(22.825,11.5282,0.));
#16401 = CIRCLE('',#16402,0.5);
#16402 = AXIS2_PLACEMENT_3D('',#16403,#16404,#16405);
#16403 = CARTESIAN_POINT('',(22.825,12.0282,0.));
#16404 = DIRECTION('',(-0.,0.,-1.));
#16405 = DIRECTION('',(-0.,-1.,0.));
#16406 = FACE_BOUND('',#16407,.F.);
#16407 = EDGE_LOOP('',(#16408));
#16408 = ORIENTED_EDGE('',*,*,#16409,.T.);
#16409 = EDGE_CURVE('',#16410,#16410,#16412,.T.);
#16410 = VERTEX_POINT('',#16411);
#16411 = CARTESIAN_POINT('',(24.003,12.6318,0.));
#16412 = CIRCLE('',#16413,0.5);
#16413 = AXIS2_PLACEMENT_3D('',#16414,#16415,#16416);
#16414 = CARTESIAN_POINT('',(24.003,13.1318,0.));
#16415 = DIRECTION('',(-0.,0.,-1.));
#16416 = DIRECTION('',(-0.,-1.,0.));
#16417 = PLANE('',#16418);
#16418 = AXIS2_PLACEMENT_3D('',#16419,#16420,#16421);
#16419 = CARTESIAN_POINT('',(0.,0.,0.));
#16420 = DIRECTION('',(0.,0.,1.));
#16421 = DIRECTION('',(1.,0.,-0.));
#16422 = ADVANCED_FACE('',(#16423),#16442,.F.);
#16423 = FACE_BOUND('',#16424,.T.);
#16424 = EDGE_LOOP('',(#16425,#16426,#16435,#16441));
#16425 = ORIENTED_EDGE('',*,*,#15916,.F.);
#16426 = ORIENTED_EDGE('',*,*,#16427,.F.);
#16427 = EDGE_CURVE('',#16428,#15909,#16430,.T.);
#16428 = VERTEX_POINT('',#16429);
#16429 = CARTESIAN_POINT('',(21.,0.,0.89));
#16430 = CIRCLE('',#16431,1.5);
#16431 = AXIS2_PLACEMENT_3D('',#16432,#16433,#16434);
#16432 = CARTESIAN_POINT('',(22.5,2.775557561563E-16,0.89));
#16433 = DIRECTION('',(-0.,0.,-1.));
#16434 = DIRECTION('',(-0.,-1.,0.));
#16435 = ORIENTED_EDGE('',*,*,#16436,.T.);
#16436 = EDGE_CURVE('',#16428,#16068,#16437,.T.);
#16437 = LINE('',#16438,#16439);
#16438 = CARTESIAN_POINT('',(21.,0.,-4.5E-02));
#16439 = VECTOR('',#16440,1.);
#16440 = DIRECTION('',(-0.,-0.,-1.));
#16441 = ORIENTED_EDGE('',*,*,#16075,.T.);
#16442 = CYLINDRICAL_SURFACE('',#16443,1.5);
#16443 = AXIS2_PLACEMENT_3D('',#16444,#16445,#16446);
#16444 = CARTESIAN_POINT('',(22.5,2.775557561563E-16,-4.5E-02));
#16445 = DIRECTION('',(-0.,-0.,-1.));
#16446 = DIRECTION('',(-0.,-1.,0.));
#16447 = ADVANCED_FACE('',(#16448,#16594,#16696,#16707,#16718,#16729,
    #16740,#16751,#16762,#16864,#16875,#16886,#16897,#16908,#16919),
  #16930,.T.);
#16448 = FACE_BOUND('',#16449,.T.);
#16449 = EDGE_LOOP('',(#16450,#16451,#16459,#16467,#16476,#16485,#16493,
    #16502,#16511,#16519,#16528,#16537,#16545,#16553,#16561,#16570,
    #16578,#16587,#16593));
#16450 = ORIENTED_EDGE('',*,*,#15908,.F.);
#16451 = ORIENTED_EDGE('',*,*,#16452,.F.);
#16452 = EDGE_CURVE('',#16453,#15901,#16455,.T.);
#16453 = VERTEX_POINT('',#16454);
#16454 = CARTESIAN_POINT('',(30.,15.,0.89));
#16455 = LINE('',#16456,#16457);
#16456 = CARTESIAN_POINT('',(30.,15.,0.89));
#16457 = VECTOR('',#16458,1.);
#16458 = DIRECTION('',(0.,-1.,0.));
#16459 = ORIENTED_EDGE('',*,*,#16460,.F.);
#16460 = EDGE_CURVE('',#16461,#16453,#16463,.T.);
#16461 = VERTEX_POINT('',#16462);
#16462 = CARTESIAN_POINT('',(24.,15.,0.89));
#16463 = LINE('',#16464,#16465);
#16464 = CARTESIAN_POINT('',(0.,15.,0.89));
#16465 = VECTOR('',#16466,1.);
#16466 = DIRECTION('',(1.,0.,0.));
#16467 = ORIENTED_EDGE('',*,*,#16468,.T.);
#16468 = EDGE_CURVE('',#16461,#16469,#16471,.T.);
#16469 = VERTEX_POINT('',#16470);
#16470 = CARTESIAN_POINT('',(22.5,13.5,0.89));
#16471 = CIRCLE('',#16472,1.5);
#16472 = AXIS2_PLACEMENT_3D('',#16473,#16474,#16475);
#16473 = CARTESIAN_POINT('',(22.5,15.,0.89));
#16474 = DIRECTION('',(-0.,0.,-1.));
#16475 = DIRECTION('',(-0.,-1.,0.));
#16476 = ORIENTED_EDGE('',*,*,#16477,.T.);
#16477 = EDGE_CURVE('',#16469,#16478,#16480,.T.);
#16478 = VERTEX_POINT('',#16479);
#16479 = CARTESIAN_POINT('',(21.,15.,0.89));
#16480 = CIRCLE('',#16481,1.5);
#16481 = AXIS2_PLACEMENT_3D('',#16482,#16483,#16484);
#16482 = CARTESIAN_POINT('',(22.5,15.,0.89));
#16483 = DIRECTION('',(-0.,0.,-1.));
#16484 = DIRECTION('',(-0.,-1.,0.));
#16485 = ORIENTED_EDGE('',*,*,#16486,.F.);
#16486 = EDGE_CURVE('',#16487,#16478,#16489,.T.);
#16487 = VERTEX_POINT('',#16488);
#16488 = CARTESIAN_POINT('',(14.,15.,0.89));
#16489 = LINE('',#16490,#16491);
#16490 = CARTESIAN_POINT('',(0.,15.,0.89));
#16491 = VECTOR('',#16492,1.);
#16492 = DIRECTION('',(1.,0.,0.));
#16493 = ORIENTED_EDGE('',*,*,#16494,.T.);
#16494 = EDGE_CURVE('',#16487,#16495,#16497,.T.);
#16495 = VERTEX_POINT('',#16496);
#16496 = CARTESIAN_POINT('',(12.5,13.5,0.89));
#16497 = CIRCLE('',#16498,1.5);
#16498 = AXIS2_PLACEMENT_3D('',#16499,#16500,#16501);
#16499 = CARTESIAN_POINT('',(12.5,15.,0.89));
#16500 = DIRECTION('',(-0.,0.,-1.));
#16501 = DIRECTION('',(-0.,-1.,0.));
#16502 = ORIENTED_EDGE('',*,*,#16503,.T.);
#16503 = EDGE_CURVE('',#16495,#16504,#16506,.T.);
#16504 = VERTEX_POINT('',#16505);
#16505 = CARTESIAN_POINT('',(11.,15.,0.89));
#16506 = CIRCLE('',#16507,1.5);
#16507 = AXIS2_PLACEMENT_3D('',#16508,#16509,#16510);
#16508 = CARTESIAN_POINT('',(12.5,15.,0.89));
#16509 = DIRECTION('',(-0.,0.,-1.));
#16510 = DIRECTION('',(-0.,-1.,0.));
#16511 = ORIENTED_EDGE('',*,*,#16512,.F.);
#16512 = EDGE_CURVE('',#16513,#16504,#16515,.T.);
#16513 = VERTEX_POINT('',#16514);
#16514 = CARTESIAN_POINT('',(4.,15.,0.89));
#16515 = LINE('',#16516,#16517);
#16516 = CARTESIAN_POINT('',(0.,15.,0.89));
#16517 = VECTOR('',#16518,1.);
#16518 = DIRECTION('',(1.,0.,0.));
#16519 = ORIENTED_EDGE('',*,*,#16520,.T.);
#16520 = EDGE_CURVE('',#16513,#16521,#16523,.T.);
#16521 = VERTEX_POINT('',#16522);
#16522 = CARTESIAN_POINT('',(2.5,13.5,0.89));
#16523 = CIRCLE('',#16524,1.5);
#16524 = AXIS2_PLACEMENT_3D('',#16525,#16526,#16527);
#16525 = CARTESIAN_POINT('',(2.5,15.,0.89));
#16526 = DIRECTION('',(-0.,0.,-1.));
#16527 = DIRECTION('',(-0.,-1.,0.));
#16528 = ORIENTED_EDGE('',*,*,#16529,.T.);
#16529 = EDGE_CURVE('',#16521,#16530,#16532,.T.);
#16530 = VERTEX_POINT('',#16531);
#16531 = CARTESIAN_POINT('',(1.,15.,0.89));
#16532 = CIRCLE('',#16533,1.5);
#16533 = AXIS2_PLACEMENT_3D('',#16534,#16535,#16536);
#16534 = CARTESIAN_POINT('',(2.5,15.,0.89));
#16535 = DIRECTION('',(-0.,0.,-1.));
#16536 = DIRECTION('',(-0.,-1.,0.));
#16537 = ORIENTED_EDGE('',*,*,#16538,.F.);
#16538 = EDGE_CURVE('',#16539,#16530,#16541,.T.);
#16539 = VERTEX_POINT('',#16540);
#16540 = CARTESIAN_POINT('',(0.,15.,0.89));
#16541 = LINE('',#16542,#16543);
#16542 = CARTESIAN_POINT('',(0.,15.,0.89));
#16543 = VECTOR('',#16544,1.);
#16544 = DIRECTION('',(1.,0.,0.));
#16545 = ORIENTED_EDGE('',*,*,#16546,.F.);
#16546 = EDGE_CURVE('',#16547,#16539,#16549,.T.);
#16547 = VERTEX_POINT('',#16548);
#16548 = CARTESIAN_POINT('',(0.,0.,0.89));
#16549 = LINE('',#16550,#16551);
#16550 = CARTESIAN_POINT('',(0.,0.,0.89));
#16551 = VECTOR('',#16552,1.);
#16552 = DIRECTION('',(0.,1.,0.));
#16553 = ORIENTED_EDGE('',*,*,#16554,.F.);
#16554 = EDGE_CURVE('',#16555,#16547,#16557,.T.);
#16555 = VERTEX_POINT('',#16556);
#16556 = CARTESIAN_POINT('',(1.,0.,0.89));
#16557 = LINE('',#16558,#16559);
#16558 = CARTESIAN_POINT('',(30.,0.,0.89));
#16559 = VECTOR('',#16560,1.);
#16560 = DIRECTION('',(-1.,0.,0.));
#16561 = ORIENTED_EDGE('',*,*,#16562,.T.);
#16562 = EDGE_CURVE('',#16555,#16563,#16565,.T.);
#16563 = VERTEX_POINT('',#16564);
#16564 = CARTESIAN_POINT('',(4.,0.,0.89));
#16565 = CIRCLE('',#16566,1.5);
#16566 = AXIS2_PLACEMENT_3D('',#16567,#16568,#16569);
#16567 = CARTESIAN_POINT('',(2.5,2.775557561563E-16,0.89));
#16568 = DIRECTION('',(-0.,0.,-1.));
#16569 = DIRECTION('',(-0.,-1.,0.));
#16570 = ORIENTED_EDGE('',*,*,#16571,.F.);
#16571 = EDGE_CURVE('',#16572,#16563,#16574,.T.);
#16572 = VERTEX_POINT('',#16573);
#16573 = CARTESIAN_POINT('',(11.,0.,0.89));
#16574 = LINE('',#16575,#16576);
#16575 = CARTESIAN_POINT('',(30.,0.,0.89));
#16576 = VECTOR('',#16577,1.);
#16577 = DIRECTION('',(-1.,0.,0.));
#16578 = ORIENTED_EDGE('',*,*,#16579,.T.);
#16579 = EDGE_CURVE('',#16572,#16580,#16582,.T.);
#16580 = VERTEX_POINT('',#16581);
#16581 = CARTESIAN_POINT('',(14.,0.,0.89));
#16582 = CIRCLE('',#16583,1.5);
#16583 = AXIS2_PLACEMENT_3D('',#16584,#16585,#16586);
#16584 = CARTESIAN_POINT('',(12.5,2.775557561563E-16,0.89));
#16585 = DIRECTION('',(-0.,0.,-1.));
#16586 = DIRECTION('',(-0.,-1.,0.));
#16587 = ORIENTED_EDGE('',*,*,#16588,.F.);
#16588 = EDGE_CURVE('',#16428,#16580,#16589,.T.);
#16589 = LINE('',#16590,#16591);
#16590 = CARTESIAN_POINT('',(30.,0.,0.89));
#16591 = VECTOR('',#16592,1.);
#16592 = DIRECTION('',(-1.,0.,0.));
#16593 = ORIENTED_EDGE('',*,*,#16427,.T.);
#16594 = FACE_BOUND('',#16595,.T.);
#16595 = EDGE_LOOP('',(#16596,#16607,#16615,#16623,#16632,#16640,#16648,
    #16657,#16665,#16673,#16682,#16690));
#16596 = ORIENTED_EDGE('',*,*,#16597,.F.);
#16597 = EDGE_CURVE('',#16598,#16600,#16602,.T.);
#16598 = VERTEX_POINT('',#16599);
#16599 = CARTESIAN_POINT('',(7.6409,2.997118,0.89));
#16600 = VERTEX_POINT('',#16601);
#16601 = CARTESIAN_POINT('',(7.4,2.7,0.89));
#16602 = CIRCLE('',#16603,0.29657812768);
#16603 = AXIS2_PLACEMENT_3D('',#16604,#16605,#16606);
#16604 = CARTESIAN_POINT('',(7.696521364127,2.705802278367,0.89));
#16605 = DIRECTION('',(0.,0.,1.));
#16606 = DIRECTION('',(-0.187543715926,0.982256257102,0.));
#16607 = ORIENTED_EDGE('',*,*,#16608,.F.);
#16608 = EDGE_CURVE('',#16609,#16598,#16611,.T.);
#16609 = VERTEX_POINT('',#16610);
#16610 = CARTESIAN_POINT('',(7.7,3.,0.89));
#16611 = LINE('',#16612,#16613);
#16612 = CARTESIAN_POINT('',(7.7,3.,0.89));
#16613 = VECTOR('',#16614,1.);
#16614 = DIRECTION('',(-0.998813113275,-4.870692711438E-02,0.));
#16615 = ORIENTED_EDGE('',*,*,#16616,.F.);
#16616 = EDGE_CURVE('',#16617,#16609,#16619,.T.);
#16617 = VERTEX_POINT('',#16618);
#16618 = CARTESIAN_POINT('',(9.3,3.,0.89));
#16619 = LINE('',#16620,#16621);
#16620 = CARTESIAN_POINT('',(9.3,3.,0.89));
#16621 = VECTOR('',#16622,1.);
#16622 = DIRECTION('',(-1.,0.,0.));
#16623 = ORIENTED_EDGE('',*,*,#16624,.F.);
#16624 = EDGE_CURVE('',#16625,#16617,#16627,.T.);
#16625 = VERTEX_POINT('',#16626);
#16626 = CARTESIAN_POINT('',(9.597118,2.7591,0.89));
#16627 = CIRCLE('',#16628,0.29657812768);
#16628 = AXIS2_PLACEMENT_3D('',#16629,#16630,#16631);
#16629 = CARTESIAN_POINT('',(9.305802278367,2.703478635873,0.89));
#16630 = DIRECTION('',(0.,0.,1.));
#16631 = DIRECTION('',(0.982256257102,0.187543715926,-0.));
#16632 = ORIENTED_EDGE('',*,*,#16633,.F.);
#16633 = EDGE_CURVE('',#16634,#16625,#16636,.T.);
#16634 = VERTEX_POINT('',#16635);
#16635 = CARTESIAN_POINT('',(9.6,2.7,0.89));
#16636 = LINE('',#16637,#16638);
#16637 = CARTESIAN_POINT('',(9.6,2.7,0.89));
#16638 = VECTOR('',#16639,1.);
#16639 = DIRECTION('',(-4.870692711438E-02,0.998813113275,0.));
#16640 = ORIENTED_EDGE('',*,*,#16641,.F.);
#16641 = EDGE_CURVE('',#16642,#16634,#16644,.T.);
#16642 = VERTEX_POINT('',#16643);
#16643 = CARTESIAN_POINT('',(9.6,1.3,0.89));
#16644 = LINE('',#16645,#16646);
#16645 = CARTESIAN_POINT('',(9.6,1.3,0.89));
#16646 = VECTOR('',#16647,1.);
#16647 = DIRECTION('',(0.,1.,0.));
#16648 = ORIENTED_EDGE('',*,*,#16649,.F.);
#16649 = EDGE_CURVE('',#16650,#16642,#16652,.T.);
#16650 = VERTEX_POINT('',#16651);
#16651 = CARTESIAN_POINT('',(9.3591,1.002882,0.89));
#16652 = CIRCLE('',#16653,0.29657812768);
#16653 = AXIS2_PLACEMENT_3D('',#16654,#16655,#16656);
#16654 = CARTESIAN_POINT('',(9.303478635873,1.294197721633,0.89));
#16655 = DIRECTION('',(0.,0.,1.));
#16656 = DIRECTION('',(0.187543715926,-0.982256257102,0.));
#16657 = ORIENTED_EDGE('',*,*,#16658,.F.);
#16658 = EDGE_CURVE('',#16659,#16650,#16661,.T.);
#16659 = VERTEX_POINT('',#16660);
#16660 = CARTESIAN_POINT('',(9.3,1.,0.89));
#16661 = LINE('',#16662,#16663);
#16662 = CARTESIAN_POINT('',(9.3,1.,0.89));
#16663 = VECTOR('',#16664,1.);
#16664 = DIRECTION('',(0.998813113275,4.870692711438E-02,0.));
#16665 = ORIENTED_EDGE('',*,*,#16666,.F.);
#16666 = EDGE_CURVE('',#16667,#16659,#16669,.T.);
#16667 = VERTEX_POINT('',#16668);
#16668 = CARTESIAN_POINT('',(7.7,1.,0.89));
#16669 = LINE('',#16670,#16671);
#16670 = CARTESIAN_POINT('',(7.7,1.,0.89));
#16671 = VECTOR('',#16672,1.);
#16672 = DIRECTION('',(1.,0.,0.));
#16673 = ORIENTED_EDGE('',*,*,#16674,.F.);
#16674 = EDGE_CURVE('',#16675,#16667,#16677,.T.);
#16675 = VERTEX_POINT('',#16676);
#16676 = CARTESIAN_POINT('',(7.402882,1.2409,0.89));
#16677 = CIRCLE('',#16678,0.29657812768);
#16678 = AXIS2_PLACEMENT_3D('',#16679,#16680,#16681);
#16679 = CARTESIAN_POINT('',(7.694197721633,1.296521364127,0.89));
#16680 = DIRECTION('',(0.,0.,1.));
#16681 = DIRECTION('',(-0.982256257102,-0.187543715926,0.));
#16682 = ORIENTED_EDGE('',*,*,#16683,.F.);
#16683 = EDGE_CURVE('',#16684,#16675,#16686,.T.);
#16684 = VERTEX_POINT('',#16685);
#16685 = CARTESIAN_POINT('',(7.4,1.3,0.89));
#16686 = LINE('',#16687,#16688);
#16687 = CARTESIAN_POINT('',(7.4,1.3,0.89));
#16688 = VECTOR('',#16689,1.);
#16689 = DIRECTION('',(4.870692711437E-02,-0.998813113275,0.));
#16690 = ORIENTED_EDGE('',*,*,#16691,.F.);
#16691 = EDGE_CURVE('',#16600,#16684,#16692,.T.);
#16692 = LINE('',#16693,#16694);
#16693 = CARTESIAN_POINT('',(7.4,2.7,0.89));
#16694 = VECTOR('',#16695,1.);
#16695 = DIRECTION('',(0.,-1.,0.));
#16696 = FACE_BOUND('',#16697,.T.);
#16697 = EDGE_LOOP('',(#16698));
#16698 = ORIENTED_EDGE('',*,*,#16699,.T.);
#16699 = EDGE_CURVE('',#16700,#16700,#16702,.T.);
#16700 = VERTEX_POINT('',#16701);
#16701 = CARTESIAN_POINT('',(22.8092,2.4718,0.89));
#16702 = CIRCLE('',#16703,0.5);
#16703 = AXIS2_PLACEMENT_3D('',#16704,#16705,#16706);
#16704 = CARTESIAN_POINT('',(22.8092,2.9718,0.89));
#16705 = DIRECTION('',(-0.,0.,-1.));
#16706 = DIRECTION('',(-0.,-1.,0.));
#16707 = FACE_BOUND('',#16708,.T.);
#16708 = EDGE_LOOP('',(#16709));
#16709 = ORIENTED_EDGE('',*,*,#16710,.T.);
#16710 = EDGE_CURVE('',#16711,#16711,#16713,.T.);
#16711 = VERTEX_POINT('',#16712);
#16712 = CARTESIAN_POINT('',(24.003,1.3682,0.89));
#16713 = CIRCLE('',#16714,0.5);
#16714 = AXIS2_PLACEMENT_3D('',#16715,#16716,#16717);
#16715 = CARTESIAN_POINT('',(24.003,1.8682,0.89));
#16716 = DIRECTION('',(-0.,0.,-1.));
#16717 = DIRECTION('',(-0.,-1.,0.));
#16718 = FACE_BOUND('',#16719,.T.);
#16719 = EDGE_LOOP('',(#16720));
#16720 = ORIENTED_EDGE('',*,*,#16721,.T.);
#16721 = EDGE_CURVE('',#16722,#16722,#16724,.T.);
#16722 = VERTEX_POINT('',#16723);
#16723 = CARTESIAN_POINT('',(21.675,3.75,0.89));
#16724 = CIRCLE('',#16725,0.5);
#16725 = AXIS2_PLACEMENT_3D('',#16726,#16727,#16728);
#16726 = CARTESIAN_POINT('',(21.675,4.25,0.89));
#16727 = DIRECTION('',(-0.,0.,-1.));
#16728 = DIRECTION('',(-0.,-1.,0.));
#16729 = FACE_BOUND('',#16730,.T.);
#16730 = EDGE_LOOP('',(#16731));
#16731 = ORIENTED_EDGE('',*,*,#16732,.T.);
#16732 = EDGE_CURVE('',#16733,#16733,#16735,.T.);
#16733 = VERTEX_POINT('',#16734);
#16734 = CARTESIAN_POINT('',(23.65,4.45,0.89));
#16735 = CIRCLE('',#16736,0.5);
#16736 = AXIS2_PLACEMENT_3D('',#16737,#16738,#16739);
#16737 = CARTESIAN_POINT('',(23.65,4.95,0.89));
#16738 = DIRECTION('',(-0.,0.,-1.));
#16739 = DIRECTION('',(-0.,-1.,0.));
#16740 = FACE_BOUND('',#16741,.T.);
#16741 = EDGE_LOOP('',(#16742));
#16742 = ORIENTED_EDGE('',*,*,#16743,.T.);
#16743 = EDGE_CURVE('',#16744,#16744,#16746,.T.);
#16744 = VERTEX_POINT('',#16745);
#16745 = CARTESIAN_POINT('',(21.675,5.75,0.89));
#16746 = CIRCLE('',#16747,0.5);
#16747 = AXIS2_PLACEMENT_3D('',#16748,#16749,#16750);
#16748 = CARTESIAN_POINT('',(21.675,6.25,0.89));
#16749 = DIRECTION('',(-0.,0.,-1.));
#16750 = DIRECTION('',(-0.,-1.,0.));
#16751 = FACE_BOUND('',#16752,.T.);
#16752 = EDGE_LOOP('',(#16753));
#16753 = ORIENTED_EDGE('',*,*,#16754,.T.);
#16754 = EDGE_CURVE('',#16755,#16755,#16757,.T.);
#16755 = VERTEX_POINT('',#16756);
#16756 = CARTESIAN_POINT('',(28.75,4.45,0.89));
#16757 = CIRCLE('',#16758,0.5);
#16758 = AXIS2_PLACEMENT_3D('',#16759,#16760,#16761);
#16759 = CARTESIAN_POINT('',(28.75,4.95,0.89));
#16760 = DIRECTION('',(-0.,0.,-1.));
#16761 = DIRECTION('',(-0.,-1.,0.));
#16762 = FACE_BOUND('',#16763,.T.);
#16763 = EDGE_LOOP('',(#16764,#16775,#16783,#16791,#16800,#16808,#16816,
    #16825,#16833,#16841,#16850,#16858));
#16764 = ORIENTED_EDGE('',*,*,#16765,.F.);
#16765 = EDGE_CURVE('',#16766,#16768,#16770,.T.);
#16766 = VERTEX_POINT('',#16767);
#16767 = CARTESIAN_POINT('',(7.6409,13.997118,0.89));
#16768 = VERTEX_POINT('',#16769);
#16769 = CARTESIAN_POINT('',(7.4,13.7,0.89));
#16770 = CIRCLE('',#16771,0.29657812768);
#16771 = AXIS2_PLACEMENT_3D('',#16772,#16773,#16774);
#16772 = CARTESIAN_POINT('',(7.696521364127,13.705802278367,0.89));
#16773 = DIRECTION('',(0.,0.,1.));
#16774 = DIRECTION('',(-0.187543715926,0.982256257102,0.));
#16775 = ORIENTED_EDGE('',*,*,#16776,.F.);
#16776 = EDGE_CURVE('',#16777,#16766,#16779,.T.);
#16777 = VERTEX_POINT('',#16778);
#16778 = CARTESIAN_POINT('',(7.7,14.,0.89));
#16779 = LINE('',#16780,#16781);
#16780 = CARTESIAN_POINT('',(7.7,14.,0.89));
#16781 = VECTOR('',#16782,1.);
#16782 = DIRECTION('',(-0.998813113275,-4.870692711438E-02,0.));
#16783 = ORIENTED_EDGE('',*,*,#16784,.F.);
#16784 = EDGE_CURVE('',#16785,#16777,#16787,.T.);
#16785 = VERTEX_POINT('',#16786);
#16786 = CARTESIAN_POINT('',(9.3,14.,0.89));
#16787 = LINE('',#16788,#16789);
#16788 = CARTESIAN_POINT('',(9.3,14.,0.89));
#16789 = VECTOR('',#16790,1.);
#16790 = DIRECTION('',(-1.,0.,0.));
#16791 = ORIENTED_EDGE('',*,*,#16792,.F.);
#16792 = EDGE_CURVE('',#16793,#16785,#16795,.T.);
#16793 = VERTEX_POINT('',#16794);
#16794 = CARTESIAN_POINT('',(9.597118,13.7591,0.89));
#16795 = CIRCLE('',#16796,0.29657812768);
#16796 = AXIS2_PLACEMENT_3D('',#16797,#16798,#16799);
#16797 = CARTESIAN_POINT('',(9.305802278367,13.703478635873,0.89));
#16798 = DIRECTION('',(0.,0.,1.));
#16799 = DIRECTION('',(0.982256257102,0.187543715926,-0.));
#16800 = ORIENTED_EDGE('',*,*,#16801,.F.);
#16801 = EDGE_CURVE('',#16802,#16793,#16804,.T.);
#16802 = VERTEX_POINT('',#16803);
#16803 = CARTESIAN_POINT('',(9.6,13.7,0.89));
#16804 = LINE('',#16805,#16806);
#16805 = CARTESIAN_POINT('',(9.6,13.7,0.89));
#16806 = VECTOR('',#16807,1.);
#16807 = DIRECTION('',(-4.870692711437E-02,0.998813113275,0.));
#16808 = ORIENTED_EDGE('',*,*,#16809,.F.);
#16809 = EDGE_CURVE('',#16810,#16802,#16812,.T.);
#16810 = VERTEX_POINT('',#16811);
#16811 = CARTESIAN_POINT('',(9.6,12.3,0.89));
#16812 = LINE('',#16813,#16814);
#16813 = CARTESIAN_POINT('',(9.6,12.3,0.89));
#16814 = VECTOR('',#16815,1.);
#16815 = DIRECTION('',(0.,1.,0.));
#16816 = ORIENTED_EDGE('',*,*,#16817,.F.);
#16817 = EDGE_CURVE('',#16818,#16810,#16820,.T.);
#16818 = VERTEX_POINT('',#16819);
#16819 = CARTESIAN_POINT('',(9.3591,12.002882,0.89));
#16820 = CIRCLE('',#16821,0.29657812768);
#16821 = AXIS2_PLACEMENT_3D('',#16822,#16823,#16824);
#16822 = CARTESIAN_POINT('',(9.303478635873,12.294197721633,0.89));
#16823 = DIRECTION('',(0.,0.,1.));
#16824 = DIRECTION('',(0.187543715926,-0.982256257102,0.));
#16825 = ORIENTED_EDGE('',*,*,#16826,.F.);
#16826 = EDGE_CURVE('',#16827,#16818,#16829,.T.);
#16827 = VERTEX_POINT('',#16828);
#16828 = CARTESIAN_POINT('',(9.3,12.,0.89));
#16829 = LINE('',#16830,#16831);
#16830 = CARTESIAN_POINT('',(9.3,12.,0.89));
#16831 = VECTOR('',#16832,1.);
#16832 = DIRECTION('',(0.998813113275,4.870692711438E-02,0.));
#16833 = ORIENTED_EDGE('',*,*,#16834,.F.);
#16834 = EDGE_CURVE('',#16835,#16827,#16837,.T.);
#16835 = VERTEX_POINT('',#16836);
#16836 = CARTESIAN_POINT('',(7.7,12.,0.89));
#16837 = LINE('',#16838,#16839);
#16838 = CARTESIAN_POINT('',(7.7,12.,0.89));
#16839 = VECTOR('',#16840,1.);
#16840 = DIRECTION('',(1.,0.,0.));
#16841 = ORIENTED_EDGE('',*,*,#16842,.F.);
#16842 = EDGE_CURVE('',#16843,#16835,#16845,.T.);
#16843 = VERTEX_POINT('',#16844);
#16844 = CARTESIAN_POINT('',(7.402882,12.2409,0.89));
#16845 = CIRCLE('',#16846,0.29657812768);
#16846 = AXIS2_PLACEMENT_3D('',#16847,#16848,#16849);
#16847 = CARTESIAN_POINT('',(7.694197721633,12.296521364127,0.89));
#16848 = DIRECTION('',(0.,0.,1.));
#16849 = DIRECTION('',(-0.982256257102,-0.187543715926,0.));
#16850 = ORIENTED_EDGE('',*,*,#16851,.F.);
#16851 = EDGE_CURVE('',#16852,#16843,#16854,.T.);
#16852 = VERTEX_POINT('',#16853);
#16853 = CARTESIAN_POINT('',(7.4,12.3,0.89));
#16854 = LINE('',#16855,#16856);
#16855 = CARTESIAN_POINT('',(7.4,12.3,0.89));
#16856 = VECTOR('',#16857,1.);
#16857 = DIRECTION('',(4.870692711437E-02,-0.998813113275,0.));
#16858 = ORIENTED_EDGE('',*,*,#16859,.F.);
#16859 = EDGE_CURVE('',#16768,#16852,#16860,.T.);
#16860 = LINE('',#16861,#16862);
#16861 = CARTESIAN_POINT('',(7.4,13.7,0.89));
#16862 = VECTOR('',#16863,1.);
#16863 = DIRECTION('',(0.,-1.,0.));
#16864 = FACE_BOUND('',#16865,.T.);
#16865 = EDGE_LOOP('',(#16866));
#16866 = ORIENTED_EDGE('',*,*,#16867,.T.);
#16867 = EDGE_CURVE('',#16868,#16868,#16870,.T.);
#16868 = VERTEX_POINT('',#16869);
#16869 = CARTESIAN_POINT('',(21.675,8.25,0.89));
#16870 = CIRCLE('',#16871,0.5);
#16871 = AXIS2_PLACEMENT_3D('',#16872,#16873,#16874);
#16872 = CARTESIAN_POINT('',(21.675,8.75,0.89));
#16873 = DIRECTION('',(-0.,0.,-1.));
#16874 = DIRECTION('',(-0.,-1.,0.));
#16875 = FACE_BOUND('',#16876,.T.);
#16876 = EDGE_LOOP('',(#16877));
#16877 = ORIENTED_EDGE('',*,*,#16878,.T.);
#16878 = EDGE_CURVE('',#16879,#16879,#16881,.T.);
#16879 = VERTEX_POINT('',#16880);
#16880 = CARTESIAN_POINT('',(21.675,10.25,0.89));
#16881 = CIRCLE('',#16882,0.5);
#16882 = AXIS2_PLACEMENT_3D('',#16883,#16884,#16885);
#16883 = CARTESIAN_POINT('',(21.675,10.75,0.89));
#16884 = DIRECTION('',(-0.,0.,-1.));
#16885 = DIRECTION('',(-0.,-1.,0.));
#16886 = FACE_BOUND('',#16887,.T.);
#16887 = EDGE_LOOP('',(#16888));
#16888 = ORIENTED_EDGE('',*,*,#16889,.T.);
#16889 = EDGE_CURVE('',#16890,#16890,#16892,.T.);
#16890 = VERTEX_POINT('',#16891);
#16891 = CARTESIAN_POINT('',(23.65,9.55,0.89));
#16892 = CIRCLE('',#16893,0.5);
#16893 = AXIS2_PLACEMENT_3D('',#16894,#16895,#16896);
#16894 = CARTESIAN_POINT('',(23.65,10.05,0.89));
#16895 = DIRECTION('',(-0.,0.,-1.));
#16896 = DIRECTION('',(-0.,-1.,0.));
#16897 = FACE_BOUND('',#16898,.T.);
#16898 = EDGE_LOOP('',(#16899));
#16899 = ORIENTED_EDGE('',*,*,#16900,.T.);
#16900 = EDGE_CURVE('',#16901,#16901,#16903,.T.);
#16901 = VERTEX_POINT('',#16902);
#16902 = CARTESIAN_POINT('',(28.75,9.55,0.89));
#16903 = CIRCLE('',#16904,0.5);
#16904 = AXIS2_PLACEMENT_3D('',#16905,#16906,#16907);
#16905 = CARTESIAN_POINT('',(28.75,10.05,0.89));
#16906 = DIRECTION('',(-0.,0.,-1.));
#16907 = DIRECTION('',(-0.,-1.,0.));
#16908 = FACE_BOUND('',#16909,.T.);
#16909 = EDGE_LOOP('',(#16910));
#16910 = ORIENTED_EDGE('',*,*,#16911,.T.);
#16911 = EDGE_CURVE('',#16912,#16912,#16914,.T.);
#16912 = VERTEX_POINT('',#16913);
#16913 = CARTESIAN_POINT('',(22.825,11.5282,0.89));
#16914 = CIRCLE('',#16915,0.5);
#16915 = AXIS2_PLACEMENT_3D('',#16916,#16917,#16918);
#16916 = CARTESIAN_POINT('',(22.825,12.0282,0.89));
#16917 = DIRECTION('',(-0.,0.,-1.));
#16918 = DIRECTION('',(-0.,-1.,0.));
#16919 = FACE_BOUND('',#16920,.T.);
#16920 = EDGE_LOOP('',(#16921));
#16921 = ORIENTED_EDGE('',*,*,#16922,.T.);
#16922 = EDGE_CURVE('',#16923,#16923,#16925,.T.);
#16923 = VERTEX_POINT('',#16924);
#16924 = CARTESIAN_POINT('',(24.003,12.6318,0.89));
#16925 = CIRCLE('',#16926,0.5);
#16926 = AXIS2_PLACEMENT_3D('',#16927,#16928,#16929);
#16927 = CARTESIAN_POINT('',(24.003,13.1318,0.89));
#16928 = DIRECTION('',(-0.,0.,-1.));
#16929 = DIRECTION('',(-0.,-1.,0.));
#16930 = PLANE('',#16931);
#16931 = AXIS2_PLACEMENT_3D('',#16932,#16933,#16934);
#16932 = CARTESIAN_POINT('',(0.,0.,0.89));
#16933 = DIRECTION('',(0.,0.,1.));
#16934 = DIRECTION('',(1.,0.,-0.));
#16935 = ADVANCED_FACE('',(#16936),#16947,.T.);
#16936 = FACE_BOUND('',#16937,.T.);
#16937 = EDGE_LOOP('',(#16938,#16944,#16945,#16946));
#16938 = ORIENTED_EDGE('',*,*,#16939,.T.);
#16939 = EDGE_CURVE('',#15932,#16453,#16940,.T.);
#16940 = LINE('',#16941,#16942);
#16941 = CARTESIAN_POINT('',(30.,15.,0.));
#16942 = VECTOR('',#16943,1.);
#16943 = DIRECTION('',(0.,0.,1.));
#16944 = ORIENTED_EDGE('',*,*,#16452,.T.);
#16945 = ORIENTED_EDGE('',*,*,#15900,.F.);
#16946 = ORIENTED_EDGE('',*,*,#15931,.F.);
#16947 = PLANE('',#16948);
#16948 = AXIS2_PLACEMENT_3D('',#16949,#16950,#16951);
#16949 = CARTESIAN_POINT('',(30.,15.,0.));
#16950 = DIRECTION('',(1.,0.,-0.));
#16951 = DIRECTION('',(0.,-1.,0.));
#16952 = ADVANCED_FACE('',(#16953),#16964,.T.);
#16953 = FACE_BOUND('',#16954,.T.);
#16954 = EDGE_LOOP('',(#16955,#16956,#16957,#16958));
#16955 = ORIENTED_EDGE('',*,*,#16067,.F.);
#16956 = ORIENTED_EDGE('',*,*,#16436,.F.);
#16957 = ORIENTED_EDGE('',*,*,#16588,.T.);
#16958 = ORIENTED_EDGE('',*,*,#16959,.T.);
#16959 = EDGE_CURVE('',#16580,#16059,#16960,.T.);
#16960 = LINE('',#16961,#16962);
#16961 = CARTESIAN_POINT('',(14.,0.,-4.5E-02));
#16962 = VECTOR('',#16963,1.);
#16963 = DIRECTION('',(-0.,-0.,-1.));
#16964 = PLANE('',#16965);
#16965 = AXIS2_PLACEMENT_3D('',#16966,#16967,#16968);
#16966 = CARTESIAN_POINT('',(30.,0.,0.));
#16967 = DIRECTION('',(0.,-1.,0.));
#16968 = DIRECTION('',(-1.,0.,0.));
#16969 = ADVANCED_FACE('',(#16970),#16981,.F.);
#16970 = FACE_BOUND('',#16971,.T.);
#16971 = EDGE_LOOP('',(#16972,#16973,#16974,#16980));
#16972 = ORIENTED_EDGE('',*,*,#16959,.F.);
#16973 = ORIENTED_EDGE('',*,*,#16579,.F.);
#16974 = ORIENTED_EDGE('',*,*,#16975,.T.);
#16975 = EDGE_CURVE('',#16572,#16051,#16976,.T.);
#16976 = LINE('',#16977,#16978);
#16977 = CARTESIAN_POINT('',(11.,0.,-4.5E-02));
#16978 = VECTOR('',#16979,1.);
#16979 = DIRECTION('',(-0.,-0.,-1.));
#16980 = ORIENTED_EDGE('',*,*,#16058,.T.);
#16981 = CYLINDRICAL_SURFACE('',#16982,1.5);
#16982 = AXIS2_PLACEMENT_3D('',#16983,#16984,#16985);
#16983 = CARTESIAN_POINT('',(12.5,2.775557561563E-16,-4.5E-02));
#16984 = DIRECTION('',(-0.,-0.,-1.));
#16985 = DIRECTION('',(-0.,-1.,0.));
#16986 = ADVANCED_FACE('',(#16987),#16998,.T.);
#16987 = FACE_BOUND('',#16988,.T.);
#16988 = EDGE_LOOP('',(#16989,#16990,#16991,#16992));
#16989 = ORIENTED_EDGE('',*,*,#16050,.F.);
#16990 = ORIENTED_EDGE('',*,*,#16975,.F.);
#16991 = ORIENTED_EDGE('',*,*,#16571,.T.);
#16992 = ORIENTED_EDGE('',*,*,#16993,.T.);
#16993 = EDGE_CURVE('',#16563,#16042,#16994,.T.);
#16994 = LINE('',#16995,#16996);
#16995 = CARTESIAN_POINT('',(4.,0.,-4.5E-02));
#16996 = VECTOR('',#16997,1.);
#16997 = DIRECTION('',(-0.,-0.,-1.));
#16998 = PLANE('',#16999);
#16999 = AXIS2_PLACEMENT_3D('',#17000,#17001,#17002);
#17000 = CARTESIAN_POINT('',(30.,0.,0.));
#17001 = DIRECTION('',(0.,-1.,0.));
#17002 = DIRECTION('',(-1.,0.,0.));
#17003 = ADVANCED_FACE('',(#17004),#17015,.F.);
#17004 = FACE_BOUND('',#17005,.T.);
#17005 = EDGE_LOOP('',(#17006,#17007,#17008,#17014));
#17006 = ORIENTED_EDGE('',*,*,#16993,.F.);
#17007 = ORIENTED_EDGE('',*,*,#16562,.F.);
#17008 = ORIENTED_EDGE('',*,*,#17009,.T.);
#17009 = EDGE_CURVE('',#16555,#16034,#17010,.T.);
#17010 = LINE('',#17011,#17012);
#17011 = CARTESIAN_POINT('',(1.,0.,-4.5E-02));
#17012 = VECTOR('',#17013,1.);
#17013 = DIRECTION('',(-0.,-0.,-1.));
#17014 = ORIENTED_EDGE('',*,*,#16041,.T.);
#17015 = CYLINDRICAL_SURFACE('',#17016,1.5);
#17016 = AXIS2_PLACEMENT_3D('',#17017,#17018,#17019);
#17017 = CARTESIAN_POINT('',(2.5,2.775557561563E-16,-4.5E-02));
#17018 = DIRECTION('',(-0.,-0.,-1.));
#17019 = DIRECTION('',(-0.,-1.,0.));
#17020 = ADVANCED_FACE('',(#17021),#17032,.T.);
#17021 = FACE_BOUND('',#17022,.T.);
#17022 = EDGE_LOOP('',(#17023,#17024,#17025,#17026));
#17023 = ORIENTED_EDGE('',*,*,#16033,.F.);
#17024 = ORIENTED_EDGE('',*,*,#17009,.F.);
#17025 = ORIENTED_EDGE('',*,*,#16554,.T.);
#17026 = ORIENTED_EDGE('',*,*,#17027,.F.);
#17027 = EDGE_CURVE('',#16026,#16547,#17028,.T.);
#17028 = LINE('',#17029,#17030);
#17029 = CARTESIAN_POINT('',(0.,-0.,0.));
#17030 = VECTOR('',#17031,1.);
#17031 = DIRECTION('',(0.,0.,1.));
#17032 = PLANE('',#17033);
#17033 = AXIS2_PLACEMENT_3D('',#17034,#17035,#17036);
#17034 = CARTESIAN_POINT('',(30.,0.,0.));
#17035 = DIRECTION('',(0.,-1.,0.));
#17036 = DIRECTION('',(-1.,0.,0.));
#17037 = ADVANCED_FACE('',(#17038),#17049,.T.);
#17038 = FACE_BOUND('',#17039,.T.);
#17039 = EDGE_LOOP('',(#17040,#17041,#17042,#17048));
#17040 = ORIENTED_EDGE('',*,*,#17027,.T.);
#17041 = ORIENTED_EDGE('',*,*,#16546,.T.);
#17042 = ORIENTED_EDGE('',*,*,#17043,.F.);
#17043 = EDGE_CURVE('',#16018,#16539,#17044,.T.);
#17044 = LINE('',#17045,#17046);
#17045 = CARTESIAN_POINT('',(0.,15.,0.));
#17046 = VECTOR('',#17047,1.);
#17047 = DIRECTION('',(0.,0.,1.));
#17048 = ORIENTED_EDGE('',*,*,#16025,.F.);
#17049 = PLANE('',#17050);
#17050 = AXIS2_PLACEMENT_3D('',#17051,#17052,#17053);
#17051 = CARTESIAN_POINT('',(0.,0.,0.));
#17052 = DIRECTION('',(-1.,0.,0.));
#17053 = DIRECTION('',(0.,1.,0.));
#17054 = ADVANCED_FACE('',(#17055),#17066,.T.);
#17055 = FACE_BOUND('',#17056,.T.);
#17056 = EDGE_LOOP('',(#17057,#17058,#17059,#17060));
#17057 = ORIENTED_EDGE('',*,*,#16017,.F.);
#17058 = ORIENTED_EDGE('',*,*,#17043,.T.);
#17059 = ORIENTED_EDGE('',*,*,#16538,.T.);
#17060 = ORIENTED_EDGE('',*,*,#17061,.T.);
#17061 = EDGE_CURVE('',#16530,#16009,#17062,.T.);
#17062 = LINE('',#17063,#17064);
#17063 = CARTESIAN_POINT('',(1.,15.,-4.5E-02));
#17064 = VECTOR('',#17065,1.);
#17065 = DIRECTION('',(-0.,-0.,-1.));
#17066 = PLANE('',#17067);
#17067 = AXIS2_PLACEMENT_3D('',#17068,#17069,#17070);
#17068 = CARTESIAN_POINT('',(0.,15.,0.));
#17069 = DIRECTION('',(0.,1.,0.));
#17070 = DIRECTION('',(1.,0.,0.));
#17071 = ADVANCED_FACE('',(#17072),#17083,.F.);
#17072 = FACE_BOUND('',#17073,.T.);
#17073 = EDGE_LOOP('',(#17074,#17080,#17081,#17082));
#17074 = ORIENTED_EDGE('',*,*,#17075,.F.);
#17075 = EDGE_CURVE('',#16000,#16521,#17076,.T.);
#17076 = LINE('',#17077,#17078);
#17077 = CARTESIAN_POINT('',(2.5,13.5,-4.5E-02));
#17078 = VECTOR('',#17079,1.);
#17079 = DIRECTION('',(0.,0.,1.));
#17080 = ORIENTED_EDGE('',*,*,#16008,.T.);
#17081 = ORIENTED_EDGE('',*,*,#17061,.F.);
#17082 = ORIENTED_EDGE('',*,*,#16529,.F.);
#17083 = CYLINDRICAL_SURFACE('',#17084,1.5);
#17084 = AXIS2_PLACEMENT_3D('',#17085,#17086,#17087);
#17085 = CARTESIAN_POINT('',(2.5,15.,-4.5E-02));
#17086 = DIRECTION('',(-0.,-0.,-1.));
#17087 = DIRECTION('',(-0.,-1.,0.));
#17088 = ADVANCED_FACE('',(#17089),#17100,.F.);
#17089 = FACE_BOUND('',#17090,.T.);
#17090 = EDGE_LOOP('',(#17091,#17092,#17093,#17094));
#17091 = ORIENTED_EDGE('',*,*,#15999,.T.);
#17092 = ORIENTED_EDGE('',*,*,#17075,.T.);
#17093 = ORIENTED_EDGE('',*,*,#16520,.F.);
#17094 = ORIENTED_EDGE('',*,*,#17095,.T.);
#17095 = EDGE_CURVE('',#16513,#15992,#17096,.T.);
#17096 = LINE('',#17097,#17098);
#17097 = CARTESIAN_POINT('',(4.,15.,-4.5E-02));
#17098 = VECTOR('',#17099,1.);
#17099 = DIRECTION('',(-0.,-0.,-1.));
#17100 = CYLINDRICAL_SURFACE('',#17101,1.5);
#17101 = AXIS2_PLACEMENT_3D('',#17102,#17103,#17104);
#17102 = CARTESIAN_POINT('',(2.5,15.,-4.5E-02));
#17103 = DIRECTION('',(-0.,-0.,-1.));
#17104 = DIRECTION('',(-0.,-1.,0.));
#17105 = ADVANCED_FACE('',(#17106),#17117,.T.);
#17106 = FACE_BOUND('',#17107,.T.);
#17107 = EDGE_LOOP('',(#17108,#17109,#17110,#17111));
#17108 = ORIENTED_EDGE('',*,*,#15991,.F.);
#17109 = ORIENTED_EDGE('',*,*,#17095,.F.);
#17110 = ORIENTED_EDGE('',*,*,#16512,.T.);
#17111 = ORIENTED_EDGE('',*,*,#17112,.T.);
#17112 = EDGE_CURVE('',#16504,#15983,#17113,.T.);
#17113 = LINE('',#17114,#17115);
#17114 = CARTESIAN_POINT('',(11.,15.,-4.5E-02));
#17115 = VECTOR('',#17116,1.);
#17116 = DIRECTION('',(-0.,-0.,-1.));
#17117 = PLANE('',#17118);
#17118 = AXIS2_PLACEMENT_3D('',#17119,#17120,#17121);
#17119 = CARTESIAN_POINT('',(0.,15.,0.));
#17120 = DIRECTION('',(0.,1.,0.));
#17121 = DIRECTION('',(1.,0.,0.));
#17122 = ADVANCED_FACE('',(#17123),#17134,.F.);
#17123 = FACE_BOUND('',#17124,.T.);
#17124 = EDGE_LOOP('',(#17125,#17131,#17132,#17133));
#17125 = ORIENTED_EDGE('',*,*,#17126,.F.);
#17126 = EDGE_CURVE('',#15974,#16495,#17127,.T.);
#17127 = LINE('',#17128,#17129);
#17128 = CARTESIAN_POINT('',(12.5,13.5,-4.5E-02));
#17129 = VECTOR('',#17130,1.);
#17130 = DIRECTION('',(0.,0.,1.));
#17131 = ORIENTED_EDGE('',*,*,#15982,.T.);
#17132 = ORIENTED_EDGE('',*,*,#17112,.F.);
#17133 = ORIENTED_EDGE('',*,*,#16503,.F.);
#17134 = CYLINDRICAL_SURFACE('',#17135,1.5);
#17135 = AXIS2_PLACEMENT_3D('',#17136,#17137,#17138);
#17136 = CARTESIAN_POINT('',(12.5,15.,-4.5E-02));
#17137 = DIRECTION('',(-0.,-0.,-1.));
#17138 = DIRECTION('',(-0.,-1.,0.));
#17139 = ADVANCED_FACE('',(#17140),#17151,.F.);
#17140 = FACE_BOUND('',#17141,.T.);
#17141 = EDGE_LOOP('',(#17142,#17143,#17144,#17145));
#17142 = ORIENTED_EDGE('',*,*,#15973,.T.);
#17143 = ORIENTED_EDGE('',*,*,#17126,.T.);
#17144 = ORIENTED_EDGE('',*,*,#16494,.F.);
#17145 = ORIENTED_EDGE('',*,*,#17146,.T.);
#17146 = EDGE_CURVE('',#16487,#15966,#17147,.T.);
#17147 = LINE('',#17148,#17149);
#17148 = CARTESIAN_POINT('',(14.,15.,-4.5E-02));
#17149 = VECTOR('',#17150,1.);
#17150 = DIRECTION('',(-0.,-0.,-1.));
#17151 = CYLINDRICAL_SURFACE('',#17152,1.5);
#17152 = AXIS2_PLACEMENT_3D('',#17153,#17154,#17155);
#17153 = CARTESIAN_POINT('',(12.5,15.,-4.5E-02));
#17154 = DIRECTION('',(-0.,-0.,-1.));
#17155 = DIRECTION('',(-0.,-1.,0.));
#17156 = ADVANCED_FACE('',(#17157),#17168,.T.);
#17157 = FACE_BOUND('',#17158,.T.);
#17158 = EDGE_LOOP('',(#17159,#17160,#17161,#17162));
#17159 = ORIENTED_EDGE('',*,*,#15965,.F.);
#17160 = ORIENTED_EDGE('',*,*,#17146,.F.);
#17161 = ORIENTED_EDGE('',*,*,#16486,.T.);
#17162 = ORIENTED_EDGE('',*,*,#17163,.T.);
#17163 = EDGE_CURVE('',#16478,#15957,#17164,.T.);
#17164 = LINE('',#17165,#17166);
#17165 = CARTESIAN_POINT('',(21.,15.,-4.5E-02));
#17166 = VECTOR('',#17167,1.);
#17167 = DIRECTION('',(-0.,-0.,-1.));
#17168 = PLANE('',#17169);
#17169 = AXIS2_PLACEMENT_3D('',#17170,#17171,#17172);
#17170 = CARTESIAN_POINT('',(0.,15.,0.));
#17171 = DIRECTION('',(0.,1.,0.));
#17172 = DIRECTION('',(1.,0.,0.));
#17173 = ADVANCED_FACE('',(#17174),#17185,.F.);
#17174 = FACE_BOUND('',#17175,.T.);
#17175 = EDGE_LOOP('',(#17176,#17182,#17183,#17184));
#17176 = ORIENTED_EDGE('',*,*,#17177,.F.);
#17177 = EDGE_CURVE('',#15948,#16469,#17178,.T.);
#17178 = LINE('',#17179,#17180);
#17179 = CARTESIAN_POINT('',(22.5,13.5,-4.5E-02));
#17180 = VECTOR('',#17181,1.);
#17181 = DIRECTION('',(0.,0.,1.));
#17182 = ORIENTED_EDGE('',*,*,#15956,.T.);
#17183 = ORIENTED_EDGE('',*,*,#17163,.F.);
#17184 = ORIENTED_EDGE('',*,*,#16477,.F.);
#17185 = CYLINDRICAL_SURFACE('',#17186,1.5);
#17186 = AXIS2_PLACEMENT_3D('',#17187,#17188,#17189);
#17187 = CARTESIAN_POINT('',(22.5,15.,-4.5E-02));
#17188 = DIRECTION('',(-0.,-0.,-1.));
#17189 = DIRECTION('',(-0.,-1.,0.));
#17190 = ADVANCED_FACE('',(#17191),#17202,.F.);
#17191 = FACE_BOUND('',#17192,.T.);
#17192 = EDGE_LOOP('',(#17193,#17194,#17195,#17196));
#17193 = ORIENTED_EDGE('',*,*,#15947,.T.);
#17194 = ORIENTED_EDGE('',*,*,#17177,.T.);
#17195 = ORIENTED_EDGE('',*,*,#16468,.F.);
#17196 = ORIENTED_EDGE('',*,*,#17197,.T.);
#17197 = EDGE_CURVE('',#16461,#15940,#17198,.T.);
#17198 = LINE('',#17199,#17200);
#17199 = CARTESIAN_POINT('',(24.,15.,-4.5E-02));
#17200 = VECTOR('',#17201,1.);
#17201 = DIRECTION('',(-0.,-0.,-1.));
#17202 = CYLINDRICAL_SURFACE('',#17203,1.5);
#17203 = AXIS2_PLACEMENT_3D('',#17204,#17205,#17206);
#17204 = CARTESIAN_POINT('',(22.5,15.,-4.5E-02));
#17205 = DIRECTION('',(-0.,-0.,-1.));
#17206 = DIRECTION('',(-0.,-1.,0.));
#17207 = ADVANCED_FACE('',(#17208),#17214,.T.);
#17208 = FACE_BOUND('',#17209,.T.);
#17209 = EDGE_LOOP('',(#17210,#17211,#17212,#17213));
#17210 = ORIENTED_EDGE('',*,*,#15939,.F.);
#17211 = ORIENTED_EDGE('',*,*,#17197,.F.);
#17212 = ORIENTED_EDGE('',*,*,#16460,.T.);
#17213 = ORIENTED_EDGE('',*,*,#16939,.F.);
#17214 = PLANE('',#17215);
#17215 = AXIS2_PLACEMENT_3D('',#17216,#17217,#17218);
#17216 = CARTESIAN_POINT('',(0.,15.,0.));
#17217 = DIRECTION('',(0.,1.,0.));
#17218 = DIRECTION('',(1.,0.,0.));
#17219 = ADVANCED_FACE('',(#17220),#17236,.F.);
#17220 = FACE_BOUND('',#17221,.T.);
#17221 = EDGE_LOOP('',(#17222,#17228,#17229,#17235));
#17222 = ORIENTED_EDGE('',*,*,#17223,.T.);
#17223 = EDGE_CURVE('',#16085,#16598,#17224,.T.);
#17224 = LINE('',#17225,#17226);
#17225 = CARTESIAN_POINT('',(7.6409,2.997118,0.));
#17226 = VECTOR('',#17227,1.);
#17227 = DIRECTION('',(0.,0.,1.));
#17228 = ORIENTED_EDGE('',*,*,#16597,.T.);
#17229 = ORIENTED_EDGE('',*,*,#17230,.F.);
#17230 = EDGE_CURVE('',#16087,#16600,#17231,.T.);
#17231 = LINE('',#17232,#17233);
#17232 = CARTESIAN_POINT('',(7.4,2.7,0.));
#17233 = VECTOR('',#17234,1.);
#17234 = DIRECTION('',(0.,0.,1.));
#17235 = ORIENTED_EDGE('',*,*,#16084,.F.);
#17236 = CYLINDRICAL_SURFACE('',#17237,0.29657812768);
#17237 = AXIS2_PLACEMENT_3D('',#17238,#17239,#17240);
#17238 = CARTESIAN_POINT('',(7.696521364127,2.705802278367,0.));
#17239 = DIRECTION('',(-0.,-0.,-1.));
#17240 = DIRECTION('',(-0.187543715926,0.982256257102,0.));
#17241 = ADVANCED_FACE('',(#17242),#17253,.T.);
#17242 = FACE_BOUND('',#17243,.T.);
#17243 = EDGE_LOOP('',(#17244,#17250,#17251,#17252));
#17244 = ORIENTED_EDGE('',*,*,#17245,.T.);
#17245 = EDGE_CURVE('',#16096,#16609,#17246,.T.);
#17246 = LINE('',#17247,#17248);
#17247 = CARTESIAN_POINT('',(7.7,3.,0.));
#17248 = VECTOR('',#17249,1.);
#17249 = DIRECTION('',(0.,0.,1.));
#17250 = ORIENTED_EDGE('',*,*,#16608,.T.);
#17251 = ORIENTED_EDGE('',*,*,#17223,.F.);
#17252 = ORIENTED_EDGE('',*,*,#16095,.F.);
#17253 = PLANE('',#17254);
#17254 = AXIS2_PLACEMENT_3D('',#17255,#17256,#17257);
#17255 = CARTESIAN_POINT('',(7.7,3.,0.));
#17256 = DIRECTION('',(4.870692711438E-02,-0.998813113275,0.));
#17257 = DIRECTION('',(-0.998813113275,-4.870692711438E-02,0.));
#17258 = ADVANCED_FACE('',(#17259),#17270,.T.);
#17259 = FACE_BOUND('',#17260,.T.);
#17260 = EDGE_LOOP('',(#17261,#17262,#17263,#17269));
#17261 = ORIENTED_EDGE('',*,*,#17230,.T.);
#17262 = ORIENTED_EDGE('',*,*,#16691,.T.);
#17263 = ORIENTED_EDGE('',*,*,#17264,.F.);
#17264 = EDGE_CURVE('',#16171,#16684,#17265,.T.);
#17265 = LINE('',#17266,#17267);
#17266 = CARTESIAN_POINT('',(7.4,1.3,0.));
#17267 = VECTOR('',#17268,1.);
#17268 = DIRECTION('',(0.,0.,1.));
#17269 = ORIENTED_EDGE('',*,*,#16178,.F.);
#17270 = PLANE('',#17271);
#17271 = AXIS2_PLACEMENT_3D('',#17272,#17273,#17274);
#17272 = CARTESIAN_POINT('',(7.4,2.7,0.));
#17273 = DIRECTION('',(1.,0.,-0.));
#17274 = DIRECTION('',(0.,-1.,0.));
#17275 = ADVANCED_FACE('',(#17276),#17287,.T.);
#17276 = FACE_BOUND('',#17277,.T.);
#17277 = EDGE_LOOP('',(#17278,#17284,#17285,#17286));
#17278 = ORIENTED_EDGE('',*,*,#17279,.T.);
#17279 = EDGE_CURVE('',#16104,#16617,#17280,.T.);
#17280 = LINE('',#17281,#17282);
#17281 = CARTESIAN_POINT('',(9.3,3.,0.));
#17282 = VECTOR('',#17283,1.);
#17283 = DIRECTION('',(0.,0.,1.));
#17284 = ORIENTED_EDGE('',*,*,#16616,.T.);
#17285 = ORIENTED_EDGE('',*,*,#17245,.F.);
#17286 = ORIENTED_EDGE('',*,*,#16103,.F.);
#17287 = PLANE('',#17288);
#17288 = AXIS2_PLACEMENT_3D('',#17289,#17290,#17291);
#17289 = CARTESIAN_POINT('',(9.3,3.,0.));
#17290 = DIRECTION('',(0.,-1.,0.));
#17291 = DIRECTION('',(-1.,0.,0.));
#17292 = ADVANCED_FACE('',(#17293),#17304,.T.);
#17293 = FACE_BOUND('',#17294,.T.);
#17294 = EDGE_LOOP('',(#17295,#17296,#17297,#17303));
#17295 = ORIENTED_EDGE('',*,*,#17264,.T.);
#17296 = ORIENTED_EDGE('',*,*,#16683,.T.);
#17297 = ORIENTED_EDGE('',*,*,#17298,.F.);
#17298 = EDGE_CURVE('',#16162,#16675,#17299,.T.);
#17299 = LINE('',#17300,#17301);
#17300 = CARTESIAN_POINT('',(7.402882,1.2409,0.));
#17301 = VECTOR('',#17302,1.);
#17302 = DIRECTION('',(0.,0.,1.));
#17303 = ORIENTED_EDGE('',*,*,#16170,.F.);
#17304 = PLANE('',#17305);
#17305 = AXIS2_PLACEMENT_3D('',#17306,#17307,#17308);
#17306 = CARTESIAN_POINT('',(7.4,1.3,0.));
#17307 = DIRECTION('',(0.998813113275,4.870692711437E-02,-0.));
#17308 = DIRECTION('',(4.870692711437E-02,-0.998813113275,0.));
#17309 = ADVANCED_FACE('',(#17310),#17321,.F.);
#17310 = FACE_BOUND('',#17311,.T.);
#17311 = EDGE_LOOP('',(#17312,#17318,#17319,#17320));
#17312 = ORIENTED_EDGE('',*,*,#17313,.T.);
#17313 = EDGE_CURVE('',#16112,#16625,#17314,.T.);
#17314 = LINE('',#17315,#17316);
#17315 = CARTESIAN_POINT('',(9.597118,2.7591,0.));
#17316 = VECTOR('',#17317,1.);
#17317 = DIRECTION('',(0.,0.,1.));
#17318 = ORIENTED_EDGE('',*,*,#16624,.T.);
#17319 = ORIENTED_EDGE('',*,*,#17279,.F.);
#17320 = ORIENTED_EDGE('',*,*,#16111,.F.);
#17321 = CYLINDRICAL_SURFACE('',#17322,0.29657812768);
#17322 = AXIS2_PLACEMENT_3D('',#17323,#17324,#17325);
#17323 = CARTESIAN_POINT('',(9.305802278367,2.703478635873,0.));
#17324 = DIRECTION('',(-0.,-0.,-1.));
#17325 = DIRECTION('',(0.982256257102,0.187543715926,-0.));
#17326 = ADVANCED_FACE('',(#17327),#17338,.F.);
#17327 = FACE_BOUND('',#17328,.T.);
#17328 = EDGE_LOOP('',(#17329,#17330,#17331,#17337));
#17329 = ORIENTED_EDGE('',*,*,#17298,.T.);
#17330 = ORIENTED_EDGE('',*,*,#16674,.T.);
#17331 = ORIENTED_EDGE('',*,*,#17332,.F.);
#17332 = EDGE_CURVE('',#16154,#16667,#17333,.T.);
#17333 = LINE('',#17334,#17335);
#17334 = CARTESIAN_POINT('',(7.7,1.,0.));
#17335 = VECTOR('',#17336,1.);
#17336 = DIRECTION('',(0.,0.,1.));
#17337 = ORIENTED_EDGE('',*,*,#16161,.F.);
#17338 = CYLINDRICAL_SURFACE('',#17339,0.29657812768);
#17339 = AXIS2_PLACEMENT_3D('',#17340,#17341,#17342);
#17340 = CARTESIAN_POINT('',(7.694197721633,1.296521364127,0.));
#17341 = DIRECTION('',(-0.,-0.,-1.));
#17342 = DIRECTION('',(-0.982256257102,-0.187543715926,0.));
#17343 = ADVANCED_FACE('',(#17344),#17355,.T.);
#17344 = FACE_BOUND('',#17345,.T.);
#17345 = EDGE_LOOP('',(#17346,#17352,#17353,#17354));
#17346 = ORIENTED_EDGE('',*,*,#17347,.T.);
#17347 = EDGE_CURVE('',#16121,#16634,#17348,.T.);
#17348 = LINE('',#17349,#17350);
#17349 = CARTESIAN_POINT('',(9.6,2.7,0.));
#17350 = VECTOR('',#17351,1.);
#17351 = DIRECTION('',(0.,0.,1.));
#17352 = ORIENTED_EDGE('',*,*,#16633,.T.);
#17353 = ORIENTED_EDGE('',*,*,#17313,.F.);
#17354 = ORIENTED_EDGE('',*,*,#16120,.F.);
#17355 = PLANE('',#17356);
#17356 = AXIS2_PLACEMENT_3D('',#17357,#17358,#17359);
#17357 = CARTESIAN_POINT('',(9.6,2.7,0.));
#17358 = DIRECTION('',(-0.998813113275,-4.870692711438E-02,0.));
#17359 = DIRECTION('',(-4.870692711438E-02,0.998813113275,0.));
#17360 = ADVANCED_FACE('',(#17361),#17372,.T.);
#17361 = FACE_BOUND('',#17362,.T.);
#17362 = EDGE_LOOP('',(#17363,#17364,#17365,#17371));
#17363 = ORIENTED_EDGE('',*,*,#17332,.T.);
#17364 = ORIENTED_EDGE('',*,*,#16666,.T.);
#17365 = ORIENTED_EDGE('',*,*,#17366,.F.);
#17366 = EDGE_CURVE('',#16146,#16659,#17367,.T.);
#17367 = LINE('',#17368,#17369);
#17368 = CARTESIAN_POINT('',(9.3,1.,0.));
#17369 = VECTOR('',#17370,1.);
#17370 = DIRECTION('',(0.,0.,1.));
#17371 = ORIENTED_EDGE('',*,*,#16153,.F.);
#17372 = PLANE('',#17373);
#17373 = AXIS2_PLACEMENT_3D('',#17374,#17375,#17376);
#17374 = CARTESIAN_POINT('',(7.7,1.,0.));
#17375 = DIRECTION('',(0.,1.,0.));
#17376 = DIRECTION('',(1.,0.,0.));
#17377 = ADVANCED_FACE('',(#17378),#17389,.T.);
#17378 = FACE_BOUND('',#17379,.T.);
#17379 = EDGE_LOOP('',(#17380,#17386,#17387,#17388));
#17380 = ORIENTED_EDGE('',*,*,#17381,.T.);
#17381 = EDGE_CURVE('',#16129,#16642,#17382,.T.);
#17382 = LINE('',#17383,#17384);
#17383 = CARTESIAN_POINT('',(9.6,1.3,0.));
#17384 = VECTOR('',#17385,1.);
#17385 = DIRECTION('',(0.,0.,1.));
#17386 = ORIENTED_EDGE('',*,*,#16641,.T.);
#17387 = ORIENTED_EDGE('',*,*,#17347,.F.);
#17388 = ORIENTED_EDGE('',*,*,#16128,.F.);
#17389 = PLANE('',#17390);
#17390 = AXIS2_PLACEMENT_3D('',#17391,#17392,#17393);
#17391 = CARTESIAN_POINT('',(9.6,1.3,0.));
#17392 = DIRECTION('',(-1.,0.,0.));
#17393 = DIRECTION('',(0.,1.,0.));
#17394 = ADVANCED_FACE('',(#17395),#17406,.T.);
#17395 = FACE_BOUND('',#17396,.T.);
#17396 = EDGE_LOOP('',(#17397,#17398,#17399,#17405));
#17397 = ORIENTED_EDGE('',*,*,#17366,.T.);
#17398 = ORIENTED_EDGE('',*,*,#16658,.T.);
#17399 = ORIENTED_EDGE('',*,*,#17400,.F.);
#17400 = EDGE_CURVE('',#16137,#16650,#17401,.T.);
#17401 = LINE('',#17402,#17403);
#17402 = CARTESIAN_POINT('',(9.3591,1.002882,0.));
#17403 = VECTOR('',#17404,1.);
#17404 = DIRECTION('',(0.,0.,1.));
#17405 = ORIENTED_EDGE('',*,*,#16145,.F.);
#17406 = PLANE('',#17407);
#17407 = AXIS2_PLACEMENT_3D('',#17408,#17409,#17410);
#17408 = CARTESIAN_POINT('',(9.3,1.,0.));
#17409 = DIRECTION('',(-4.870692711438E-02,0.998813113275,0.));
#17410 = DIRECTION('',(0.998813113275,4.870692711438E-02,0.));
#17411 = ADVANCED_FACE('',(#17412),#17418,.F.);
#17412 = FACE_BOUND('',#17413,.T.);
#17413 = EDGE_LOOP('',(#17414,#17415,#17416,#17417));
#17414 = ORIENTED_EDGE('',*,*,#17400,.T.);
#17415 = ORIENTED_EDGE('',*,*,#16649,.T.);
#17416 = ORIENTED_EDGE('',*,*,#17381,.F.);
#17417 = ORIENTED_EDGE('',*,*,#16136,.F.);
#17418 = CYLINDRICAL_SURFACE('',#17419,0.29657812768);
#17419 = AXIS2_PLACEMENT_3D('',#17420,#17421,#17422);
#17420 = CARTESIAN_POINT('',(9.303478635873,1.294197721633,0.));
#17421 = DIRECTION('',(-0.,-0.,-1.));
#17422 = DIRECTION('',(0.187543715926,-0.982256257102,0.));
#17423 = ADVANCED_FACE('',(#17424),#17435,.F.);
#17424 = FACE_BOUND('',#17425,.T.);
#17425 = EDGE_LOOP('',(#17426,#17427,#17433,#17434));
#17426 = ORIENTED_EDGE('',*,*,#16186,.T.);
#17427 = ORIENTED_EDGE('',*,*,#17428,.T.);
#17428 = EDGE_CURVE('',#16187,#16700,#17429,.T.);
#17429 = LINE('',#17430,#17431);
#17430 = CARTESIAN_POINT('',(22.8092,2.4718,-4.5E-02));
#17431 = VECTOR('',#17432,1.);
#17432 = DIRECTION('',(0.,0.,1.));
#17433 = ORIENTED_EDGE('',*,*,#16699,.F.);
#17434 = ORIENTED_EDGE('',*,*,#17428,.F.);
#17435 = CYLINDRICAL_SURFACE('',#17436,0.5);
#17436 = AXIS2_PLACEMENT_3D('',#17437,#17438,#17439);
#17437 = CARTESIAN_POINT('',(22.8092,2.9718,-4.5E-02));
#17438 = DIRECTION('',(-0.,-0.,-1.));
#17439 = DIRECTION('',(-0.,-1.,0.));
#17440 = ADVANCED_FACE('',(#17441),#17452,.F.);
#17441 = FACE_BOUND('',#17442,.T.);
#17442 = EDGE_LOOP('',(#17443,#17444,#17450,#17451));
#17443 = ORIENTED_EDGE('',*,*,#16197,.T.);
#17444 = ORIENTED_EDGE('',*,*,#17445,.T.);
#17445 = EDGE_CURVE('',#16198,#16711,#17446,.T.);
#17446 = LINE('',#17447,#17448);
#17447 = CARTESIAN_POINT('',(24.003,1.3682,-4.5E-02));
#17448 = VECTOR('',#17449,1.);
#17449 = DIRECTION('',(0.,0.,1.));
#17450 = ORIENTED_EDGE('',*,*,#16710,.F.);
#17451 = ORIENTED_EDGE('',*,*,#17445,.F.);
#17452 = CYLINDRICAL_SURFACE('',#17453,0.5);
#17453 = AXIS2_PLACEMENT_3D('',#17454,#17455,#17456);
#17454 = CARTESIAN_POINT('',(24.003,1.8682,-4.5E-02));
#17455 = DIRECTION('',(-0.,-0.,-1.));
#17456 = DIRECTION('',(-0.,-1.,0.));
#17457 = ADVANCED_FACE('',(#17458),#17469,.F.);
#17458 = FACE_BOUND('',#17459,.T.);
#17459 = EDGE_LOOP('',(#17460,#17461,#17467,#17468));
#17460 = ORIENTED_EDGE('',*,*,#16208,.T.);
#17461 = ORIENTED_EDGE('',*,*,#17462,.T.);
#17462 = EDGE_CURVE('',#16209,#16722,#17463,.T.);
#17463 = LINE('',#17464,#17465);
#17464 = CARTESIAN_POINT('',(21.675,3.75,-4.5E-02));
#17465 = VECTOR('',#17466,1.);
#17466 = DIRECTION('',(0.,0.,1.));
#17467 = ORIENTED_EDGE('',*,*,#16721,.F.);
#17468 = ORIENTED_EDGE('',*,*,#17462,.F.);
#17469 = CYLINDRICAL_SURFACE('',#17470,0.5);
#17470 = AXIS2_PLACEMENT_3D('',#17471,#17472,#17473);
#17471 = CARTESIAN_POINT('',(21.675,4.25,-4.5E-02));
#17472 = DIRECTION('',(-0.,-0.,-1.));
#17473 = DIRECTION('',(-0.,-1.,0.));
#17474 = ADVANCED_FACE('',(#17475),#17486,.F.);
#17475 = FACE_BOUND('',#17476,.T.);
#17476 = EDGE_LOOP('',(#17477,#17478,#17484,#17485));
#17477 = ORIENTED_EDGE('',*,*,#16219,.T.);
#17478 = ORIENTED_EDGE('',*,*,#17479,.T.);
#17479 = EDGE_CURVE('',#16220,#16733,#17480,.T.);
#17480 = LINE('',#17481,#17482);
#17481 = CARTESIAN_POINT('',(23.65,4.45,-4.5E-02));
#17482 = VECTOR('',#17483,1.);
#17483 = DIRECTION('',(0.,0.,1.));
#17484 = ORIENTED_EDGE('',*,*,#16732,.F.);
#17485 = ORIENTED_EDGE('',*,*,#17479,.F.);
#17486 = CYLINDRICAL_SURFACE('',#17487,0.5);
#17487 = AXIS2_PLACEMENT_3D('',#17488,#17489,#17490);
#17488 = CARTESIAN_POINT('',(23.65,4.95,-4.5E-02));
#17489 = DIRECTION('',(-0.,-0.,-1.));
#17490 = DIRECTION('',(-0.,-1.,0.));
#17491 = ADVANCED_FACE('',(#17492),#17503,.F.);
#17492 = FACE_BOUND('',#17493,.T.);
#17493 = EDGE_LOOP('',(#17494,#17495,#17501,#17502));
#17494 = ORIENTED_EDGE('',*,*,#16230,.T.);
#17495 = ORIENTED_EDGE('',*,*,#17496,.T.);
#17496 = EDGE_CURVE('',#16231,#16744,#17497,.T.);
#17497 = LINE('',#17498,#17499);
#17498 = CARTESIAN_POINT('',(21.675,5.75,-4.5E-02));
#17499 = VECTOR('',#17500,1.);
#17500 = DIRECTION('',(0.,0.,1.));
#17501 = ORIENTED_EDGE('',*,*,#16743,.F.);
#17502 = ORIENTED_EDGE('',*,*,#17496,.F.);
#17503 = CYLINDRICAL_SURFACE('',#17504,0.5);
#17504 = AXIS2_PLACEMENT_3D('',#17505,#17506,#17507);
#17505 = CARTESIAN_POINT('',(21.675,6.25,-4.5E-02));
#17506 = DIRECTION('',(-0.,-0.,-1.));
#17507 = DIRECTION('',(-0.,-1.,0.));
#17508 = ADVANCED_FACE('',(#17509),#17520,.F.);
#17509 = FACE_BOUND('',#17510,.T.);
#17510 = EDGE_LOOP('',(#17511,#17512,#17518,#17519));
#17511 = ORIENTED_EDGE('',*,*,#16241,.T.);
#17512 = ORIENTED_EDGE('',*,*,#17513,.T.);
#17513 = EDGE_CURVE('',#16242,#16755,#17514,.T.);
#17514 = LINE('',#17515,#17516);
#17515 = CARTESIAN_POINT('',(28.75,4.45,-4.5E-02));
#17516 = VECTOR('',#17517,1.);
#17517 = DIRECTION('',(0.,0.,1.));
#17518 = ORIENTED_EDGE('',*,*,#16754,.F.);
#17519 = ORIENTED_EDGE('',*,*,#17513,.F.);
#17520 = CYLINDRICAL_SURFACE('',#17521,0.5);
#17521 = AXIS2_PLACEMENT_3D('',#17522,#17523,#17524);
#17522 = CARTESIAN_POINT('',(28.75,4.95,-4.5E-02));
#17523 = DIRECTION('',(-0.,-0.,-1.));
#17524 = DIRECTION('',(-0.,-1.,0.));
#17525 = ADVANCED_FACE('',(#17526),#17542,.F.);
#17526 = FACE_BOUND('',#17527,.T.);
#17527 = EDGE_LOOP('',(#17528,#17534,#17535,#17541));
#17528 = ORIENTED_EDGE('',*,*,#17529,.T.);
#17529 = EDGE_CURVE('',#16253,#16766,#17530,.T.);
#17530 = LINE('',#17531,#17532);
#17531 = CARTESIAN_POINT('',(7.6409,13.997118,0.));
#17532 = VECTOR('',#17533,1.);
#17533 = DIRECTION('',(0.,0.,1.));
#17534 = ORIENTED_EDGE('',*,*,#16765,.T.);
#17535 = ORIENTED_EDGE('',*,*,#17536,.F.);
#17536 = EDGE_CURVE('',#16255,#16768,#17537,.T.);
#17537 = LINE('',#17538,#17539);
#17538 = CARTESIAN_POINT('',(7.4,13.7,0.));
#17539 = VECTOR('',#17540,1.);
#17540 = DIRECTION('',(0.,0.,1.));
#17541 = ORIENTED_EDGE('',*,*,#16252,.F.);
#17542 = CYLINDRICAL_SURFACE('',#17543,0.29657812768);
#17543 = AXIS2_PLACEMENT_3D('',#17544,#17545,#17546);
#17544 = CARTESIAN_POINT('',(7.696521364127,13.705802278367,0.));
#17545 = DIRECTION('',(-0.,-0.,-1.));
#17546 = DIRECTION('',(-0.187543715926,0.982256257102,0.));
#17547 = ADVANCED_FACE('',(#17548),#17559,.T.);
#17548 = FACE_BOUND('',#17549,.T.);
#17549 = EDGE_LOOP('',(#17550,#17556,#17557,#17558));
#17550 = ORIENTED_EDGE('',*,*,#17551,.T.);
#17551 = EDGE_CURVE('',#16264,#16777,#17552,.T.);
#17552 = LINE('',#17553,#17554);
#17553 = CARTESIAN_POINT('',(7.7,14.,0.));
#17554 = VECTOR('',#17555,1.);
#17555 = DIRECTION('',(0.,0.,1.));
#17556 = ORIENTED_EDGE('',*,*,#16776,.T.);
#17557 = ORIENTED_EDGE('',*,*,#17529,.F.);
#17558 = ORIENTED_EDGE('',*,*,#16263,.F.);
#17559 = PLANE('',#17560);
#17560 = AXIS2_PLACEMENT_3D('',#17561,#17562,#17563);
#17561 = CARTESIAN_POINT('',(7.7,14.,0.));
#17562 = DIRECTION('',(4.870692711438E-02,-0.998813113275,0.));
#17563 = DIRECTION('',(-0.998813113275,-4.870692711438E-02,0.));
#17564 = ADVANCED_FACE('',(#17565),#17576,.T.);
#17565 = FACE_BOUND('',#17566,.T.);
#17566 = EDGE_LOOP('',(#17567,#17568,#17569,#17575));
#17567 = ORIENTED_EDGE('',*,*,#17536,.T.);
#17568 = ORIENTED_EDGE('',*,*,#16859,.T.);
#17569 = ORIENTED_EDGE('',*,*,#17570,.F.);
#17570 = EDGE_CURVE('',#16339,#16852,#17571,.T.);
#17571 = LINE('',#17572,#17573);
#17572 = CARTESIAN_POINT('',(7.4,12.3,0.));
#17573 = VECTOR('',#17574,1.);
#17574 = DIRECTION('',(0.,0.,1.));
#17575 = ORIENTED_EDGE('',*,*,#16346,.F.);
#17576 = PLANE('',#17577);
#17577 = AXIS2_PLACEMENT_3D('',#17578,#17579,#17580);
#17578 = CARTESIAN_POINT('',(7.4,13.7,0.));
#17579 = DIRECTION('',(1.,0.,-0.));
#17580 = DIRECTION('',(0.,-1.,0.));
#17581 = ADVANCED_FACE('',(#17582),#17593,.T.);
#17582 = FACE_BOUND('',#17583,.T.);
#17583 = EDGE_LOOP('',(#17584,#17590,#17591,#17592));
#17584 = ORIENTED_EDGE('',*,*,#17585,.T.);
#17585 = EDGE_CURVE('',#16272,#16785,#17586,.T.);
#17586 = LINE('',#17587,#17588);
#17587 = CARTESIAN_POINT('',(9.3,14.,0.));
#17588 = VECTOR('',#17589,1.);
#17589 = DIRECTION('',(0.,0.,1.));
#17590 = ORIENTED_EDGE('',*,*,#16784,.T.);
#17591 = ORIENTED_EDGE('',*,*,#17551,.F.);
#17592 = ORIENTED_EDGE('',*,*,#16271,.F.);
#17593 = PLANE('',#17594);
#17594 = AXIS2_PLACEMENT_3D('',#17595,#17596,#17597);
#17595 = CARTESIAN_POINT('',(9.3,14.,0.));
#17596 = DIRECTION('',(0.,-1.,0.));
#17597 = DIRECTION('',(-1.,0.,0.));
#17598 = ADVANCED_FACE('',(#17599),#17610,.T.);
#17599 = FACE_BOUND('',#17600,.T.);
#17600 = EDGE_LOOP('',(#17601,#17602,#17603,#17609));
#17601 = ORIENTED_EDGE('',*,*,#17570,.T.);
#17602 = ORIENTED_EDGE('',*,*,#16851,.T.);
#17603 = ORIENTED_EDGE('',*,*,#17604,.F.);
#17604 = EDGE_CURVE('',#16330,#16843,#17605,.T.);
#17605 = LINE('',#17606,#17607);
#17606 = CARTESIAN_POINT('',(7.402882,12.2409,0.));
#17607 = VECTOR('',#17608,1.);
#17608 = DIRECTION('',(0.,0.,1.));
#17609 = ORIENTED_EDGE('',*,*,#16338,.F.);
#17610 = PLANE('',#17611);
#17611 = AXIS2_PLACEMENT_3D('',#17612,#17613,#17614);
#17612 = CARTESIAN_POINT('',(7.4,12.3,0.));
#17613 = DIRECTION('',(0.998813113275,4.870692711437E-02,-0.));
#17614 = DIRECTION('',(4.870692711437E-02,-0.998813113275,0.));
#17615 = ADVANCED_FACE('',(#17616),#17627,.F.);
#17616 = FACE_BOUND('',#17617,.T.);
#17617 = EDGE_LOOP('',(#17618,#17624,#17625,#17626));
#17618 = ORIENTED_EDGE('',*,*,#17619,.T.);
#17619 = EDGE_CURVE('',#16280,#16793,#17620,.T.);
#17620 = LINE('',#17621,#17622);
#17621 = CARTESIAN_POINT('',(9.597118,13.7591,0.));
#17622 = VECTOR('',#17623,1.);
#17623 = DIRECTION('',(0.,0.,1.));
#17624 = ORIENTED_EDGE('',*,*,#16792,.T.);
#17625 = ORIENTED_EDGE('',*,*,#17585,.F.);
#17626 = ORIENTED_EDGE('',*,*,#16279,.F.);
#17627 = CYLINDRICAL_SURFACE('',#17628,0.29657812768);
#17628 = AXIS2_PLACEMENT_3D('',#17629,#17630,#17631);
#17629 = CARTESIAN_POINT('',(9.305802278367,13.703478635873,0.));
#17630 = DIRECTION('',(-0.,-0.,-1.));
#17631 = DIRECTION('',(0.982256257102,0.187543715926,-0.));
#17632 = ADVANCED_FACE('',(#17633),#17644,.F.);
#17633 = FACE_BOUND('',#17634,.T.);
#17634 = EDGE_LOOP('',(#17635,#17636,#17637,#17643));
#17635 = ORIENTED_EDGE('',*,*,#17604,.T.);
#17636 = ORIENTED_EDGE('',*,*,#16842,.T.);
#17637 = ORIENTED_EDGE('',*,*,#17638,.F.);
#17638 = EDGE_CURVE('',#16322,#16835,#17639,.T.);
#17639 = LINE('',#17640,#17641);
#17640 = CARTESIAN_POINT('',(7.7,12.,0.));
#17641 = VECTOR('',#17642,1.);
#17642 = DIRECTION('',(0.,0.,1.));
#17643 = ORIENTED_EDGE('',*,*,#16329,.F.);
#17644 = CYLINDRICAL_SURFACE('',#17645,0.29657812768);
#17645 = AXIS2_PLACEMENT_3D('',#17646,#17647,#17648);
#17646 = CARTESIAN_POINT('',(7.694197721633,12.296521364127,0.));
#17647 = DIRECTION('',(-0.,-0.,-1.));
#17648 = DIRECTION('',(-0.982256257102,-0.187543715926,0.));
#17649 = ADVANCED_FACE('',(#17650),#17661,.T.);
#17650 = FACE_BOUND('',#17651,.T.);
#17651 = EDGE_LOOP('',(#17652,#17658,#17659,#17660));
#17652 = ORIENTED_EDGE('',*,*,#17653,.T.);
#17653 = EDGE_CURVE('',#16289,#16802,#17654,.T.);
#17654 = LINE('',#17655,#17656);
#17655 = CARTESIAN_POINT('',(9.6,13.7,0.));
#17656 = VECTOR('',#17657,1.);
#17657 = DIRECTION('',(0.,0.,1.));
#17658 = ORIENTED_EDGE('',*,*,#16801,.T.);
#17659 = ORIENTED_EDGE('',*,*,#17619,.F.);
#17660 = ORIENTED_EDGE('',*,*,#16288,.F.);
#17661 = PLANE('',#17662);
#17662 = AXIS2_PLACEMENT_3D('',#17663,#17664,#17665);
#17663 = CARTESIAN_POINT('',(9.6,13.7,0.));
#17664 = DIRECTION('',(-0.998813113275,-4.870692711437E-02,0.));
#17665 = DIRECTION('',(-4.870692711437E-02,0.998813113275,0.));
#17666 = ADVANCED_FACE('',(#17667),#17678,.T.);
#17667 = FACE_BOUND('',#17668,.T.);
#17668 = EDGE_LOOP('',(#17669,#17670,#17671,#17677));
#17669 = ORIENTED_EDGE('',*,*,#17638,.T.);
#17670 = ORIENTED_EDGE('',*,*,#16834,.T.);
#17671 = ORIENTED_EDGE('',*,*,#17672,.F.);
#17672 = EDGE_CURVE('',#16314,#16827,#17673,.T.);
#17673 = LINE('',#17674,#17675);
#17674 = CARTESIAN_POINT('',(9.3,12.,0.));
#17675 = VECTOR('',#17676,1.);
#17676 = DIRECTION('',(0.,0.,1.));
#17677 = ORIENTED_EDGE('',*,*,#16321,.F.);
#17678 = PLANE('',#17679);
#17679 = AXIS2_PLACEMENT_3D('',#17680,#17681,#17682);
#17680 = CARTESIAN_POINT('',(7.7,12.,0.));
#17681 = DIRECTION('',(0.,1.,0.));
#17682 = DIRECTION('',(1.,0.,0.));
#17683 = ADVANCED_FACE('',(#17684),#17695,.T.);
#17684 = FACE_BOUND('',#17685,.T.);
#17685 = EDGE_LOOP('',(#17686,#17692,#17693,#17694));
#17686 = ORIENTED_EDGE('',*,*,#17687,.T.);
#17687 = EDGE_CURVE('',#16297,#16810,#17688,.T.);
#17688 = LINE('',#17689,#17690);
#17689 = CARTESIAN_POINT('',(9.6,12.3,0.));
#17690 = VECTOR('',#17691,1.);
#17691 = DIRECTION('',(0.,0.,1.));
#17692 = ORIENTED_EDGE('',*,*,#16809,.T.);
#17693 = ORIENTED_EDGE('',*,*,#17653,.F.);
#17694 = ORIENTED_EDGE('',*,*,#16296,.F.);
#17695 = PLANE('',#17696);
#17696 = AXIS2_PLACEMENT_3D('',#17697,#17698,#17699);
#17697 = CARTESIAN_POINT('',(9.6,12.3,0.));
#17698 = DIRECTION('',(-1.,0.,0.));
#17699 = DIRECTION('',(0.,1.,0.));
#17700 = ADVANCED_FACE('',(#17701),#17712,.T.);
#17701 = FACE_BOUND('',#17702,.T.);
#17702 = EDGE_LOOP('',(#17703,#17704,#17705,#17711));
#17703 = ORIENTED_EDGE('',*,*,#17672,.T.);
#17704 = ORIENTED_EDGE('',*,*,#16826,.T.);
#17705 = ORIENTED_EDGE('',*,*,#17706,.F.);
#17706 = EDGE_CURVE('',#16305,#16818,#17707,.T.);
#17707 = LINE('',#17708,#17709);
#17708 = CARTESIAN_POINT('',(9.3591,12.002882,0.));
#17709 = VECTOR('',#17710,1.);
#17710 = DIRECTION('',(0.,0.,1.));
#17711 = ORIENTED_EDGE('',*,*,#16313,.F.);
#17712 = PLANE('',#17713);
#17713 = AXIS2_PLACEMENT_3D('',#17714,#17715,#17716);
#17714 = CARTESIAN_POINT('',(9.3,12.,0.));
#17715 = DIRECTION('',(-4.870692711438E-02,0.998813113275,0.));
#17716 = DIRECTION('',(0.998813113275,4.870692711438E-02,0.));
#17717 = ADVANCED_FACE('',(#17718),#17724,.F.);
#17718 = FACE_BOUND('',#17719,.T.);
#17719 = EDGE_LOOP('',(#17720,#17721,#17722,#17723));
#17720 = ORIENTED_EDGE('',*,*,#17706,.T.);
#17721 = ORIENTED_EDGE('',*,*,#16817,.T.);
#17722 = ORIENTED_EDGE('',*,*,#17687,.F.);
#17723 = ORIENTED_EDGE('',*,*,#16304,.F.);
#17724 = CYLINDRICAL_SURFACE('',#17725,0.29657812768);
#17725 = AXIS2_PLACEMENT_3D('',#17726,#17727,#17728);
#17726 = CARTESIAN_POINT('',(9.303478635873,12.294197721633,0.));
#17727 = DIRECTION('',(-0.,-0.,-1.));
#17728 = DIRECTION('',(0.187543715926,-0.982256257102,0.));
#17729 = ADVANCED_FACE('',(#17730),#17741,.F.);
#17730 = FACE_BOUND('',#17731,.T.);
#17731 = EDGE_LOOP('',(#17732,#17733,#17739,#17740));
#17732 = ORIENTED_EDGE('',*,*,#16354,.T.);
#17733 = ORIENTED_EDGE('',*,*,#17734,.T.);
#17734 = EDGE_CURVE('',#16355,#16868,#17735,.T.);
#17735 = LINE('',#17736,#17737);
#17736 = CARTESIAN_POINT('',(21.675,8.25,-4.5E-02));
#17737 = VECTOR('',#17738,1.);
#17738 = DIRECTION('',(0.,0.,1.));
#17739 = ORIENTED_EDGE('',*,*,#16867,.F.);
#17740 = ORIENTED_EDGE('',*,*,#17734,.F.);
#17741 = CYLINDRICAL_SURFACE('',#17742,0.5);
#17742 = AXIS2_PLACEMENT_3D('',#17743,#17744,#17745);
#17743 = CARTESIAN_POINT('',(21.675,8.75,-4.5E-02));
#17744 = DIRECTION('',(-0.,-0.,-1.));
#17745 = DIRECTION('',(-0.,-1.,0.));
#17746 = ADVANCED_FACE('',(#17747),#17758,.F.);
#17747 = FACE_BOUND('',#17748,.T.);
#17748 = EDGE_LOOP('',(#17749,#17750,#17756,#17757));
#17749 = ORIENTED_EDGE('',*,*,#16365,.T.);
#17750 = ORIENTED_EDGE('',*,*,#17751,.T.);
#17751 = EDGE_CURVE('',#16366,#16879,#17752,.T.);
#17752 = LINE('',#17753,#17754);
#17753 = CARTESIAN_POINT('',(21.675,10.25,-4.5E-02));
#17754 = VECTOR('',#17755,1.);
#17755 = DIRECTION('',(0.,0.,1.));
#17756 = ORIENTED_EDGE('',*,*,#16878,.F.);
#17757 = ORIENTED_EDGE('',*,*,#17751,.F.);
#17758 = CYLINDRICAL_SURFACE('',#17759,0.5);
#17759 = AXIS2_PLACEMENT_3D('',#17760,#17761,#17762);
#17760 = CARTESIAN_POINT('',(21.675,10.75,-4.5E-02));
#17761 = DIRECTION('',(-0.,-0.,-1.));
#17762 = DIRECTION('',(-0.,-1.,0.));
#17763 = ADVANCED_FACE('',(#17764),#17775,.F.);
#17764 = FACE_BOUND('',#17765,.T.);
#17765 = EDGE_LOOP('',(#17766,#17767,#17773,#17774));
#17766 = ORIENTED_EDGE('',*,*,#16376,.T.);
#17767 = ORIENTED_EDGE('',*,*,#17768,.T.);
#17768 = EDGE_CURVE('',#16377,#16890,#17769,.T.);
#17769 = LINE('',#17770,#17771);
#17770 = CARTESIAN_POINT('',(23.65,9.55,-4.5E-02));
#17771 = VECTOR('',#17772,1.);
#17772 = DIRECTION('',(0.,0.,1.));
#17773 = ORIENTED_EDGE('',*,*,#16889,.F.);
#17774 = ORIENTED_EDGE('',*,*,#17768,.F.);
#17775 = CYLINDRICAL_SURFACE('',#17776,0.5);
#17776 = AXIS2_PLACEMENT_3D('',#17777,#17778,#17779);
#17777 = CARTESIAN_POINT('',(23.65,10.05,-4.5E-02));
#17778 = DIRECTION('',(-0.,-0.,-1.));
#17779 = DIRECTION('',(-0.,-1.,0.));
#17780 = ADVANCED_FACE('',(#17781),#17792,.F.);
#17781 = FACE_BOUND('',#17782,.T.);
#17782 = EDGE_LOOP('',(#17783,#17784,#17790,#17791));
#17783 = ORIENTED_EDGE('',*,*,#16387,.T.);
#17784 = ORIENTED_EDGE('',*,*,#17785,.T.);
#17785 = EDGE_CURVE('',#16388,#16901,#17786,.T.);
#17786 = LINE('',#17787,#17788);
#17787 = CARTESIAN_POINT('',(28.75,9.55,-4.5E-02));
#17788 = VECTOR('',#17789,1.);
#17789 = DIRECTION('',(0.,0.,1.));
#17790 = ORIENTED_EDGE('',*,*,#16900,.F.);
#17791 = ORIENTED_EDGE('',*,*,#17785,.F.);
#17792 = CYLINDRICAL_SURFACE('',#17793,0.5);
#17793 = AXIS2_PLACEMENT_3D('',#17794,#17795,#17796);
#17794 = CARTESIAN_POINT('',(28.75,10.05,-4.5E-02));
#17795 = DIRECTION('',(-0.,-0.,-1.));
#17796 = DIRECTION('',(-0.,-1.,0.));
#17797 = ADVANCED_FACE('',(#17798),#17809,.F.);
#17798 = FACE_BOUND('',#17799,.T.);
#17799 = EDGE_LOOP('',(#17800,#17801,#17807,#17808));
#17800 = ORIENTED_EDGE('',*,*,#16398,.T.);
#17801 = ORIENTED_EDGE('',*,*,#17802,.T.);
#17802 = EDGE_CURVE('',#16399,#16912,#17803,.T.);
#17803 = LINE('',#17804,#17805);
#17804 = CARTESIAN_POINT('',(22.825,11.5282,-4.5E-02));
#17805 = VECTOR('',#17806,1.);
#17806 = DIRECTION('',(0.,0.,1.));
#17807 = ORIENTED_EDGE('',*,*,#16911,.F.);
#17808 = ORIENTED_EDGE('',*,*,#17802,.F.);
#17809 = CYLINDRICAL_SURFACE('',#17810,0.5);
#17810 = AXIS2_PLACEMENT_3D('',#17811,#17812,#17813);
#17811 = CARTESIAN_POINT('',(22.825,12.0282,-4.5E-02));
#17812 = DIRECTION('',(-0.,-0.,-1.));
#17813 = DIRECTION('',(-0.,-1.,0.));
#17814 = ADVANCED_FACE('',(#17815),#17826,.F.);
#17815 = FACE_BOUND('',#17816,.T.);
#17816 = EDGE_LOOP('',(#17817,#17818,#17824,#17825));
#17817 = ORIENTED_EDGE('',*,*,#16409,.T.);
#17818 = ORIENTED_EDGE('',*,*,#17819,.T.);
#17819 = EDGE_CURVE('',#16410,#16923,#17820,.T.);
#17820 = LINE('',#17821,#17822);
#17821 = CARTESIAN_POINT('',(24.003,12.6318,-4.5E-02));
#17822 = VECTOR('',#17823,1.);
#17823 = DIRECTION('',(0.,0.,1.));
#17824 = ORIENTED_EDGE('',*,*,#16922,.F.);
#17825 = ORIENTED_EDGE('',*,*,#17819,.F.);
#17826 = CYLINDRICAL_SURFACE('',#17827,0.5);
#17827 = AXIS2_PLACEMENT_3D('',#17828,#17829,#17830);
#17828 = CARTESIAN_POINT('',(24.003,13.1318,-4.5E-02));
#17829 = DIRECTION('',(-0.,-0.,-1.));
#17830 = DIRECTION('',(-0.,-1.,0.));
#17831 = ( GEOMETRIC_REPRESENTATION_CONTEXT(3) 
GLOBAL_UNCERTAINTY_ASSIGNED_CONTEXT((#17835)) 
GLOBAL_UNIT_ASSIGNED_CONTEXT((#17832,#17833,#17834)) 
REPRESENTATION_CONTEXT('Context #1',
  '3D Context with UNIT and UNCERTAINTY') );
#17832 = ( LENGTH_UNIT() NAMED_UNIT(*) SI_UNIT(.MILLI.,.METRE.) );
#17833 = ( NAMED_UNIT(*) PLANE_ANGLE_UNIT() SI_UNIT($,.RADIAN.) );
#17834 = ( NAMED_UNIT(*) SI_UNIT($,.STERADIAN.) SOLID_ANGLE_UNIT() );
#17835 = UNCERTAINTY_MEASURE_WITH_UNIT(LENGTH_MEASURE(1.E-07),#17832,
  'distance_accuracy_value','confusion accuracy');
#17836 = CONTEXT_DEPENDENT_SHAPE_REPRESENTATION(#17837,#17839);
#17837 = ( REPRESENTATION_RELATIONSHIP('','',#15883,#10) 
REPRESENTATION_RELATIONSHIP_WITH_TRANSFORMATION(#17838) 
SHAPE_REPRESENTATION_RELATIONSHIP() );
#17838 = ITEM_DEFINED_TRANSFORMATION('','',#11,#75);
#17839 = PRODUCT_DEFINITION_SHAPE('Placement','Placement of an item',
  #17840);
#17840 = NEXT_ASSEMBLY_USAGE_OCCURRENCE('23','=>[0:1:1:16]','',#5,#15878
  ,$);
#17841 = PRODUCT_RELATED_PRODUCT_CATEGORY('part',$,(#15880));
#17842 = MECHANICAL_DESIGN_GEOMETRIC_PRESENTATION_REPRESENTATION('',(
    #17843,#17851,#17858,#17865,#17872,#17879,#17886,#17893,#17900,
    #17907,#17914,#17921,#17928,#17935,#17942,#17949,#17957,#17964,
    #17971,#17978,#17985,#17992,#17999,#18006,#18013,#18020,#18027,
    #18034,#18041,#18048,#18055,#18062,#18069,#18076,#18083,#18090,
    #18097,#18104,#18111,#18118,#18125,#18132,#18139,#18146,#18153,
    #18160,#18167,#18174,#18181,#18188,#18195,#18202,#18209,#18216,
    #18223,#18230,#18237,#18244,#18251,#18258,#18265,#18272,#18279,
    #18286,#18293,#18300,#18307,#18314,#18321,#18328,#18335,#18342,
    #18349,#18356,#18363,#18370),#11815);
#17843 = STYLED_ITEM('color',(#17844),#9743);
#17844 = PRESENTATION_STYLE_ASSIGNMENT((#17845));
#17845 = SURFACE_STYLE_USAGE(.BOTH.,#17846);
#17846 = SURFACE_SIDE_STYLE('',(#17847));
#17847 = SURFACE_STYLE_FILL_AREA(#17848);
#17848 = FILL_AREA_STYLE('',(#17849));
#17849 = FILL_AREA_STYLE_COLOUR('',#17850);
#17850 = COLOUR_RGB('',0.145098047169,0.14117647753,0.14117647753);
#17851 = STYLED_ITEM('color',(#17852),#9781);
#17852 = PRESENTATION_STYLE_ASSIGNMENT((#17853));
#17853 = SURFACE_STYLE_USAGE(.BOTH.,#17854);
#17854 = SURFACE_SIDE_STYLE('',(#17855));
#17855 = SURFACE_STYLE_FILL_AREA(#17856);
#17856 = FILL_AREA_STYLE('',(#17857));
#17857 = FILL_AREA_STYLE_COLOUR('',#17850);
#17858 = STYLED_ITEM('color',(#17859),#9844);
#17859 = PRESENTATION_STYLE_ASSIGNMENT((#17860));
#17860 = SURFACE_STYLE_USAGE(.BOTH.,#17861);
#17861 = SURFACE_SIDE_STYLE('',(#17862));
#17862 = SURFACE_STYLE_FILL_AREA(#17863);
#17863 = FILL_AREA_STYLE('',(#17864));
#17864 = FILL_AREA_STYLE_COLOUR('',#17850);
#17865 = STYLED_ITEM('color',(#17866),#9867);
#17866 = PRESENTATION_STYLE_ASSIGNMENT((#17867));
#17867 = SURFACE_STYLE_USAGE(.BOTH.,#17868);
#17868 = SURFACE_SIDE_STYLE('',(#17869));
#17869 = SURFACE_STYLE_FILL_AREA(#17870);
#17870 = FILL_AREA_STYLE('',(#17871));
#17871 = FILL_AREA_STYLE_COLOUR('',#17850);
#17872 = STYLED_ITEM('color',(#17873),#9896);
#17873 = PRESENTATION_STYLE_ASSIGNMENT((#17874));
#17874 = SURFACE_STYLE_USAGE(.BOTH.,#17875);
#17875 = SURFACE_SIDE_STYLE('',(#17876));
#17876 = SURFACE_STYLE_FILL_AREA(#17877);
#17877 = FILL_AREA_STYLE('',(#17878));
#17878 = FILL_AREA_STYLE_COLOUR('',#17850);
#17879 = STYLED_ITEM('color',(#17880),#9919);
#17880 = PRESENTATION_STYLE_ASSIGNMENT((#17881));
#17881 = SURFACE_STYLE_USAGE(.BOTH.,#17882);
#17882 = SURFACE_SIDE_STYLE('',(#17883));
#17883 = SURFACE_STYLE_FILL_AREA(#17884);
#17884 = FILL_AREA_STYLE('',(#17885));
#17885 = FILL_AREA_STYLE_COLOUR('',#17850);
#17886 = STYLED_ITEM('color',(#17887),#9958);
#17887 = PRESENTATION_STYLE_ASSIGNMENT((#17888));
#17888 = SURFACE_STYLE_USAGE(.BOTH.,#17889);
#17889 = SURFACE_SIDE_STYLE('',(#17890));
#17890 = SURFACE_STYLE_FILL_AREA(#17891);
#17891 = FILL_AREA_STYLE('',(#17892));
#17892 = FILL_AREA_STYLE_COLOUR('',#17850);
#17893 = STYLED_ITEM('color',(#17894),#9981);
#17894 = PRESENTATION_STYLE_ASSIGNMENT((#17895));
#17895 = SURFACE_STYLE_USAGE(.BOTH.,#17896);
#17896 = SURFACE_SIDE_STYLE('',(#17897));
#17897 = SURFACE_STYLE_FILL_AREA(#17898);
#17898 = FILL_AREA_STYLE('',(#17899));
#17899 = FILL_AREA_STYLE_COLOUR('',#17850);
#17900 = STYLED_ITEM('color',(#17901),#10004);
#17901 = PRESENTATION_STYLE_ASSIGNMENT((#17902));
#17902 = SURFACE_STYLE_USAGE(.BOTH.,#17903);
#17903 = SURFACE_SIDE_STYLE('',(#17904));
#17904 = SURFACE_STYLE_FILL_AREA(#17905);
#17905 = FILL_AREA_STYLE('',(#17906));
#17906 = FILL_AREA_STYLE_COLOUR('',#17850);
#17907 = STYLED_ITEM('color',(#17908),#10027);
#17908 = PRESENTATION_STYLE_ASSIGNMENT((#17909));
#17909 = SURFACE_STYLE_USAGE(.BOTH.,#17910);
#17910 = SURFACE_SIDE_STYLE('',(#17911));
#17911 = SURFACE_STYLE_FILL_AREA(#17912);
#17912 = FILL_AREA_STYLE('',(#17913));
#17913 = FILL_AREA_STYLE_COLOUR('',#17850);
#17914 = STYLED_ITEM('color',(#17915),#10076);
#17915 = PRESENTATION_STYLE_ASSIGNMENT((#17916));
#17916 = SURFACE_STYLE_USAGE(.BOTH.,#17917);
#17917 = SURFACE_SIDE_STYLE('',(#17918));
#17918 = SURFACE_STYLE_FILL_AREA(#17919);
#17919 = FILL_AREA_STYLE('',(#17920));
#17920 = FILL_AREA_STYLE_COLOUR('',#17850);
#17921 = STYLED_ITEM('color',(#17922),#10099);
#17922 = PRESENTATION_STYLE_ASSIGNMENT((#17923));
#17923 = SURFACE_STYLE_USAGE(.BOTH.,#17924);
#17924 = SURFACE_SIDE_STYLE('',(#17925));
#17925 = SURFACE_STYLE_FILL_AREA(#17926);
#17926 = FILL_AREA_STYLE('',(#17927));
#17927 = FILL_AREA_STYLE_COLOUR('',#17850);
#17928 = STYLED_ITEM('color',(#17929),#10128);
#17929 = PRESENTATION_STYLE_ASSIGNMENT((#17930));
#17930 = SURFACE_STYLE_USAGE(.BOTH.,#17931);
#17931 = SURFACE_SIDE_STYLE('',(#17932));
#17932 = SURFACE_STYLE_FILL_AREA(#17933);
#17933 = FILL_AREA_STYLE('',(#17934));
#17934 = FILL_AREA_STYLE_COLOUR('',#17850);
#17935 = STYLED_ITEM('color',(#17936),#10151);
#17936 = PRESENTATION_STYLE_ASSIGNMENT((#17937));
#17937 = SURFACE_STYLE_USAGE(.BOTH.,#17938);
#17938 = SURFACE_SIDE_STYLE('',(#17939));
#17939 = SURFACE_STYLE_FILL_AREA(#17940);
#17940 = FILL_AREA_STYLE('',(#17941));
#17941 = FILL_AREA_STYLE_COLOUR('',#17850);
#17942 = STYLED_ITEM('color',(#17943),#10175);
#17943 = PRESENTATION_STYLE_ASSIGNMENT((#17944));
#17944 = SURFACE_STYLE_USAGE(.BOTH.,#17945);
#17945 = SURFACE_SIDE_STYLE('',(#17946));
#17946 = SURFACE_STYLE_FILL_AREA(#17947);
#17947 = FILL_AREA_STYLE('',(#17948));
#17948 = FILL_AREA_STYLE_COLOUR('',#17850);
#17949 = STYLED_ITEM('color',(#17950),#10205);
#17950 = PRESENTATION_STYLE_ASSIGNMENT((#17951));
#17951 = SURFACE_STYLE_USAGE(.BOTH.,#17952);
#17952 = SURFACE_SIDE_STYLE('',(#17953));
#17953 = SURFACE_STYLE_FILL_AREA(#17954);
#17954 = FILL_AREA_STYLE('',(#17955));
#17955 = FILL_AREA_STYLE_COLOUR('',#17956);
#17956 = COLOUR_RGB('',0.823529417451,0.819607860991,0.780392170416);
#17957 = STYLED_ITEM('color',(#17958),#10238);
#17958 = PRESENTATION_STYLE_ASSIGNMENT((#17959));
#17959 = SURFACE_STYLE_USAGE(.BOTH.,#17960);
#17960 = SURFACE_SIDE_STYLE('',(#17961));
#17961 = SURFACE_STYLE_FILL_AREA(#17962);
#17962 = FILL_AREA_STYLE('',(#17963));
#17963 = FILL_AREA_STYLE_COLOUR('',#17850);
#17964 = STYLED_ITEM('color',(#17965),#10261);
#17965 = PRESENTATION_STYLE_ASSIGNMENT((#17966));
#17966 = SURFACE_STYLE_USAGE(.BOTH.,#17967);
#17967 = SURFACE_SIDE_STYLE('',(#17968));
#17968 = SURFACE_STYLE_FILL_AREA(#17969);
#17969 = FILL_AREA_STYLE('',(#17970));
#17970 = FILL_AREA_STYLE_COLOUR('',#17850);
#17971 = STYLED_ITEM('color',(#17972),#10284);
#17972 = PRESENTATION_STYLE_ASSIGNMENT((#17973));
#17973 = SURFACE_STYLE_USAGE(.BOTH.,#17974);
#17974 = SURFACE_SIDE_STYLE('',(#17975));
#17975 = SURFACE_STYLE_FILL_AREA(#17976);
#17976 = FILL_AREA_STYLE('',(#17977));
#17977 = FILL_AREA_STYLE_COLOUR('',#17850);
#17978 = STYLED_ITEM('color',(#17979),#10307);
#17979 = PRESENTATION_STYLE_ASSIGNMENT((#17980));
#17980 = SURFACE_STYLE_USAGE(.BOTH.,#17981);
#17981 = SURFACE_SIDE_STYLE('',(#17982));
#17982 = SURFACE_STYLE_FILL_AREA(#17983);
#17983 = FILL_AREA_STYLE('',(#17984));
#17984 = FILL_AREA_STYLE_COLOUR('',#17850);
#17985 = STYLED_ITEM('color',(#17986),#10331);
#17986 = PRESENTATION_STYLE_ASSIGNMENT((#17987));
#17987 = SURFACE_STYLE_USAGE(.BOTH.,#17988);
#17988 = SURFACE_SIDE_STYLE('',(#17989));
#17989 = SURFACE_STYLE_FILL_AREA(#17990);
#17990 = FILL_AREA_STYLE('',(#17991));
#17991 = FILL_AREA_STYLE_COLOUR('',#17850);
#17992 = STYLED_ITEM('color',(#17993),#10355);
#17993 = PRESENTATION_STYLE_ASSIGNMENT((#17994));
#17994 = SURFACE_STYLE_USAGE(.BOTH.,#17995);
#17995 = SURFACE_SIDE_STYLE('',(#17996));
#17996 = SURFACE_STYLE_FILL_AREA(#17997);
#17997 = FILL_AREA_STYLE('',(#17998));
#17998 = FILL_AREA_STYLE_COLOUR('',#17956);
#17999 = STYLED_ITEM('color',(#18000),#10388);
#18000 = PRESENTATION_STYLE_ASSIGNMENT((#18001));
#18001 = SURFACE_STYLE_USAGE(.BOTH.,#18002);
#18002 = SURFACE_SIDE_STYLE('',(#18003));
#18003 = SURFACE_STYLE_FILL_AREA(#18004);
#18004 = FILL_AREA_STYLE('',(#18005));
#18005 = FILL_AREA_STYLE_COLOUR('',#17956);
#18006 = STYLED_ITEM('color',(#18007),#10421);
#18007 = PRESENTATION_STYLE_ASSIGNMENT((#18008));
#18008 = SURFACE_STYLE_USAGE(.BOTH.,#18009);
#18009 = SURFACE_SIDE_STYLE('',(#18010));
#18010 = SURFACE_STYLE_FILL_AREA(#18011);
#18011 = FILL_AREA_STYLE('',(#18012));
#18012 = FILL_AREA_STYLE_COLOUR('',#17850);
#18013 = STYLED_ITEM('color',(#18014),#10452);
#18014 = PRESENTATION_STYLE_ASSIGNMENT((#18015));
#18015 = SURFACE_STYLE_USAGE(.BOTH.,#18016);
#18016 = SURFACE_SIDE_STYLE('',(#18017));
#18017 = SURFACE_STYLE_FILL_AREA(#18018);
#18018 = FILL_AREA_STYLE('',(#18019));
#18019 = FILL_AREA_STYLE_COLOUR('',#17850);
#18020 = STYLED_ITEM('color',(#18021),#10475);
#18021 = PRESENTATION_STYLE_ASSIGNMENT((#18022));
#18022 = SURFACE_STYLE_USAGE(.BOTH.,#18023);
#18023 = SURFACE_SIDE_STYLE('',(#18024));
#18024 = SURFACE_STYLE_FILL_AREA(#18025);
#18025 = FILL_AREA_STYLE('',(#18026));
#18026 = FILL_AREA_STYLE_COLOUR('',#17850);
#18027 = STYLED_ITEM('color',(#18028),#10504);
#18028 = PRESENTATION_STYLE_ASSIGNMENT((#18029));
#18029 = SURFACE_STYLE_USAGE(.BOTH.,#18030);
#18030 = SURFACE_SIDE_STYLE('',(#18031));
#18031 = SURFACE_STYLE_FILL_AREA(#18032);
#18032 = FILL_AREA_STYLE('',(#18033));
#18033 = FILL_AREA_STYLE_COLOUR('',#17850);
#18034 = STYLED_ITEM('color',(#18035),#10527);
#18035 = PRESENTATION_STYLE_ASSIGNMENT((#18036));
#18036 = SURFACE_STYLE_USAGE(.BOTH.,#18037);
#18037 = SURFACE_SIDE_STYLE('',(#18038));
#18038 = SURFACE_STYLE_FILL_AREA(#18039);
#18039 = FILL_AREA_STYLE('',(#18040));
#18040 = FILL_AREA_STYLE_COLOUR('',#17850);
#18041 = STYLED_ITEM('color',(#18042),#10551);
#18042 = PRESENTATION_STYLE_ASSIGNMENT((#18043));
#18043 = SURFACE_STYLE_USAGE(.BOTH.,#18044);
#18044 = SURFACE_SIDE_STYLE('',(#18045));
#18045 = SURFACE_STYLE_FILL_AREA(#18046);
#18046 = FILL_AREA_STYLE('',(#18047));
#18047 = FILL_AREA_STYLE_COLOUR('',#17956);
#18048 = STYLED_ITEM('color',(#18049),#10626);
#18049 = PRESENTATION_STYLE_ASSIGNMENT((#18050));
#18050 = SURFACE_STYLE_USAGE(.BOTH.,#18051);
#18051 = SURFACE_SIDE_STYLE('',(#18052));
#18052 = SURFACE_STYLE_FILL_AREA(#18053);
#18053 = FILL_AREA_STYLE('',(#18054));
#18054 = FILL_AREA_STYLE_COLOUR('',#17956);
#18055 = STYLED_ITEM('color',(#18056),#10701);
#18056 = PRESENTATION_STYLE_ASSIGNMENT((#18057));
#18057 = SURFACE_STYLE_USAGE(.BOTH.,#18058);
#18058 = SURFACE_SIDE_STYLE('',(#18059));
#18059 = SURFACE_STYLE_FILL_AREA(#18060);
#18060 = FILL_AREA_STYLE('',(#18061));
#18061 = FILL_AREA_STYLE_COLOUR('',#17850);
#18062 = STYLED_ITEM('color',(#18063),#10731);
#18063 = PRESENTATION_STYLE_ASSIGNMENT((#18064));
#18064 = SURFACE_STYLE_USAGE(.BOTH.,#18065);
#18065 = SURFACE_SIDE_STYLE('',(#18066));
#18066 = SURFACE_STYLE_FILL_AREA(#18067);
#18067 = FILL_AREA_STYLE('',(#18068));
#18068 = FILL_AREA_STYLE_COLOUR('',#17956);
#18069 = STYLED_ITEM('color',(#18070),#10748);
#18070 = PRESENTATION_STYLE_ASSIGNMENT((#18071));
#18071 = SURFACE_STYLE_USAGE(.BOTH.,#18072);
#18072 = SURFACE_SIDE_STYLE('',(#18073));
#18073 = SURFACE_STYLE_FILL_AREA(#18074);
#18074 = FILL_AREA_STYLE('',(#18075));
#18075 = FILL_AREA_STYLE_COLOUR('',#17850);
#18076 = STYLED_ITEM('color',(#18077),#10771);
#18077 = PRESENTATION_STYLE_ASSIGNMENT((#18078));
#18078 = SURFACE_STYLE_USAGE(.BOTH.,#18079);
#18079 = SURFACE_SIDE_STYLE('',(#18080));
#18080 = SURFACE_STYLE_FILL_AREA(#18081);
#18081 = FILL_AREA_STYLE('',(#18082));
#18082 = FILL_AREA_STYLE_COLOUR('',#17850);
#18083 = STYLED_ITEM('color',(#18084),#10794);
#18084 = PRESENTATION_STYLE_ASSIGNMENT((#18085));
#18085 = SURFACE_STYLE_USAGE(.BOTH.,#18086);
#18086 = SURFACE_SIDE_STYLE('',(#18087));
#18087 = SURFACE_STYLE_FILL_AREA(#18088);
#18088 = FILL_AREA_STYLE('',(#18089));
#18089 = FILL_AREA_STYLE_COLOUR('',#17850);
#18090 = STYLED_ITEM('color',(#18091),#10817);
#18091 = PRESENTATION_STYLE_ASSIGNMENT((#18092));
#18092 = SURFACE_STYLE_USAGE(.BOTH.,#18093);
#18093 = SURFACE_SIDE_STYLE('',(#18094));
#18094 = SURFACE_STYLE_FILL_AREA(#18095);
#18095 = FILL_AREA_STYLE('',(#18096));
#18096 = FILL_AREA_STYLE_COLOUR('',#17850);
#18097 = STYLED_ITEM('color',(#18098),#10841);
#18098 = PRESENTATION_STYLE_ASSIGNMENT((#18099));
#18099 = SURFACE_STYLE_USAGE(.BOTH.,#18100);
#18100 = SURFACE_SIDE_STYLE('',(#18101));
#18101 = SURFACE_STYLE_FILL_AREA(#18102);
#18102 = FILL_AREA_STYLE('',(#18103));
#18103 = FILL_AREA_STYLE_COLOUR('',#17956);
#18104 = STYLED_ITEM('color',(#18105),#10916);
#18105 = PRESENTATION_STYLE_ASSIGNMENT((#18106));
#18106 = SURFACE_STYLE_USAGE(.BOTH.,#18107);
#18107 = SURFACE_SIDE_STYLE('',(#18108));
#18108 = SURFACE_STYLE_FILL_AREA(#18109);
#18109 = FILL_AREA_STYLE('',(#18110));
#18110 = FILL_AREA_STYLE_COLOUR('',#17956);
#18111 = STYLED_ITEM('color',(#18112),#10991);
#18112 = PRESENTATION_STYLE_ASSIGNMENT((#18113));
#18113 = SURFACE_STYLE_USAGE(.BOTH.,#18114);
#18114 = SURFACE_SIDE_STYLE('',(#18115));
#18115 = SURFACE_STYLE_FILL_AREA(#18116);
#18116 = FILL_AREA_STYLE('',(#18117));
#18117 = FILL_AREA_STYLE_COLOUR('',#17850);
#18118 = STYLED_ITEM('color',(#18119),#11015);
#18119 = PRESENTATION_STYLE_ASSIGNMENT((#18120));
#18120 = SURFACE_STYLE_USAGE(.BOTH.,#18121);
#18121 = SURFACE_SIDE_STYLE('',(#18122));
#18122 = SURFACE_STYLE_FILL_AREA(#18123);
#18123 = FILL_AREA_STYLE('',(#18124));
#18124 = FILL_AREA_STYLE_COLOUR('',#17956);
#18125 = STYLED_ITEM('color',(#18126),#11090);
#18126 = PRESENTATION_STYLE_ASSIGNMENT((#18127));
#18127 = SURFACE_STYLE_USAGE(.BOTH.,#18128);
#18128 = SURFACE_SIDE_STYLE('',(#18129));
#18129 = SURFACE_STYLE_FILL_AREA(#18130);
#18130 = FILL_AREA_STYLE('',(#18131));
#18131 = FILL_AREA_STYLE_COLOUR('',#17956);
#18132 = STYLED_ITEM('color',(#18133),#11107);
#18133 = PRESENTATION_STYLE_ASSIGNMENT((#18134));
#18134 = SURFACE_STYLE_USAGE(.BOTH.,#18135);
#18135 = SURFACE_SIDE_STYLE('',(#18136));
#18136 = SURFACE_STYLE_FILL_AREA(#18137);
#18137 = FILL_AREA_STYLE('',(#18138));
#18138 = FILL_AREA_STYLE_COLOUR('',#17956);
#18139 = STYLED_ITEM('color',(#18140),#11182);
#18140 = PRESENTATION_STYLE_ASSIGNMENT((#18141));
#18141 = SURFACE_STYLE_USAGE(.BOTH.,#18142);
#18142 = SURFACE_SIDE_STYLE('',(#18143));
#18143 = SURFACE_STYLE_FILL_AREA(#18144);
#18144 = FILL_AREA_STYLE('',(#18145));
#18145 = FILL_AREA_STYLE_COLOUR('',#17956);
#18146 = STYLED_ITEM('color',(#18147),#11199);
#18147 = PRESENTATION_STYLE_ASSIGNMENT((#18148));
#18148 = SURFACE_STYLE_USAGE(.BOTH.,#18149);
#18149 = SURFACE_SIDE_STYLE('',(#18150));
#18150 = SURFACE_STYLE_FILL_AREA(#18151);
#18151 = FILL_AREA_STYLE('',(#18152));
#18152 = FILL_AREA_STYLE_COLOUR('',#17850);
#18153 = STYLED_ITEM('color',(#18154),#11230);
#18154 = PRESENTATION_STYLE_ASSIGNMENT((#18155));
#18155 = SURFACE_STYLE_USAGE(.BOTH.,#18156);
#18156 = SURFACE_SIDE_STYLE('',(#18157));
#18157 = SURFACE_STYLE_FILL_AREA(#18158);
#18158 = FILL_AREA_STYLE('',(#18159));
#18159 = FILL_AREA_STYLE_COLOUR('',#17850);
#18160 = STYLED_ITEM('color',(#18161),#11253);
#18161 = PRESENTATION_STYLE_ASSIGNMENT((#18162));
#18162 = SURFACE_STYLE_USAGE(.BOTH.,#18163);
#18163 = SURFACE_SIDE_STYLE('',(#18164));
#18164 = SURFACE_STYLE_FILL_AREA(#18165);
#18165 = FILL_AREA_STYLE('',(#18166));
#18166 = FILL_AREA_STYLE_COLOUR('',#17850);
#18167 = STYLED_ITEM('color',(#18168),#11309);
#18168 = PRESENTATION_STYLE_ASSIGNMENT((#18169));
#18169 = SURFACE_STYLE_USAGE(.BOTH.,#18170);
#18170 = SURFACE_SIDE_STYLE('',(#18171));
#18171 = SURFACE_STYLE_FILL_AREA(#18172);
#18172 = FILL_AREA_STYLE('',(#18173));
#18173 = FILL_AREA_STYLE_COLOUR('',#17850);
#18174 = STYLED_ITEM('color',(#18175),#11325);
#18175 = PRESENTATION_STYLE_ASSIGNMENT((#18176));
#18176 = SURFACE_STYLE_USAGE(.BOTH.,#18177);
#18177 = SURFACE_SIDE_STYLE('',(#18178));
#18178 = SURFACE_STYLE_FILL_AREA(#18179);
#18179 = FILL_AREA_STYLE('',(#18180));
#18180 = FILL_AREA_STYLE_COLOUR('',#17850);
#18181 = STYLED_ITEM('color',(#18182),#11348);
#18182 = PRESENTATION_STYLE_ASSIGNMENT((#18183));
#18183 = SURFACE_STYLE_USAGE(.BOTH.,#18184);
#18184 = SURFACE_SIDE_STYLE('',(#18185));
#18185 = SURFACE_STYLE_FILL_AREA(#18186);
#18186 = FILL_AREA_STYLE('',(#18187));
#18187 = FILL_AREA_STYLE_COLOUR('',#17956);
#18188 = STYLED_ITEM('color',(#18189),#11365);
#18189 = PRESENTATION_STYLE_ASSIGNMENT((#18190));
#18190 = SURFACE_STYLE_USAGE(.BOTH.,#18191);
#18191 = SURFACE_SIDE_STYLE('',(#18192));
#18192 = SURFACE_STYLE_FILL_AREA(#18193);
#18193 = FILL_AREA_STYLE('',(#18194));
#18194 = FILL_AREA_STYLE_COLOUR('',#17956);
#18195 = STYLED_ITEM('color',(#18196),#11382);
#18196 = PRESENTATION_STYLE_ASSIGNMENT((#18197));
#18197 = SURFACE_STYLE_USAGE(.BOTH.,#18198);
#18198 = SURFACE_SIDE_STYLE('',(#18199));
#18199 = SURFACE_STYLE_FILL_AREA(#18200);
#18200 = FILL_AREA_STYLE('',(#18201));
#18201 = FILL_AREA_STYLE_COLOUR('',#17956);
#18202 = STYLED_ITEM('color',(#18203),#11399);
#18203 = PRESENTATION_STYLE_ASSIGNMENT((#18204));
#18204 = SURFACE_STYLE_USAGE(.BOTH.,#18205);
#18205 = SURFACE_SIDE_STYLE('',(#18206));
#18206 = SURFACE_STYLE_FILL_AREA(#18207);
#18207 = FILL_AREA_STYLE('',(#18208));
#18208 = FILL_AREA_STYLE_COLOUR('',#17956);
#18209 = STYLED_ITEM('color',(#18210),#11416);
#18210 = PRESENTATION_STYLE_ASSIGNMENT((#18211));
#18211 = SURFACE_STYLE_USAGE(.BOTH.,#18212);
#18212 = SURFACE_SIDE_STYLE('',(#18213));
#18213 = SURFACE_STYLE_FILL_AREA(#18214);
#18214 = FILL_AREA_STYLE('',(#18215));
#18215 = FILL_AREA_STYLE_COLOUR('',#17956);
#18216 = STYLED_ITEM('color',(#18217),#11433);
#18217 = PRESENTATION_STYLE_ASSIGNMENT((#18218));
#18218 = SURFACE_STYLE_USAGE(.BOTH.,#18219);
#18219 = SURFACE_SIDE_STYLE('',(#18220));
#18220 = SURFACE_STYLE_FILL_AREA(#18221);
#18221 = FILL_AREA_STYLE('',(#18222));
#18222 = FILL_AREA_STYLE_COLOUR('',#17956);
#18223 = STYLED_ITEM('color',(#18224),#11450);
#18224 = PRESENTATION_STYLE_ASSIGNMENT((#18225));
#18225 = SURFACE_STYLE_USAGE(.BOTH.,#18226);
#18226 = SURFACE_SIDE_STYLE('',(#18227));
#18227 = SURFACE_STYLE_FILL_AREA(#18228);
#18228 = FILL_AREA_STYLE('',(#18229));
#18229 = FILL_AREA_STYLE_COLOUR('',#17956);
#18230 = STYLED_ITEM('color',(#18231),#11467);
#18231 = PRESENTATION_STYLE_ASSIGNMENT((#18232));
#18232 = SURFACE_STYLE_USAGE(.BOTH.,#18233);
#18233 = SURFACE_SIDE_STYLE('',(#18234));
#18234 = SURFACE_STYLE_FILL_AREA(#18235);
#18235 = FILL_AREA_STYLE('',(#18236));
#18236 = FILL_AREA_STYLE_COLOUR('',#17956);
#18237 = STYLED_ITEM('color',(#18238),#11479);
#18238 = PRESENTATION_STYLE_ASSIGNMENT((#18239));
#18239 = SURFACE_STYLE_USAGE(.BOTH.,#18240);
#18240 = SURFACE_SIDE_STYLE('',(#18241));
#18241 = SURFACE_STYLE_FILL_AREA(#18242);
#18242 = FILL_AREA_STYLE('',(#18243));
#18243 = FILL_AREA_STYLE_COLOUR('',#17850);
#18244 = STYLED_ITEM('color',(#18245),#11495);
#18245 = PRESENTATION_STYLE_ASSIGNMENT((#18246));
#18246 = SURFACE_STYLE_USAGE(.BOTH.,#18247);
#18247 = SURFACE_SIDE_STYLE('',(#18248));
#18248 = SURFACE_STYLE_FILL_AREA(#18249);
#18249 = FILL_AREA_STYLE('',(#18250));
#18250 = FILL_AREA_STYLE_COLOUR('',#17850);
#18251 = STYLED_ITEM('color',(#18252),#11511);
#18252 = PRESENTATION_STYLE_ASSIGNMENT((#18253));
#18253 = SURFACE_STYLE_USAGE(.BOTH.,#18254);
#18254 = SURFACE_SIDE_STYLE('',(#18255));
#18255 = SURFACE_STYLE_FILL_AREA(#18256);
#18256 = FILL_AREA_STYLE('',(#18257));
#18257 = FILL_AREA_STYLE_COLOUR('',#17850);
#18258 = STYLED_ITEM('color',(#18259),#11527);
#18259 = PRESENTATION_STYLE_ASSIGNMENT((#18260));
#18260 = SURFACE_STYLE_USAGE(.BOTH.,#18261);
#18261 = SURFACE_SIDE_STYLE('',(#18262));
#18262 = SURFACE_STYLE_FILL_AREA(#18263);
#18263 = FILL_AREA_STYLE('',(#18264));
#18264 = FILL_AREA_STYLE_COLOUR('',#17850);
#18265 = STYLED_ITEM('color',(#18266),#11553);
#18266 = PRESENTATION_STYLE_ASSIGNMENT((#18267));
#18267 = SURFACE_STYLE_USAGE(.BOTH.,#18268);
#18268 = SURFACE_SIDE_STYLE('',(#18269));
#18269 = SURFACE_STYLE_FILL_AREA(#18270);
#18270 = FILL_AREA_STYLE('',(#18271));
#18271 = FILL_AREA_STYLE_COLOUR('',#17956);
#18272 = STYLED_ITEM('color',(#18273),#11570);
#18273 = PRESENTATION_STYLE_ASSIGNMENT((#18274));
#18274 = SURFACE_STYLE_USAGE(.BOTH.,#18275);
#18275 = SURFACE_SIDE_STYLE('',(#18276));
#18276 = SURFACE_STYLE_FILL_AREA(#18277);
#18277 = FILL_AREA_STYLE('',(#18278));
#18278 = FILL_AREA_STYLE_COLOUR('',#17956);
#18279 = STYLED_ITEM('color',(#18280),#11587);
#18280 = PRESENTATION_STYLE_ASSIGNMENT((#18281));
#18281 = SURFACE_STYLE_USAGE(.BOTH.,#18282);
#18282 = SURFACE_SIDE_STYLE('',(#18283));
#18283 = SURFACE_STYLE_FILL_AREA(#18284);
#18284 = FILL_AREA_STYLE('',(#18285));
#18285 = FILL_AREA_STYLE_COLOUR('',#17956);
#18286 = STYLED_ITEM('color',(#18287),#11604);
#18287 = PRESENTATION_STYLE_ASSIGNMENT((#18288));
#18288 = SURFACE_STYLE_USAGE(.BOTH.,#18289);
#18289 = SURFACE_SIDE_STYLE('',(#18290));
#18290 = SURFACE_STYLE_FILL_AREA(#18291);
#18291 = FILL_AREA_STYLE('',(#18292));
#18292 = FILL_AREA_STYLE_COLOUR('',#17956);
#18293 = STYLED_ITEM('color',(#18294),#11621);
#18294 = PRESENTATION_STYLE_ASSIGNMENT((#18295));
#18295 = SURFACE_STYLE_USAGE(.BOTH.,#18296);
#18296 = SURFACE_SIDE_STYLE('',(#18297));
#18297 = SURFACE_STYLE_FILL_AREA(#18298);
#18298 = FILL_AREA_STYLE('',(#18299));
#18299 = FILL_AREA_STYLE_COLOUR('',#17956);
#18300 = STYLED_ITEM('color',(#18301),#11638);
#18301 = PRESENTATION_STYLE_ASSIGNMENT((#18302));
#18302 = SURFACE_STYLE_USAGE(.BOTH.,#18303);
#18303 = SURFACE_SIDE_STYLE('',(#18304));
#18304 = SURFACE_STYLE_FILL_AREA(#18305);
#18305 = FILL_AREA_STYLE('',(#18306));
#18306 = FILL_AREA_STYLE_COLOUR('',#17956);
#18307 = STYLED_ITEM('color',(#18308),#11655);
#18308 = PRESENTATION_STYLE_ASSIGNMENT((#18309));
#18309 = SURFACE_STYLE_USAGE(.BOTH.,#18310);
#18310 = SURFACE_SIDE_STYLE('',(#18311));
#18311 = SURFACE_STYLE_FILL_AREA(#18312);
#18312 = FILL_AREA_STYLE('',(#18313));
#18313 = FILL_AREA_STYLE_COLOUR('',#17956);
#18314 = STYLED_ITEM('color',(#18315),#11672);
#18315 = PRESENTATION_STYLE_ASSIGNMENT((#18316));
#18316 = SURFACE_STYLE_USAGE(.BOTH.,#18317);
#18317 = SURFACE_SIDE_STYLE('',(#18318));
#18318 = SURFACE_STYLE_FILL_AREA(#18319);
#18319 = FILL_AREA_STYLE('',(#18320));
#18320 = FILL_AREA_STYLE_COLOUR('',#17956);
#18321 = STYLED_ITEM('color',(#18322),#11684);
#18322 = PRESENTATION_STYLE_ASSIGNMENT((#18323));
#18323 = SURFACE_STYLE_USAGE(.BOTH.,#18324);
#18324 = SURFACE_SIDE_STYLE('',(#18325));
#18325 = SURFACE_STYLE_FILL_AREA(#18326);
#18326 = FILL_AREA_STYLE('',(#18327));
#18327 = FILL_AREA_STYLE_COLOUR('',#17956);
#18328 = STYLED_ITEM('color',(#18329),#11706);
#18329 = PRESENTATION_STYLE_ASSIGNMENT((#18330));
#18330 = SURFACE_STYLE_USAGE(.BOTH.,#18331);
#18331 = SURFACE_SIDE_STYLE('',(#18332));
#18332 = SURFACE_STYLE_FILL_AREA(#18333);
#18333 = FILL_AREA_STYLE('',(#18334));
#18334 = FILL_AREA_STYLE_COLOUR('',#17956);
#18335 = STYLED_ITEM('color',(#18336),#11723);
#18336 = PRESENTATION_STYLE_ASSIGNMENT((#18337));
#18337 = SURFACE_STYLE_USAGE(.BOTH.,#18338);
#18338 = SURFACE_SIDE_STYLE('',(#18339));
#18339 = SURFACE_STYLE_FILL_AREA(#18340);
#18340 = FILL_AREA_STYLE('',(#18341));
#18341 = FILL_AREA_STYLE_COLOUR('',#17956);
#18342 = STYLED_ITEM('color',(#18343),#11740);
#18343 = PRESENTATION_STYLE_ASSIGNMENT((#18344));
#18344 = SURFACE_STYLE_USAGE(.BOTH.,#18345);
#18345 = SURFACE_SIDE_STYLE('',(#18346));
#18346 = SURFACE_STYLE_FILL_AREA(#18347);
#18347 = FILL_AREA_STYLE('',(#18348));
#18348 = FILL_AREA_STYLE_COLOUR('',#17956);
#18349 = STYLED_ITEM('color',(#18350),#11757);
#18350 = PRESENTATION_STYLE_ASSIGNMENT((#18351));
#18351 = SURFACE_STYLE_USAGE(.BOTH.,#18352);
#18352 = SURFACE_SIDE_STYLE('',(#18353));
#18353 = SURFACE_STYLE_FILL_AREA(#18354);
#18354 = FILL_AREA_STYLE('',(#18355));
#18355 = FILL_AREA_STYLE_COLOUR('',#17956);
#18356 = STYLED_ITEM('color',(#18357),#11774);
#18357 = PRESENTATION_STYLE_ASSIGNMENT((#18358));
#18358 = SURFACE_STYLE_USAGE(.BOTH.,#18359);
#18359 = SURFACE_SIDE_STYLE('',(#18360));
#18360 = SURFACE_STYLE_FILL_AREA(#18361);
#18361 = FILL_AREA_STYLE('',(#18362));
#18362 = FILL_AREA_STYLE_COLOUR('',#17956);
#18363 = STYLED_ITEM('color',(#18364),#11791);
#18364 = PRESENTATION_STYLE_ASSIGNMENT((#18365));
#18365 = SURFACE_STYLE_USAGE(.BOTH.,#18366);
#18366 = SURFACE_SIDE_STYLE('',(#18367));
#18367 = SURFACE_STYLE_FILL_AREA(#18368);
#18368 = FILL_AREA_STYLE('',(#18369));
#18369 = FILL_AREA_STYLE_COLOUR('',#17956);
#18370 = STYLED_ITEM('color',(#18371),#11803);
#18371 = PRESENTATION_STYLE_ASSIGNMENT((#18372));
#18372 = SURFACE_STYLE_USAGE(.BOTH.,#18373);
#18373 = SURFACE_SIDE_STYLE('',(#18374));
#18374 = SURFACE_STYLE_FILL_AREA(#18375);
#18375 = FILL_AREA_STYLE('',(#18376));
#18376 = FILL_AREA_STYLE_COLOUR('',#17956);
#18377 = MECHANICAL_DESIGN_GEOMETRIC_PRESENTATION_REPRESENTATION('',(
    #18378,#18386,#18393,#18400,#18407,#18414,#18421,#18428,#18436,
    #18443,#18450,#18457,#18464,#18471,#18478,#18485,#18492,#18499,
    #18506,#18513,#18520,#18527,#18534,#18541,#18548,#18555,#18562,
    #18569,#18576,#18583,#18590,#18597,#18604,#18611,#18618,#18625,
    #18633,#18640,#18647,#18654,#18661,#18668,#18675,#18682,#18689,
    #18696,#18703,#18710,#18717,#18724),#1639);
#18378 = STYLED_ITEM('color',(#18379),#118);
#18379 = PRESENTATION_STYLE_ASSIGNMENT((#18380));
#18380 = SURFACE_STYLE_USAGE(.BOTH.,#18381);
#18381 = SURFACE_SIDE_STYLE('',(#18382));
#18382 = SURFACE_STYLE_FILL_AREA(#18383);
#18383 = FILL_AREA_STYLE('',(#18384));
#18384 = FILL_AREA_STYLE_COLOUR('',#18385);
#18385 = COLOUR_RGB('',0.894999966383,0.890999961016,0.813000030345);
#18386 = STYLED_ITEM('color',(#18387),#158);
#18387 = PRESENTATION_STYLE_ASSIGNMENT((#18388));
#18388 = SURFACE_STYLE_USAGE(.BOTH.,#18389);
#18389 = SURFACE_SIDE_STYLE('',(#18390));
#18390 = SURFACE_STYLE_FILL_AREA(#18391);
#18391 = FILL_AREA_STYLE('',(#18392));
#18392 = FILL_AREA_STYLE_COLOUR('',#18385);
#18393 = STYLED_ITEM('color',(#18394),#205);
#18394 = PRESENTATION_STYLE_ASSIGNMENT((#18395));
#18395 = SURFACE_STYLE_USAGE(.BOTH.,#18396);
#18396 = SURFACE_SIDE_STYLE('',(#18397));
#18397 = SURFACE_STYLE_FILL_AREA(#18398);
#18398 = FILL_AREA_STYLE('',(#18399));
#18399 = FILL_AREA_STYLE_COLOUR('',#18385);
#18400 = STYLED_ITEM('color',(#18401),#284);
#18401 = PRESENTATION_STYLE_ASSIGNMENT((#18402));
#18402 = SURFACE_STYLE_USAGE(.BOTH.,#18403);
#18403 = SURFACE_SIDE_STYLE('',(#18404));
#18404 = SURFACE_STYLE_FILL_AREA(#18405);
#18405 = FILL_AREA_STYLE('',(#18406));
#18406 = FILL_AREA_STYLE_COLOUR('',#18385);
#18407 = STYLED_ITEM('color',(#18408),#308);
#18408 = PRESENTATION_STYLE_ASSIGNMENT((#18409));
#18409 = SURFACE_STYLE_USAGE(.BOTH.,#18410);
#18410 = SURFACE_SIDE_STYLE('',(#18411));
#18411 = SURFACE_STYLE_FILL_AREA(#18412);
#18412 = FILL_AREA_STYLE('',(#18413));
#18413 = FILL_AREA_STYLE_COLOUR('',#18385);
#18414 = STYLED_ITEM('color',(#18415),#348);
#18415 = PRESENTATION_STYLE_ASSIGNMENT((#18416));
#18416 = SURFACE_STYLE_USAGE(.BOTH.,#18417);
#18417 = SURFACE_SIDE_STYLE('',(#18418));
#18418 = SURFACE_STYLE_FILL_AREA(#18419);
#18419 = FILL_AREA_STYLE('',(#18420));
#18420 = FILL_AREA_STYLE_COLOUR('',#18385);
#18421 = STYLED_ITEM('color',(#18422),#379);
#18422 = PRESENTATION_STYLE_ASSIGNMENT((#18423));
#18423 = SURFACE_STYLE_USAGE(.BOTH.,#18424);
#18424 = SURFACE_SIDE_STYLE('',(#18425));
#18425 = SURFACE_STYLE_FILL_AREA(#18426);
#18426 = FILL_AREA_STYLE('',(#18427));
#18427 = FILL_AREA_STYLE_COLOUR('',#18385);
#18428 = STYLED_ITEM('color',(#18429),#396);
#18429 = PRESENTATION_STYLE_ASSIGNMENT((#18430));
#18430 = SURFACE_STYLE_USAGE(.BOTH.,#18431);
#18431 = SURFACE_SIDE_STYLE('',(#18432));
#18432 = SURFACE_STYLE_FILL_AREA(#18433);
#18433 = FILL_AREA_STYLE('',(#18434));
#18434 = FILL_AREA_STYLE_COLOUR('',#18435);
#18435 = COLOUR_RGB('',0.859000020776,0.737999965183,0.495999988746);
#18436 = STYLED_ITEM('color',(#18437),#429);
#18437 = PRESENTATION_STYLE_ASSIGNMENT((#18438));
#18438 = SURFACE_STYLE_USAGE(.BOTH.,#18439);
#18439 = SURFACE_SIDE_STYLE('',(#18440));
#18440 = SURFACE_STYLE_FILL_AREA(#18441);
#18441 = FILL_AREA_STYLE('',(#18442));
#18442 = FILL_AREA_STYLE_COLOUR('',#18385);
#18443 = STYLED_ITEM('color',(#18444),#453);
#18444 = PRESENTATION_STYLE_ASSIGNMENT((#18445));
#18445 = SURFACE_STYLE_USAGE(.BOTH.,#18446);
#18446 = SURFACE_SIDE_STYLE('',(#18447));
#18447 = SURFACE_STYLE_FILL_AREA(#18448);
#18448 = FILL_AREA_STYLE('',(#18449));
#18449 = FILL_AREA_STYLE_COLOUR('',#18435);
#18450 = STYLED_ITEM('color',(#18451),#520);
#18451 = PRESENTATION_STYLE_ASSIGNMENT((#18452));
#18452 = SURFACE_STYLE_USAGE(.BOTH.,#18453);
#18453 = SURFACE_SIDE_STYLE('',(#18454));
#18454 = SURFACE_STYLE_FILL_AREA(#18455);
#18455 = FILL_AREA_STYLE('',(#18456));
#18456 = FILL_AREA_STYLE_COLOUR('',#18385);
#18457 = STYLED_ITEM('color',(#18458),#641);
#18458 = PRESENTATION_STYLE_ASSIGNMENT((#18459));
#18459 = SURFACE_STYLE_USAGE(.BOTH.,#18460);
#18460 = SURFACE_SIDE_STYLE('',(#18461));
#18461 = SURFACE_STYLE_FILL_AREA(#18462);
#18462 = FILL_AREA_STYLE('',(#18463));
#18463 = FILL_AREA_STYLE_COLOUR('',#18435);
#18464 = STYLED_ITEM('color',(#18465),#708);
#18465 = PRESENTATION_STYLE_ASSIGNMENT((#18466));
#18466 = SURFACE_STYLE_USAGE(.BOTH.,#18467);
#18467 = SURFACE_SIDE_STYLE('',(#18468));
#18468 = SURFACE_STYLE_FILL_AREA(#18469);
#18469 = FILL_AREA_STYLE('',(#18470));
#18470 = FILL_AREA_STYLE_COLOUR('',#18385);
#18471 = STYLED_ITEM('color',(#18472),#732);
#18472 = PRESENTATION_STYLE_ASSIGNMENT((#18473));
#18473 = SURFACE_STYLE_USAGE(.BOTH.,#18474);
#18474 = SURFACE_SIDE_STYLE('',(#18475));
#18475 = SURFACE_STYLE_FILL_AREA(#18476);
#18476 = FILL_AREA_STYLE('',(#18477));
#18477 = FILL_AREA_STYLE_COLOUR('',#18385);
#18478 = STYLED_ITEM('color',(#18479),#763);
#18479 = PRESENTATION_STYLE_ASSIGNMENT((#18480));
#18480 = SURFACE_STYLE_USAGE(.BOTH.,#18481);
#18481 = SURFACE_SIDE_STYLE('',(#18482));
#18482 = SURFACE_STYLE_FILL_AREA(#18483);
#18483 = FILL_AREA_STYLE('',(#18484));
#18484 = FILL_AREA_STYLE_COLOUR('',#18435);
#18485 = STYLED_ITEM('color',(#18486),#796);
#18486 = PRESENTATION_STYLE_ASSIGNMENT((#18487));
#18487 = SURFACE_STYLE_USAGE(.BOTH.,#18488);
#18488 = SURFACE_SIDE_STYLE('',(#18489));
#18489 = SURFACE_STYLE_FILL_AREA(#18490);
#18490 = FILL_AREA_STYLE('',(#18491));
#18491 = FILL_AREA_STYLE_COLOUR('',#18385);
#18492 = STYLED_ITEM('color',(#18493),#852);
#18493 = PRESENTATION_STYLE_ASSIGNMENT((#18494));
#18494 = SURFACE_STYLE_USAGE(.BOTH.,#18495);
#18495 = SURFACE_SIDE_STYLE('',(#18496));
#18496 = SURFACE_STYLE_FILL_AREA(#18497);
#18497 = FILL_AREA_STYLE('',(#18498));
#18498 = FILL_AREA_STYLE_COLOUR('',#18435);
#18499 = STYLED_ITEM('color',(#18500),#876);
#18500 = PRESENTATION_STYLE_ASSIGNMENT((#18501));
#18501 = SURFACE_STYLE_USAGE(.BOTH.,#18502);
#18502 = SURFACE_SIDE_STYLE('',(#18503));
#18503 = SURFACE_STYLE_FILL_AREA(#18504);
#18504 = FILL_AREA_STYLE('',(#18505));
#18505 = FILL_AREA_STYLE_COLOUR('',#18435);
#18506 = STYLED_ITEM('color',(#18507),#900);
#18507 = PRESENTATION_STYLE_ASSIGNMENT((#18508));
#18508 = SURFACE_STYLE_USAGE(.BOTH.,#18509);
#18509 = SURFACE_SIDE_STYLE('',(#18510));
#18510 = SURFACE_STYLE_FILL_AREA(#18511);
#18511 = FILL_AREA_STYLE('',(#18512));
#18512 = FILL_AREA_STYLE_COLOUR('',#18435);
#18513 = STYLED_ITEM('color',(#18514),#924);
#18514 = PRESENTATION_STYLE_ASSIGNMENT((#18515));
#18515 = SURFACE_STYLE_USAGE(.BOTH.,#18516);
#18516 = SURFACE_SIDE_STYLE('',(#18517));
#18517 = SURFACE_STYLE_FILL_AREA(#18518);
#18518 = FILL_AREA_STYLE('',(#18519));
#18519 = FILL_AREA_STYLE_COLOUR('',#18435);
#18520 = STYLED_ITEM('color',(#18521),#957);
#18521 = PRESENTATION_STYLE_ASSIGNMENT((#18522));
#18522 = SURFACE_STYLE_USAGE(.BOTH.,#18523);
#18523 = SURFACE_SIDE_STYLE('',(#18524));
#18524 = SURFACE_STYLE_FILL_AREA(#18525);
#18525 = FILL_AREA_STYLE('',(#18526));
#18526 = FILL_AREA_STYLE_COLOUR('',#18435);
#18527 = STYLED_ITEM('color',(#18528),#969);
#18528 = PRESENTATION_STYLE_ASSIGNMENT((#18529));
#18529 = SURFACE_STYLE_USAGE(.BOTH.,#18530);
#18530 = SURFACE_SIDE_STYLE('',(#18531));
#18531 = SURFACE_STYLE_FILL_AREA(#18532);
#18532 = FILL_AREA_STYLE('',(#18533));
#18533 = FILL_AREA_STYLE_COLOUR('',#18435);
#18534 = STYLED_ITEM('color',(#18535),#1032);
#18535 = PRESENTATION_STYLE_ASSIGNMENT((#18536));
#18536 = SURFACE_STYLE_USAGE(.BOTH.,#18537);
#18537 = SURFACE_SIDE_STYLE('',(#18538));
#18538 = SURFACE_STYLE_FILL_AREA(#18539);
#18539 = FILL_AREA_STYLE('',(#18540));
#18540 = FILL_AREA_STYLE_COLOUR('',#18435);
#18541 = STYLED_ITEM('color',(#18542),#1057);
#18542 = PRESENTATION_STYLE_ASSIGNMENT((#18543));
#18543 = SURFACE_STYLE_USAGE(.BOTH.,#18544);
#18544 = SURFACE_SIDE_STYLE('',(#18545));
#18545 = SURFACE_STYLE_FILL_AREA(#18546);
#18546 = FILL_AREA_STYLE('',(#18547));
#18547 = FILL_AREA_STYLE_COLOUR('',#18435);
#18548 = STYLED_ITEM('color',(#18549),#1074);
#18549 = PRESENTATION_STYLE_ASSIGNMENT((#18550));
#18550 = SURFACE_STYLE_USAGE(.BOTH.,#18551);
#18551 = SURFACE_SIDE_STYLE('',(#18552));
#18552 = SURFACE_STYLE_FILL_AREA(#18553);
#18553 = FILL_AREA_STYLE('',(#18554));
#18554 = FILL_AREA_STYLE_COLOUR('',#18435);
#18555 = STYLED_ITEM('color',(#18556),#1098);
#18556 = PRESENTATION_STYLE_ASSIGNMENT((#18557));
#18557 = SURFACE_STYLE_USAGE(.BOTH.,#18558);
#18558 = SURFACE_SIDE_STYLE('',(#18559));
#18559 = SURFACE_STYLE_FILL_AREA(#18560);
#18560 = FILL_AREA_STYLE('',(#18561));
#18561 = FILL_AREA_STYLE_COLOUR('',#18435);
#18562 = STYLED_ITEM('color',(#18563),#1116);
#18563 = PRESENTATION_STYLE_ASSIGNMENT((#18564));
#18564 = SURFACE_STYLE_USAGE(.BOTH.,#18565);
#18565 = SURFACE_SIDE_STYLE('',(#18566));
#18566 = SURFACE_STYLE_FILL_AREA(#18567);
#18567 = FILL_AREA_STYLE('',(#18568));
#18568 = FILL_AREA_STYLE_COLOUR('',#18435);
#18569 = STYLED_ITEM('color',(#18570),#1134);
#18570 = PRESENTATION_STYLE_ASSIGNMENT((#18571));
#18571 = SURFACE_STYLE_USAGE(.BOTH.,#18572);
#18572 = SURFACE_SIDE_STYLE('',(#18573));
#18573 = SURFACE_STYLE_FILL_AREA(#18574);
#18574 = FILL_AREA_STYLE('',(#18575));
#18575 = FILL_AREA_STYLE_COLOUR('',#18435);
#18576 = STYLED_ITEM('color',(#18577),#1152);
#18577 = PRESENTATION_STYLE_ASSIGNMENT((#18578));
#18578 = SURFACE_STYLE_USAGE(.BOTH.,#18579);
#18579 = SURFACE_SIDE_STYLE('',(#18580));
#18580 = SURFACE_STYLE_FILL_AREA(#18581);
#18581 = FILL_AREA_STYLE('',(#18582));
#18582 = FILL_AREA_STYLE_COLOUR('',#18435);
#18583 = STYLED_ITEM('color',(#18584),#1169);
#18584 = PRESENTATION_STYLE_ASSIGNMENT((#18585));
#18585 = SURFACE_STYLE_USAGE(.BOTH.,#18586);
#18586 = SURFACE_SIDE_STYLE('',(#18587));
#18587 = SURFACE_STYLE_FILL_AREA(#18588);
#18588 = FILL_AREA_STYLE('',(#18589));
#18589 = FILL_AREA_STYLE_COLOUR('',#18435);
#18590 = STYLED_ITEM('color',(#18591),#1186);
#18591 = PRESENTATION_STYLE_ASSIGNMENT((#18592));
#18592 = SURFACE_STYLE_USAGE(.BOTH.,#18593);
#18593 = SURFACE_SIDE_STYLE('',(#18594));
#18594 = SURFACE_STYLE_FILL_AREA(#18595);
#18595 = FILL_AREA_STYLE('',(#18596));
#18596 = FILL_AREA_STYLE_COLOUR('',#18435);
#18597 = STYLED_ITEM('color',(#18598),#1217);
#18598 = PRESENTATION_STYLE_ASSIGNMENT((#18599));
#18599 = SURFACE_STYLE_USAGE(.BOTH.,#18600);
#18600 = SURFACE_SIDE_STYLE('',(#18601));
#18601 = SURFACE_STYLE_FILL_AREA(#18602);
#18602 = FILL_AREA_STYLE('',(#18603));
#18603 = FILL_AREA_STYLE_COLOUR('',#18435);
#18604 = STYLED_ITEM('color',(#18605),#1242);
#18605 = PRESENTATION_STYLE_ASSIGNMENT((#18606));
#18606 = SURFACE_STYLE_USAGE(.BOTH.,#18607);
#18607 = SURFACE_SIDE_STYLE('',(#18608));
#18608 = SURFACE_STYLE_FILL_AREA(#18609);
#18609 = FILL_AREA_STYLE('',(#18610));
#18610 = FILL_AREA_STYLE_COLOUR('',#18435);
#18611 = STYLED_ITEM('color',(#18612),#1267);
#18612 = PRESENTATION_STYLE_ASSIGNMENT((#18613));
#18613 = SURFACE_STYLE_USAGE(.BOTH.,#18614);
#18614 = SURFACE_SIDE_STYLE('',(#18615));
#18615 = SURFACE_STYLE_FILL_AREA(#18616);
#18616 = FILL_AREA_STYLE('',(#18617));
#18617 = FILL_AREA_STYLE_COLOUR('',#18435);
#18618 = STYLED_ITEM('color',(#18619),#1291);
#18619 = PRESENTATION_STYLE_ASSIGNMENT((#18620));
#18620 = SURFACE_STYLE_USAGE(.BOTH.,#18621);
#18621 = SURFACE_SIDE_STYLE('',(#18622));
#18622 = SURFACE_STYLE_FILL_AREA(#18623);
#18623 = FILL_AREA_STYLE('',(#18624));
#18624 = FILL_AREA_STYLE_COLOUR('',#18435);
#18625 = STYLED_ITEM('color',(#18626),#1308);
#18626 = PRESENTATION_STYLE_ASSIGNMENT((#18627));
#18627 = SURFACE_STYLE_USAGE(.BOTH.,#18628);
#18628 = SURFACE_SIDE_STYLE('',(#18629));
#18629 = SURFACE_STYLE_FILL_AREA(#18630);
#18630 = FILL_AREA_STYLE('',(#18631));
#18631 = FILL_AREA_STYLE_COLOUR('',#18632);
#18632 = COLOUR_RGB('',0.340000006699,0.68000001254,0.444999988852);
#18633 = STYLED_ITEM('color',(#18634),#1339);
#18634 = PRESENTATION_STYLE_ASSIGNMENT((#18635));
#18635 = SURFACE_STYLE_USAGE(.BOTH.,#18636);
#18636 = SURFACE_SIDE_STYLE('',(#18637));
#18637 = SURFACE_STYLE_FILL_AREA(#18638);
#18638 = FILL_AREA_STYLE('',(#18639));
#18639 = FILL_AREA_STYLE_COLOUR('',#18632);
#18640 = STYLED_ITEM('color',(#18641),#1363);
#18641 = PRESENTATION_STYLE_ASSIGNMENT((#18642));
#18642 = SURFACE_STYLE_USAGE(.BOTH.,#18643);
#18643 = SURFACE_SIDE_STYLE('',(#18644));
#18644 = SURFACE_STYLE_FILL_AREA(#18645);
#18645 = FILL_AREA_STYLE('',(#18646));
#18646 = FILL_AREA_STYLE_COLOUR('',#18632);
#18647 = STYLED_ITEM('color',(#18648),#1380);
#18648 = PRESENTATION_STYLE_ASSIGNMENT((#18649));
#18649 = SURFACE_STYLE_USAGE(.BOTH.,#18650);
#18650 = SURFACE_SIDE_STYLE('',(#18651));
#18651 = SURFACE_STYLE_FILL_AREA(#18652);
#18652 = FILL_AREA_STYLE('',(#18653));
#18653 = FILL_AREA_STYLE_COLOUR('',#18435);
#18654 = STYLED_ITEM('color',(#18655),#1408);
#18655 = PRESENTATION_STYLE_ASSIGNMENT((#18656));
#18656 = SURFACE_STYLE_USAGE(.BOTH.,#18657);
#18657 = SURFACE_SIDE_STYLE('',(#18658));
#18658 = SURFACE_STYLE_FILL_AREA(#18659);
#18659 = FILL_AREA_STYLE('',(#18660));
#18660 = FILL_AREA_STYLE_COLOUR('',#18435);
#18661 = STYLED_ITEM('color',(#18662),#1433);
#18662 = PRESENTATION_STYLE_ASSIGNMENT((#18663));
#18663 = SURFACE_STYLE_USAGE(.BOTH.,#18664);
#18664 = SURFACE_SIDE_STYLE('',(#18665));
#18665 = SURFACE_STYLE_FILL_AREA(#18666);
#18666 = FILL_AREA_STYLE('',(#18667));
#18667 = FILL_AREA_STYLE_COLOUR('',#18435);
#18668 = STYLED_ITEM('color',(#18669),#1457);
#18669 = PRESENTATION_STYLE_ASSIGNMENT((#18670));
#18670 = SURFACE_STYLE_USAGE(.BOTH.,#18671);
#18671 = SURFACE_SIDE_STYLE('',(#18672));
#18672 = SURFACE_STYLE_FILL_AREA(#18673);
#18673 = FILL_AREA_STYLE('',(#18674));
#18674 = FILL_AREA_STYLE_COLOUR('',#18435);
#18675 = STYLED_ITEM('color',(#18676),#1482);
#18676 = PRESENTATION_STYLE_ASSIGNMENT((#18677));
#18677 = SURFACE_STYLE_USAGE(.BOTH.,#18678);
#18678 = SURFACE_SIDE_STYLE('',(#18679));
#18679 = SURFACE_STYLE_FILL_AREA(#18680);
#18680 = FILL_AREA_STYLE('',(#18681));
#18681 = FILL_AREA_STYLE_COLOUR('',#18435);
#18682 = STYLED_ITEM('color',(#18683),#1529);
#18683 = PRESENTATION_STYLE_ASSIGNMENT((#18684));
#18684 = SURFACE_STYLE_USAGE(.BOTH.,#18685);
#18685 = SURFACE_SIDE_STYLE('',(#18686));
#18686 = SURFACE_STYLE_FILL_AREA(#18687);
#18687 = FILL_AREA_STYLE('',(#18688));
#18688 = FILL_AREA_STYLE_COLOUR('',#18435);
#18689 = STYLED_ITEM('color',(#18690),#1546);
#18690 = PRESENTATION_STYLE_ASSIGNMENT((#18691));
#18691 = SURFACE_STYLE_USAGE(.BOTH.,#18692);
#18692 = SURFACE_SIDE_STYLE('',(#18693));
#18693 = SURFACE_STYLE_FILL_AREA(#18694);
#18694 = FILL_AREA_STYLE('',(#18695));
#18695 = FILL_AREA_STYLE_COLOUR('',#18435);
#18696 = STYLED_ITEM('color',(#18697),#1558);
#18697 = PRESENTATION_STYLE_ASSIGNMENT((#18698));
#18698 = SURFACE_STYLE_USAGE(.BOTH.,#18699);
#18699 = SURFACE_SIDE_STYLE('',(#18700));
#18700 = SURFACE_STYLE_FILL_AREA(#18701);
#18701 = FILL_AREA_STYLE('',(#18702));
#18702 = FILL_AREA_STYLE_COLOUR('',#18435);
#18703 = STYLED_ITEM('color',(#18704),#1580);
#18704 = PRESENTATION_STYLE_ASSIGNMENT((#18705));
#18705 = SURFACE_STYLE_USAGE(.BOTH.,#18706);
#18706 = SURFACE_SIDE_STYLE('',(#18707));
#18707 = SURFACE_STYLE_FILL_AREA(#18708);
#18708 = FILL_AREA_STYLE('',(#18709));
#18709 = FILL_AREA_STYLE_COLOUR('',#18435);
#18710 = STYLED_ITEM('color',(#18711),#1592);
#18711 = PRESENTATION_STYLE_ASSIGNMENT((#18712));
#18712 = SURFACE_STYLE_USAGE(.BOTH.,#18713);
#18713 = SURFACE_SIDE_STYLE('',(#18714));
#18714 = SURFACE_STYLE_FILL_AREA(#18715);
#18715 = FILL_AREA_STYLE('',(#18716));
#18716 = FILL_AREA_STYLE_COLOUR('',#18435);
#18717 = STYLED_ITEM('color',(#18718),#1610);
#18718 = PRESENTATION_STYLE_ASSIGNMENT((#18719));
#18719 = SURFACE_STYLE_USAGE(.BOTH.,#18720);
#18720 = SURFACE_SIDE_STYLE('',(#18721));
#18721 = SURFACE_STYLE_FILL_AREA(#18722);
#18722 = FILL_AREA_STYLE('',(#18723));
#18723 = FILL_AREA_STYLE_COLOUR('',#18435);
#18724 = STYLED_ITEM('color',(#18725),#1628);
#18725 = PRESENTATION_STYLE_ASSIGNMENT((#18726));
#18726 = SURFACE_STYLE_USAGE(.BOTH.,#18727);
#18727 = SURFACE_SIDE_STYLE('',(#18728));
#18728 = SURFACE_STYLE_FILL_AREA(#18729);
#18729 = FILL_AREA_STYLE('',(#18730));
#18730 = FILL_AREA_STYLE_COLOUR('',#18632);
#18731 = MECHANICAL_DESIGN_GEOMETRIC_PRESENTATION_REPRESENTATION('',(
    #18732,#18740,#18747,#18754,#18761,#18768,#18775,#18782,#18789,
    #18796,#18803,#18810,#18817,#18824,#18832,#18839,#18846,#18853,
    #18860,#18867,#18874,#18881,#18888,#18895,#18902,#18909),#2471);
#18732 = STYLED_ITEM('color',(#18733),#1683);
#18733 = PRESENTATION_STYLE_ASSIGNMENT((#18734));
#18734 = SURFACE_STYLE_USAGE(.BOTH.,#18735);
#18735 = SURFACE_SIDE_STYLE('',(#18736));
#18736 = SURFACE_STYLE_FILL_AREA(#18737);
#18737 = FILL_AREA_STYLE('',(#18738));
#18738 = FILL_AREA_STYLE_COLOUR('',#18739);
#18739 = COLOUR_RGB('',0.823999987314,0.819999987296,0.781000009244);
#18740 = STYLED_ITEM('color',(#18741),#1723);
#18741 = PRESENTATION_STYLE_ASSIGNMENT((#18742));
#18742 = SURFACE_STYLE_USAGE(.BOTH.,#18743);
#18743 = SURFACE_SIDE_STYLE('',(#18744));
#18744 = SURFACE_STYLE_FILL_AREA(#18745);
#18745 = FILL_AREA_STYLE('',(#18746));
#18746 = FILL_AREA_STYLE_COLOUR('',#18739);
#18747 = STYLED_ITEM('color',(#18748),#1806);
#18748 = PRESENTATION_STYLE_ASSIGNMENT((#18749));
#18749 = SURFACE_STYLE_USAGE(.BOTH.,#18750);
#18750 = SURFACE_SIDE_STYLE('',(#18751));
#18751 = SURFACE_STYLE_FILL_AREA(#18752);
#18752 = FILL_AREA_STYLE('',(#18753));
#18753 = FILL_AREA_STYLE_COLOUR('',#18739);
#18754 = STYLED_ITEM('color',(#18755),#1831);
#18755 = PRESENTATION_STYLE_ASSIGNMENT((#18756));
#18756 = SURFACE_STYLE_USAGE(.BOTH.,#18757);
#18757 = SURFACE_SIDE_STYLE('',(#18758));
#18758 = SURFACE_STYLE_FILL_AREA(#18759);
#18759 = FILL_AREA_STYLE('',(#18760));
#18760 = FILL_AREA_STYLE_COLOUR('',#18739);
#18761 = STYLED_ITEM('color',(#18762),#1856);
#18762 = PRESENTATION_STYLE_ASSIGNMENT((#18763));
#18763 = SURFACE_STYLE_USAGE(.BOTH.,#18764);
#18764 = SURFACE_SIDE_STYLE('',(#18765));
#18765 = SURFACE_STYLE_FILL_AREA(#18766);
#18766 = FILL_AREA_STYLE('',(#18767));
#18767 = FILL_AREA_STYLE_COLOUR('',#18739);
#18768 = STYLED_ITEM('color',(#18769),#1923);
#18769 = PRESENTATION_STYLE_ASSIGNMENT((#18770));
#18770 = SURFACE_STYLE_USAGE(.BOTH.,#18771);
#18771 = SURFACE_SIDE_STYLE('',(#18772));
#18772 = SURFACE_STYLE_FILL_AREA(#18773);
#18773 = FILL_AREA_STYLE('',(#18774));
#18774 = FILL_AREA_STYLE_COLOUR('',#18739);
#18775 = STYLED_ITEM('color',(#18776),#1940);
#18776 = PRESENTATION_STYLE_ASSIGNMENT((#18777));
#18777 = SURFACE_STYLE_USAGE(.BOTH.,#18778);
#18778 = SURFACE_SIDE_STYLE('',(#18779));
#18779 = SURFACE_STYLE_FILL_AREA(#18780);
#18780 = FILL_AREA_STYLE('',(#18781));
#18781 = FILL_AREA_STYLE_COLOUR('',#18739);
#18782 = STYLED_ITEM('color',(#18783),#1957);
#18783 = PRESENTATION_STYLE_ASSIGNMENT((#18784));
#18784 = SURFACE_STYLE_USAGE(.BOTH.,#18785);
#18785 = SURFACE_SIDE_STYLE('',(#18786));
#18786 = SURFACE_STYLE_FILL_AREA(#18787);
#18787 = FILL_AREA_STYLE('',(#18788));
#18788 = FILL_AREA_STYLE_COLOUR('',#18385);
#18789 = STYLED_ITEM('color',(#18790),#2006);
#18790 = PRESENTATION_STYLE_ASSIGNMENT((#18791));
#18791 = SURFACE_STYLE_USAGE(.BOTH.,#18792);
#18792 = SURFACE_SIDE_STYLE('',(#18793));
#18793 = SURFACE_STYLE_FILL_AREA(#18794);
#18794 = FILL_AREA_STYLE('',(#18795));
#18795 = FILL_AREA_STYLE_COLOUR('',#18739);
#18796 = STYLED_ITEM('color',(#18797),#2023);
#18797 = PRESENTATION_STYLE_ASSIGNMENT((#18798));
#18798 = SURFACE_STYLE_USAGE(.BOTH.,#18799);
#18799 = SURFACE_SIDE_STYLE('',(#18800));
#18800 = SURFACE_STYLE_FILL_AREA(#18801);
#18801 = FILL_AREA_STYLE('',(#18802));
#18802 = FILL_AREA_STYLE_COLOUR('',#18739);
#18803 = STYLED_ITEM('color',(#18804),#2040);
#18804 = PRESENTATION_STYLE_ASSIGNMENT((#18805));
#18805 = SURFACE_STYLE_USAGE(.BOTH.,#18806);
#18806 = SURFACE_SIDE_STYLE('',(#18807));
#18807 = SURFACE_STYLE_FILL_AREA(#18808);
#18808 = FILL_AREA_STYLE('',(#18809));
#18809 = FILL_AREA_STYLE_COLOUR('',#18385);
#18810 = STYLED_ITEM('color',(#18811),#2089);
#18811 = PRESENTATION_STYLE_ASSIGNMENT((#18812));
#18812 = SURFACE_STYLE_USAGE(.BOTH.,#18813);
#18813 = SURFACE_SIDE_STYLE('',(#18814));
#18814 = SURFACE_STYLE_FILL_AREA(#18815);
#18815 = FILL_AREA_STYLE('',(#18816));
#18816 = FILL_AREA_STYLE_COLOUR('',#18385);
#18817 = STYLED_ITEM('color',(#18818),#2106);
#18818 = PRESENTATION_STYLE_ASSIGNMENT((#18819));
#18819 = SURFACE_STYLE_USAGE(.BOTH.,#18820);
#18820 = SURFACE_SIDE_STYLE('',(#18821));
#18821 = SURFACE_STYLE_FILL_AREA(#18822);
#18822 = FILL_AREA_STYLE('',(#18823));
#18823 = FILL_AREA_STYLE_COLOUR('',#18739);
#18824 = STYLED_ITEM('color',(#18825),#2175);
#18825 = PRESENTATION_STYLE_ASSIGNMENT((#18826));
#18826 = SURFACE_STYLE_USAGE(.BOTH.,#18827);
#18827 = SURFACE_SIDE_STYLE('',(#18828));
#18828 = SURFACE_STYLE_FILL_AREA(#18829);
#18829 = FILL_AREA_STYLE('',(#18830));
#18830 = FILL_AREA_STYLE_COLOUR('',#18831);
#18831 = COLOUR_RGB('',8.200000279077E-02,8.600000121357E-02,
  9.399999706163E-02);
#18832 = STYLED_ITEM('color',(#18833),#2206);
#18833 = PRESENTATION_STYLE_ASSIGNMENT((#18834));
#18834 = SURFACE_STYLE_USAGE(.BOTH.,#18835);
#18835 = SURFACE_SIDE_STYLE('',(#18836));
#18836 = SURFACE_STYLE_FILL_AREA(#18837);
#18837 = FILL_AREA_STYLE('',(#18838));
#18838 = FILL_AREA_STYLE_COLOUR('',#18831);
#18839 = STYLED_ITEM('color',(#18840),#2230);
#18840 = PRESENTATION_STYLE_ASSIGNMENT((#18841));
#18841 = SURFACE_STYLE_USAGE(.BOTH.,#18842);
#18842 = SURFACE_SIDE_STYLE('',(#18843));
#18843 = SURFACE_STYLE_FILL_AREA(#18844);
#18844 = FILL_AREA_STYLE('',(#18845));
#18845 = FILL_AREA_STYLE_COLOUR('',#18739);
#18846 = STYLED_ITEM('color',(#18847),#2299);
#18847 = PRESENTATION_STYLE_ASSIGNMENT((#18848));
#18848 = SURFACE_STYLE_USAGE(.BOTH.,#18849);
#18849 = SURFACE_SIDE_STYLE('',(#18850));
#18850 = SURFACE_STYLE_FILL_AREA(#18851);
#18851 = FILL_AREA_STYLE('',(#18852));
#18852 = FILL_AREA_STYLE_COLOUR('',#18831);
#18853 = STYLED_ITEM('color',(#18854),#2323);
#18854 = PRESENTATION_STYLE_ASSIGNMENT((#18855));
#18855 = SURFACE_STYLE_USAGE(.BOTH.,#18856);
#18856 = SURFACE_SIDE_STYLE('',(#18857));
#18857 = SURFACE_STYLE_FILL_AREA(#18858);
#18858 = FILL_AREA_STYLE('',(#18859));
#18859 = FILL_AREA_STYLE_COLOUR('',#18739);
#18860 = STYLED_ITEM('color',(#18861),#2340);
#18861 = PRESENTATION_STYLE_ASSIGNMENT((#18862));
#18862 = SURFACE_STYLE_USAGE(.BOTH.,#18863);
#18863 = SURFACE_SIDE_STYLE('',(#18864));
#18864 = SURFACE_STYLE_FILL_AREA(#18865);
#18865 = FILL_AREA_STYLE('',(#18866));
#18866 = FILL_AREA_STYLE_COLOUR('',#18739);
#18867 = STYLED_ITEM('color',(#18868),#2357);
#18868 = PRESENTATION_STYLE_ASSIGNMENT((#18869));
#18869 = SURFACE_STYLE_USAGE(.BOTH.,#18870);
#18870 = SURFACE_SIDE_STYLE('',(#18871));
#18871 = SURFACE_STYLE_FILL_AREA(#18872);
#18872 = FILL_AREA_STYLE('',(#18873));
#18873 = FILL_AREA_STYLE_COLOUR('',#18739);
#18874 = STYLED_ITEM('color',(#18875),#2374);
#18875 = PRESENTATION_STYLE_ASSIGNMENT((#18876));
#18876 = SURFACE_STYLE_USAGE(.BOTH.,#18877);
#18877 = SURFACE_SIDE_STYLE('',(#18878));
#18878 = SURFACE_STYLE_FILL_AREA(#18879);
#18879 = FILL_AREA_STYLE('',(#18880));
#18880 = FILL_AREA_STYLE_COLOUR('',#18739);
#18881 = STYLED_ITEM('color',(#18882),#2391);
#18882 = PRESENTATION_STYLE_ASSIGNMENT((#18883));
#18883 = SURFACE_STYLE_USAGE(.BOTH.,#18884);
#18884 = SURFACE_SIDE_STYLE('',(#18885));
#18885 = SURFACE_STYLE_FILL_AREA(#18886);
#18886 = FILL_AREA_STYLE('',(#18887));
#18887 = FILL_AREA_STYLE_COLOUR('',#18739);
#18888 = STYLED_ITEM('color',(#18889),#2408);
#18889 = PRESENTATION_STYLE_ASSIGNMENT((#18890));
#18890 = SURFACE_STYLE_USAGE(.BOTH.,#18891);
#18891 = SURFACE_SIDE_STYLE('',(#18892));
#18892 = SURFACE_STYLE_FILL_AREA(#18893);
#18893 = FILL_AREA_STYLE('',(#18894));
#18894 = FILL_AREA_STYLE_COLOUR('',#18739);
#18895 = STYLED_ITEM('color',(#18896),#2425);
#18896 = PRESENTATION_STYLE_ASSIGNMENT((#18897));
#18897 = SURFACE_STYLE_USAGE(.BOTH.,#18898);
#18898 = SURFACE_SIDE_STYLE('',(#18899));
#18899 = SURFACE_STYLE_FILL_AREA(#18900);
#18900 = FILL_AREA_STYLE('',(#18901));
#18901 = FILL_AREA_STYLE_COLOUR('',#18739);
#18902 = STYLED_ITEM('color',(#18903),#2442);
#18903 = PRESENTATION_STYLE_ASSIGNMENT((#18904));
#18904 = SURFACE_STYLE_USAGE(.BOTH.,#18905);
#18905 = SURFACE_SIDE_STYLE('',(#18906));
#18906 = SURFACE_STYLE_FILL_AREA(#18907);
#18907 = FILL_AREA_STYLE('',(#18908));
#18908 = FILL_AREA_STYLE_COLOUR('',#18831);
#18909 = STYLED_ITEM('color',(#18910),#2459);
#18910 = PRESENTATION_STYLE_ASSIGNMENT((#18911));
#18911 = SURFACE_STYLE_USAGE(.BOTH.,#18912);
#18912 = SURFACE_SIDE_STYLE('',(#18913));
#18913 = SURFACE_STYLE_FILL_AREA(#18914);
#18914 = FILL_AREA_STYLE('',(#18915));
#18915 = FILL_AREA_STYLE_COLOUR('',#18831);
#18916 = MECHANICAL_DESIGN_GEOMETRIC_PRESENTATION_REPRESENTATION('',(
    #18917,#18924,#18931,#18938,#18945,#18952,#18959,#18966,#18973,
    #18980,#18987,#18994,#19001,#19008,#19015,#19022,#19029,#19036,
    #19043,#19050,#19057,#19064,#19071,#19078,#19085,#19092),#12647);
#18917 = STYLED_ITEM('color',(#18918),#11859);
#18918 = PRESENTATION_STYLE_ASSIGNMENT((#18919));
#18919 = SURFACE_STYLE_USAGE(.BOTH.,#18920);
#18920 = SURFACE_SIDE_STYLE('',(#18921));
#18921 = SURFACE_STYLE_FILL_AREA(#18922);
#18922 = FILL_AREA_STYLE('',(#18923));
#18923 = FILL_AREA_STYLE_COLOUR('',#18739);
#18924 = STYLED_ITEM('color',(#18925),#11899);
#18925 = PRESENTATION_STYLE_ASSIGNMENT((#18926));
#18926 = SURFACE_STYLE_USAGE(.BOTH.,#18927);
#18927 = SURFACE_SIDE_STYLE('',(#18928));
#18928 = SURFACE_STYLE_FILL_AREA(#18929);
#18929 = FILL_AREA_STYLE('',(#18930));
#18930 = FILL_AREA_STYLE_COLOUR('',#18739);
#18931 = STYLED_ITEM('color',(#18932),#11982);
#18932 = PRESENTATION_STYLE_ASSIGNMENT((#18933));
#18933 = SURFACE_STYLE_USAGE(.BOTH.,#18934);
#18934 = SURFACE_SIDE_STYLE('',(#18935));
#18935 = SURFACE_STYLE_FILL_AREA(#18936);
#18936 = FILL_AREA_STYLE('',(#18937));
#18937 = FILL_AREA_STYLE_COLOUR('',#18739);
#18938 = STYLED_ITEM('color',(#18939),#12007);
#18939 = PRESENTATION_STYLE_ASSIGNMENT((#18940));
#18940 = SURFACE_STYLE_USAGE(.BOTH.,#18941);
#18941 = SURFACE_SIDE_STYLE('',(#18942));
#18942 = SURFACE_STYLE_FILL_AREA(#18943);
#18943 = FILL_AREA_STYLE('',(#18944));
#18944 = FILL_AREA_STYLE_COLOUR('',#18739);
#18945 = STYLED_ITEM('color',(#18946),#12032);
#18946 = PRESENTATION_STYLE_ASSIGNMENT((#18947));
#18947 = SURFACE_STYLE_USAGE(.BOTH.,#18948);
#18948 = SURFACE_SIDE_STYLE('',(#18949));
#18949 = SURFACE_STYLE_FILL_AREA(#18950);
#18950 = FILL_AREA_STYLE('',(#18951));
#18951 = FILL_AREA_STYLE_COLOUR('',#18739);
#18952 = STYLED_ITEM('color',(#18953),#12099);
#18953 = PRESENTATION_STYLE_ASSIGNMENT((#18954));
#18954 = SURFACE_STYLE_USAGE(.BOTH.,#18955);
#18955 = SURFACE_SIDE_STYLE('',(#18956));
#18956 = SURFACE_STYLE_FILL_AREA(#18957);
#18957 = FILL_AREA_STYLE('',(#18958));
#18958 = FILL_AREA_STYLE_COLOUR('',#18739);
#18959 = STYLED_ITEM('color',(#18960),#12116);
#18960 = PRESENTATION_STYLE_ASSIGNMENT((#18961));
#18961 = SURFACE_STYLE_USAGE(.BOTH.,#18962);
#18962 = SURFACE_SIDE_STYLE('',(#18963));
#18963 = SURFACE_STYLE_FILL_AREA(#18964);
#18964 = FILL_AREA_STYLE('',(#18965));
#18965 = FILL_AREA_STYLE_COLOUR('',#18739);
#18966 = STYLED_ITEM('color',(#18967),#12133);
#18967 = PRESENTATION_STYLE_ASSIGNMENT((#18968));
#18968 = SURFACE_STYLE_USAGE(.BOTH.,#18969);
#18969 = SURFACE_SIDE_STYLE('',(#18970));
#18970 = SURFACE_STYLE_FILL_AREA(#18971);
#18971 = FILL_AREA_STYLE('',(#18972));
#18972 = FILL_AREA_STYLE_COLOUR('',#18385);
#18973 = STYLED_ITEM('color',(#18974),#12182);
#18974 = PRESENTATION_STYLE_ASSIGNMENT((#18975));
#18975 = SURFACE_STYLE_USAGE(.BOTH.,#18976);
#18976 = SURFACE_SIDE_STYLE('',(#18977));
#18977 = SURFACE_STYLE_FILL_AREA(#18978);
#18978 = FILL_AREA_STYLE('',(#18979));
#18979 = FILL_AREA_STYLE_COLOUR('',#18739);
#18980 = STYLED_ITEM('color',(#18981),#12199);
#18981 = PRESENTATION_STYLE_ASSIGNMENT((#18982));
#18982 = SURFACE_STYLE_USAGE(.BOTH.,#18983);
#18983 = SURFACE_SIDE_STYLE('',(#18984));
#18984 = SURFACE_STYLE_FILL_AREA(#18985);
#18985 = FILL_AREA_STYLE('',(#18986));
#18986 = FILL_AREA_STYLE_COLOUR('',#18739);
#18987 = STYLED_ITEM('color',(#18988),#12216);
#18988 = PRESENTATION_STYLE_ASSIGNMENT((#18989));
#18989 = SURFACE_STYLE_USAGE(.BOTH.,#18990);
#18990 = SURFACE_SIDE_STYLE('',(#18991));
#18991 = SURFACE_STYLE_FILL_AREA(#18992);
#18992 = FILL_AREA_STYLE('',(#18993));
#18993 = FILL_AREA_STYLE_COLOUR('',#18385);
#18994 = STYLED_ITEM('color',(#18995),#12265);
#18995 = PRESENTATION_STYLE_ASSIGNMENT((#18996));
#18996 = SURFACE_STYLE_USAGE(.BOTH.,#18997);
#18997 = SURFACE_SIDE_STYLE('',(#18998));
#18998 = SURFACE_STYLE_FILL_AREA(#18999);
#18999 = FILL_AREA_STYLE('',(#19000));
#19000 = FILL_AREA_STYLE_COLOUR('',#18385);
#19001 = STYLED_ITEM('color',(#19002),#12282);
#19002 = PRESENTATION_STYLE_ASSIGNMENT((#19003));
#19003 = SURFACE_STYLE_USAGE(.BOTH.,#19004);
#19004 = SURFACE_SIDE_STYLE('',(#19005));
#19005 = SURFACE_STYLE_FILL_AREA(#19006);
#19006 = FILL_AREA_STYLE('',(#19007));
#19007 = FILL_AREA_STYLE_COLOUR('',#18739);
#19008 = STYLED_ITEM('color',(#19009),#12351);
#19009 = PRESENTATION_STYLE_ASSIGNMENT((#19010));
#19010 = SURFACE_STYLE_USAGE(.BOTH.,#19011);
#19011 = SURFACE_SIDE_STYLE('',(#19012));
#19012 = SURFACE_STYLE_FILL_AREA(#19013);
#19013 = FILL_AREA_STYLE('',(#19014));
#19014 = FILL_AREA_STYLE_COLOUR('',#18831);
#19015 = STYLED_ITEM('color',(#19016),#12382);
#19016 = PRESENTATION_STYLE_ASSIGNMENT((#19017));
#19017 = SURFACE_STYLE_USAGE(.BOTH.,#19018);
#19018 = SURFACE_SIDE_STYLE('',(#19019));
#19019 = SURFACE_STYLE_FILL_AREA(#19020);
#19020 = FILL_AREA_STYLE('',(#19021));
#19021 = FILL_AREA_STYLE_COLOUR('',#18831);
#19022 = STYLED_ITEM('color',(#19023),#12406);
#19023 = PRESENTATION_STYLE_ASSIGNMENT((#19024));
#19024 = SURFACE_STYLE_USAGE(.BOTH.,#19025);
#19025 = SURFACE_SIDE_STYLE('',(#19026));
#19026 = SURFACE_STYLE_FILL_AREA(#19027);
#19027 = FILL_AREA_STYLE('',(#19028));
#19028 = FILL_AREA_STYLE_COLOUR('',#18739);
#19029 = STYLED_ITEM('color',(#19030),#12475);
#19030 = PRESENTATION_STYLE_ASSIGNMENT((#19031));
#19031 = SURFACE_STYLE_USAGE(.BOTH.,#19032);
#19032 = SURFACE_SIDE_STYLE('',(#19033));
#19033 = SURFACE_STYLE_FILL_AREA(#19034);
#19034 = FILL_AREA_STYLE('',(#19035));
#19035 = FILL_AREA_STYLE_COLOUR('',#18831);
#19036 = STYLED_ITEM('color',(#19037),#12499);
#19037 = PRESENTATION_STYLE_ASSIGNMENT((#19038));
#19038 = SURFACE_STYLE_USAGE(.BOTH.,#19039);
#19039 = SURFACE_SIDE_STYLE('',(#19040));
#19040 = SURFACE_STYLE_FILL_AREA(#19041);
#19041 = FILL_AREA_STYLE('',(#19042));
#19042 = FILL_AREA_STYLE_COLOUR('',#18739);
#19043 = STYLED_ITEM('color',(#19044),#12516);
#19044 = PRESENTATION_STYLE_ASSIGNMENT((#19045));
#19045 = SURFACE_STYLE_USAGE(.BOTH.,#19046);
#19046 = SURFACE_SIDE_STYLE('',(#19047));
#19047 = SURFACE_STYLE_FILL_AREA(#19048);
#19048 = FILL_AREA_STYLE('',(#19049));
#19049 = FILL_AREA_STYLE_COLOUR('',#18739);
#19050 = STYLED_ITEM('color',(#19051),#12533);
#19051 = PRESENTATION_STYLE_ASSIGNMENT((#19052));
#19052 = SURFACE_STYLE_USAGE(.BOTH.,#19053);
#19053 = SURFACE_SIDE_STYLE('',(#19054));
#19054 = SURFACE_STYLE_FILL_AREA(#19055);
#19055 = FILL_AREA_STYLE('',(#19056));
#19056 = FILL_AREA_STYLE_COLOUR('',#18739);
#19057 = STYLED_ITEM('color',(#19058),#12550);
#19058 = PRESENTATION_STYLE_ASSIGNMENT((#19059));
#19059 = SURFACE_STYLE_USAGE(.BOTH.,#19060);
#19060 = SURFACE_SIDE_STYLE('',(#19061));
#19061 = SURFACE_STYLE_FILL_AREA(#19062);
#19062 = FILL_AREA_STYLE('',(#19063));
#19063 = FILL_AREA_STYLE_COLOUR('',#18739);
#19064 = STYLED_ITEM('color',(#19065),#12567);
#19065 = PRESENTATION_STYLE_ASSIGNMENT((#19066));
#19066 = SURFACE_STYLE_USAGE(.BOTH.,#19067);
#19067 = SURFACE_SIDE_STYLE('',(#19068));
#19068 = SURFACE_STYLE_FILL_AREA(#19069);
#19069 = FILL_AREA_STYLE('',(#19070));
#19070 = FILL_AREA_STYLE_COLOUR('',#18739);
#19071 = STYLED_ITEM('color',(#19072),#12584);
#19072 = PRESENTATION_STYLE_ASSIGNMENT((#19073));
#19073 = SURFACE_STYLE_USAGE(.BOTH.,#19074);
#19074 = SURFACE_SIDE_STYLE('',(#19075));
#19075 = SURFACE_STYLE_FILL_AREA(#19076);
#19076 = FILL_AREA_STYLE('',(#19077));
#19077 = FILL_AREA_STYLE_COLOUR('',#18739);
#19078 = STYLED_ITEM('color',(#19079),#12601);
#19079 = PRESENTATION_STYLE_ASSIGNMENT((#19080));
#19080 = SURFACE_STYLE_USAGE(.BOTH.,#19081);
#19081 = SURFACE_SIDE_STYLE('',(#19082));
#19082 = SURFACE_STYLE_FILL_AREA(#19083);
#19083 = FILL_AREA_STYLE('',(#19084));
#19084 = FILL_AREA_STYLE_COLOUR('',#18739);
#19085 = STYLED_ITEM('color',(#19086),#12618);
#19086 = PRESENTATION_STYLE_ASSIGNMENT((#19087));
#19087 = SURFACE_STYLE_USAGE(.BOTH.,#19088);
#19088 = SURFACE_SIDE_STYLE('',(#19089));
#19089 = SURFACE_STYLE_FILL_AREA(#19090);
#19090 = FILL_AREA_STYLE('',(#19091));
#19091 = FILL_AREA_STYLE_COLOUR('',#18831);
#19092 = STYLED_ITEM('color',(#19093),#12635);
#19093 = PRESENTATION_STYLE_ASSIGNMENT((#19094));
#19094 = SURFACE_STYLE_USAGE(.BOTH.,#19095);
#19095 = SURFACE_SIDE_STYLE('',(#19096));
#19096 = SURFACE_STYLE_FILL_AREA(#19097);
#19097 = FILL_AREA_STYLE('',(#19098));
#19098 = FILL_AREA_STYLE_COLOUR('',#18831);
#19099 = MECHANICAL_DESIGN_GEOMETRIC_PRESENTATION_REPRESENTATION('',(
    #19100,#19107,#19114,#19121,#19128,#19135,#19143,#19150,#19157,
    #19164,#19171,#19178,#19185,#19192,#19199,#19206,#19213,#19220,
    #19227,#19235,#19242,#19249,#19256,#19263,#19270,#19277,#19284),
  #3233);
#19100 = STYLED_ITEM('color',(#19101),#2515);
#19101 = PRESENTATION_STYLE_ASSIGNMENT((#19102));
#19102 = SURFACE_STYLE_USAGE(.BOTH.,#19103);
#19103 = SURFACE_SIDE_STYLE('',(#19104));
#19104 = SURFACE_STYLE_FILL_AREA(#19105);
#19105 = FILL_AREA_STYLE('',(#19106));
#19106 = FILL_AREA_STYLE_COLOUR('',#18739);
#19107 = STYLED_ITEM('color',(#19108),#2555);
#19108 = PRESENTATION_STYLE_ASSIGNMENT((#19109));
#19109 = SURFACE_STYLE_USAGE(.BOTH.,#19110);
#19110 = SURFACE_SIDE_STYLE('',(#19111));
#19111 = SURFACE_STYLE_FILL_AREA(#19112);
#19112 = FILL_AREA_STYLE('',(#19113));
#19113 = FILL_AREA_STYLE_COLOUR('',#18739);
#19114 = STYLED_ITEM('color',(#19115),#2590);
#19115 = PRESENTATION_STYLE_ASSIGNMENT((#19116));
#19116 = SURFACE_STYLE_USAGE(.BOTH.,#19117);
#19117 = SURFACE_SIDE_STYLE('',(#19118));
#19118 = SURFACE_STYLE_FILL_AREA(#19119);
#19119 = FILL_AREA_STYLE('',(#19120));
#19120 = FILL_AREA_STYLE_COLOUR('',#18739);
#19121 = STYLED_ITEM('color',(#19122),#2614);
#19122 = PRESENTATION_STYLE_ASSIGNMENT((#19123));
#19123 = SURFACE_STYLE_USAGE(.BOTH.,#19124);
#19124 = SURFACE_SIDE_STYLE('',(#19125));
#19125 = SURFACE_STYLE_FILL_AREA(#19126);
#19126 = FILL_AREA_STYLE('',(#19127));
#19127 = FILL_AREA_STYLE_COLOUR('',#18739);
#19128 = STYLED_ITEM('color',(#19129),#2642);
#19129 = PRESENTATION_STYLE_ASSIGNMENT((#19130));
#19130 = SURFACE_STYLE_USAGE(.BOTH.,#19131);
#19131 = SURFACE_SIDE_STYLE('',(#19132));
#19132 = SURFACE_STYLE_FILL_AREA(#19133);
#19133 = FILL_AREA_STYLE('',(#19134));
#19134 = FILL_AREA_STYLE_COLOUR('',#18739);
#19135 = STYLED_ITEM('color',(#19136),#2659);
#19136 = PRESENTATION_STYLE_ASSIGNMENT((#19137));
#19137 = SURFACE_STYLE_USAGE(.BOTH.,#19138);
#19138 = SURFACE_SIDE_STYLE('',(#19139));
#19139 = SURFACE_STYLE_FILL_AREA(#19140);
#19140 = FILL_AREA_STYLE('',(#19141));
#19141 = FILL_AREA_STYLE_COLOUR('',#19142);
#19142 = COLOUR_RGB('',0.147999998088,0.144999993226,0.144999993226);
#19143 = STYLED_ITEM('color',(#19144),#2689);
#19144 = PRESENTATION_STYLE_ASSIGNMENT((#19145));
#19145 = SURFACE_STYLE_USAGE(.BOTH.,#19146);
#19146 = SURFACE_SIDE_STYLE('',(#19147));
#19147 = SURFACE_STYLE_FILL_AREA(#19148);
#19148 = FILL_AREA_STYLE('',(#19149));
#19149 = FILL_AREA_STYLE_COLOUR('',#19142);
#19150 = STYLED_ITEM('color',(#19151),#2727);
#19151 = PRESENTATION_STYLE_ASSIGNMENT((#19152));
#19152 = SURFACE_STYLE_USAGE(.BOTH.,#19153);
#19153 = SURFACE_SIDE_STYLE('',(#19154));
#19154 = SURFACE_STYLE_FILL_AREA(#19155);
#19155 = FILL_AREA_STYLE('',(#19156));
#19156 = FILL_AREA_STYLE_COLOUR('',#19142);
#19157 = STYLED_ITEM('color',(#19158),#2750);
#19158 = PRESENTATION_STYLE_ASSIGNMENT((#19159));
#19159 = SURFACE_STYLE_USAGE(.BOTH.,#19160);
#19160 = SURFACE_SIDE_STYLE('',(#19161));
#19161 = SURFACE_STYLE_FILL_AREA(#19162);
#19162 = FILL_AREA_STYLE('',(#19163));
#19163 = FILL_AREA_STYLE_COLOUR('',#19142);
#19164 = STYLED_ITEM('color',(#19165),#2799);
#19165 = PRESENTATION_STYLE_ASSIGNMENT((#19166));
#19166 = SURFACE_STYLE_USAGE(.BOTH.,#19167);
#19167 = SURFACE_SIDE_STYLE('',(#19168));
#19168 = SURFACE_STYLE_FILL_AREA(#19169);
#19169 = FILL_AREA_STYLE('',(#19170));
#19170 = FILL_AREA_STYLE_COLOUR('',#19142);
#19171 = STYLED_ITEM('color',(#19172),#2822);
#19172 = PRESENTATION_STYLE_ASSIGNMENT((#19173));
#19173 = SURFACE_STYLE_USAGE(.BOTH.,#19174);
#19174 = SURFACE_SIDE_STYLE('',(#19175));
#19175 = SURFACE_STYLE_FILL_AREA(#19176);
#19176 = FILL_AREA_STYLE('',(#19177));
#19177 = FILL_AREA_STYLE_COLOUR('',#19142);
#19178 = STYLED_ITEM('color',(#19179),#2845);
#19179 = PRESENTATION_STYLE_ASSIGNMENT((#19180));
#19180 = SURFACE_STYLE_USAGE(.BOTH.,#19181);
#19181 = SURFACE_SIDE_STYLE('',(#19182));
#19182 = SURFACE_STYLE_FILL_AREA(#19183);
#19183 = FILL_AREA_STYLE('',(#19184));
#19184 = FILL_AREA_STYLE_COLOUR('',#19142);
#19185 = STYLED_ITEM('color',(#19186),#2903);
#19186 = PRESENTATION_STYLE_ASSIGNMENT((#19187));
#19187 = SURFACE_STYLE_USAGE(.BOTH.,#19188);
#19188 = SURFACE_SIDE_STYLE('',(#19189));
#19189 = SURFACE_STYLE_FILL_AREA(#19190);
#19190 = FILL_AREA_STYLE('',(#19191));
#19191 = FILL_AREA_STYLE_COLOUR('',#19142);
#19192 = STYLED_ITEM('color',(#19193),#2926);
#19193 = PRESENTATION_STYLE_ASSIGNMENT((#19194));
#19194 = SURFACE_STYLE_USAGE(.BOTH.,#19195);
#19195 = SURFACE_SIDE_STYLE('',(#19196));
#19196 = SURFACE_STYLE_FILL_AREA(#19197);
#19197 = FILL_AREA_STYLE('',(#19198));
#19198 = FILL_AREA_STYLE_COLOUR('',#19142);
#19199 = STYLED_ITEM('color',(#19200),#2942);
#19200 = PRESENTATION_STYLE_ASSIGNMENT((#19201));
#19201 = SURFACE_STYLE_USAGE(.BOTH.,#19202);
#19202 = SURFACE_SIDE_STYLE('',(#19203));
#19203 = SURFACE_STYLE_FILL_AREA(#19204);
#19204 = FILL_AREA_STYLE('',(#19205));
#19205 = FILL_AREA_STYLE_COLOUR('',#19142);
#19206 = STYLED_ITEM('color',(#19207),#2970);
#19207 = PRESENTATION_STYLE_ASSIGNMENT((#19208));
#19208 = SURFACE_STYLE_USAGE(.BOTH.,#19209);
#19209 = SURFACE_SIDE_STYLE('',(#19210));
#19210 = SURFACE_STYLE_FILL_AREA(#19211);
#19211 = FILL_AREA_STYLE('',(#19212));
#19212 = FILL_AREA_STYLE_COLOUR('',#18739);
#19213 = STYLED_ITEM('color',(#19214),#3001);
#19214 = PRESENTATION_STYLE_ASSIGNMENT((#19215));
#19215 = SURFACE_STYLE_USAGE(.BOTH.,#19216);
#19216 = SURFACE_SIDE_STYLE('',(#19217));
#19217 = SURFACE_STYLE_FILL_AREA(#19218);
#19218 = FILL_AREA_STYLE('',(#19219));
#19219 = FILL_AREA_STYLE_COLOUR('',#19142);
#19220 = STYLED_ITEM('color',(#19221),#3029);
#19221 = PRESENTATION_STYLE_ASSIGNMENT((#19222));
#19222 = SURFACE_STYLE_USAGE(.BOTH.,#19223);
#19223 = SURFACE_SIDE_STYLE('',(#19224));
#19224 = SURFACE_STYLE_FILL_AREA(#19225);
#19225 = FILL_AREA_STYLE('',(#19226));
#19226 = FILL_AREA_STYLE_COLOUR('',#19142);
#19227 = STYLED_ITEM('color',(#19228),#3048);
#19228 = PRESENTATION_STYLE_ASSIGNMENT((#19229));
#19229 = SURFACE_STYLE_USAGE(.BOTH.,#19230);
#19230 = SURFACE_SIDE_STYLE('',(#19231));
#19231 = SURFACE_STYLE_FILL_AREA(#19232);
#19232 = FILL_AREA_STYLE('',(#19233));
#19233 = FILL_AREA_STYLE_COLOUR('',#19234);
#19234 = COLOUR_RGB('',0.690999977303,0.663999984767,0.597999987832);
#19235 = STYLED_ITEM('color',(#19236),#3079);
#19236 = PRESENTATION_STYLE_ASSIGNMENT((#19237));
#19237 = SURFACE_STYLE_USAGE(.BOTH.,#19238);
#19238 = SURFACE_SIDE_STYLE('',(#19239));
#19239 = SURFACE_STYLE_FILL_AREA(#19240);
#19240 = FILL_AREA_STYLE('',(#19241));
#19241 = FILL_AREA_STYLE_COLOUR('',#19234);
#19242 = STYLED_ITEM('color',(#19243),#3103);
#19243 = PRESENTATION_STYLE_ASSIGNMENT((#19244));
#19244 = SURFACE_STYLE_USAGE(.BOTH.,#19245);
#19245 = SURFACE_SIDE_STYLE('',(#19246));
#19246 = SURFACE_STYLE_FILL_AREA(#19247);
#19247 = FILL_AREA_STYLE('',(#19248));
#19248 = FILL_AREA_STYLE_COLOUR('',#19234);
#19249 = STYLED_ITEM('color',(#19250),#3127);
#19250 = PRESENTATION_STYLE_ASSIGNMENT((#19251));
#19251 = SURFACE_STYLE_USAGE(.BOTH.,#19252);
#19252 = SURFACE_SIDE_STYLE('',(#19253));
#19253 = SURFACE_STYLE_FILL_AREA(#19254);
#19254 = FILL_AREA_STYLE('',(#19255));
#19255 = FILL_AREA_STYLE_COLOUR('',#19234);
#19256 = STYLED_ITEM('color',(#19257),#3144);
#19257 = PRESENTATION_STYLE_ASSIGNMENT((#19258));
#19258 = SURFACE_STYLE_USAGE(.BOTH.,#19259);
#19259 = SURFACE_SIDE_STYLE('',(#19260));
#19260 = SURFACE_STYLE_FILL_AREA(#19261);
#19261 = FILL_AREA_STYLE('',(#19262));
#19262 = FILL_AREA_STYLE_COLOUR('',#18739);
#19263 = STYLED_ITEM('color',(#19264),#3168);
#19264 = PRESENTATION_STYLE_ASSIGNMENT((#19265));
#19265 = SURFACE_STYLE_USAGE(.BOTH.,#19266);
#19266 = SURFACE_SIDE_STYLE('',(#19267));
#19267 = SURFACE_STYLE_FILL_AREA(#19268);
#19268 = FILL_AREA_STYLE('',(#19269));
#19269 = FILL_AREA_STYLE_COLOUR('',#18739);
#19270 = STYLED_ITEM('color',(#19271),#3192);
#19271 = PRESENTATION_STYLE_ASSIGNMENT((#19272));
#19272 = SURFACE_STYLE_USAGE(.BOTH.,#19273);
#19273 = SURFACE_SIDE_STYLE('',(#19274));
#19274 = SURFACE_STYLE_FILL_AREA(#19275);
#19275 = FILL_AREA_STYLE('',(#19276));
#19276 = FILL_AREA_STYLE_COLOUR('',#18739);
#19277 = STYLED_ITEM('color',(#19278),#3209);
#19278 = PRESENTATION_STYLE_ASSIGNMENT((#19279));
#19279 = SURFACE_STYLE_USAGE(.BOTH.,#19280);
#19280 = SURFACE_SIDE_STYLE('',(#19281));
#19281 = SURFACE_STYLE_FILL_AREA(#19282);
#19282 = FILL_AREA_STYLE('',(#19283));
#19283 = FILL_AREA_STYLE_COLOUR('',#18739);
#19284 = STYLED_ITEM('color',(#19285),#3221);
#19285 = PRESENTATION_STYLE_ASSIGNMENT((#19286));
#19286 = SURFACE_STYLE_USAGE(.BOTH.,#19287);
#19287 = SURFACE_SIDE_STYLE('',(#19288));
#19288 = SURFACE_STYLE_FILL_AREA(#19289);
#19289 = FILL_AREA_STYLE('',(#19290));
#19290 = FILL_AREA_STYLE_COLOUR('',#19234);
#19291 = MECHANICAL_DESIGN_GEOMETRIC_PRESENTATION_REPRESENTATION('',(
    #19292,#19299,#19306,#19313,#19320,#19327,#19334,#19341,#19348,
    #19355,#19362,#19369,#19376,#19383,#19390,#19397,#19404,#19411,
    #19418,#19425,#19432,#19439,#19446,#19453,#19460,#19467,#19474,
    #19481,#19488,#19495,#19502,#19509,#19516,#19523,#19530,#19537,
    #19544,#19551,#19558,#19565,#19572,#19579,#19586,#19593,#19600,
    #19607,#19614,#19621,#19628,#19635,#19642,#19649,#19656,#19663,
    #19670,#19677,#19684,#19691,#19698,#19705,#19712,#19719,#19726,
    #19733,#19740,#19747,#19754,#19761,#19768,#19775,#19782,#19789,
    #19796,#19803,#19810,#19817,#19824,#19831,#19838,#19845,#19852,
    #19859,#19866,#19873,#19880,#19887,#19894,#19901,#19908,#19915,
    #19922,#19929,#19936,#19943,#19950,#19957,#19964,#19971,#19978,
    #19985,#19992,#19999,#20006,#20013,#20020,#20027,#20034,#20041,
    #20048),#15850);
#19292 = STYLED_ITEM('color',(#19293),#12691);
#19293 = PRESENTATION_STYLE_ASSIGNMENT((#19294));
#19294 = SURFACE_STYLE_USAGE(.BOTH.,#19295);
#19295 = SURFACE_SIDE_STYLE('',(#19296));
#19296 = SURFACE_STYLE_FILL_AREA(#19297);
#19297 = FILL_AREA_STYLE('',(#19298));
#19298 = FILL_AREA_STYLE_COLOUR('',#17850);
#19299 = STYLED_ITEM('color',(#19300),#12729);
#19300 = PRESENTATION_STYLE_ASSIGNMENT((#19301));
#19301 = SURFACE_STYLE_USAGE(.BOTH.,#19302);
#19302 = SURFACE_SIDE_STYLE('',(#19303));
#19303 = SURFACE_STYLE_FILL_AREA(#19304);
#19304 = FILL_AREA_STYLE('',(#19305));
#19305 = FILL_AREA_STYLE_COLOUR('',#17850);
#19306 = STYLED_ITEM('color',(#19307),#12792);
#19307 = PRESENTATION_STYLE_ASSIGNMENT((#19308));
#19308 = SURFACE_STYLE_USAGE(.BOTH.,#19309);
#19309 = SURFACE_SIDE_STYLE('',(#19310));
#19310 = SURFACE_STYLE_FILL_AREA(#19311);
#19311 = FILL_AREA_STYLE('',(#19312));
#19312 = FILL_AREA_STYLE_COLOUR('',#17850);
#19313 = STYLED_ITEM('color',(#19314),#12815);
#19314 = PRESENTATION_STYLE_ASSIGNMENT((#19315));
#19315 = SURFACE_STYLE_USAGE(.BOTH.,#19316);
#19316 = SURFACE_SIDE_STYLE('',(#19317));
#19317 = SURFACE_STYLE_FILL_AREA(#19318);
#19318 = FILL_AREA_STYLE('',(#19319));
#19319 = FILL_AREA_STYLE_COLOUR('',#17850);
#19320 = STYLED_ITEM('color',(#19321),#12844);
#19321 = PRESENTATION_STYLE_ASSIGNMENT((#19322));
#19322 = SURFACE_STYLE_USAGE(.BOTH.,#19323);
#19323 = SURFACE_SIDE_STYLE('',(#19324));
#19324 = SURFACE_STYLE_FILL_AREA(#19325);
#19325 = FILL_AREA_STYLE('',(#19326));
#19326 = FILL_AREA_STYLE_COLOUR('',#17850);
#19327 = STYLED_ITEM('color',(#19328),#12867);
#19328 = PRESENTATION_STYLE_ASSIGNMENT((#19329));
#19329 = SURFACE_STYLE_USAGE(.BOTH.,#19330);
#19330 = SURFACE_SIDE_STYLE('',(#19331));
#19331 = SURFACE_STYLE_FILL_AREA(#19332);
#19332 = FILL_AREA_STYLE('',(#19333));
#19333 = FILL_AREA_STYLE_COLOUR('',#17850);
#19334 = STYLED_ITEM('color',(#19335),#12922);
#19335 = PRESENTATION_STYLE_ASSIGNMENT((#19336));
#19336 = SURFACE_STYLE_USAGE(.BOTH.,#19337);
#19337 = SURFACE_SIDE_STYLE('',(#19338));
#19338 = SURFACE_STYLE_FILL_AREA(#19339);
#19339 = FILL_AREA_STYLE('',(#19340));
#19340 = FILL_AREA_STYLE_COLOUR('',#17850);
#19341 = STYLED_ITEM('color',(#19342),#12945);
#19342 = PRESENTATION_STYLE_ASSIGNMENT((#19343));
#19343 = SURFACE_STYLE_USAGE(.BOTH.,#19344);
#19344 = SURFACE_SIDE_STYLE('',(#19345));
#19345 = SURFACE_STYLE_FILL_AREA(#19346);
#19346 = FILL_AREA_STYLE('',(#19347));
#19347 = FILL_AREA_STYLE_COLOUR('',#17850);
#19348 = STYLED_ITEM('color',(#19349),#12968);
#19349 = PRESENTATION_STYLE_ASSIGNMENT((#19350));
#19350 = SURFACE_STYLE_USAGE(.BOTH.,#19351);
#19351 = SURFACE_SIDE_STYLE('',(#19352));
#19352 = SURFACE_STYLE_FILL_AREA(#19353);
#19353 = FILL_AREA_STYLE('',(#19354));
#19354 = FILL_AREA_STYLE_COLOUR('',#17850);
#19355 = STYLED_ITEM('color',(#19356),#12991);
#19356 = PRESENTATION_STYLE_ASSIGNMENT((#19357));
#19357 = SURFACE_STYLE_USAGE(.BOTH.,#19358);
#19358 = SURFACE_SIDE_STYLE('',(#19359));
#19359 = SURFACE_STYLE_FILL_AREA(#19360);
#19360 = FILL_AREA_STYLE('',(#19361));
#19361 = FILL_AREA_STYLE_COLOUR('',#17850);
#19362 = STYLED_ITEM('color',(#19363),#13056);
#19363 = PRESENTATION_STYLE_ASSIGNMENT((#19364));
#19364 = SURFACE_STYLE_USAGE(.BOTH.,#19365);
#19365 = SURFACE_SIDE_STYLE('',(#19366));
#19366 = SURFACE_STYLE_FILL_AREA(#19367);
#19367 = FILL_AREA_STYLE('',(#19368));
#19368 = FILL_AREA_STYLE_COLOUR('',#17850);
#19369 = STYLED_ITEM('color',(#19370),#13079);
#19370 = PRESENTATION_STYLE_ASSIGNMENT((#19371));
#19371 = SURFACE_STYLE_USAGE(.BOTH.,#19372);
#19372 = SURFACE_SIDE_STYLE('',(#19373));
#19373 = SURFACE_STYLE_FILL_AREA(#19374);
#19374 = FILL_AREA_STYLE('',(#19375));
#19375 = FILL_AREA_STYLE_COLOUR('',#17850);
#19376 = STYLED_ITEM('color',(#19377),#13108);
#19377 = PRESENTATION_STYLE_ASSIGNMENT((#19378));
#19378 = SURFACE_STYLE_USAGE(.BOTH.,#19379);
#19379 = SURFACE_SIDE_STYLE('',(#19380));
#19380 = SURFACE_STYLE_FILL_AREA(#19381);
#19381 = FILL_AREA_STYLE('',(#19382));
#19382 = FILL_AREA_STYLE_COLOUR('',#17850);
#19383 = STYLED_ITEM('color',(#19384),#13131);
#19384 = PRESENTATION_STYLE_ASSIGNMENT((#19385));
#19385 = SURFACE_STYLE_USAGE(.BOTH.,#19386);
#19386 = SURFACE_SIDE_STYLE('',(#19387));
#19387 = SURFACE_STYLE_FILL_AREA(#19388);
#19388 = FILL_AREA_STYLE('',(#19389));
#19389 = FILL_AREA_STYLE_COLOUR('',#17850);
#19390 = STYLED_ITEM('color',(#19391),#13155);
#19391 = PRESENTATION_STYLE_ASSIGNMENT((#19392));
#19392 = SURFACE_STYLE_USAGE(.BOTH.,#19393);
#19393 = SURFACE_SIDE_STYLE('',(#19394));
#19394 = SURFACE_STYLE_FILL_AREA(#19395);
#19395 = FILL_AREA_STYLE('',(#19396));
#19396 = FILL_AREA_STYLE_COLOUR('',#17850);
#19397 = STYLED_ITEM('color',(#19398),#13185);
#19398 = PRESENTATION_STYLE_ASSIGNMENT((#19399));
#19399 = SURFACE_STYLE_USAGE(.BOTH.,#19400);
#19400 = SURFACE_SIDE_STYLE('',(#19401));
#19401 = SURFACE_STYLE_FILL_AREA(#19402);
#19402 = FILL_AREA_STYLE('',(#19403));
#19403 = FILL_AREA_STYLE_COLOUR('',#17956);
#19404 = STYLED_ITEM('color',(#19405),#13216);
#19405 = PRESENTATION_STYLE_ASSIGNMENT((#19406));
#19406 = SURFACE_STYLE_USAGE(.BOTH.,#19407);
#19407 = SURFACE_SIDE_STYLE('',(#19408));
#19408 = SURFACE_STYLE_FILL_AREA(#19409);
#19409 = FILL_AREA_STYLE('',(#19410));
#19410 = FILL_AREA_STYLE_COLOUR('',#17956);
#19411 = STYLED_ITEM('color',(#19412),#13247);
#19412 = PRESENTATION_STYLE_ASSIGNMENT((#19413));
#19413 = SURFACE_STYLE_USAGE(.BOTH.,#19414);
#19414 = SURFACE_SIDE_STYLE('',(#19415));
#19415 = SURFACE_STYLE_FILL_AREA(#19416);
#19416 = FILL_AREA_STYLE('',(#19417));
#19417 = FILL_AREA_STYLE_COLOUR('',#17850);
#19418 = STYLED_ITEM('color',(#19419),#13278);
#19419 = PRESENTATION_STYLE_ASSIGNMENT((#19420));
#19420 = SURFACE_STYLE_USAGE(.BOTH.,#19421);
#19421 = SURFACE_SIDE_STYLE('',(#19422));
#19422 = SURFACE_STYLE_FILL_AREA(#19423);
#19423 = FILL_AREA_STYLE('',(#19424));
#19424 = FILL_AREA_STYLE_COLOUR('',#17850);
#19425 = STYLED_ITEM('color',(#19426),#13301);
#19426 = PRESENTATION_STYLE_ASSIGNMENT((#19427));
#19427 = SURFACE_STYLE_USAGE(.BOTH.,#19428);
#19428 = SURFACE_SIDE_STYLE('',(#19429));
#19429 = SURFACE_STYLE_FILL_AREA(#19430);
#19430 = FILL_AREA_STYLE('',(#19431));
#19431 = FILL_AREA_STYLE_COLOUR('',#17850);
#19432 = STYLED_ITEM('color',(#19433),#13324);
#19433 = PRESENTATION_STYLE_ASSIGNMENT((#19434));
#19434 = SURFACE_STYLE_USAGE(.BOTH.,#19435);
#19435 = SURFACE_SIDE_STYLE('',(#19436));
#19436 = SURFACE_STYLE_FILL_AREA(#19437);
#19437 = FILL_AREA_STYLE('',(#19438));
#19438 = FILL_AREA_STYLE_COLOUR('',#17850);
#19439 = STYLED_ITEM('color',(#19440),#13347);
#19440 = PRESENTATION_STYLE_ASSIGNMENT((#19441));
#19441 = SURFACE_STYLE_USAGE(.BOTH.,#19442);
#19442 = SURFACE_SIDE_STYLE('',(#19443));
#19443 = SURFACE_STYLE_FILL_AREA(#19444);
#19444 = FILL_AREA_STYLE('',(#19445));
#19445 = FILL_AREA_STYLE_COLOUR('',#17850);
#19446 = STYLED_ITEM('color',(#19447),#13371);
#19447 = PRESENTATION_STYLE_ASSIGNMENT((#19448));
#19448 = SURFACE_STYLE_USAGE(.BOTH.,#19449);
#19449 = SURFACE_SIDE_STYLE('',(#19450));
#19450 = SURFACE_STYLE_FILL_AREA(#19451);
#19451 = FILL_AREA_STYLE('',(#19452));
#19452 = FILL_AREA_STYLE_COLOUR('',#17850);
#19453 = STYLED_ITEM('color',(#19454),#13395);
#19454 = PRESENTATION_STYLE_ASSIGNMENT((#19455));
#19455 = SURFACE_STYLE_USAGE(.BOTH.,#19456);
#19456 = SURFACE_SIDE_STYLE('',(#19457));
#19457 = SURFACE_STYLE_FILL_AREA(#19458);
#19458 = FILL_AREA_STYLE('',(#19459));
#19459 = FILL_AREA_STYLE_COLOUR('',#17956);
#19460 = STYLED_ITEM('color',(#19461),#13426);
#19461 = PRESENTATION_STYLE_ASSIGNMENT((#19462));
#19462 = SURFACE_STYLE_USAGE(.BOTH.,#19463);
#19463 = SURFACE_SIDE_STYLE('',(#19464));
#19464 = SURFACE_STYLE_FILL_AREA(#19465);
#19465 = FILL_AREA_STYLE('',(#19466));
#19466 = FILL_AREA_STYLE_COLOUR('',#17956);
#19467 = STYLED_ITEM('color',(#19468),#13457);
#19468 = PRESENTATION_STYLE_ASSIGNMENT((#19469));
#19469 = SURFACE_STYLE_USAGE(.BOTH.,#19470);
#19470 = SURFACE_SIDE_STYLE('',(#19471));
#19471 = SURFACE_STYLE_FILL_AREA(#19472);
#19472 = FILL_AREA_STYLE('',(#19473));
#19473 = FILL_AREA_STYLE_COLOUR('',#17850);
#19474 = STYLED_ITEM('color',(#19475),#13488);
#19475 = PRESENTATION_STYLE_ASSIGNMENT((#19476));
#19476 = SURFACE_STYLE_USAGE(.BOTH.,#19477);
#19477 = SURFACE_SIDE_STYLE('',(#19478));
#19478 = SURFACE_STYLE_FILL_AREA(#19479);
#19479 = FILL_AREA_STYLE('',(#19480));
#19480 = FILL_AREA_STYLE_COLOUR('',#17850);
#19481 = STYLED_ITEM('color',(#19482),#13519);
#19482 = PRESENTATION_STYLE_ASSIGNMENT((#19483));
#19483 = SURFACE_STYLE_USAGE(.BOTH.,#19484);
#19484 = SURFACE_SIDE_STYLE('',(#19485));
#19485 = SURFACE_STYLE_FILL_AREA(#19486);
#19486 = FILL_AREA_STYLE('',(#19487));
#19487 = FILL_AREA_STYLE_COLOUR('',#17956);
#19488 = STYLED_ITEM('color',(#19489),#13550);
#19489 = PRESENTATION_STYLE_ASSIGNMENT((#19490));
#19490 = SURFACE_STYLE_USAGE(.BOTH.,#19491);
#19491 = SURFACE_SIDE_STYLE('',(#19492));
#19492 = SURFACE_STYLE_FILL_AREA(#19493);
#19493 = FILL_AREA_STYLE('',(#19494));
#19494 = FILL_AREA_STYLE_COLOUR('',#17850);
#19495 = STYLED_ITEM('color',(#19496),#13573);
#19496 = PRESENTATION_STYLE_ASSIGNMENT((#19497));
#19497 = SURFACE_STYLE_USAGE(.BOTH.,#19498);
#19498 = SURFACE_SIDE_STYLE('',(#19499));
#19499 = SURFACE_STYLE_FILL_AREA(#19500);
#19500 = FILL_AREA_STYLE('',(#19501));
#19501 = FILL_AREA_STYLE_COLOUR('',#17850);
#19502 = STYLED_ITEM('color',(#19503),#13602);
#19503 = PRESENTATION_STYLE_ASSIGNMENT((#19504));
#19504 = SURFACE_STYLE_USAGE(.BOTH.,#19505);
#19505 = SURFACE_SIDE_STYLE('',(#19506));
#19506 = SURFACE_STYLE_FILL_AREA(#19507);
#19507 = FILL_AREA_STYLE('',(#19508));
#19508 = FILL_AREA_STYLE_COLOUR('',#17850);
#19509 = STYLED_ITEM('color',(#19510),#13625);
#19510 = PRESENTATION_STYLE_ASSIGNMENT((#19511));
#19511 = SURFACE_STYLE_USAGE(.BOTH.,#19512);
#19512 = SURFACE_SIDE_STYLE('',(#19513));
#19513 = SURFACE_STYLE_FILL_AREA(#19514);
#19514 = FILL_AREA_STYLE('',(#19515));
#19515 = FILL_AREA_STYLE_COLOUR('',#17850);
#19516 = STYLED_ITEM('color',(#19517),#13649);
#19517 = PRESENTATION_STYLE_ASSIGNMENT((#19518));
#19518 = SURFACE_STYLE_USAGE(.BOTH.,#19519);
#19519 = SURFACE_SIDE_STYLE('',(#19520));
#19520 = SURFACE_STYLE_FILL_AREA(#19521);
#19521 = FILL_AREA_STYLE('',(#19522));
#19522 = FILL_AREA_STYLE_COLOUR('',#17956);
#19523 = STYLED_ITEM('color',(#19524),#13741);
#19524 = PRESENTATION_STYLE_ASSIGNMENT((#19525));
#19525 = SURFACE_STYLE_USAGE(.BOTH.,#19526);
#19526 = SURFACE_SIDE_STYLE('',(#19527));
#19527 = SURFACE_STYLE_FILL_AREA(#19528);
#19528 = FILL_AREA_STYLE('',(#19529));
#19529 = FILL_AREA_STYLE_COLOUR('',#17956);
#19530 = STYLED_ITEM('color',(#19531),#13833);
#19531 = PRESENTATION_STYLE_ASSIGNMENT((#19532));
#19532 = SURFACE_STYLE_USAGE(.BOTH.,#19533);
#19533 = SURFACE_SIDE_STYLE('',(#19534));
#19534 = SURFACE_STYLE_FILL_AREA(#19535);
#19535 = FILL_AREA_STYLE('',(#19536));
#19536 = FILL_AREA_STYLE_COLOUR('',#17850);
#19537 = STYLED_ITEM('color',(#19538),#13863);
#19538 = PRESENTATION_STYLE_ASSIGNMENT((#19539));
#19539 = SURFACE_STYLE_USAGE(.BOTH.,#19540);
#19540 = SURFACE_SIDE_STYLE('',(#19541));
#19541 = SURFACE_STYLE_FILL_AREA(#19542);
#19542 = FILL_AREA_STYLE('',(#19543));
#19543 = FILL_AREA_STYLE_COLOUR('',#17956);
#19544 = STYLED_ITEM('color',(#19545),#13888);
#19545 = PRESENTATION_STYLE_ASSIGNMENT((#19546));
#19546 = SURFACE_STYLE_USAGE(.BOTH.,#19547);
#19547 = SURFACE_SIDE_STYLE('',(#19548));
#19548 = SURFACE_STYLE_FILL_AREA(#19549);
#19549 = FILL_AREA_STYLE('',(#19550));
#19550 = FILL_AREA_STYLE_COLOUR('',#17956);
#19551 = STYLED_ITEM('color',(#19552),#13972);
#19552 = PRESENTATION_STYLE_ASSIGNMENT((#19553));
#19553 = SURFACE_STYLE_USAGE(.BOTH.,#19554);
#19554 = SURFACE_SIDE_STYLE('',(#19555));
#19555 = SURFACE_STYLE_FILL_AREA(#19556);
#19556 = FILL_AREA_STYLE('',(#19557));
#19557 = FILL_AREA_STYLE_COLOUR('',#17956);
#19558 = STYLED_ITEM('color',(#19559),#14064);
#19559 = PRESENTATION_STYLE_ASSIGNMENT((#19560));
#19560 = SURFACE_STYLE_USAGE(.BOTH.,#19561);
#19561 = SURFACE_SIDE_STYLE('',(#19562));
#19562 = SURFACE_STYLE_FILL_AREA(#19563);
#19563 = FILL_AREA_STYLE('',(#19564));
#19564 = FILL_AREA_STYLE_COLOUR('',#17956);
#19565 = STYLED_ITEM('color',(#19566),#14081);
#19566 = PRESENTATION_STYLE_ASSIGNMENT((#19567));
#19567 = SURFACE_STYLE_USAGE(.BOTH.,#19568);
#19568 = SURFACE_SIDE_STYLE('',(#19569));
#19569 = SURFACE_STYLE_FILL_AREA(#19570);
#19570 = FILL_AREA_STYLE('',(#19571));
#19571 = FILL_AREA_STYLE_COLOUR('',#17850);
#19572 = STYLED_ITEM('color',(#19573),#14112);
#19573 = PRESENTATION_STYLE_ASSIGNMENT((#19574));
#19574 = SURFACE_STYLE_USAGE(.BOTH.,#19575);
#19575 = SURFACE_SIDE_STYLE('',(#19576));
#19576 = SURFACE_STYLE_FILL_AREA(#19577);
#19577 = FILL_AREA_STYLE('',(#19578));
#19578 = FILL_AREA_STYLE_COLOUR('',#17850);
#19579 = STYLED_ITEM('color',(#19580),#14135);
#19580 = PRESENTATION_STYLE_ASSIGNMENT((#19581));
#19581 = SURFACE_STYLE_USAGE(.BOTH.,#19582);
#19582 = SURFACE_SIDE_STYLE('',(#19583));
#19583 = SURFACE_STYLE_FILL_AREA(#19584);
#19584 = FILL_AREA_STYLE('',(#19585));
#19585 = FILL_AREA_STYLE_COLOUR('',#17850);
#19586 = STYLED_ITEM('color',(#19587),#14158);
#19587 = PRESENTATION_STYLE_ASSIGNMENT((#19588));
#19588 = SURFACE_STYLE_USAGE(.BOTH.,#19589);
#19589 = SURFACE_SIDE_STYLE('',(#19590));
#19590 = SURFACE_STYLE_FILL_AREA(#19591);
#19591 = FILL_AREA_STYLE('',(#19592));
#19592 = FILL_AREA_STYLE_COLOUR('',#17850);
#19593 = STYLED_ITEM('color',(#19594),#14181);
#19594 = PRESENTATION_STYLE_ASSIGNMENT((#19595));
#19595 = SURFACE_STYLE_USAGE(.BOTH.,#19596);
#19596 = SURFACE_SIDE_STYLE('',(#19597));
#19597 = SURFACE_STYLE_FILL_AREA(#19598);
#19598 = FILL_AREA_STYLE('',(#19599));
#19599 = FILL_AREA_STYLE_COLOUR('',#17850);
#19600 = STYLED_ITEM('color',(#19601),#14205);
#19601 = PRESENTATION_STYLE_ASSIGNMENT((#19602));
#19602 = SURFACE_STYLE_USAGE(.BOTH.,#19603);
#19603 = SURFACE_SIDE_STYLE('',(#19604));
#19604 = SURFACE_STYLE_FILL_AREA(#19605);
#19605 = FILL_AREA_STYLE('',(#19606));
#19606 = FILL_AREA_STYLE_COLOUR('',#17956);
#19607 = STYLED_ITEM('color',(#19608),#14297);
#19608 = PRESENTATION_STYLE_ASSIGNMENT((#19609));
#19609 = SURFACE_STYLE_USAGE(.BOTH.,#19610);
#19610 = SURFACE_SIDE_STYLE('',(#19611));
#19611 = SURFACE_STYLE_FILL_AREA(#19612);
#19612 = FILL_AREA_STYLE('',(#19613));
#19613 = FILL_AREA_STYLE_COLOUR('',#17956);
#19614 = STYLED_ITEM('color',(#19615),#14389);
#19615 = PRESENTATION_STYLE_ASSIGNMENT((#19616));
#19616 = SURFACE_STYLE_USAGE(.BOTH.,#19617);
#19617 = SURFACE_SIDE_STYLE('',(#19618));
#19618 = SURFACE_STYLE_FILL_AREA(#19619);
#19619 = FILL_AREA_STYLE('',(#19620));
#19620 = FILL_AREA_STYLE_COLOUR('',#17850);
#19621 = STYLED_ITEM('color',(#19622),#14413);
#19622 = PRESENTATION_STYLE_ASSIGNMENT((#19623));
#19623 = SURFACE_STYLE_USAGE(.BOTH.,#19624);
#19624 = SURFACE_SIDE_STYLE('',(#19625));
#19625 = SURFACE_STYLE_FILL_AREA(#19626);
#19626 = FILL_AREA_STYLE('',(#19627));
#19627 = FILL_AREA_STYLE_COLOUR('',#17956);
#19628 = STYLED_ITEM('color',(#19629),#14438);
#19629 = PRESENTATION_STYLE_ASSIGNMENT((#19630));
#19630 = SURFACE_STYLE_USAGE(.BOTH.,#19631);
#19631 = SURFACE_SIDE_STYLE('',(#19632));
#19632 = SURFACE_STYLE_FILL_AREA(#19633);
#19633 = FILL_AREA_STYLE('',(#19634));
#19634 = FILL_AREA_STYLE_COLOUR('',#17956);
#19635 = STYLED_ITEM('color',(#19636),#14522);
#19636 = PRESENTATION_STYLE_ASSIGNMENT((#19637));
#19637 = SURFACE_STYLE_USAGE(.BOTH.,#19638);
#19638 = SURFACE_SIDE_STYLE('',(#19639));
#19639 = SURFACE_STYLE_FILL_AREA(#19640);
#19640 = FILL_AREA_STYLE('',(#19641));
#19641 = FILL_AREA_STYLE_COLOUR('',#17956);
#19642 = STYLED_ITEM('color',(#19643),#14614);
#19643 = PRESENTATION_STYLE_ASSIGNMENT((#19644));
#19644 = SURFACE_STYLE_USAGE(.BOTH.,#19645);
#19645 = SURFACE_SIDE_STYLE('',(#19646));
#19646 = SURFACE_STYLE_FILL_AREA(#19647);
#19647 = FILL_AREA_STYLE('',(#19648));
#19648 = FILL_AREA_STYLE_COLOUR('',#17956);
#19649 = STYLED_ITEM('color',(#19650),#14631);
#19650 = PRESENTATION_STYLE_ASSIGNMENT((#19651));
#19651 = SURFACE_STYLE_USAGE(.BOTH.,#19652);
#19652 = SURFACE_SIDE_STYLE('',(#19653));
#19653 = SURFACE_STYLE_FILL_AREA(#19654);
#19654 = FILL_AREA_STYLE('',(#19655));
#19655 = FILL_AREA_STYLE_COLOUR('',#17850);
#19656 = STYLED_ITEM('color',(#19657),#14662);
#19657 = PRESENTATION_STYLE_ASSIGNMENT((#19658));
#19658 = SURFACE_STYLE_USAGE(.BOTH.,#19659);
#19659 = SURFACE_SIDE_STYLE('',(#19660));
#19660 = SURFACE_STYLE_FILL_AREA(#19661);
#19661 = FILL_AREA_STYLE('',(#19662));
#19662 = FILL_AREA_STYLE_COLOUR('',#17956);
#19663 = STYLED_ITEM('color',(#19664),#14754);
#19664 = PRESENTATION_STYLE_ASSIGNMENT((#19665));
#19665 = SURFACE_STYLE_USAGE(.BOTH.,#19666);
#19666 = SURFACE_SIDE_STYLE('',(#19667));
#19667 = SURFACE_STYLE_FILL_AREA(#19668);
#19668 = FILL_AREA_STYLE('',(#19669));
#19669 = FILL_AREA_STYLE_COLOUR('',#17956);
#19670 = STYLED_ITEM('color',(#19671),#14846);
#19671 = PRESENTATION_STYLE_ASSIGNMENT((#19672));
#19672 = SURFACE_STYLE_USAGE(.BOTH.,#19673);
#19673 = SURFACE_SIDE_STYLE('',(#19674));
#19674 = SURFACE_STYLE_FILL_AREA(#19675);
#19675 = FILL_AREA_STYLE('',(#19676));
#19676 = FILL_AREA_STYLE_COLOUR('',#17850);
#19677 = STYLED_ITEM('color',(#19678),#14877);
#19678 = PRESENTATION_STYLE_ASSIGNMENT((#19679));
#19679 = SURFACE_STYLE_USAGE(.BOTH.,#19680);
#19680 = SURFACE_SIDE_STYLE('',(#19681));
#19681 = SURFACE_STYLE_FILL_AREA(#19682);
#19682 = FILL_AREA_STYLE('',(#19683));
#19683 = FILL_AREA_STYLE_COLOUR('',#17956);
#19684 = STYLED_ITEM('color',(#19685),#14894);
#19685 = PRESENTATION_STYLE_ASSIGNMENT((#19686));
#19686 = SURFACE_STYLE_USAGE(.BOTH.,#19687);
#19687 = SURFACE_SIDE_STYLE('',(#19688));
#19688 = SURFACE_STYLE_FILL_AREA(#19689);
#19689 = FILL_AREA_STYLE('',(#19690));
#19690 = FILL_AREA_STYLE_COLOUR('',#17850);
#19691 = STYLED_ITEM('color',(#19692),#14917);
#19692 = PRESENTATION_STYLE_ASSIGNMENT((#19693));
#19693 = SURFACE_STYLE_USAGE(.BOTH.,#19694);
#19694 = SURFACE_SIDE_STYLE('',(#19695));
#19695 = SURFACE_STYLE_FILL_AREA(#19696);
#19696 = FILL_AREA_STYLE('',(#19697));
#19697 = FILL_AREA_STYLE_COLOUR('',#17850);
#19698 = STYLED_ITEM('color',(#19699),#14973);
#19699 = PRESENTATION_STYLE_ASSIGNMENT((#19700));
#19700 = SURFACE_STYLE_USAGE(.BOTH.,#19701);
#19701 = SURFACE_SIDE_STYLE('',(#19702));
#19702 = SURFACE_STYLE_FILL_AREA(#19703);
#19703 = FILL_AREA_STYLE('',(#19704));
#19704 = FILL_AREA_STYLE_COLOUR('',#17850);
#19705 = STYLED_ITEM('color',(#19706),#14989);
#19706 = PRESENTATION_STYLE_ASSIGNMENT((#19707));
#19707 = SURFACE_STYLE_USAGE(.BOTH.,#19708);
#19708 = SURFACE_SIDE_STYLE('',(#19709));
#19709 = SURFACE_STYLE_FILL_AREA(#19710);
#19710 = FILL_AREA_STYLE('',(#19711));
#19711 = FILL_AREA_STYLE_COLOUR('',#17850);
#19712 = STYLED_ITEM('color',(#19713),#15019);
#19713 = PRESENTATION_STYLE_ASSIGNMENT((#19714));
#19714 = SURFACE_STYLE_USAGE(.BOTH.,#19715);
#19715 = SURFACE_SIDE_STYLE('',(#19716));
#19716 = SURFACE_STYLE_FILL_AREA(#19717);
#19717 = FILL_AREA_STYLE('',(#19718));
#19718 = FILL_AREA_STYLE_COLOUR('',#17956);
#19719 = STYLED_ITEM('color',(#19720),#15038);
#19720 = PRESENTATION_STYLE_ASSIGNMENT((#19721));
#19721 = SURFACE_STYLE_USAGE(.BOTH.,#19722);
#19722 = SURFACE_SIDE_STYLE('',(#19723));
#19723 = SURFACE_STYLE_FILL_AREA(#19724);
#19724 = FILL_AREA_STYLE('',(#19725));
#19725 = FILL_AREA_STYLE_COLOUR('',#17956);
#19726 = STYLED_ITEM('color',(#19727),#15055);
#19727 = PRESENTATION_STYLE_ASSIGNMENT((#19728));
#19728 = SURFACE_STYLE_USAGE(.BOTH.,#19729);
#19729 = SURFACE_SIDE_STYLE('',(#19730));
#19730 = SURFACE_STYLE_FILL_AREA(#19731);
#19731 = FILL_AREA_STYLE('',(#19732));
#19732 = FILL_AREA_STYLE_COLOUR('',#17956);
#19733 = STYLED_ITEM('color',(#19734),#15072);
#19734 = PRESENTATION_STYLE_ASSIGNMENT((#19735));
#19735 = SURFACE_STYLE_USAGE(.BOTH.,#19736);
#19736 = SURFACE_SIDE_STYLE('',(#19737));
#19737 = SURFACE_STYLE_FILL_AREA(#19738);
#19738 = FILL_AREA_STYLE('',(#19739));
#19739 = FILL_AREA_STYLE_COLOUR('',#17956);
#19740 = STYLED_ITEM('color',(#19741),#15089);
#19741 = PRESENTATION_STYLE_ASSIGNMENT((#19742));
#19742 = SURFACE_STYLE_USAGE(.BOTH.,#19743);
#19743 = SURFACE_SIDE_STYLE('',(#19744));
#19744 = SURFACE_STYLE_FILL_AREA(#19745);
#19745 = FILL_AREA_STYLE('',(#19746));
#19746 = FILL_AREA_STYLE_COLOUR('',#17956);
#19747 = STYLED_ITEM('color',(#19748),#15106);
#19748 = PRESENTATION_STYLE_ASSIGNMENT((#19749));
#19749 = SURFACE_STYLE_USAGE(.BOTH.,#19750);
#19750 = SURFACE_SIDE_STYLE('',(#19751));
#19751 = SURFACE_STYLE_FILL_AREA(#19752);
#19752 = FILL_AREA_STYLE('',(#19753));
#19753 = FILL_AREA_STYLE_COLOUR('',#17956);
#19754 = STYLED_ITEM('color',(#19755),#15123);
#19755 = PRESENTATION_STYLE_ASSIGNMENT((#19756));
#19756 = SURFACE_STYLE_USAGE(.BOTH.,#19757);
#19757 = SURFACE_SIDE_STYLE('',(#19758));
#19758 = SURFACE_STYLE_FILL_AREA(#19759);
#19759 = FILL_AREA_STYLE('',(#19760));
#19760 = FILL_AREA_STYLE_COLOUR('',#17956);
#19761 = STYLED_ITEM('color',(#19762),#15140);
#19762 = PRESENTATION_STYLE_ASSIGNMENT((#19763));
#19763 = SURFACE_STYLE_USAGE(.BOTH.,#19764);
#19764 = SURFACE_SIDE_STYLE('',(#19765));
#19765 = SURFACE_STYLE_FILL_AREA(#19766);
#19766 = FILL_AREA_STYLE('',(#19767));
#19767 = FILL_AREA_STYLE_COLOUR('',#17956);
#19768 = STYLED_ITEM('color',(#19769),#15157);
#19769 = PRESENTATION_STYLE_ASSIGNMENT((#19770));
#19770 = SURFACE_STYLE_USAGE(.BOTH.,#19771);
#19771 = SURFACE_SIDE_STYLE('',(#19772));
#19772 = SURFACE_STYLE_FILL_AREA(#19773);
#19773 = FILL_AREA_STYLE('',(#19774));
#19774 = FILL_AREA_STYLE_COLOUR('',#17956);
#19775 = STYLED_ITEM('color',(#19776),#15169);
#19776 = PRESENTATION_STYLE_ASSIGNMENT((#19777));
#19777 = SURFACE_STYLE_USAGE(.BOTH.,#19778);
#19778 = SURFACE_SIDE_STYLE('',(#19779));
#19779 = SURFACE_STYLE_FILL_AREA(#19780);
#19780 = FILL_AREA_STYLE('',(#19781));
#19781 = FILL_AREA_STYLE_COLOUR('',#17956);
#19782 = STYLED_ITEM('color',(#19783),#15188);
#19783 = PRESENTATION_STYLE_ASSIGNMENT((#19784));
#19784 = SURFACE_STYLE_USAGE(.BOTH.,#19785);
#19785 = SURFACE_SIDE_STYLE('',(#19786));
#19786 = SURFACE_STYLE_FILL_AREA(#19787);
#19787 = FILL_AREA_STYLE('',(#19788));
#19788 = FILL_AREA_STYLE_COLOUR('',#17956);
#19789 = STYLED_ITEM('color',(#19790),#15205);
#19790 = PRESENTATION_STYLE_ASSIGNMENT((#19791));
#19791 = SURFACE_STYLE_USAGE(.BOTH.,#19792);
#19792 = SURFACE_SIDE_STYLE('',(#19793));
#19793 = SURFACE_STYLE_FILL_AREA(#19794);
#19794 = FILL_AREA_STYLE('',(#19795));
#19795 = FILL_AREA_STYLE_COLOUR('',#17956);
#19796 = STYLED_ITEM('color',(#19797),#15222);
#19797 = PRESENTATION_STYLE_ASSIGNMENT((#19798));
#19798 = SURFACE_STYLE_USAGE(.BOTH.,#19799);
#19799 = SURFACE_SIDE_STYLE('',(#19800));
#19800 = SURFACE_STYLE_FILL_AREA(#19801);
#19801 = FILL_AREA_STYLE('',(#19802));
#19802 = FILL_AREA_STYLE_COLOUR('',#17956);
#19803 = STYLED_ITEM('color',(#19804),#15239);
#19804 = PRESENTATION_STYLE_ASSIGNMENT((#19805));
#19805 = SURFACE_STYLE_USAGE(.BOTH.,#19806);
#19806 = SURFACE_SIDE_STYLE('',(#19807));
#19807 = SURFACE_STYLE_FILL_AREA(#19808);
#19808 = FILL_AREA_STYLE('',(#19809));
#19809 = FILL_AREA_STYLE_COLOUR('',#17956);
#19810 = STYLED_ITEM('color',(#19811),#15256);
#19811 = PRESENTATION_STYLE_ASSIGNMENT((#19812));
#19812 = SURFACE_STYLE_USAGE(.BOTH.,#19813);
#19813 = SURFACE_SIDE_STYLE('',(#19814));
#19814 = SURFACE_STYLE_FILL_AREA(#19815);
#19815 = FILL_AREA_STYLE('',(#19816));
#19816 = FILL_AREA_STYLE_COLOUR('',#17956);
#19817 = STYLED_ITEM('color',(#19818),#15273);
#19818 = PRESENTATION_STYLE_ASSIGNMENT((#19819));
#19819 = SURFACE_STYLE_USAGE(.BOTH.,#19820);
#19820 = SURFACE_SIDE_STYLE('',(#19821));
#19821 = SURFACE_STYLE_FILL_AREA(#19822);
#19822 = FILL_AREA_STYLE('',(#19823));
#19823 = FILL_AREA_STYLE_COLOUR('',#17956);
#19824 = STYLED_ITEM('color',(#19825),#15290);
#19825 = PRESENTATION_STYLE_ASSIGNMENT((#19826));
#19826 = SURFACE_STYLE_USAGE(.BOTH.,#19827);
#19827 = SURFACE_SIDE_STYLE('',(#19828));
#19828 = SURFACE_STYLE_FILL_AREA(#19829);
#19829 = FILL_AREA_STYLE('',(#19830));
#19830 = FILL_AREA_STYLE_COLOUR('',#17956);
#19831 = STYLED_ITEM('color',(#19832),#15307);
#19832 = PRESENTATION_STYLE_ASSIGNMENT((#19833));
#19833 = SURFACE_STYLE_USAGE(.BOTH.,#19834);
#19834 = SURFACE_SIDE_STYLE('',(#19835));
#19835 = SURFACE_STYLE_FILL_AREA(#19836);
#19836 = FILL_AREA_STYLE('',(#19837));
#19837 = FILL_AREA_STYLE_COLOUR('',#17956);
#19838 = STYLED_ITEM('color',(#19839),#15319);
#19839 = PRESENTATION_STYLE_ASSIGNMENT((#19840));
#19840 = SURFACE_STYLE_USAGE(.BOTH.,#19841);
#19841 = SURFACE_SIDE_STYLE('',(#19842));
#19842 = SURFACE_STYLE_FILL_AREA(#19843);
#19843 = FILL_AREA_STYLE('',(#19844));
#19844 = FILL_AREA_STYLE_COLOUR('',#17850);
#19845 = STYLED_ITEM('color',(#19846),#15335);
#19846 = PRESENTATION_STYLE_ASSIGNMENT((#19847));
#19847 = SURFACE_STYLE_USAGE(.BOTH.,#19848);
#19848 = SURFACE_SIDE_STYLE('',(#19849));
#19849 = SURFACE_STYLE_FILL_AREA(#19850);
#19850 = FILL_AREA_STYLE('',(#19851));
#19851 = FILL_AREA_STYLE_COLOUR('',#17850);
#19852 = STYLED_ITEM('color',(#19853),#15351);
#19853 = PRESENTATION_STYLE_ASSIGNMENT((#19854));
#19854 = SURFACE_STYLE_USAGE(.BOTH.,#19855);
#19855 = SURFACE_SIDE_STYLE('',(#19856));
#19856 = SURFACE_STYLE_FILL_AREA(#19857);
#19857 = FILL_AREA_STYLE('',(#19858));
#19858 = FILL_AREA_STYLE_COLOUR('',#17850);
#19859 = STYLED_ITEM('color',(#19860),#15367);
#19860 = PRESENTATION_STYLE_ASSIGNMENT((#19861));
#19861 = SURFACE_STYLE_USAGE(.BOTH.,#19862);
#19862 = SURFACE_SIDE_STYLE('',(#19863));
#19863 = SURFACE_STYLE_FILL_AREA(#19864);
#19864 = FILL_AREA_STYLE('',(#19865));
#19865 = FILL_AREA_STYLE_COLOUR('',#17850);
#19866 = STYLED_ITEM('color',(#19867),#15400);
#19867 = PRESENTATION_STYLE_ASSIGNMENT((#19868));
#19868 = SURFACE_STYLE_USAGE(.BOTH.,#19869);
#19869 = SURFACE_SIDE_STYLE('',(#19870));
#19870 = SURFACE_STYLE_FILL_AREA(#19871);
#19871 = FILL_AREA_STYLE('',(#19872));
#19872 = FILL_AREA_STYLE_COLOUR('',#17956);
#19873 = STYLED_ITEM('color',(#19874),#15419);
#19874 = PRESENTATION_STYLE_ASSIGNMENT((#19875));
#19875 = SURFACE_STYLE_USAGE(.BOTH.,#19876);
#19876 = SURFACE_SIDE_STYLE('',(#19877));
#19877 = SURFACE_STYLE_FILL_AREA(#19878);
#19878 = FILL_AREA_STYLE('',(#19879));
#19879 = FILL_AREA_STYLE_COLOUR('',#17956);
#19880 = STYLED_ITEM('color',(#19881),#15436);
#19881 = PRESENTATION_STYLE_ASSIGNMENT((#19882));
#19882 = SURFACE_STYLE_USAGE(.BOTH.,#19883);
#19883 = SURFACE_SIDE_STYLE('',(#19884));
#19884 = SURFACE_STYLE_FILL_AREA(#19885);
#19885 = FILL_AREA_STYLE('',(#19886));
#19886 = FILL_AREA_STYLE_COLOUR('',#17956);
#19887 = STYLED_ITEM('color',(#19888),#15453);
#19888 = PRESENTATION_STYLE_ASSIGNMENT((#19889));
#19889 = SURFACE_STYLE_USAGE(.BOTH.,#19890);
#19890 = SURFACE_SIDE_STYLE('',(#19891));
#19891 = SURFACE_STYLE_FILL_AREA(#19892);
#19892 = FILL_AREA_STYLE('',(#19893));
#19893 = FILL_AREA_STYLE_COLOUR('',#17956);
#19894 = STYLED_ITEM('color',(#19895),#15470);
#19895 = PRESENTATION_STYLE_ASSIGNMENT((#19896));
#19896 = SURFACE_STYLE_USAGE(.BOTH.,#19897);
#19897 = SURFACE_SIDE_STYLE('',(#19898));
#19898 = SURFACE_STYLE_FILL_AREA(#19899);
#19899 = FILL_AREA_STYLE('',(#19900));
#19900 = FILL_AREA_STYLE_COLOUR('',#17956);
#19901 = STYLED_ITEM('color',(#19902),#15487);
#19902 = PRESENTATION_STYLE_ASSIGNMENT((#19903));
#19903 = SURFACE_STYLE_USAGE(.BOTH.,#19904);
#19904 = SURFACE_SIDE_STYLE('',(#19905));
#19905 = SURFACE_STYLE_FILL_AREA(#19906);
#19906 = FILL_AREA_STYLE('',(#19907));
#19907 = FILL_AREA_STYLE_COLOUR('',#17956);
#19908 = STYLED_ITEM('color',(#19909),#15504);
#19909 = PRESENTATION_STYLE_ASSIGNMENT((#19910));
#19910 = SURFACE_STYLE_USAGE(.BOTH.,#19911);
#19911 = SURFACE_SIDE_STYLE('',(#19912));
#19912 = SURFACE_STYLE_FILL_AREA(#19913);
#19913 = FILL_AREA_STYLE('',(#19914));
#19914 = FILL_AREA_STYLE_COLOUR('',#17956);
#19915 = STYLED_ITEM('color',(#19916),#15521);
#19916 = PRESENTATION_STYLE_ASSIGNMENT((#19917));
#19917 = SURFACE_STYLE_USAGE(.BOTH.,#19918);
#19918 = SURFACE_SIDE_STYLE('',(#19919));
#19919 = SURFACE_STYLE_FILL_AREA(#19920);
#19920 = FILL_AREA_STYLE('',(#19921));
#19921 = FILL_AREA_STYLE_COLOUR('',#17956);
#19922 = STYLED_ITEM('color',(#19923),#15538);
#19923 = PRESENTATION_STYLE_ASSIGNMENT((#19924));
#19924 = SURFACE_STYLE_USAGE(.BOTH.,#19925);
#19925 = SURFACE_SIDE_STYLE('',(#19926));
#19926 = SURFACE_STYLE_FILL_AREA(#19927);
#19927 = FILL_AREA_STYLE('',(#19928));
#19928 = FILL_AREA_STYLE_COLOUR('',#17956);
#19929 = STYLED_ITEM('color',(#19930),#15550);
#19930 = PRESENTATION_STYLE_ASSIGNMENT((#19931));
#19931 = SURFACE_STYLE_USAGE(.BOTH.,#19932);
#19932 = SURFACE_SIDE_STYLE('',(#19933));
#19933 = SURFACE_STYLE_FILL_AREA(#19934);
#19934 = FILL_AREA_STYLE('',(#19935));
#19935 = FILL_AREA_STYLE_COLOUR('',#17956);
#19936 = STYLED_ITEM('color',(#19937),#15569);
#19937 = PRESENTATION_STYLE_ASSIGNMENT((#19938));
#19938 = SURFACE_STYLE_USAGE(.BOTH.,#19939);
#19939 = SURFACE_SIDE_STYLE('',(#19940));
#19940 = SURFACE_STYLE_FILL_AREA(#19941);
#19941 = FILL_AREA_STYLE('',(#19942));
#19942 = FILL_AREA_STYLE_COLOUR('',#17956);
#19943 = STYLED_ITEM('color',(#19944),#15586);
#19944 = PRESENTATION_STYLE_ASSIGNMENT((#19945));
#19945 = SURFACE_STYLE_USAGE(.BOTH.,#19946);
#19946 = SURFACE_SIDE_STYLE('',(#19947));
#19947 = SURFACE_STYLE_FILL_AREA(#19948);
#19948 = FILL_AREA_STYLE('',(#19949));
#19949 = FILL_AREA_STYLE_COLOUR('',#17956);
#19950 = STYLED_ITEM('color',(#19951),#15603);
#19951 = PRESENTATION_STYLE_ASSIGNMENT((#19952));
#19952 = SURFACE_STYLE_USAGE(.BOTH.,#19953);
#19953 = SURFACE_SIDE_STYLE('',(#19954));
#19954 = SURFACE_STYLE_FILL_AREA(#19955);
#19955 = FILL_AREA_STYLE('',(#19956));
#19956 = FILL_AREA_STYLE_COLOUR('',#17956);
#19957 = STYLED_ITEM('color',(#19958),#15620);
#19958 = PRESENTATION_STYLE_ASSIGNMENT((#19959));
#19959 = SURFACE_STYLE_USAGE(.BOTH.,#19960);
#19960 = SURFACE_SIDE_STYLE('',(#19961));
#19961 = SURFACE_STYLE_FILL_AREA(#19962);
#19962 = FILL_AREA_STYLE('',(#19963));
#19963 = FILL_AREA_STYLE_COLOUR('',#17956);
#19964 = STYLED_ITEM('color',(#19965),#15637);
#19965 = PRESENTATION_STYLE_ASSIGNMENT((#19966));
#19966 = SURFACE_STYLE_USAGE(.BOTH.,#19967);
#19967 = SURFACE_SIDE_STYLE('',(#19968));
#19968 = SURFACE_STYLE_FILL_AREA(#19969);
#19969 = FILL_AREA_STYLE('',(#19970));
#19970 = FILL_AREA_STYLE_COLOUR('',#17956);
#19971 = STYLED_ITEM('color',(#19972),#15654);
#19972 = PRESENTATION_STYLE_ASSIGNMENT((#19973));
#19973 = SURFACE_STYLE_USAGE(.BOTH.,#19974);
#19974 = SURFACE_SIDE_STYLE('',(#19975));
#19975 = SURFACE_STYLE_FILL_AREA(#19976);
#19976 = FILL_AREA_STYLE('',(#19977));
#19977 = FILL_AREA_STYLE_COLOUR('',#17956);
#19978 = STYLED_ITEM('color',(#19979),#15671);
#19979 = PRESENTATION_STYLE_ASSIGNMENT((#19980));
#19980 = SURFACE_STYLE_USAGE(.BOTH.,#19981);
#19981 = SURFACE_SIDE_STYLE('',(#19982));
#19982 = SURFACE_STYLE_FILL_AREA(#19983);
#19983 = FILL_AREA_STYLE('',(#19984));
#19984 = FILL_AREA_STYLE_COLOUR('',#17956);
#19985 = STYLED_ITEM('color',(#19986),#15688);
#19986 = PRESENTATION_STYLE_ASSIGNMENT((#19987));
#19987 = SURFACE_STYLE_USAGE(.BOTH.,#19988);
#19988 = SURFACE_SIDE_STYLE('',(#19989));
#19989 = SURFACE_STYLE_FILL_AREA(#19990);
#19990 = FILL_AREA_STYLE('',(#19991));
#19991 = FILL_AREA_STYLE_COLOUR('',#17956);
#19992 = STYLED_ITEM('color',(#19993),#15700);
#19993 = PRESENTATION_STYLE_ASSIGNMENT((#19994));
#19994 = SURFACE_STYLE_USAGE(.BOTH.,#19995);
#19995 = SURFACE_SIDE_STYLE('',(#19996));
#19996 = SURFACE_STYLE_FILL_AREA(#19997);
#19997 = FILL_AREA_STYLE('',(#19998));
#19998 = FILL_AREA_STYLE_COLOUR('',#17956);
#19999 = STYLED_ITEM('color',(#20000),#15719);
#20000 = PRESENTATION_STYLE_ASSIGNMENT((#20001));
#20001 = SURFACE_STYLE_USAGE(.BOTH.,#20002);
#20002 = SURFACE_SIDE_STYLE('',(#20003));
#20003 = SURFACE_STYLE_FILL_AREA(#20004);
#20004 = FILL_AREA_STYLE('',(#20005));
#20005 = FILL_AREA_STYLE_COLOUR('',#17956);
#20006 = STYLED_ITEM('color',(#20007),#15736);
#20007 = PRESENTATION_STYLE_ASSIGNMENT((#20008));
#20008 = SURFACE_STYLE_USAGE(.BOTH.,#20009);
#20009 = SURFACE_SIDE_STYLE('',(#20010));
#20010 = SURFACE_STYLE_FILL_AREA(#20011);
#20011 = FILL_AREA_STYLE('',(#20012));
#20012 = FILL_AREA_STYLE_COLOUR('',#17956);
#20013 = STYLED_ITEM('color',(#20014),#15753);
#20014 = PRESENTATION_STYLE_ASSIGNMENT((#20015));
#20015 = SURFACE_STYLE_USAGE(.BOTH.,#20016);
#20016 = SURFACE_SIDE_STYLE('',(#20017));
#20017 = SURFACE_STYLE_FILL_AREA(#20018);
#20018 = FILL_AREA_STYLE('',(#20019));
#20019 = FILL_AREA_STYLE_COLOUR('',#17956);
#20020 = STYLED_ITEM('color',(#20021),#15770);
#20021 = PRESENTATION_STYLE_ASSIGNMENT((#20022));
#20022 = SURFACE_STYLE_USAGE(.BOTH.,#20023);
#20023 = SURFACE_SIDE_STYLE('',(#20024));
#20024 = SURFACE_STYLE_FILL_AREA(#20025);
#20025 = FILL_AREA_STYLE('',(#20026));
#20026 = FILL_AREA_STYLE_COLOUR('',#17956);
#20027 = STYLED_ITEM('color',(#20028),#15787);
#20028 = PRESENTATION_STYLE_ASSIGNMENT((#20029));
#20029 = SURFACE_STYLE_USAGE(.BOTH.,#20030);
#20030 = SURFACE_SIDE_STYLE('',(#20031));
#20031 = SURFACE_STYLE_FILL_AREA(#20032);
#20032 = FILL_AREA_STYLE('',(#20033));
#20033 = FILL_AREA_STYLE_COLOUR('',#17956);
#20034 = STYLED_ITEM('color',(#20035),#15804);
#20035 = PRESENTATION_STYLE_ASSIGNMENT((#20036));
#20036 = SURFACE_STYLE_USAGE(.BOTH.,#20037);
#20037 = SURFACE_SIDE_STYLE('',(#20038));
#20038 = SURFACE_STYLE_FILL_AREA(#20039);
#20039 = FILL_AREA_STYLE('',(#20040));
#20040 = FILL_AREA_STYLE_COLOUR('',#17956);
#20041 = STYLED_ITEM('color',(#20042),#15821);
#20042 = PRESENTATION_STYLE_ASSIGNMENT((#20043));
#20043 = SURFACE_STYLE_USAGE(.BOTH.,#20044);
#20044 = SURFACE_SIDE_STYLE('',(#20045));
#20045 = SURFACE_STYLE_FILL_AREA(#20046);
#20046 = FILL_AREA_STYLE('',(#20047));
#20047 = FILL_AREA_STYLE_COLOUR('',#17956);
#20048 = STYLED_ITEM('color',(#20049),#15838);
#20049 = PRESENTATION_STYLE_ASSIGNMENT((#20050));
#20050 = SURFACE_STYLE_USAGE(.BOTH.,#20051);
#20051 = SURFACE_SIDE_STYLE('',(#20052));
#20052 = SURFACE_STYLE_FILL_AREA(#20053);
#20053 = FILL_AREA_STYLE('',(#20054));
#20054 = FILL_AREA_STYLE_COLOUR('',#17956);
#20055 = MECHANICAL_DESIGN_GEOMETRIC_PRESENTATION_REPRESENTATION('',(
    #20056),#17831);
#20056 = STYLED_ITEM('color',(#20057),#15884);
#20057 = PRESENTATION_STYLE_ASSIGNMENT((#20058));
#20058 = SURFACE_STYLE_USAGE(.BOTH.,#20059);
#20059 = SURFACE_SIDE_STYLE('',(#20060));
#20060 = SURFACE_STYLE_FILL_AREA(#20061);
#20061 = FILL_AREA_STYLE('',(#20062));
#20062 = FILL_AREA_STYLE_COLOUR('',#20063);
#20063 = COLOUR_RGB('',0.313304153717,0.484529207832,0.410020903123);
#20064 = MECHANICAL_DESIGN_GEOMETRIC_PRESENTATION_REPRESENTATION('',(
    #20065,#20073,#20080,#20087,#20094,#20101,#20108,#20115,#20122,
    #20129,#20136,#20143,#20150,#20157,#20164,#20171,#20178,#20185,
    #20192,#20199,#20206,#20213,#20220,#20227,#20234,#20241,#20248,
    #20255,#20262,#20269,#20276,#20283,#20290,#20297,#20304,#20311,
    #20318,#20325,#20332,#20339,#20346,#20353,#20360,#20367,#20374,
    #20381,#20388,#20395,#20402,#20409,#20416,#20423,#20430,#20437,
    #20444,#20451,#20458,#20465,#20472,#20479,#20486,#20493,#20500,
    #20507,#20514,#20521,#20528,#20535,#20542,#20549,#20556,#20563,
    #20570,#20577,#20584,#20591,#20598,#20605,#20612,#20619,#20626,
    #20633,#20640,#20647,#20654,#20661,#20668,#20675,#20682,#20689,
    #20696,#20703,#20710,#20717,#20724,#20731,#20738,#20745,#20752,
    #20759,#20766,#20773,#20780,#20787,#20794,#20801,#20808,#20815,
    #20822,#20829,#20836,#20843,#20850,#20857,#20864,#20871,#20878,
    #20885,#20892,#20899,#20906,#20913,#20920,#20927,#20934,#20941,
    #20948,#20955,#20962,#20969,#20976,#20983,#20990,#20997,#21004,
    #21011,#21018,#21025,#21032,#21039,#21046,#21053,#21060,#21067,
    #21074,#21081,#21088,#21095,#21102,#21109,#21116,#21123,#21130,
    #21137,#21144,#21151,#21158,#21165,#21172,#21179,#21186,#21193,
    #21200,#21207,#21214,#21221,#21228,#21235,#21242,#21249,#21256,
    #21263,#21270,#21277,#21284,#21291,#21298,#21305,#21312,#21319,
    #21326,#21333,#21340,#21347,#21354,#21361,#21368,#21375,#21382,
    #21389,#21396,#21403,#21410,#21417,#21424,#21431,#21438,#21445,
    #21452,#21459,#21466,#21473,#21480),#9679);
#20065 = STYLED_ITEM('color',(#20066),#3282);
#20066 = PRESENTATION_STYLE_ASSIGNMENT((#20067));
#20067 = SURFACE_STYLE_USAGE(.BOTH.,#20068);
#20068 = SURFACE_SIDE_STYLE('',(#20069));
#20069 = SURFACE_STYLE_FILL_AREA(#20070);
#20070 = FILL_AREA_STYLE('',(#20071));
#20071 = FILL_AREA_STYLE_COLOUR('',#20072);
#20072 = COLOUR_RGB('',0.894117649055,0.890196087049,0.811764731185);
#20073 = STYLED_ITEM('color',(#20074),#3418);
#20074 = PRESENTATION_STYLE_ASSIGNMENT((#20075));
#20075 = SURFACE_STYLE_USAGE(.BOTH.,#20076);
#20076 = SURFACE_SIDE_STYLE('',(#20077));
#20077 = SURFACE_STYLE_FILL_AREA(#20078);
#20078 = FILL_AREA_STYLE('',(#20079));
#20079 = FILL_AREA_STYLE_COLOUR('',#20072);
#20080 = STYLED_ITEM('color',(#20081),#3481);
#20081 = PRESENTATION_STYLE_ASSIGNMENT((#20082));
#20082 = SURFACE_STYLE_USAGE(.BOTH.,#20083);
#20083 = SURFACE_SIDE_STYLE('',(#20084));
#20084 = SURFACE_STYLE_FILL_AREA(#20085);
#20085 = FILL_AREA_STYLE('',(#20086));
#20086 = FILL_AREA_STYLE_COLOUR('',#20072);
#20087 = STYLED_ITEM('color',(#20088),#3521);
#20088 = PRESENTATION_STYLE_ASSIGNMENT((#20089));
#20089 = SURFACE_STYLE_USAGE(.BOTH.,#20090);
#20090 = SURFACE_SIDE_STYLE('',(#20091));
#20091 = SURFACE_STYLE_FILL_AREA(#20092);
#20092 = FILL_AREA_STYLE('',(#20093));
#20093 = FILL_AREA_STYLE_COLOUR('',#20072);
#20094 = STYLED_ITEM('color',(#20095),#3545);
#20095 = PRESENTATION_STYLE_ASSIGNMENT((#20096));
#20096 = SURFACE_STYLE_USAGE(.BOTH.,#20097);
#20097 = SURFACE_SIDE_STYLE('',(#20098));
#20098 = SURFACE_STYLE_FILL_AREA(#20099);
#20099 = FILL_AREA_STYLE('',(#20100));
#20100 = FILL_AREA_STYLE_COLOUR('',#20072);
#20101 = STYLED_ITEM('color',(#20102),#3601);
#20102 = PRESENTATION_STYLE_ASSIGNMENT((#20103));
#20103 = SURFACE_STYLE_USAGE(.BOTH.,#20104);
#20104 = SURFACE_SIDE_STYLE('',(#20105));
#20105 = SURFACE_STYLE_FILL_AREA(#20106);
#20106 = FILL_AREA_STYLE('',(#20107));
#20107 = FILL_AREA_STYLE_COLOUR('',#20072);
#20108 = STYLED_ITEM('color',(#20109),#3625);
#20109 = PRESENTATION_STYLE_ASSIGNMENT((#20110));
#20110 = SURFACE_STYLE_USAGE(.BOTH.,#20111);
#20111 = SURFACE_SIDE_STYLE('',(#20112));
#20112 = SURFACE_STYLE_FILL_AREA(#20113);
#20113 = FILL_AREA_STYLE('',(#20114));
#20114 = FILL_AREA_STYLE_COLOUR('',#20072);
#20115 = STYLED_ITEM('color',(#20116),#4160);
#20116 = PRESENTATION_STYLE_ASSIGNMENT((#20117));
#20117 = SURFACE_STYLE_USAGE(.BOTH.,#20118);
#20118 = SURFACE_SIDE_STYLE('',(#20119));
#20119 = SURFACE_STYLE_FILL_AREA(#20120);
#20120 = FILL_AREA_STYLE('',(#20121));
#20121 = FILL_AREA_STYLE_COLOUR('',#20072);
#20122 = STYLED_ITEM('color',(#20123),#4216);
#20123 = PRESENTATION_STYLE_ASSIGNMENT((#20124));
#20124 = SURFACE_STYLE_USAGE(.BOTH.,#20125);
#20125 = SURFACE_SIDE_STYLE('',(#20126));
#20126 = SURFACE_STYLE_FILL_AREA(#20127);
#20127 = FILL_AREA_STYLE('',(#20128));
#20128 = FILL_AREA_STYLE_COLOUR('',#20072);
#20129 = STYLED_ITEM('color',(#20130),#4240);
#20130 = PRESENTATION_STYLE_ASSIGNMENT((#20131));
#20131 = SURFACE_STYLE_USAGE(.BOTH.,#20132);
#20132 = SURFACE_SIDE_STYLE('',(#20133));
#20133 = SURFACE_STYLE_FILL_AREA(#20134);
#20134 = FILL_AREA_STYLE('',(#20135));
#20135 = FILL_AREA_STYLE_COLOUR('',#20072);
#20136 = STYLED_ITEM('color',(#20137),#4264);
#20137 = PRESENTATION_STYLE_ASSIGNMENT((#20138));
#20138 = SURFACE_STYLE_USAGE(.BOTH.,#20139);
#20139 = SURFACE_SIDE_STYLE('',(#20140));
#20140 = SURFACE_STYLE_FILL_AREA(#20141);
#20141 = FILL_AREA_STYLE('',(#20142));
#20142 = FILL_AREA_STYLE_COLOUR('',#20072);
#20143 = STYLED_ITEM('color',(#20144),#4288);
#20144 = PRESENTATION_STYLE_ASSIGNMENT((#20145));
#20145 = SURFACE_STYLE_USAGE(.BOTH.,#20146);
#20146 = SURFACE_SIDE_STYLE('',(#20147));
#20147 = SURFACE_STYLE_FILL_AREA(#20148);
#20148 = FILL_AREA_STYLE('',(#20149));
#20149 = FILL_AREA_STYLE_COLOUR('',#20072);
#20150 = STYLED_ITEM('color',(#20151),#4312);
#20151 = PRESENTATION_STYLE_ASSIGNMENT((#20152));
#20152 = SURFACE_STYLE_USAGE(.BOTH.,#20153);
#20153 = SURFACE_SIDE_STYLE('',(#20154));
#20154 = SURFACE_STYLE_FILL_AREA(#20155);
#20155 = FILL_AREA_STYLE('',(#20156));
#20156 = FILL_AREA_STYLE_COLOUR('',#20072);
#20157 = STYLED_ITEM('color',(#20158),#4393);
#20158 = PRESENTATION_STYLE_ASSIGNMENT((#20159));
#20159 = SURFACE_STYLE_USAGE(.BOTH.,#20160);
#20160 = SURFACE_SIDE_STYLE('',(#20161));
#20161 = SURFACE_STYLE_FILL_AREA(#20162);
#20162 = FILL_AREA_STYLE('',(#20163));
#20163 = FILL_AREA_STYLE_COLOUR('',#20072);
#20164 = STYLED_ITEM('color',(#20165),#4545);
#20165 = PRESENTATION_STYLE_ASSIGNMENT((#20166));
#20166 = SURFACE_STYLE_USAGE(.BOTH.,#20167);
#20167 = SURFACE_SIDE_STYLE('',(#20168));
#20168 = SURFACE_STYLE_FILL_AREA(#20169);
#20169 = FILL_AREA_STYLE('',(#20170));
#20170 = FILL_AREA_STYLE_COLOUR('',#20072);
#20171 = STYLED_ITEM('color',(#20172),#4569);
#20172 = PRESENTATION_STYLE_ASSIGNMENT((#20173));
#20173 = SURFACE_STYLE_USAGE(.BOTH.,#20174);
#20174 = SURFACE_SIDE_STYLE('',(#20175));
#20175 = SURFACE_STYLE_FILL_AREA(#20176);
#20176 = FILL_AREA_STYLE('',(#20177));
#20177 = FILL_AREA_STYLE_COLOUR('',#20072);
#20178 = STYLED_ITEM('color',(#20179),#4593);
#20179 = PRESENTATION_STYLE_ASSIGNMENT((#20180));
#20180 = SURFACE_STYLE_USAGE(.BOTH.,#20181);
#20181 = SURFACE_SIDE_STYLE('',(#20182));
#20182 = SURFACE_STYLE_FILL_AREA(#20183);
#20183 = FILL_AREA_STYLE('',(#20184));
#20184 = FILL_AREA_STYLE_COLOUR('',#20072);
#20185 = STYLED_ITEM('color',(#20186),#4738);
#20186 = PRESENTATION_STYLE_ASSIGNMENT((#20187));
#20187 = SURFACE_STYLE_USAGE(.BOTH.,#20188);
#20188 = SURFACE_SIDE_STYLE('',(#20189));
#20189 = SURFACE_STYLE_FILL_AREA(#20190);
#20190 = FILL_AREA_STYLE('',(#20191));
#20191 = FILL_AREA_STYLE_COLOUR('',#20072);
#20192 = STYLED_ITEM('color',(#20193),#4826);
#20193 = PRESENTATION_STYLE_ASSIGNMENT((#20194));
#20194 = SURFACE_STYLE_USAGE(.BOTH.,#20195);
#20195 = SURFACE_SIDE_STYLE('',(#20196));
#20196 = SURFACE_STYLE_FILL_AREA(#20197);
#20197 = FILL_AREA_STYLE('',(#20198));
#20198 = FILL_AREA_STYLE_COLOUR('',#20072);
#20199 = STYLED_ITEM('color',(#20200),#4866);
#20200 = PRESENTATION_STYLE_ASSIGNMENT((#20201));
#20201 = SURFACE_STYLE_USAGE(.BOTH.,#20202);
#20202 = SURFACE_SIDE_STYLE('',(#20203));
#20203 = SURFACE_STYLE_FILL_AREA(#20204);
#20204 = FILL_AREA_STYLE('',(#20205));
#20205 = FILL_AREA_STYLE_COLOUR('',#20072);
#20206 = STYLED_ITEM('color',(#20207),#4899);
#20207 = PRESENTATION_STYLE_ASSIGNMENT((#20208));
#20208 = SURFACE_STYLE_USAGE(.BOTH.,#20209);
#20209 = SURFACE_SIDE_STYLE('',(#20210));
#20210 = SURFACE_STYLE_FILL_AREA(#20211);
#20211 = FILL_AREA_STYLE('',(#20212));
#20212 = FILL_AREA_STYLE_COLOUR('',#20072);
#20213 = STYLED_ITEM('color',(#20214),#4932);
#20214 = PRESENTATION_STYLE_ASSIGNMENT((#20215));
#20215 = SURFACE_STYLE_USAGE(.BOTH.,#20216);
#20216 = SURFACE_SIDE_STYLE('',(#20217));
#20217 = SURFACE_STYLE_FILL_AREA(#20218);
#20218 = FILL_AREA_STYLE('',(#20219));
#20219 = FILL_AREA_STYLE_COLOUR('',#17956);
#20220 = STYLED_ITEM('color',(#20221),#4956);
#20221 = PRESENTATION_STYLE_ASSIGNMENT((#20222));
#20222 = SURFACE_STYLE_USAGE(.BOTH.,#20223);
#20223 = SURFACE_SIDE_STYLE('',(#20224));
#20224 = SURFACE_STYLE_FILL_AREA(#20225);
#20225 = FILL_AREA_STYLE('',(#20226));
#20226 = FILL_AREA_STYLE_COLOUR('',#17956);
#20227 = STYLED_ITEM('color',(#20228),#5023);
#20228 = PRESENTATION_STYLE_ASSIGNMENT((#20229));
#20229 = SURFACE_STYLE_USAGE(.BOTH.,#20230);
#20230 = SURFACE_SIDE_STYLE('',(#20231));
#20231 = SURFACE_STYLE_FILL_AREA(#20232);
#20232 = FILL_AREA_STYLE('',(#20233));
#20233 = FILL_AREA_STYLE_COLOUR('',#17956);
#20234 = STYLED_ITEM('color',(#20235),#5047);
#20235 = PRESENTATION_STYLE_ASSIGNMENT((#20236));
#20236 = SURFACE_STYLE_USAGE(.BOTH.,#20237);
#20237 = SURFACE_SIDE_STYLE('',(#20238));
#20238 = SURFACE_STYLE_FILL_AREA(#20239);
#20239 = FILL_AREA_STYLE('',(#20240));
#20240 = FILL_AREA_STYLE_COLOUR('',#20072);
#20241 = STYLED_ITEM('color',(#20242),#5071);
#20242 = PRESENTATION_STYLE_ASSIGNMENT((#20243));
#20243 = SURFACE_STYLE_USAGE(.BOTH.,#20244);
#20244 = SURFACE_SIDE_STYLE('',(#20245));
#20245 = SURFACE_STYLE_FILL_AREA(#20246);
#20246 = FILL_AREA_STYLE('',(#20247));
#20247 = FILL_AREA_STYLE_COLOUR('',#17956);
#20248 = STYLED_ITEM('color',(#20249),#5088);
#20249 = PRESENTATION_STYLE_ASSIGNMENT((#20250));
#20250 = SURFACE_STYLE_USAGE(.BOTH.,#20251);
#20251 = SURFACE_SIDE_STYLE('',(#20252));
#20252 = SURFACE_STYLE_FILL_AREA(#20253);
#20253 = FILL_AREA_STYLE('',(#20254));
#20254 = FILL_AREA_STYLE_COLOUR('',#20072);
#20255 = STYLED_ITEM('color',(#20256),#5112);
#20256 = PRESENTATION_STYLE_ASSIGNMENT((#20257));
#20257 = SURFACE_STYLE_USAGE(.BOTH.,#20258);
#20258 = SURFACE_SIDE_STYLE('',(#20259));
#20259 = SURFACE_STYLE_FILL_AREA(#20260);
#20260 = FILL_AREA_STYLE('',(#20261));
#20261 = FILL_AREA_STYLE_COLOUR('',#17956);
#20262 = STYLED_ITEM('color',(#20263),#5207);
#20263 = PRESENTATION_STYLE_ASSIGNMENT((#20264));
#20264 = SURFACE_STYLE_USAGE(.BOTH.,#20265);
#20265 = SURFACE_SIDE_STYLE('',(#20266));
#20266 = SURFACE_STYLE_FILL_AREA(#20267);
#20267 = FILL_AREA_STYLE('',(#20268));
#20268 = FILL_AREA_STYLE_COLOUR('',#17956);
#20269 = STYLED_ITEM('color',(#20270),#5231);
#20270 = PRESENTATION_STYLE_ASSIGNMENT((#20271));
#20271 = SURFACE_STYLE_USAGE(.BOTH.,#20272);
#20272 = SURFACE_SIDE_STYLE('',(#20273));
#20273 = SURFACE_STYLE_FILL_AREA(#20274);
#20274 = FILL_AREA_STYLE('',(#20275));
#20275 = FILL_AREA_STYLE_COLOUR('',#17956);
#20276 = STYLED_ITEM('color',(#20277),#5256);
#20277 = PRESENTATION_STYLE_ASSIGNMENT((#20278));
#20278 = SURFACE_STYLE_USAGE(.BOTH.,#20279);
#20279 = SURFACE_SIDE_STYLE('',(#20280));
#20280 = SURFACE_STYLE_FILL_AREA(#20281);
#20281 = FILL_AREA_STYLE('',(#20282));
#20282 = FILL_AREA_STYLE_COLOUR('',#17956);
#20283 = STYLED_ITEM('color',(#20284),#5288);
#20284 = PRESENTATION_STYLE_ASSIGNMENT((#20285));
#20285 = SURFACE_STYLE_USAGE(.BOTH.,#20286);
#20286 = SURFACE_SIDE_STYLE('',(#20287));
#20287 = SURFACE_STYLE_FILL_AREA(#20288);
#20288 = FILL_AREA_STYLE('',(#20289));
#20289 = FILL_AREA_STYLE_COLOUR('',#17956);
#20290 = STYLED_ITEM('color',(#20291),#5305);
#20291 = PRESENTATION_STYLE_ASSIGNMENT((#20292));
#20292 = SURFACE_STYLE_USAGE(.BOTH.,#20293);
#20293 = SURFACE_SIDE_STYLE('',(#20294));
#20294 = SURFACE_STYLE_FILL_AREA(#20295);
#20295 = FILL_AREA_STYLE('',(#20296));
#20296 = FILL_AREA_STYLE_COLOUR('',#20072);
#20297 = STYLED_ITEM('color',(#20298),#5327);
#20298 = PRESENTATION_STYLE_ASSIGNMENT((#20299));
#20299 = SURFACE_STYLE_USAGE(.BOTH.,#20300);
#20300 = SURFACE_SIDE_STYLE('',(#20301));
#20301 = SURFACE_STYLE_FILL_AREA(#20302);
#20302 = FILL_AREA_STYLE('',(#20303));
#20303 = FILL_AREA_STYLE_COLOUR('',#20072);
#20304 = STYLED_ITEM('color',(#20305),#5344);
#20305 = PRESENTATION_STYLE_ASSIGNMENT((#20306));
#20306 = SURFACE_STYLE_USAGE(.BOTH.,#20307);
#20307 = SURFACE_SIDE_STYLE('',(#20308));
#20308 = SURFACE_STYLE_FILL_AREA(#20309);
#20309 = FILL_AREA_STYLE('',(#20310));
#20310 = FILL_AREA_STYLE_COLOUR('',#20072);
#20311 = STYLED_ITEM('color',(#20312),#5395);
#20312 = PRESENTATION_STYLE_ASSIGNMENT((#20313));
#20313 = SURFACE_STYLE_USAGE(.BOTH.,#20314);
#20314 = SURFACE_SIDE_STYLE('',(#20315));
#20315 = SURFACE_STYLE_FILL_AREA(#20316);
#20316 = FILL_AREA_STYLE('',(#20317));
#20317 = FILL_AREA_STYLE_COLOUR('',#20072);
#20318 = STYLED_ITEM('color',(#20319),#5407);
#20319 = PRESENTATION_STYLE_ASSIGNMENT((#20320));
#20320 = SURFACE_STYLE_USAGE(.BOTH.,#20321);
#20321 = SURFACE_SIDE_STYLE('',(#20322));
#20322 = SURFACE_STYLE_FILL_AREA(#20323);
#20323 = FILL_AREA_STYLE('',(#20324));
#20324 = FILL_AREA_STYLE_COLOUR('',#20072);
#20325 = STYLED_ITEM('color',(#20326),#5438);
#20326 = PRESENTATION_STYLE_ASSIGNMENT((#20327));
#20327 = SURFACE_STYLE_USAGE(.BOTH.,#20328);
#20328 = SURFACE_SIDE_STYLE('',(#20329));
#20329 = SURFACE_STYLE_FILL_AREA(#20330);
#20330 = FILL_AREA_STYLE('',(#20331));
#20331 = FILL_AREA_STYLE_COLOUR('',#20072);
#20332 = STYLED_ITEM('color',(#20333),#5462);
#20333 = PRESENTATION_STYLE_ASSIGNMENT((#20334));
#20334 = SURFACE_STYLE_USAGE(.BOTH.,#20335);
#20335 = SURFACE_SIDE_STYLE('',(#20336));
#20336 = SURFACE_STYLE_FILL_AREA(#20337);
#20337 = FILL_AREA_STYLE('',(#20338));
#20338 = FILL_AREA_STYLE_COLOUR('',#20072);
#20339 = STYLED_ITEM('color',(#20340),#5486);
#20340 = PRESENTATION_STYLE_ASSIGNMENT((#20341));
#20341 = SURFACE_STYLE_USAGE(.BOTH.,#20342);
#20342 = SURFACE_SIDE_STYLE('',(#20343));
#20343 = SURFACE_STYLE_FILL_AREA(#20344);
#20344 = FILL_AREA_STYLE('',(#20345));
#20345 = FILL_AREA_STYLE_COLOUR('',#20072);
#20346 = STYLED_ITEM('color',(#20347),#5510);
#20347 = PRESENTATION_STYLE_ASSIGNMENT((#20348));
#20348 = SURFACE_STYLE_USAGE(.BOTH.,#20349);
#20349 = SURFACE_SIDE_STYLE('',(#20350));
#20350 = SURFACE_STYLE_FILL_AREA(#20351);
#20351 = FILL_AREA_STYLE('',(#20352));
#20352 = FILL_AREA_STYLE_COLOUR('',#20072);
#20353 = STYLED_ITEM('color',(#20354),#5534);
#20354 = PRESENTATION_STYLE_ASSIGNMENT((#20355));
#20355 = SURFACE_STYLE_USAGE(.BOTH.,#20356);
#20356 = SURFACE_SIDE_STYLE('',(#20357));
#20357 = SURFACE_STYLE_FILL_AREA(#20358);
#20358 = FILL_AREA_STYLE('',(#20359));
#20359 = FILL_AREA_STYLE_COLOUR('',#20072);
#20360 = STYLED_ITEM('color',(#20361),#5558);
#20361 = PRESENTATION_STYLE_ASSIGNMENT((#20362));
#20362 = SURFACE_STYLE_USAGE(.BOTH.,#20363);
#20363 = SURFACE_SIDE_STYLE('',(#20364));
#20364 = SURFACE_STYLE_FILL_AREA(#20365);
#20365 = FILL_AREA_STYLE('',(#20366));
#20366 = FILL_AREA_STYLE_COLOUR('',#20072);
#20367 = STYLED_ITEM('color',(#20368),#5582);
#20368 = PRESENTATION_STYLE_ASSIGNMENT((#20369));
#20369 = SURFACE_STYLE_USAGE(.BOTH.,#20370);
#20370 = SURFACE_SIDE_STYLE('',(#20371));
#20371 = SURFACE_STYLE_FILL_AREA(#20372);
#20372 = FILL_AREA_STYLE('',(#20373));
#20373 = FILL_AREA_STYLE_COLOUR('',#20072);
#20374 = STYLED_ITEM('color',(#20375),#5606);
#20375 = PRESENTATION_STYLE_ASSIGNMENT((#20376));
#20376 = SURFACE_STYLE_USAGE(.BOTH.,#20377);
#20377 = SURFACE_SIDE_STYLE('',(#20378));
#20378 = SURFACE_STYLE_FILL_AREA(#20379);
#20379 = FILL_AREA_STYLE('',(#20380));
#20380 = FILL_AREA_STYLE_COLOUR('',#20072);
#20381 = STYLED_ITEM('color',(#20382),#5630);
#20382 = PRESENTATION_STYLE_ASSIGNMENT((#20383));
#20383 = SURFACE_STYLE_USAGE(.BOTH.,#20384);
#20384 = SURFACE_SIDE_STYLE('',(#20385));
#20385 = SURFACE_STYLE_FILL_AREA(#20386);
#20386 = FILL_AREA_STYLE('',(#20387));
#20387 = FILL_AREA_STYLE_COLOUR('',#20072);
#20388 = STYLED_ITEM('color',(#20389),#5654);
#20389 = PRESENTATION_STYLE_ASSIGNMENT((#20390));
#20390 = SURFACE_STYLE_USAGE(.BOTH.,#20391);
#20391 = SURFACE_SIDE_STYLE('',(#20392));
#20392 = SURFACE_STYLE_FILL_AREA(#20393);
#20393 = FILL_AREA_STYLE('',(#20394));
#20394 = FILL_AREA_STYLE_COLOUR('',#20072);
#20395 = STYLED_ITEM('color',(#20396),#5686);
#20396 = PRESENTATION_STYLE_ASSIGNMENT((#20397));
#20397 = SURFACE_STYLE_USAGE(.BOTH.,#20398);
#20398 = SURFACE_SIDE_STYLE('',(#20399));
#20399 = SURFACE_STYLE_FILL_AREA(#20400);
#20400 = FILL_AREA_STYLE('',(#20401));
#20401 = FILL_AREA_STYLE_COLOUR('',#20072);
#20402 = STYLED_ITEM('color',(#20403),#5710);
#20403 = PRESENTATION_STYLE_ASSIGNMENT((#20404));
#20404 = SURFACE_STYLE_USAGE(.BOTH.,#20405);
#20405 = SURFACE_SIDE_STYLE('',(#20406));
#20406 = SURFACE_STYLE_FILL_AREA(#20407);
#20407 = FILL_AREA_STYLE('',(#20408));
#20408 = FILL_AREA_STYLE_COLOUR('',#20072);
#20409 = STYLED_ITEM('color',(#20410),#5750);
#20410 = PRESENTATION_STYLE_ASSIGNMENT((#20411));
#20411 = SURFACE_STYLE_USAGE(.BOTH.,#20412);
#20412 = SURFACE_SIDE_STYLE('',(#20413));
#20413 = SURFACE_STYLE_FILL_AREA(#20414);
#20414 = FILL_AREA_STYLE('',(#20415));
#20415 = FILL_AREA_STYLE_COLOUR('',#20072);
#20416 = STYLED_ITEM('color',(#20417),#5782);
#20417 = PRESENTATION_STYLE_ASSIGNMENT((#20418));
#20418 = SURFACE_STYLE_USAGE(.BOTH.,#20419);
#20419 = SURFACE_SIDE_STYLE('',(#20420));
#20420 = SURFACE_STYLE_FILL_AREA(#20421);
#20421 = FILL_AREA_STYLE('',(#20422));
#20422 = FILL_AREA_STYLE_COLOUR('',#20072);
#20423 = STYLED_ITEM('color',(#20424),#5806);
#20424 = PRESENTATION_STYLE_ASSIGNMENT((#20425));
#20425 = SURFACE_STYLE_USAGE(.BOTH.,#20426);
#20426 = SURFACE_SIDE_STYLE('',(#20427));
#20427 = SURFACE_STYLE_FILL_AREA(#20428);
#20428 = FILL_AREA_STYLE('',(#20429));
#20429 = FILL_AREA_STYLE_COLOUR('',#20072);
#20430 = STYLED_ITEM('color',(#20431),#5846);
#20431 = PRESENTATION_STYLE_ASSIGNMENT((#20432));
#20432 = SURFACE_STYLE_USAGE(.BOTH.,#20433);
#20433 = SURFACE_SIDE_STYLE('',(#20434));
#20434 = SURFACE_STYLE_FILL_AREA(#20435);
#20435 = FILL_AREA_STYLE('',(#20436));
#20436 = FILL_AREA_STYLE_COLOUR('',#20072);
#20437 = STYLED_ITEM('color',(#20438),#5886);
#20438 = PRESENTATION_STYLE_ASSIGNMENT((#20439));
#20439 = SURFACE_STYLE_USAGE(.BOTH.,#20440);
#20440 = SURFACE_SIDE_STYLE('',(#20441));
#20441 = SURFACE_STYLE_FILL_AREA(#20442);
#20442 = FILL_AREA_STYLE('',(#20443));
#20443 = FILL_AREA_STYLE_COLOUR('',#20072);
#20444 = STYLED_ITEM('color',(#20445),#5910);
#20445 = PRESENTATION_STYLE_ASSIGNMENT((#20446));
#20446 = SURFACE_STYLE_USAGE(.BOTH.,#20447);
#20447 = SURFACE_SIDE_STYLE('',(#20448));
#20448 = SURFACE_STYLE_FILL_AREA(#20449);
#20449 = FILL_AREA_STYLE('',(#20450));
#20450 = FILL_AREA_STYLE_COLOUR('',#20072);
#20451 = STYLED_ITEM('color',(#20452),#5942);
#20452 = PRESENTATION_STYLE_ASSIGNMENT((#20453));
#20453 = SURFACE_STYLE_USAGE(.BOTH.,#20454);
#20454 = SURFACE_SIDE_STYLE('',(#20455));
#20455 = SURFACE_STYLE_FILL_AREA(#20456);
#20456 = FILL_AREA_STYLE('',(#20457));
#20457 = FILL_AREA_STYLE_COLOUR('',#20072);
#20458 = STYLED_ITEM('color',(#20459),#5982);
#20459 = PRESENTATION_STYLE_ASSIGNMENT((#20460));
#20460 = SURFACE_STYLE_USAGE(.BOTH.,#20461);
#20461 = SURFACE_SIDE_STYLE('',(#20462));
#20462 = SURFACE_STYLE_FILL_AREA(#20463);
#20463 = FILL_AREA_STYLE('',(#20464));
#20464 = FILL_AREA_STYLE_COLOUR('',#20072);
#20465 = STYLED_ITEM('color',(#20466),#6006);
#20466 = PRESENTATION_STYLE_ASSIGNMENT((#20467));
#20467 = SURFACE_STYLE_USAGE(.BOTH.,#20468);
#20468 = SURFACE_SIDE_STYLE('',(#20469));
#20469 = SURFACE_STYLE_FILL_AREA(#20470);
#20470 = FILL_AREA_STYLE('',(#20471));
#20471 = FILL_AREA_STYLE_COLOUR('',#20072);
#20472 = STYLED_ITEM('color',(#20473),#6038);
#20473 = PRESENTATION_STYLE_ASSIGNMENT((#20474));
#20474 = SURFACE_STYLE_USAGE(.BOTH.,#20475);
#20475 = SURFACE_SIDE_STYLE('',(#20476));
#20476 = SURFACE_STYLE_FILL_AREA(#20477);
#20477 = FILL_AREA_STYLE('',(#20478));
#20478 = FILL_AREA_STYLE_COLOUR('',#20072);
#20479 = STYLED_ITEM('color',(#20480),#6062);
#20480 = PRESENTATION_STYLE_ASSIGNMENT((#20481));
#20481 = SURFACE_STYLE_USAGE(.BOTH.,#20482);
#20482 = SURFACE_SIDE_STYLE('',(#20483));
#20483 = SURFACE_STYLE_FILL_AREA(#20484);
#20484 = FILL_AREA_STYLE('',(#20485));
#20485 = FILL_AREA_STYLE_COLOUR('',#20072);
#20486 = STYLED_ITEM('color',(#20487),#6086);
#20487 = PRESENTATION_STYLE_ASSIGNMENT((#20488));
#20488 = SURFACE_STYLE_USAGE(.BOTH.,#20489);
#20489 = SURFACE_SIDE_STYLE('',(#20490));
#20490 = SURFACE_STYLE_FILL_AREA(#20491);
#20491 = FILL_AREA_STYLE('',(#20492));
#20492 = FILL_AREA_STYLE_COLOUR('',#20072);
#20493 = STYLED_ITEM('color',(#20494),#6110);
#20494 = PRESENTATION_STYLE_ASSIGNMENT((#20495));
#20495 = SURFACE_STYLE_USAGE(.BOTH.,#20496);
#20496 = SURFACE_SIDE_STYLE('',(#20497));
#20497 = SURFACE_STYLE_FILL_AREA(#20498);
#20498 = FILL_AREA_STYLE('',(#20499));
#20499 = FILL_AREA_STYLE_COLOUR('',#20072);
#20500 = STYLED_ITEM('color',(#20501),#6134);
#20501 = PRESENTATION_STYLE_ASSIGNMENT((#20502));
#20502 = SURFACE_STYLE_USAGE(.BOTH.,#20503);
#20503 = SURFACE_SIDE_STYLE('',(#20504));
#20504 = SURFACE_STYLE_FILL_AREA(#20505);
#20505 = FILL_AREA_STYLE('',(#20506));
#20506 = FILL_AREA_STYLE_COLOUR('',#20072);
#20507 = STYLED_ITEM('color',(#20508),#6166);
#20508 = PRESENTATION_STYLE_ASSIGNMENT((#20509));
#20509 = SURFACE_STYLE_USAGE(.BOTH.,#20510);
#20510 = SURFACE_SIDE_STYLE('',(#20511));
#20511 = SURFACE_STYLE_FILL_AREA(#20512);
#20512 = FILL_AREA_STYLE('',(#20513));
#20513 = FILL_AREA_STYLE_COLOUR('',#20072);
#20514 = STYLED_ITEM('color',(#20515),#6190);
#20515 = PRESENTATION_STYLE_ASSIGNMENT((#20516));
#20516 = SURFACE_STYLE_USAGE(.BOTH.,#20517);
#20517 = SURFACE_SIDE_STYLE('',(#20518));
#20518 = SURFACE_STYLE_FILL_AREA(#20519);
#20519 = FILL_AREA_STYLE('',(#20520));
#20520 = FILL_AREA_STYLE_COLOUR('',#20072);
#20521 = STYLED_ITEM('color',(#20522),#6230);
#20522 = PRESENTATION_STYLE_ASSIGNMENT((#20523));
#20523 = SURFACE_STYLE_USAGE(.BOTH.,#20524);
#20524 = SURFACE_SIDE_STYLE('',(#20525));
#20525 = SURFACE_STYLE_FILL_AREA(#20526);
#20526 = FILL_AREA_STYLE('',(#20527));
#20527 = FILL_AREA_STYLE_COLOUR('',#20072);
#20528 = STYLED_ITEM('color',(#20529),#6262);
#20529 = PRESENTATION_STYLE_ASSIGNMENT((#20530));
#20530 = SURFACE_STYLE_USAGE(.BOTH.,#20531);
#20531 = SURFACE_SIDE_STYLE('',(#20532));
#20532 = SURFACE_STYLE_FILL_AREA(#20533);
#20533 = FILL_AREA_STYLE('',(#20534));
#20534 = FILL_AREA_STYLE_COLOUR('',#20072);
#20535 = STYLED_ITEM('color',(#20536),#6286);
#20536 = PRESENTATION_STYLE_ASSIGNMENT((#20537));
#20537 = SURFACE_STYLE_USAGE(.BOTH.,#20538);
#20538 = SURFACE_SIDE_STYLE('',(#20539));
#20539 = SURFACE_STYLE_FILL_AREA(#20540);
#20540 = FILL_AREA_STYLE('',(#20541));
#20541 = FILL_AREA_STYLE_COLOUR('',#20072);
#20542 = STYLED_ITEM('color',(#20543),#6326);
#20543 = PRESENTATION_STYLE_ASSIGNMENT((#20544));
#20544 = SURFACE_STYLE_USAGE(.BOTH.,#20545);
#20545 = SURFACE_SIDE_STYLE('',(#20546));
#20546 = SURFACE_STYLE_FILL_AREA(#20547);
#20547 = FILL_AREA_STYLE('',(#20548));
#20548 = FILL_AREA_STYLE_COLOUR('',#20072);
#20549 = STYLED_ITEM('color',(#20550),#6366);
#20550 = PRESENTATION_STYLE_ASSIGNMENT((#20551));
#20551 = SURFACE_STYLE_USAGE(.BOTH.,#20552);
#20552 = SURFACE_SIDE_STYLE('',(#20553));
#20553 = SURFACE_STYLE_FILL_AREA(#20554);
#20554 = FILL_AREA_STYLE('',(#20555));
#20555 = FILL_AREA_STYLE_COLOUR('',#20072);
#20556 = STYLED_ITEM('color',(#20557),#6390);
#20557 = PRESENTATION_STYLE_ASSIGNMENT((#20558));
#20558 = SURFACE_STYLE_USAGE(.BOTH.,#20559);
#20559 = SURFACE_SIDE_STYLE('',(#20560));
#20560 = SURFACE_STYLE_FILL_AREA(#20561);
#20561 = FILL_AREA_STYLE('',(#20562));
#20562 = FILL_AREA_STYLE_COLOUR('',#20072);
#20563 = STYLED_ITEM('color',(#20564),#6422);
#20564 = PRESENTATION_STYLE_ASSIGNMENT((#20565));
#20565 = SURFACE_STYLE_USAGE(.BOTH.,#20566);
#20566 = SURFACE_SIDE_STYLE('',(#20567));
#20567 = SURFACE_STYLE_FILL_AREA(#20568);
#20568 = FILL_AREA_STYLE('',(#20569));
#20569 = FILL_AREA_STYLE_COLOUR('',#20072);
#20570 = STYLED_ITEM('color',(#20571),#6462);
#20571 = PRESENTATION_STYLE_ASSIGNMENT((#20572));
#20572 = SURFACE_STYLE_USAGE(.BOTH.,#20573);
#20573 = SURFACE_SIDE_STYLE('',(#20574));
#20574 = SURFACE_STYLE_FILL_AREA(#20575);
#20575 = FILL_AREA_STYLE('',(#20576));
#20576 = FILL_AREA_STYLE_COLOUR('',#20072);
#20577 = STYLED_ITEM('color',(#20578),#6486);
#20578 = PRESENTATION_STYLE_ASSIGNMENT((#20579));
#20579 = SURFACE_STYLE_USAGE(.BOTH.,#20580);
#20580 = SURFACE_SIDE_STYLE('',(#20581));
#20581 = SURFACE_STYLE_FILL_AREA(#20582);
#20582 = FILL_AREA_STYLE('',(#20583));
#20583 = FILL_AREA_STYLE_COLOUR('',#20072);
#20584 = STYLED_ITEM('color',(#20585),#6518);
#20585 = PRESENTATION_STYLE_ASSIGNMENT((#20586));
#20586 = SURFACE_STYLE_USAGE(.BOTH.,#20587);
#20587 = SURFACE_SIDE_STYLE('',(#20588));
#20588 = SURFACE_STYLE_FILL_AREA(#20589);
#20589 = FILL_AREA_STYLE('',(#20590));
#20590 = FILL_AREA_STYLE_COLOUR('',#20072);
#20591 = STYLED_ITEM('color',(#20592),#6542);
#20592 = PRESENTATION_STYLE_ASSIGNMENT((#20593));
#20593 = SURFACE_STYLE_USAGE(.BOTH.,#20594);
#20594 = SURFACE_SIDE_STYLE('',(#20595));
#20595 = SURFACE_STYLE_FILL_AREA(#20596);
#20596 = FILL_AREA_STYLE('',(#20597));
#20597 = FILL_AREA_STYLE_COLOUR('',#20072);
#20598 = STYLED_ITEM('color',(#20599),#6559);
#20599 = PRESENTATION_STYLE_ASSIGNMENT((#20600));
#20600 = SURFACE_STYLE_USAGE(.BOTH.,#20601);
#20601 = SURFACE_SIDE_STYLE('',(#20602));
#20602 = SURFACE_STYLE_FILL_AREA(#20603);
#20603 = FILL_AREA_STYLE('',(#20604));
#20604 = FILL_AREA_STYLE_COLOUR('',#20072);
#20605 = STYLED_ITEM('color',(#20606),#6590);
#20606 = PRESENTATION_STYLE_ASSIGNMENT((#20607));
#20607 = SURFACE_STYLE_USAGE(.BOTH.,#20608);
#20608 = SURFACE_SIDE_STYLE('',(#20609));
#20609 = SURFACE_STYLE_FILL_AREA(#20610);
#20610 = FILL_AREA_STYLE('',(#20611));
#20611 = FILL_AREA_STYLE_COLOUR('',#20072);
#20612 = STYLED_ITEM('color',(#20613),#6614);
#20613 = PRESENTATION_STYLE_ASSIGNMENT((#20614));
#20614 = SURFACE_STYLE_USAGE(.BOTH.,#20615);
#20615 = SURFACE_SIDE_STYLE('',(#20616));
#20616 = SURFACE_STYLE_FILL_AREA(#20617);
#20617 = FILL_AREA_STYLE('',(#20618));
#20618 = FILL_AREA_STYLE_COLOUR('',#20072);
#20619 = STYLED_ITEM('color',(#20620),#6638);
#20620 = PRESENTATION_STYLE_ASSIGNMENT((#20621));
#20621 = SURFACE_STYLE_USAGE(.BOTH.,#20622);
#20622 = SURFACE_SIDE_STYLE('',(#20623));
#20623 = SURFACE_STYLE_FILL_AREA(#20624);
#20624 = FILL_AREA_STYLE('',(#20625));
#20625 = FILL_AREA_STYLE_COLOUR('',#20072);
#20626 = STYLED_ITEM('color',(#20627),#6655);
#20627 = PRESENTATION_STYLE_ASSIGNMENT((#20628));
#20628 = SURFACE_STYLE_USAGE(.BOTH.,#20629);
#20629 = SURFACE_SIDE_STYLE('',(#20630));
#20630 = SURFACE_STYLE_FILL_AREA(#20631);
#20631 = FILL_AREA_STYLE('',(#20632));
#20632 = FILL_AREA_STYLE_COLOUR('',#20072);
#20633 = STYLED_ITEM('color',(#20634),#6686);
#20634 = PRESENTATION_STYLE_ASSIGNMENT((#20635));
#20635 = SURFACE_STYLE_USAGE(.BOTH.,#20636);
#20636 = SURFACE_SIDE_STYLE('',(#20637));
#20637 = SURFACE_STYLE_FILL_AREA(#20638);
#20638 = FILL_AREA_STYLE('',(#20639));
#20639 = FILL_AREA_STYLE_COLOUR('',#20072);
#20640 = STYLED_ITEM('color',(#20641),#6710);
#20641 = PRESENTATION_STYLE_ASSIGNMENT((#20642));
#20642 = SURFACE_STYLE_USAGE(.BOTH.,#20643);
#20643 = SURFACE_SIDE_STYLE('',(#20644));
#20644 = SURFACE_STYLE_FILL_AREA(#20645);
#20645 = FILL_AREA_STYLE('',(#20646));
#20646 = FILL_AREA_STYLE_COLOUR('',#20072);
#20647 = STYLED_ITEM('color',(#20648),#6734);
#20648 = PRESENTATION_STYLE_ASSIGNMENT((#20649));
#20649 = SURFACE_STYLE_USAGE(.BOTH.,#20650);
#20650 = SURFACE_SIDE_STYLE('',(#20651));
#20651 = SURFACE_STYLE_FILL_AREA(#20652);
#20652 = FILL_AREA_STYLE('',(#20653));
#20653 = FILL_AREA_STYLE_COLOUR('',#20072);
#20654 = STYLED_ITEM('color',(#20655),#6751);
#20655 = PRESENTATION_STYLE_ASSIGNMENT((#20656));
#20656 = SURFACE_STYLE_USAGE(.BOTH.,#20657);
#20657 = SURFACE_SIDE_STYLE('',(#20658));
#20658 = SURFACE_STYLE_FILL_AREA(#20659);
#20659 = FILL_AREA_STYLE('',(#20660));
#20660 = FILL_AREA_STYLE_COLOUR('',#20072);
#20661 = STYLED_ITEM('color',(#20662),#6791);
#20662 = PRESENTATION_STYLE_ASSIGNMENT((#20663));
#20663 = SURFACE_STYLE_USAGE(.BOTH.,#20664);
#20664 = SURFACE_SIDE_STYLE('',(#20665));
#20665 = SURFACE_STYLE_FILL_AREA(#20666);
#20666 = FILL_AREA_STYLE('',(#20667));
#20667 = FILL_AREA_STYLE_COLOUR('',#20072);
#20668 = STYLED_ITEM('color',(#20669),#6808);
#20669 = PRESENTATION_STYLE_ASSIGNMENT((#20670));
#20670 = SURFACE_STYLE_USAGE(.BOTH.,#20671);
#20671 = SURFACE_SIDE_STYLE('',(#20672));
#20672 = SURFACE_STYLE_FILL_AREA(#20673);
#20673 = FILL_AREA_STYLE('',(#20674));
#20674 = FILL_AREA_STYLE_COLOUR('',#20072);
#20675 = STYLED_ITEM('color',(#20676),#6822);
#20676 = PRESENTATION_STYLE_ASSIGNMENT((#20677));
#20677 = SURFACE_STYLE_USAGE(.BOTH.,#20678);
#20678 = SURFACE_SIDE_STYLE('',(#20679));
#20679 = SURFACE_STYLE_FILL_AREA(#20680);
#20680 = FILL_AREA_STYLE('',(#20681));
#20681 = FILL_AREA_STYLE_COLOUR('',#20072);
#20682 = STYLED_ITEM('color',(#20683),#6839);
#20683 = PRESENTATION_STYLE_ASSIGNMENT((#20684));
#20684 = SURFACE_STYLE_USAGE(.BOTH.,#20685);
#20685 = SURFACE_SIDE_STYLE('',(#20686));
#20686 = SURFACE_STYLE_FILL_AREA(#20687);
#20687 = FILL_AREA_STYLE('',(#20688));
#20688 = FILL_AREA_STYLE_COLOUR('',#17956);
#20689 = STYLED_ITEM('color',(#20690),#6897);
#20690 = PRESENTATION_STYLE_ASSIGNMENT((#20691));
#20691 = SURFACE_STYLE_USAGE(.BOTH.,#20692);
#20692 = SURFACE_SIDE_STYLE('',(#20693));
#20693 = SURFACE_STYLE_FILL_AREA(#20694);
#20694 = FILL_AREA_STYLE('',(#20695));
#20695 = FILL_AREA_STYLE_COLOUR('',#17956);
#20696 = STYLED_ITEM('color',(#20697),#6921);
#20697 = PRESENTATION_STYLE_ASSIGNMENT((#20698));
#20698 = SURFACE_STYLE_USAGE(.BOTH.,#20699);
#20699 = SURFACE_SIDE_STYLE('',(#20700));
#20700 = SURFACE_STYLE_FILL_AREA(#20701);
#20701 = FILL_AREA_STYLE('',(#20702));
#20702 = FILL_AREA_STYLE_COLOUR('',#17956);
#20703 = STYLED_ITEM('color',(#20704),#6984);
#20704 = PRESENTATION_STYLE_ASSIGNMENT((#20705));
#20705 = SURFACE_STYLE_USAGE(.BOTH.,#20706);
#20706 = SURFACE_SIDE_STYLE('',(#20707));
#20707 = SURFACE_STYLE_FILL_AREA(#20708);
#20708 = FILL_AREA_STYLE('',(#20709));
#20709 = FILL_AREA_STYLE_COLOUR('',#20072);
#20710 = STYLED_ITEM('color',(#20711),#7008);
#20711 = PRESENTATION_STYLE_ASSIGNMENT((#20712));
#20712 = SURFACE_STYLE_USAGE(.BOTH.,#20713);
#20713 = SURFACE_SIDE_STYLE('',(#20714));
#20714 = SURFACE_STYLE_FILL_AREA(#20715);
#20715 = FILL_AREA_STYLE('',(#20716));
#20716 = FILL_AREA_STYLE_COLOUR('',#17956);
#20717 = STYLED_ITEM('color',(#20718),#7071);
#20718 = PRESENTATION_STYLE_ASSIGNMENT((#20719));
#20719 = SURFACE_STYLE_USAGE(.BOTH.,#20720);
#20720 = SURFACE_SIDE_STYLE('',(#20721));
#20721 = SURFACE_STYLE_FILL_AREA(#20722);
#20722 = FILL_AREA_STYLE('',(#20723));
#20723 = FILL_AREA_STYLE_COLOUR('',#17956);
#20724 = STYLED_ITEM('color',(#20725),#7095);
#20725 = PRESENTATION_STYLE_ASSIGNMENT((#20726));
#20726 = SURFACE_STYLE_USAGE(.BOTH.,#20727);
#20727 = SURFACE_SIDE_STYLE('',(#20728));
#20728 = SURFACE_STYLE_FILL_AREA(#20729);
#20729 = FILL_AREA_STYLE('',(#20730));
#20730 = FILL_AREA_STYLE_COLOUR('',#17956);
#20731 = STYLED_ITEM('color',(#20732),#7158);
#20732 = PRESENTATION_STYLE_ASSIGNMENT((#20733));
#20733 = SURFACE_STYLE_USAGE(.BOTH.,#20734);
#20734 = SURFACE_SIDE_STYLE('',(#20735));
#20735 = SURFACE_STYLE_FILL_AREA(#20736);
#20736 = FILL_AREA_STYLE('',(#20737));
#20737 = FILL_AREA_STYLE_COLOUR('',#20072);
#20738 = STYLED_ITEM('color',(#20739),#7182);
#20739 = PRESENTATION_STYLE_ASSIGNMENT((#20740));
#20740 = SURFACE_STYLE_USAGE(.BOTH.,#20741);
#20741 = SURFACE_SIDE_STYLE('',(#20742));
#20742 = SURFACE_STYLE_FILL_AREA(#20743);
#20743 = FILL_AREA_STYLE('',(#20744));
#20744 = FILL_AREA_STYLE_COLOUR('',#17956);
#20745 = STYLED_ITEM('color',(#20746),#7245);
#20746 = PRESENTATION_STYLE_ASSIGNMENT((#20747));
#20747 = SURFACE_STYLE_USAGE(.BOTH.,#20748);
#20748 = SURFACE_SIDE_STYLE('',(#20749));
#20749 = SURFACE_STYLE_FILL_AREA(#20750);
#20750 = FILL_AREA_STYLE('',(#20751));
#20751 = FILL_AREA_STYLE_COLOUR('',#17956);
#20752 = STYLED_ITEM('color',(#20753),#7269);
#20753 = PRESENTATION_STYLE_ASSIGNMENT((#20754));
#20754 = SURFACE_STYLE_USAGE(.BOTH.,#20755);
#20755 = SURFACE_SIDE_STYLE('',(#20756));
#20756 = SURFACE_STYLE_FILL_AREA(#20757);
#20757 = FILL_AREA_STYLE('',(#20758));
#20758 = FILL_AREA_STYLE_COLOUR('',#17956);
#20759 = STYLED_ITEM('color',(#20760),#7332);
#20760 = PRESENTATION_STYLE_ASSIGNMENT((#20761));
#20761 = SURFACE_STYLE_USAGE(.BOTH.,#20762);
#20762 = SURFACE_SIDE_STYLE('',(#20763));
#20763 = SURFACE_STYLE_FILL_AREA(#20764);
#20764 = FILL_AREA_STYLE('',(#20765));
#20765 = FILL_AREA_STYLE_COLOUR('',#20072);
#20766 = STYLED_ITEM('color',(#20767),#7356);
#20767 = PRESENTATION_STYLE_ASSIGNMENT((#20768));
#20768 = SURFACE_STYLE_USAGE(.BOTH.,#20769);
#20769 = SURFACE_SIDE_STYLE('',(#20770));
#20770 = SURFACE_STYLE_FILL_AREA(#20771);
#20771 = FILL_AREA_STYLE('',(#20772));
#20772 = FILL_AREA_STYLE_COLOUR('',#17956);
#20773 = STYLED_ITEM('color',(#20774),#7419);
#20774 = PRESENTATION_STYLE_ASSIGNMENT((#20775));
#20775 = SURFACE_STYLE_USAGE(.BOTH.,#20776);
#20776 = SURFACE_SIDE_STYLE('',(#20777));
#20777 = SURFACE_STYLE_FILL_AREA(#20778);
#20778 = FILL_AREA_STYLE('',(#20779));
#20779 = FILL_AREA_STYLE_COLOUR('',#17956);
#20780 = STYLED_ITEM('color',(#20781),#7443);
#20781 = PRESENTATION_STYLE_ASSIGNMENT((#20782));
#20782 = SURFACE_STYLE_USAGE(.BOTH.,#20783);
#20783 = SURFACE_SIDE_STYLE('',(#20784));
#20784 = SURFACE_STYLE_FILL_AREA(#20785);
#20785 = FILL_AREA_STYLE('',(#20786));
#20786 = FILL_AREA_STYLE_COLOUR('',#17956);
#20787 = STYLED_ITEM('color',(#20788),#7506);
#20788 = PRESENTATION_STYLE_ASSIGNMENT((#20789));
#20789 = SURFACE_STYLE_USAGE(.BOTH.,#20790);
#20790 = SURFACE_SIDE_STYLE('',(#20791));
#20791 = SURFACE_STYLE_FILL_AREA(#20792);
#20792 = FILL_AREA_STYLE('',(#20793));
#20793 = FILL_AREA_STYLE_COLOUR('',#20072);
#20794 = STYLED_ITEM('color',(#20795),#7523);
#20795 = PRESENTATION_STYLE_ASSIGNMENT((#20796));
#20796 = SURFACE_STYLE_USAGE(.BOTH.,#20797);
#20797 = SURFACE_SIDE_STYLE('',(#20798));
#20798 = SURFACE_STYLE_FILL_AREA(#20799);
#20799 = FILL_AREA_STYLE('',(#20800));
#20800 = FILL_AREA_STYLE_COLOUR('',#20072);
#20801 = STYLED_ITEM('color',(#20802),#7535);
#20802 = PRESENTATION_STYLE_ASSIGNMENT((#20803));
#20803 = SURFACE_STYLE_USAGE(.BOTH.,#20804);
#20804 = SURFACE_SIDE_STYLE('',(#20805));
#20805 = SURFACE_STYLE_FILL_AREA(#20806);
#20806 = FILL_AREA_STYLE('',(#20807));
#20807 = FILL_AREA_STYLE_COLOUR('',#17956);
#20808 = STYLED_ITEM('color',(#20809),#7552);
#20809 = PRESENTATION_STYLE_ASSIGNMENT((#20810));
#20810 = SURFACE_STYLE_USAGE(.BOTH.,#20811);
#20811 = SURFACE_SIDE_STYLE('',(#20812));
#20812 = SURFACE_STYLE_FILL_AREA(#20813);
#20813 = FILL_AREA_STYLE('',(#20814));
#20814 = FILL_AREA_STYLE_COLOUR('',#20072);
#20815 = STYLED_ITEM('color',(#20816),#7564);
#20816 = PRESENTATION_STYLE_ASSIGNMENT((#20817));
#20817 = SURFACE_STYLE_USAGE(.BOTH.,#20818);
#20818 = SURFACE_SIDE_STYLE('',(#20819));
#20819 = SURFACE_STYLE_FILL_AREA(#20820);
#20820 = FILL_AREA_STYLE('',(#20821));
#20821 = FILL_AREA_STYLE_COLOUR('',#17956);
#20822 = STYLED_ITEM('color',(#20823),#7581);
#20823 = PRESENTATION_STYLE_ASSIGNMENT((#20824));
#20824 = SURFACE_STYLE_USAGE(.BOTH.,#20825);
#20825 = SURFACE_SIDE_STYLE('',(#20826));
#20826 = SURFACE_STYLE_FILL_AREA(#20827);
#20827 = FILL_AREA_STYLE('',(#20828));
#20828 = FILL_AREA_STYLE_COLOUR('',#20072);
#20829 = STYLED_ITEM('color',(#20830),#7593);
#20830 = PRESENTATION_STYLE_ASSIGNMENT((#20831));
#20831 = SURFACE_STYLE_USAGE(.BOTH.,#20832);
#20832 = SURFACE_SIDE_STYLE('',(#20833));
#20833 = SURFACE_STYLE_FILL_AREA(#20834);
#20834 = FILL_AREA_STYLE('',(#20835));
#20835 = FILL_AREA_STYLE_COLOUR('',#17956);
#20836 = STYLED_ITEM('color',(#20837),#7610);
#20837 = PRESENTATION_STYLE_ASSIGNMENT((#20838));
#20838 = SURFACE_STYLE_USAGE(.BOTH.,#20839);
#20839 = SURFACE_SIDE_STYLE('',(#20840));
#20840 = SURFACE_STYLE_FILL_AREA(#20841);
#20841 = FILL_AREA_STYLE('',(#20842));
#20842 = FILL_AREA_STYLE_COLOUR('',#20072);
#20843 = STYLED_ITEM('color',(#20844),#7622);
#20844 = PRESENTATION_STYLE_ASSIGNMENT((#20845));
#20845 = SURFACE_STYLE_USAGE(.BOTH.,#20846);
#20846 = SURFACE_SIDE_STYLE('',(#20847));
#20847 = SURFACE_STYLE_FILL_AREA(#20848);
#20848 = FILL_AREA_STYLE('',(#20849));
#20849 = FILL_AREA_STYLE_COLOUR('',#17956);
#20850 = STYLED_ITEM('color',(#20851),#7639);
#20851 = PRESENTATION_STYLE_ASSIGNMENT((#20852));
#20852 = SURFACE_STYLE_USAGE(.BOTH.,#20853);
#20853 = SURFACE_SIDE_STYLE('',(#20854));
#20854 = SURFACE_STYLE_FILL_AREA(#20855);
#20855 = FILL_AREA_STYLE('',(#20856));
#20856 = FILL_AREA_STYLE_COLOUR('',#20072);
#20857 = STYLED_ITEM('color',(#20858),#7656);
#20858 = PRESENTATION_STYLE_ASSIGNMENT((#20859));
#20859 = SURFACE_STYLE_USAGE(.BOTH.,#20860);
#20860 = SURFACE_SIDE_STYLE('',(#20861));
#20861 = SURFACE_STYLE_FILL_AREA(#20862);
#20862 = FILL_AREA_STYLE('',(#20863));
#20863 = FILL_AREA_STYLE_COLOUR('',#20072);
#20864 = STYLED_ITEM('color',(#20865),#7691);
#20865 = PRESENTATION_STYLE_ASSIGNMENT((#20866));
#20866 = SURFACE_STYLE_USAGE(.BOTH.,#20867);
#20867 = SURFACE_SIDE_STYLE('',(#20868));
#20868 = SURFACE_STYLE_FILL_AREA(#20869);
#20869 = FILL_AREA_STYLE('',(#20870));
#20870 = FILL_AREA_STYLE_COLOUR('',#20072);
#20871 = STYLED_ITEM('color',(#20872),#7708);
#20872 = PRESENTATION_STYLE_ASSIGNMENT((#20873));
#20873 = SURFACE_STYLE_USAGE(.BOTH.,#20874);
#20874 = SURFACE_SIDE_STYLE('',(#20875));
#20875 = SURFACE_STYLE_FILL_AREA(#20876);
#20876 = FILL_AREA_STYLE('',(#20877));
#20877 = FILL_AREA_STYLE_COLOUR('',#20072);
#20878 = STYLED_ITEM('color',(#20879),#7720);
#20879 = PRESENTATION_STYLE_ASSIGNMENT((#20880));
#20880 = SURFACE_STYLE_USAGE(.BOTH.,#20881);
#20881 = SURFACE_SIDE_STYLE('',(#20882));
#20882 = SURFACE_STYLE_FILL_AREA(#20883);
#20883 = FILL_AREA_STYLE('',(#20884));
#20884 = FILL_AREA_STYLE_COLOUR('',#17956);
#20885 = STYLED_ITEM('color',(#20886),#7737);
#20886 = PRESENTATION_STYLE_ASSIGNMENT((#20887));
#20887 = SURFACE_STYLE_USAGE(.BOTH.,#20888);
#20888 = SURFACE_SIDE_STYLE('',(#20889));
#20889 = SURFACE_STYLE_FILL_AREA(#20890);
#20890 = FILL_AREA_STYLE('',(#20891));
#20891 = FILL_AREA_STYLE_COLOUR('',#17956);
#20892 = STYLED_ITEM('color',(#20893),#7754);
#20893 = PRESENTATION_STYLE_ASSIGNMENT((#20894));
#20894 = SURFACE_STYLE_USAGE(.BOTH.,#20895);
#20895 = SURFACE_SIDE_STYLE('',(#20896));
#20896 = SURFACE_STYLE_FILL_AREA(#20897);
#20897 = FILL_AREA_STYLE('',(#20898));
#20898 = FILL_AREA_STYLE_COLOUR('',#17956);
#20899 = STYLED_ITEM('color',(#20900),#7772);
#20900 = PRESENTATION_STYLE_ASSIGNMENT((#20901));
#20901 = SURFACE_STYLE_USAGE(.BOTH.,#20902);
#20902 = SURFACE_SIDE_STYLE('',(#20903));
#20903 = SURFACE_STYLE_FILL_AREA(#20904);
#20904 = FILL_AREA_STYLE('',(#20905));
#20905 = FILL_AREA_STYLE_COLOUR('',#17956);
#20906 = STYLED_ITEM('color',(#20907),#7789);
#20907 = PRESENTATION_STYLE_ASSIGNMENT((#20908));
#20908 = SURFACE_STYLE_USAGE(.BOTH.,#20909);
#20909 = SURFACE_SIDE_STYLE('',(#20910));
#20910 = SURFACE_STYLE_FILL_AREA(#20911);
#20911 = FILL_AREA_STYLE('',(#20912));
#20912 = FILL_AREA_STYLE_COLOUR('',#17956);
#20913 = STYLED_ITEM('color',(#20914),#7807);
#20914 = PRESENTATION_STYLE_ASSIGNMENT((#20915));
#20915 = SURFACE_STYLE_USAGE(.BOTH.,#20916);
#20916 = SURFACE_SIDE_STYLE('',(#20917));
#20917 = SURFACE_STYLE_FILL_AREA(#20918);
#20918 = FILL_AREA_STYLE('',(#20919));
#20919 = FILL_AREA_STYLE_COLOUR('',#17956);
#20920 = STYLED_ITEM('color',(#20921),#7819);
#20921 = PRESENTATION_STYLE_ASSIGNMENT((#20922));
#20922 = SURFACE_STYLE_USAGE(.BOTH.,#20923);
#20923 = SURFACE_SIDE_STYLE('',(#20924));
#20924 = SURFACE_STYLE_FILL_AREA(#20925);
#20925 = FILL_AREA_STYLE('',(#20926));
#20926 = FILL_AREA_STYLE_COLOUR('',#17956);
#20927 = STYLED_ITEM('color',(#20928),#7831);
#20928 = PRESENTATION_STYLE_ASSIGNMENT((#20929));
#20929 = SURFACE_STYLE_USAGE(.BOTH.,#20930);
#20930 = SURFACE_SIDE_STYLE('',(#20931));
#20931 = SURFACE_STYLE_FILL_AREA(#20932);
#20932 = FILL_AREA_STYLE('',(#20933));
#20933 = FILL_AREA_STYLE_COLOUR('',#17956);
#20934 = STYLED_ITEM('color',(#20935),#7855);
#20935 = PRESENTATION_STYLE_ASSIGNMENT((#20936));
#20936 = SURFACE_STYLE_USAGE(.BOTH.,#20937);
#20937 = SURFACE_SIDE_STYLE('',(#20938));
#20938 = SURFACE_STYLE_FILL_AREA(#20939);
#20939 = FILL_AREA_STYLE('',(#20940));
#20940 = FILL_AREA_STYLE_COLOUR('',#17956);
#20941 = STYLED_ITEM('color',(#20942),#7879);
#20942 = PRESENTATION_STYLE_ASSIGNMENT((#20943));
#20943 = SURFACE_STYLE_USAGE(.BOTH.,#20944);
#20944 = SURFACE_SIDE_STYLE('',(#20945));
#20945 = SURFACE_STYLE_FILL_AREA(#20946);
#20946 = FILL_AREA_STYLE('',(#20947));
#20947 = FILL_AREA_STYLE_COLOUR('',#17956);
#20948 = STYLED_ITEM('color',(#20949),#7896);
#20949 = PRESENTATION_STYLE_ASSIGNMENT((#20950));
#20950 = SURFACE_STYLE_USAGE(.BOTH.,#20951);
#20951 = SURFACE_SIDE_STYLE('',(#20952));
#20952 = SURFACE_STYLE_FILL_AREA(#20953);
#20953 = FILL_AREA_STYLE('',(#20954));
#20954 = FILL_AREA_STYLE_COLOUR('',#17956);
#20955 = STYLED_ITEM('color',(#20956),#7908);
#20956 = PRESENTATION_STYLE_ASSIGNMENT((#20957));
#20957 = SURFACE_STYLE_USAGE(.BOTH.,#20958);
#20958 = SURFACE_SIDE_STYLE('',(#20959));
#20959 = SURFACE_STYLE_FILL_AREA(#20960);
#20960 = FILL_AREA_STYLE('',(#20961));
#20961 = FILL_AREA_STYLE_COLOUR('',#20072);
#20962 = STYLED_ITEM('color',(#20963),#7931);
#20963 = PRESENTATION_STYLE_ASSIGNMENT((#20964));
#20964 = SURFACE_STYLE_USAGE(.BOTH.,#20965);
#20965 = SURFACE_SIDE_STYLE('',(#20966));
#20966 = SURFACE_STYLE_FILL_AREA(#20967);
#20967 = FILL_AREA_STYLE('',(#20968));
#20968 = FILL_AREA_STYLE_COLOUR('',#20072);
#20969 = STYLED_ITEM('color',(#20970),#7955);
#20970 = PRESENTATION_STYLE_ASSIGNMENT((#20971));
#20971 = SURFACE_STYLE_USAGE(.BOTH.,#20972);
#20972 = SURFACE_SIDE_STYLE('',(#20973));
#20973 = SURFACE_STYLE_FILL_AREA(#20974);
#20974 = FILL_AREA_STYLE('',(#20975));
#20975 = FILL_AREA_STYLE_COLOUR('',#20072);
#20976 = STYLED_ITEM('color',(#20977),#7971);
#20977 = PRESENTATION_STYLE_ASSIGNMENT((#20978));
#20978 = SURFACE_STYLE_USAGE(.BOTH.,#20979);
#20979 = SURFACE_SIDE_STYLE('',(#20980));
#20980 = SURFACE_STYLE_FILL_AREA(#20981);
#20981 = FILL_AREA_STYLE('',(#20982));
#20982 = FILL_AREA_STYLE_COLOUR('',#20072);
#20983 = STYLED_ITEM('color',(#20984),#7983);
#20984 = PRESENTATION_STYLE_ASSIGNMENT((#20985));
#20985 = SURFACE_STYLE_USAGE(.BOTH.,#20986);
#20986 = SURFACE_SIDE_STYLE('',(#20987));
#20987 = SURFACE_STYLE_FILL_AREA(#20988);
#20988 = FILL_AREA_STYLE('',(#20989));
#20989 = FILL_AREA_STYLE_COLOUR('',#20072);
#20990 = STYLED_ITEM('color',(#20991),#8243);
#20991 = PRESENTATION_STYLE_ASSIGNMENT((#20992));
#20992 = SURFACE_STYLE_USAGE(.BOTH.,#20993);
#20993 = SURFACE_SIDE_STYLE('',(#20994));
#20994 = SURFACE_STYLE_FILL_AREA(#20995);
#20995 = FILL_AREA_STYLE('',(#20996));
#20996 = FILL_AREA_STYLE_COLOUR('',#17956);
#20997 = STYLED_ITEM('color',(#20998),#8275);
#20998 = PRESENTATION_STYLE_ASSIGNMENT((#20999));
#20999 = SURFACE_STYLE_USAGE(.BOTH.,#21000);
#21000 = SURFACE_SIDE_STYLE('',(#21001));
#21001 = SURFACE_STYLE_FILL_AREA(#21002);
#21002 = FILL_AREA_STYLE('',(#21003));
#21003 = FILL_AREA_STYLE_COLOUR('',#20072);
#21004 = STYLED_ITEM('color',(#21005),#8292);
#21005 = PRESENTATION_STYLE_ASSIGNMENT((#21006));
#21006 = SURFACE_STYLE_USAGE(.BOTH.,#21007);
#21007 = SURFACE_SIDE_STYLE('',(#21008));
#21008 = SURFACE_STYLE_FILL_AREA(#21009);
#21009 = FILL_AREA_STYLE('',(#21010));
#21010 = FILL_AREA_STYLE_COLOUR('',#17956);
#21011 = STYLED_ITEM('color',(#21012),#8309);
#21012 = PRESENTATION_STYLE_ASSIGNMENT((#21013));
#21013 = SURFACE_STYLE_USAGE(.BOTH.,#21014);
#21014 = SURFACE_SIDE_STYLE('',(#21015));
#21015 = SURFACE_STYLE_FILL_AREA(#21016);
#21016 = FILL_AREA_STYLE('',(#21017));
#21017 = FILL_AREA_STYLE_COLOUR('',#17956);
#21018 = STYLED_ITEM('color',(#21019),#8335);
#21019 = PRESENTATION_STYLE_ASSIGNMENT((#21020));
#21020 = SURFACE_STYLE_USAGE(.BOTH.,#21021);
#21021 = SURFACE_SIDE_STYLE('',(#21022));
#21022 = SURFACE_STYLE_FILL_AREA(#21023);
#21023 = FILL_AREA_STYLE('',(#21024));
#21024 = FILL_AREA_STYLE_COLOUR('',#17956);
#21025 = STYLED_ITEM('color',(#21026),#8367);
#21026 = PRESENTATION_STYLE_ASSIGNMENT((#21027));
#21027 = SURFACE_STYLE_USAGE(.BOTH.,#21028);
#21028 = SURFACE_SIDE_STYLE('',(#21029));
#21029 = SURFACE_STYLE_FILL_AREA(#21030);
#21030 = FILL_AREA_STYLE('',(#21031));
#21031 = FILL_AREA_STYLE_COLOUR('',#17956);
#21032 = STYLED_ITEM('color',(#21033),#8398);
#21033 = PRESENTATION_STYLE_ASSIGNMENT((#21034));
#21034 = SURFACE_STYLE_USAGE(.BOTH.,#21035);
#21035 = SURFACE_SIDE_STYLE('',(#21036));
#21036 = SURFACE_STYLE_FILL_AREA(#21037);
#21037 = FILL_AREA_STYLE('',(#21038));
#21038 = FILL_AREA_STYLE_COLOUR('',#17956);
#21039 = STYLED_ITEM('color',(#21040),#8415);
#21040 = PRESENTATION_STYLE_ASSIGNMENT((#21041));
#21041 = SURFACE_STYLE_USAGE(.BOTH.,#21042);
#21042 = SURFACE_SIDE_STYLE('',(#21043));
#21043 = SURFACE_STYLE_FILL_AREA(#21044);
#21044 = FILL_AREA_STYLE('',(#21045));
#21045 = FILL_AREA_STYLE_COLOUR('',#20072);
#21046 = STYLED_ITEM('color',(#21047),#8427);
#21047 = PRESENTATION_STYLE_ASSIGNMENT((#21048));
#21048 = SURFACE_STYLE_USAGE(.BOTH.,#21049);
#21049 = SURFACE_SIDE_STYLE('',(#21050));
#21050 = SURFACE_STYLE_FILL_AREA(#21051);
#21051 = FILL_AREA_STYLE('',(#21052));
#21052 = FILL_AREA_STYLE_COLOUR('',#17956);
#21053 = STYLED_ITEM('color',(#21054),#8452);
#21054 = PRESENTATION_STYLE_ASSIGNMENT((#21055));
#21055 = SURFACE_STYLE_USAGE(.BOTH.,#21056);
#21056 = SURFACE_SIDE_STYLE('',(#21057));
#21057 = SURFACE_STYLE_FILL_AREA(#21058);
#21058 = FILL_AREA_STYLE('',(#21059));
#21059 = FILL_AREA_STYLE_COLOUR('',#17956);
#21060 = STYLED_ITEM('color',(#21061),#8477);
#21061 = PRESENTATION_STYLE_ASSIGNMENT((#21062));
#21062 = SURFACE_STYLE_USAGE(.BOTH.,#21063);
#21063 = SURFACE_SIDE_STYLE('',(#21064));
#21064 = SURFACE_STYLE_FILL_AREA(#21065);
#21065 = FILL_AREA_STYLE('',(#21066));
#21066 = FILL_AREA_STYLE_COLOUR('',#17956);
#21067 = STYLED_ITEM('color',(#21068),#8509);
#21068 = PRESENTATION_STYLE_ASSIGNMENT((#21069));
#21069 = SURFACE_STYLE_USAGE(.BOTH.,#21070);
#21070 = SURFACE_SIDE_STYLE('',(#21071));
#21071 = SURFACE_STYLE_FILL_AREA(#21072);
#21072 = FILL_AREA_STYLE('',(#21073));
#21073 = FILL_AREA_STYLE_COLOUR('',#20072);
#21074 = STYLED_ITEM('color',(#21075),#8526);
#21075 = PRESENTATION_STYLE_ASSIGNMENT((#21076));
#21076 = SURFACE_STYLE_USAGE(.BOTH.,#21077);
#21077 = SURFACE_SIDE_STYLE('',(#21078));
#21078 = SURFACE_STYLE_FILL_AREA(#21079);
#21079 = FILL_AREA_STYLE('',(#21080));
#21080 = FILL_AREA_STYLE_COLOUR('',#17956);
#21081 = STYLED_ITEM('color',(#21082),#8543);
#21082 = PRESENTATION_STYLE_ASSIGNMENT((#21083));
#21083 = SURFACE_STYLE_USAGE(.BOTH.,#21084);
#21084 = SURFACE_SIDE_STYLE('',(#21085));
#21085 = SURFACE_STYLE_FILL_AREA(#21086);
#21086 = FILL_AREA_STYLE('',(#21087));
#21087 = FILL_AREA_STYLE_COLOUR('',#17956);
#21088 = STYLED_ITEM('color',(#21089),#8569);
#21089 = PRESENTATION_STYLE_ASSIGNMENT((#21090));
#21090 = SURFACE_STYLE_USAGE(.BOTH.,#21091);
#21091 = SURFACE_SIDE_STYLE('',(#21092));
#21092 = SURFACE_STYLE_FILL_AREA(#21093);
#21093 = FILL_AREA_STYLE('',(#21094));
#21094 = FILL_AREA_STYLE_COLOUR('',#17956);
#21095 = STYLED_ITEM('color',(#21096),#8601);
#21096 = PRESENTATION_STYLE_ASSIGNMENT((#21097));
#21097 = SURFACE_STYLE_USAGE(.BOTH.,#21098);
#21098 = SURFACE_SIDE_STYLE('',(#21099));
#21099 = SURFACE_STYLE_FILL_AREA(#21100);
#21100 = FILL_AREA_STYLE('',(#21101));
#21101 = FILL_AREA_STYLE_COLOUR('',#17956);
#21102 = STYLED_ITEM('color',(#21103),#8632);
#21103 = PRESENTATION_STYLE_ASSIGNMENT((#21104));
#21104 = SURFACE_STYLE_USAGE(.BOTH.,#21105);
#21105 = SURFACE_SIDE_STYLE('',(#21106));
#21106 = SURFACE_STYLE_FILL_AREA(#21107);
#21107 = FILL_AREA_STYLE('',(#21108));
#21108 = FILL_AREA_STYLE_COLOUR('',#17956);
#21109 = STYLED_ITEM('color',(#21110),#8649);
#21110 = PRESENTATION_STYLE_ASSIGNMENT((#21111));
#21111 = SURFACE_STYLE_USAGE(.BOTH.,#21112);
#21112 = SURFACE_SIDE_STYLE('',(#21113));
#21113 = SURFACE_STYLE_FILL_AREA(#21114);
#21114 = FILL_AREA_STYLE('',(#21115));
#21115 = FILL_AREA_STYLE_COLOUR('',#20072);
#21116 = STYLED_ITEM('color',(#21117),#8661);
#21117 = PRESENTATION_STYLE_ASSIGNMENT((#21118));
#21118 = SURFACE_STYLE_USAGE(.BOTH.,#21119);
#21119 = SURFACE_SIDE_STYLE('',(#21120));
#21120 = SURFACE_STYLE_FILL_AREA(#21121);
#21121 = FILL_AREA_STYLE('',(#21122));
#21122 = FILL_AREA_STYLE_COLOUR('',#17956);
#21123 = STYLED_ITEM('color',(#21124),#8686);
#21124 = PRESENTATION_STYLE_ASSIGNMENT((#21125));
#21125 = SURFACE_STYLE_USAGE(.BOTH.,#21126);
#21126 = SURFACE_SIDE_STYLE('',(#21127));
#21127 = SURFACE_STYLE_FILL_AREA(#21128);
#21128 = FILL_AREA_STYLE('',(#21129));
#21129 = FILL_AREA_STYLE_COLOUR('',#17956);
#21130 = STYLED_ITEM('color',(#21131),#8711);
#21131 = PRESENTATION_STYLE_ASSIGNMENT((#21132));
#21132 = SURFACE_STYLE_USAGE(.BOTH.,#21133);
#21133 = SURFACE_SIDE_STYLE('',(#21134));
#21134 = SURFACE_STYLE_FILL_AREA(#21135);
#21135 = FILL_AREA_STYLE('',(#21136));
#21136 = FILL_AREA_STYLE_COLOUR('',#20072);
#21137 = STYLED_ITEM('color',(#21138),#8723);
#21138 = PRESENTATION_STYLE_ASSIGNMENT((#21139));
#21139 = SURFACE_STYLE_USAGE(.BOTH.,#21140);
#21140 = SURFACE_SIDE_STYLE('',(#21141));
#21141 = SURFACE_STYLE_FILL_AREA(#21142);
#21142 = FILL_AREA_STYLE('',(#21143));
#21143 = FILL_AREA_STYLE_COLOUR('',#20072);
#21144 = STYLED_ITEM('color',(#21145),#8735);
#21145 = PRESENTATION_STYLE_ASSIGNMENT((#21146));
#21146 = SURFACE_STYLE_USAGE(.BOTH.,#21147);
#21147 = SURFACE_SIDE_STYLE('',(#21148));
#21148 = SURFACE_STYLE_FILL_AREA(#21149);
#21149 = FILL_AREA_STYLE('',(#21150));
#21150 = FILL_AREA_STYLE_COLOUR('',#17956);
#21151 = STYLED_ITEM('color',(#21152),#8752);
#21152 = PRESENTATION_STYLE_ASSIGNMENT((#21153));
#21153 = SURFACE_STYLE_USAGE(.BOTH.,#21154);
#21154 = SURFACE_SIDE_STYLE('',(#21155));
#21155 = SURFACE_STYLE_FILL_AREA(#21156);
#21156 = FILL_AREA_STYLE('',(#21157));
#21157 = FILL_AREA_STYLE_COLOUR('',#17956);
#21158 = STYLED_ITEM('color',(#21159),#8769);
#21159 = PRESENTATION_STYLE_ASSIGNMENT((#21160));
#21160 = SURFACE_STYLE_USAGE(.BOTH.,#21161);
#21161 = SURFACE_SIDE_STYLE('',(#21162));
#21162 = SURFACE_STYLE_FILL_AREA(#21163);
#21163 = FILL_AREA_STYLE('',(#21164));
#21164 = FILL_AREA_STYLE_COLOUR('',#17956);
#21165 = STYLED_ITEM('color',(#21166),#8786);
#21166 = PRESENTATION_STYLE_ASSIGNMENT((#21167));
#21167 = SURFACE_STYLE_USAGE(.BOTH.,#21168);
#21168 = SURFACE_SIDE_STYLE('',(#21169));
#21169 = SURFACE_STYLE_FILL_AREA(#21170);
#21170 = FILL_AREA_STYLE('',(#21171));
#21171 = FILL_AREA_STYLE_COLOUR('',#17956);
#21172 = STYLED_ITEM('color',(#21173),#8798);
#21173 = PRESENTATION_STYLE_ASSIGNMENT((#21174));
#21174 = SURFACE_STYLE_USAGE(.BOTH.,#21175);
#21175 = SURFACE_SIDE_STYLE('',(#21176));
#21176 = SURFACE_STYLE_FILL_AREA(#21177);
#21177 = FILL_AREA_STYLE('',(#21178));
#21178 = FILL_AREA_STYLE_COLOUR('',#17956);
#21179 = STYLED_ITEM('color',(#21180),#8815);
#21180 = PRESENTATION_STYLE_ASSIGNMENT((#21181));
#21181 = SURFACE_STYLE_USAGE(.BOTH.,#21182);
#21182 = SURFACE_SIDE_STYLE('',(#21183));
#21183 = SURFACE_STYLE_FILL_AREA(#21184);
#21184 = FILL_AREA_STYLE('',(#21185));
#21185 = FILL_AREA_STYLE_COLOUR('',#17956);
#21186 = STYLED_ITEM('color',(#21187),#8832);
#21187 = PRESENTATION_STYLE_ASSIGNMENT((#21188));
#21188 = SURFACE_STYLE_USAGE(.BOTH.,#21189);
#21189 = SURFACE_SIDE_STYLE('',(#21190));
#21190 = SURFACE_STYLE_FILL_AREA(#21191);
#21191 = FILL_AREA_STYLE('',(#21192));
#21192 = FILL_AREA_STYLE_COLOUR('',#17956);
#21193 = STYLED_ITEM('color',(#21194),#8849);
#21194 = PRESENTATION_STYLE_ASSIGNMENT((#21195));
#21195 = SURFACE_STYLE_USAGE(.BOTH.,#21196);
#21196 = SURFACE_SIDE_STYLE('',(#21197));
#21197 = SURFACE_STYLE_FILL_AREA(#21198);
#21198 = FILL_AREA_STYLE('',(#21199));
#21199 = FILL_AREA_STYLE_COLOUR('',#17956);
#21200 = STYLED_ITEM('color',(#21201),#8861);
#21201 = PRESENTATION_STYLE_ASSIGNMENT((#21202));
#21202 = SURFACE_STYLE_USAGE(.BOTH.,#21203);
#21203 = SURFACE_SIDE_STYLE('',(#21204));
#21204 = SURFACE_STYLE_FILL_AREA(#21205);
#21205 = FILL_AREA_STYLE('',(#21206));
#21206 = FILL_AREA_STYLE_COLOUR('',#17956);
#21207 = STYLED_ITEM('color',(#21208),#8878);
#21208 = PRESENTATION_STYLE_ASSIGNMENT((#21209));
#21209 = SURFACE_STYLE_USAGE(.BOTH.,#21210);
#21210 = SURFACE_SIDE_STYLE('',(#21211));
#21211 = SURFACE_STYLE_FILL_AREA(#21212);
#21212 = FILL_AREA_STYLE('',(#21213));
#21213 = FILL_AREA_STYLE_COLOUR('',#17956);
#21214 = STYLED_ITEM('color',(#21215),#8895);
#21215 = PRESENTATION_STYLE_ASSIGNMENT((#21216));
#21216 = SURFACE_STYLE_USAGE(.BOTH.,#21217);
#21217 = SURFACE_SIDE_STYLE('',(#21218));
#21218 = SURFACE_STYLE_FILL_AREA(#21219);
#21219 = FILL_AREA_STYLE('',(#21220));
#21220 = FILL_AREA_STYLE_COLOUR('',#17956);
#21221 = STYLED_ITEM('color',(#21222),#8912);
#21222 = PRESENTATION_STYLE_ASSIGNMENT((#21223));
#21223 = SURFACE_STYLE_USAGE(.BOTH.,#21224);
#21224 = SURFACE_SIDE_STYLE('',(#21225));
#21225 = SURFACE_STYLE_FILL_AREA(#21226);
#21226 = FILL_AREA_STYLE('',(#21227));
#21227 = FILL_AREA_STYLE_COLOUR('',#17956);
#21228 = STYLED_ITEM('color',(#21229),#8924);
#21229 = PRESENTATION_STYLE_ASSIGNMENT((#21230));
#21230 = SURFACE_STYLE_USAGE(.BOTH.,#21231);
#21231 = SURFACE_SIDE_STYLE('',(#21232));
#21232 = SURFACE_STYLE_FILL_AREA(#21233);
#21233 = FILL_AREA_STYLE('',(#21234));
#21234 = FILL_AREA_STYLE_COLOUR('',#17956);
#21235 = STYLED_ITEM('color',(#21236),#8941);
#21236 = PRESENTATION_STYLE_ASSIGNMENT((#21237));
#21237 = SURFACE_STYLE_USAGE(.BOTH.,#21238);
#21238 = SURFACE_SIDE_STYLE('',(#21239));
#21239 = SURFACE_STYLE_FILL_AREA(#21240);
#21240 = FILL_AREA_STYLE('',(#21241));
#21241 = FILL_AREA_STYLE_COLOUR('',#17956);
#21242 = STYLED_ITEM('color',(#21243),#8958);
#21243 = PRESENTATION_STYLE_ASSIGNMENT((#21244));
#21244 = SURFACE_STYLE_USAGE(.BOTH.,#21245);
#21245 = SURFACE_SIDE_STYLE('',(#21246));
#21246 = SURFACE_STYLE_FILL_AREA(#21247);
#21247 = FILL_AREA_STYLE('',(#21248));
#21248 = FILL_AREA_STYLE_COLOUR('',#17956);
#21249 = STYLED_ITEM('color',(#21250),#8975);
#21250 = PRESENTATION_STYLE_ASSIGNMENT((#21251));
#21251 = SURFACE_STYLE_USAGE(.BOTH.,#21252);
#21252 = SURFACE_SIDE_STYLE('',(#21253));
#21253 = SURFACE_STYLE_FILL_AREA(#21254);
#21254 = FILL_AREA_STYLE('',(#21255));
#21255 = FILL_AREA_STYLE_COLOUR('',#17956);
#21256 = STYLED_ITEM('color',(#21257),#8987);
#21257 = PRESENTATION_STYLE_ASSIGNMENT((#21258));
#21258 = SURFACE_STYLE_USAGE(.BOTH.,#21259);
#21259 = SURFACE_SIDE_STYLE('',(#21260));
#21260 = SURFACE_STYLE_FILL_AREA(#21261);
#21261 = FILL_AREA_STYLE('',(#21262));
#21262 = FILL_AREA_STYLE_COLOUR('',#20072);
#21263 = STYLED_ITEM('color',(#21264),#8999);
#21264 = PRESENTATION_STYLE_ASSIGNMENT((#21265));
#21265 = SURFACE_STYLE_USAGE(.BOTH.,#21266);
#21266 = SURFACE_SIDE_STYLE('',(#21267));
#21267 = SURFACE_STYLE_FILL_AREA(#21268);
#21268 = FILL_AREA_STYLE('',(#21269));
#21269 = FILL_AREA_STYLE_COLOUR('',#17956);
#21270 = STYLED_ITEM('color',(#21271),#9016);
#21271 = PRESENTATION_STYLE_ASSIGNMENT((#21272));
#21272 = SURFACE_STYLE_USAGE(.BOTH.,#21273);
#21273 = SURFACE_SIDE_STYLE('',(#21274));
#21274 = SURFACE_STYLE_FILL_AREA(#21275);
#21275 = FILL_AREA_STYLE('',(#21276));
#21276 = FILL_AREA_STYLE_COLOUR('',#17956);
#21277 = STYLED_ITEM('color',(#21278),#9033);
#21278 = PRESENTATION_STYLE_ASSIGNMENT((#21279));
#21279 = SURFACE_STYLE_USAGE(.BOTH.,#21280);
#21280 = SURFACE_SIDE_STYLE('',(#21281));
#21281 = SURFACE_STYLE_FILL_AREA(#21282);
#21282 = FILL_AREA_STYLE('',(#21283));
#21283 = FILL_AREA_STYLE_COLOUR('',#17956);
#21284 = STYLED_ITEM('color',(#21285),#9050);
#21285 = PRESENTATION_STYLE_ASSIGNMENT((#21286));
#21286 = SURFACE_STYLE_USAGE(.BOTH.,#21287);
#21287 = SURFACE_SIDE_STYLE('',(#21288));
#21288 = SURFACE_STYLE_FILL_AREA(#21289);
#21289 = FILL_AREA_STYLE('',(#21290));
#21290 = FILL_AREA_STYLE_COLOUR('',#17956);
#21291 = STYLED_ITEM('color',(#21292),#9067);
#21292 = PRESENTATION_STYLE_ASSIGNMENT((#21293));
#21293 = SURFACE_STYLE_USAGE(.BOTH.,#21294);
#21294 = SURFACE_SIDE_STYLE('',(#21295));
#21295 = SURFACE_STYLE_FILL_AREA(#21296);
#21296 = FILL_AREA_STYLE('',(#21297));
#21297 = FILL_AREA_STYLE_COLOUR('',#17956);
#21298 = STYLED_ITEM('color',(#21299),#9106);
#21299 = PRESENTATION_STYLE_ASSIGNMENT((#21300));
#21300 = SURFACE_STYLE_USAGE(.BOTH.,#21301);
#21301 = SURFACE_SIDE_STYLE('',(#21302));
#21302 = SURFACE_STYLE_FILL_AREA(#21303);
#21303 = FILL_AREA_STYLE('',(#21304));
#21304 = FILL_AREA_STYLE_COLOUR('',#17956);
#21305 = STYLED_ITEM('color',(#21306),#9130);
#21306 = PRESENTATION_STYLE_ASSIGNMENT((#21307));
#21307 = SURFACE_STYLE_USAGE(.BOTH.,#21308);
#21308 = SURFACE_SIDE_STYLE('',(#21309));
#21309 = SURFACE_STYLE_FILL_AREA(#21310);
#21310 = FILL_AREA_STYLE('',(#21311));
#21311 = FILL_AREA_STYLE_COLOUR('',#17956);
#21312 = STYLED_ITEM('color',(#21313),#9162);
#21313 = PRESENTATION_STYLE_ASSIGNMENT((#21314));
#21314 = SURFACE_STYLE_USAGE(.BOTH.,#21315);
#21315 = SURFACE_SIDE_STYLE('',(#21316));
#21316 = SURFACE_STYLE_FILL_AREA(#21317);
#21317 = FILL_AREA_STYLE('',(#21318));
#21318 = FILL_AREA_STYLE_COLOUR('',#17956);
#21319 = STYLED_ITEM('color',(#21320),#9179);
#21320 = PRESENTATION_STYLE_ASSIGNMENT((#21321));
#21321 = SURFACE_STYLE_USAGE(.BOTH.,#21322);
#21322 = SURFACE_SIDE_STYLE('',(#21323));
#21323 = SURFACE_STYLE_FILL_AREA(#21324);
#21324 = FILL_AREA_STYLE('',(#21325));
#21325 = FILL_AREA_STYLE_COLOUR('',#17956);
#21326 = STYLED_ITEM('color',(#21327),#9218);
#21327 = PRESENTATION_STYLE_ASSIGNMENT((#21328));
#21328 = SURFACE_STYLE_USAGE(.BOTH.,#21329);
#21329 = SURFACE_SIDE_STYLE('',(#21330));
#21330 = SURFACE_STYLE_FILL_AREA(#21331);
#21331 = FILL_AREA_STYLE('',(#21332));
#21332 = FILL_AREA_STYLE_COLOUR('',#17956);
#21333 = STYLED_ITEM('color',(#21334),#9242);
#21334 = PRESENTATION_STYLE_ASSIGNMENT((#21335));
#21335 = SURFACE_STYLE_USAGE(.BOTH.,#21336);
#21336 = SURFACE_SIDE_STYLE('',(#21337));
#21337 = SURFACE_STYLE_FILL_AREA(#21338);
#21338 = FILL_AREA_STYLE('',(#21339));
#21339 = FILL_AREA_STYLE_COLOUR('',#17956);
#21340 = STYLED_ITEM('color',(#21341),#9274);
#21341 = PRESENTATION_STYLE_ASSIGNMENT((#21342));
#21342 = SURFACE_STYLE_USAGE(.BOTH.,#21343);
#21343 = SURFACE_SIDE_STYLE('',(#21344));
#21344 = SURFACE_STYLE_FILL_AREA(#21345);
#21345 = FILL_AREA_STYLE('',(#21346));
#21346 = FILL_AREA_STYLE_COLOUR('',#17956);
#21347 = STYLED_ITEM('color',(#21348),#9291);
#21348 = PRESENTATION_STYLE_ASSIGNMENT((#21349));
#21349 = SURFACE_STYLE_USAGE(.BOTH.,#21350);
#21350 = SURFACE_SIDE_STYLE('',(#21351));
#21351 = SURFACE_STYLE_FILL_AREA(#21352);
#21352 = FILL_AREA_STYLE('',(#21353));
#21353 = FILL_AREA_STYLE_COLOUR('',#17956);
#21354 = STYLED_ITEM('color',(#21355),#9330);
#21355 = PRESENTATION_STYLE_ASSIGNMENT((#21356));
#21356 = SURFACE_STYLE_USAGE(.BOTH.,#21357);
#21357 = SURFACE_SIDE_STYLE('',(#21358));
#21358 = SURFACE_STYLE_FILL_AREA(#21359);
#21359 = FILL_AREA_STYLE('',(#21360));
#21360 = FILL_AREA_STYLE_COLOUR('',#17956);
#21361 = STYLED_ITEM('color',(#21362),#9354);
#21362 = PRESENTATION_STYLE_ASSIGNMENT((#21363));
#21363 = SURFACE_STYLE_USAGE(.BOTH.,#21364);
#21364 = SURFACE_SIDE_STYLE('',(#21365));
#21365 = SURFACE_STYLE_FILL_AREA(#21366);
#21366 = FILL_AREA_STYLE('',(#21367));
#21367 = FILL_AREA_STYLE_COLOUR('',#17956);
#21368 = STYLED_ITEM('color',(#21369),#9386);
#21369 = PRESENTATION_STYLE_ASSIGNMENT((#21370));
#21370 = SURFACE_STYLE_USAGE(.BOTH.,#21371);
#21371 = SURFACE_SIDE_STYLE('',(#21372));
#21372 = SURFACE_STYLE_FILL_AREA(#21373);
#21373 = FILL_AREA_STYLE('',(#21374));
#21374 = FILL_AREA_STYLE_COLOUR('',#17956);
#21375 = STYLED_ITEM('color',(#21376),#9403);
#21376 = PRESENTATION_STYLE_ASSIGNMENT((#21377));
#21377 = SURFACE_STYLE_USAGE(.BOTH.,#21378);
#21378 = SURFACE_SIDE_STYLE('',(#21379));
#21379 = SURFACE_STYLE_FILL_AREA(#21380);
#21380 = FILL_AREA_STYLE('',(#21381));
#21381 = FILL_AREA_STYLE_COLOUR('',#17956);
#21382 = STYLED_ITEM('color',(#21383),#9434);
#21383 = PRESENTATION_STYLE_ASSIGNMENT((#21384));
#21384 = SURFACE_STYLE_USAGE(.BOTH.,#21385);
#21385 = SURFACE_SIDE_STYLE('',(#21386));
#21386 = SURFACE_STYLE_FILL_AREA(#21387);
#21387 = FILL_AREA_STYLE('',(#21388));
#21388 = FILL_AREA_STYLE_COLOUR('',#17956);
#21389 = STYLED_ITEM('color',(#21390),#9466);
#21390 = PRESENTATION_STYLE_ASSIGNMENT((#21391));
#21391 = SURFACE_STYLE_USAGE(.BOTH.,#21392);
#21392 = SURFACE_SIDE_STYLE('',(#21393));
#21393 = SURFACE_STYLE_FILL_AREA(#21394);
#21394 = FILL_AREA_STYLE('',(#21395));
#21395 = FILL_AREA_STYLE_COLOUR('',#17956);
#21396 = STYLED_ITEM('color',(#21397),#9490);
#21397 = PRESENTATION_STYLE_ASSIGNMENT((#21398));
#21398 = SURFACE_STYLE_USAGE(.BOTH.,#21399);
#21399 = SURFACE_SIDE_STYLE('',(#21400));
#21400 = SURFACE_STYLE_FILL_AREA(#21401);
#21401 = FILL_AREA_STYLE('',(#21402));
#21402 = FILL_AREA_STYLE_COLOUR('',#17956);
#21403 = STYLED_ITEM('color',(#21404),#9515);
#21404 = PRESENTATION_STYLE_ASSIGNMENT((#21405));
#21405 = SURFACE_STYLE_USAGE(.BOTH.,#21406);
#21406 = SURFACE_SIDE_STYLE('',(#21407));
#21407 = SURFACE_STYLE_FILL_AREA(#21408);
#21408 = FILL_AREA_STYLE('',(#21409));
#21409 = FILL_AREA_STYLE_COLOUR('',#17956);
#21410 = STYLED_ITEM('color',(#21411),#9527);
#21411 = PRESENTATION_STYLE_ASSIGNMENT((#21412));
#21412 = SURFACE_STYLE_USAGE(.BOTH.,#21413);
#21413 = SURFACE_SIDE_STYLE('',(#21414));
#21414 = SURFACE_STYLE_FILL_AREA(#21415);
#21415 = FILL_AREA_STYLE('',(#21416));
#21416 = FILL_AREA_STYLE_COLOUR('',#17956);
#21417 = STYLED_ITEM('color',(#21418),#9539);
#21418 = PRESENTATION_STYLE_ASSIGNMENT((#21419));
#21419 = SURFACE_STYLE_USAGE(.BOTH.,#21420);
#21420 = SURFACE_SIDE_STYLE('',(#21421));
#21421 = SURFACE_STYLE_FILL_AREA(#21422);
#21422 = FILL_AREA_STYLE('',(#21423));
#21423 = FILL_AREA_STYLE_COLOUR('',#17956);
#21424 = STYLED_ITEM('color',(#21425),#9551);
#21425 = PRESENTATION_STYLE_ASSIGNMENT((#21426));
#21426 = SURFACE_STYLE_USAGE(.BOTH.,#21427);
#21427 = SURFACE_SIDE_STYLE('',(#21428));
#21428 = SURFACE_STYLE_FILL_AREA(#21429);
#21429 = FILL_AREA_STYLE('',(#21430));
#21430 = FILL_AREA_STYLE_COLOUR('',#17956);
#21431 = STYLED_ITEM('color',(#21432),#9563);
#21432 = PRESENTATION_STYLE_ASSIGNMENT((#21433));
#21433 = SURFACE_STYLE_USAGE(.BOTH.,#21434);
#21434 = SURFACE_SIDE_STYLE('',(#21435));
#21435 = SURFACE_STYLE_FILL_AREA(#21436);
#21436 = FILL_AREA_STYLE('',(#21437));
#21437 = FILL_AREA_STYLE_COLOUR('',#17956);
#21438 = STYLED_ITEM('color',(#21439),#9580);
#21439 = PRESENTATION_STYLE_ASSIGNMENT((#21440));
#21440 = SURFACE_STYLE_USAGE(.BOTH.,#21441);
#21441 = SURFACE_SIDE_STYLE('',(#21442));
#21442 = SURFACE_STYLE_FILL_AREA(#21443);
#21443 = FILL_AREA_STYLE('',(#21444));
#21444 = FILL_AREA_STYLE_COLOUR('',#17956);
#21445 = STYLED_ITEM('color',(#21446),#9592);
#21446 = PRESENTATION_STYLE_ASSIGNMENT((#21447));
#21447 = SURFACE_STYLE_USAGE(.BOTH.,#21448);
#21448 = SURFACE_SIDE_STYLE('',(#21449));
#21449 = SURFACE_STYLE_FILL_AREA(#21450);
#21450 = FILL_AREA_STYLE('',(#21451));
#21451 = FILL_AREA_STYLE_COLOUR('',#17956);
#21452 = STYLED_ITEM('color',(#21453),#9609);
#21453 = PRESENTATION_STYLE_ASSIGNMENT((#21454));
#21454 = SURFACE_STYLE_USAGE(.BOTH.,#21455);
#21455 = SURFACE_SIDE_STYLE('',(#21456));
#21456 = SURFACE_STYLE_FILL_AREA(#21457);
#21457 = FILL_AREA_STYLE('',(#21458));
#21458 = FILL_AREA_STYLE_COLOUR('',#17956);
#21459 = STYLED_ITEM('color',(#21460),#9621);
#21460 = PRESENTATION_STYLE_ASSIGNMENT((#21461));
#21461 = SURFACE_STYLE_USAGE(.BOTH.,#21462);
#21462 = SURFACE_SIDE_STYLE('',(#21463));
#21463 = SURFACE_STYLE_FILL_AREA(#21464);
#21464 = FILL_AREA_STYLE('',(#21465));
#21465 = FILL_AREA_STYLE_COLOUR('',#17956);
#21466 = STYLED_ITEM('color',(#21467),#9638);
#21467 = PRESENTATION_STYLE_ASSIGNMENT((#21468));
#21468 = SURFACE_STYLE_USAGE(.BOTH.,#21469);
#21469 = SURFACE_SIDE_STYLE('',(#21470));
#21470 = SURFACE_STYLE_FILL_AREA(#21471);
#21471 = FILL_AREA_STYLE('',(#21472));
#21472 = FILL_AREA_STYLE_COLOUR('',#17956);
#21473 = STYLED_ITEM('color',(#21474),#9650);
#21474 = PRESENTATION_STYLE_ASSIGNMENT((#21475));
#21475 = SURFACE_STYLE_USAGE(.BOTH.,#21476);
#21476 = SURFACE_SIDE_STYLE('',(#21477));
#21477 = SURFACE_STYLE_FILL_AREA(#21478);
#21478 = FILL_AREA_STYLE('',(#21479));
#21479 = FILL_AREA_STYLE_COLOUR('',#17956);
#21480 = STYLED_ITEM('color',(#21481),#9667);
#21481 = PRESENTATION_STYLE_ASSIGNMENT((#21482));
#21482 = SURFACE_STYLE_USAGE(.BOTH.,#21483);
#21483 = SURFACE_SIDE_STYLE('',(#21484));
#21484 = SURFACE_STYLE_FILL_AREA(#21485);
#21485 = FILL_AREA_STYLE('',(#21486));
#21486 = FILL_AREA_STYLE_COLOUR('',#17956);
ENDSEC;
END-ISO-10303-21;
